# ROOT-8105 Repraesentanten in Paketkonvention: Randknoten 0..13, Matching i<->i+7, u={0,1}
# rep_id	stab_order	orbit_size	12 H-Nachbarn von u als Randpaare a-b
1	20	384	0-8	1-7	2-10	2-13	3-5	3-13	4-6	4-12	5-6	9-11	9-12	10-11
2	8	960	0-8	1-7	2-4	2-13	3-5	3-13	4-6	5-11	6-9	9-12	10-11	10-12
3	4	1920	0-8	1-7	2-4	2-13	3-12	3-13	4-6	5-10	5-11	6-9	9-12	10-11
4	40	192	0-8	1-7	2-6	2-11	3-9	3-13	4-12	4-13	5-6	5-10	9-12	10-11
5	4	1920	0-8	1-7	2-11	2-13	3-12	3-13	4-6	4-12	5-6	5-9	9-10	10-11
6	8	960	0-8	1-7	2-11	2-13	3-11	3-13	4-6	4-12	5-6	5-10	9-10	9-12
7	4	1920	0-8	1-7	2-11	2-13	3-5	3-13	4-6	4-12	5-6	9-10	9-12	10-11
8	4	1920	0-8	1-7	2-11	2-13	3-12	3-13	4-5	4-6	5-6	9-10	9-12	10-11
9	16	480	0-8	1-7	2-11	2-13	3-6	3-13	4-5	4-12	5-10	6-9	9-11	10-12
10	4	1920	0-8	1-7	2-11	2-13	3-6	3-13	4-6	4-10	5-9	5-11	9-12	10-12
11	8	960	0-8	1-7	2-11	2-13	3-12	3-13	4-10	4-12	5-9	5-11	6-9	6-10
12	8	960	0-8	1-7	2-11	2-13	3-5	3-13	4-6	4-10	5-11	6-9	9-12	10-12
13	8	960	0-8	1-7	2-11	2-13	3-5	3-13	4-10	4-12	5-11	6-9	6-10	9-12
14	8	960	0-8	1-7	2-11	2-13	3-5	3-13	4-5	4-6	6-9	9-12	10-11	10-12
15	4	1920	0-8	1-7	2-11	2-13	3-5	3-13	4-5	4-12	6-9	6-10	9-12	10-11
16	4	1920	0-8	1-7	2-11	2-13	3-12	3-13	4-6	4-10	5-10	5-11	6-9	9-12
17	4	1920	0-8	1-7	2-11	2-13	3-12	3-13	4-5	4-6	5-10	6-9	9-12	10-11
18	2	3840	0-8	1-7	2-5	2-13	3-6	3-13	4-6	4-10	5-11	9-11	9-12	10-12
19	8	960	0-8	1-7	2-5	2-13	3-12	3-13	4-10	4-12	5-11	6-9	6-10	9-11
20	4	1920	0-8	1-7	2-5	2-13	3-6	3-12	4-6	4-10	5-11	9-11	9-13	10-12
21	8	960	0-8	1-7	2-5	2-13	3-6	3-12	4-10	4-12	5-11	6-10	9-11	9-13
22	4	1920	0-8	1-7	2-5	2-13	3-6	3-12	4-5	4-6	9-11	9-13	10-11	10-12
23	40	192	0-8	1-7	2-5	2-13	3-11	3-13	4-10	4-12	5-11	6-9	6-10	9-12
24	16	480	0-8	1-7	2-12	2-13	3-12	3-13	4-5	4-6	5-6	9-10	9-11	10-11
25	4	1920	0-8	1-7	2-12	2-13	3-6	3-13	4-6	4-9	5-10	5-11	9-12	10-11
26	8	960	0-8	1-7	2-12	2-13	3-12	3-13	4-6	4-9	5-10	5-11	6-9	10-11
27	4	1920	0-8	1-7	2-12	2-13	3-6	3-13	4-9	4-12	5-10	5-11	6-9	10-11
28	2	3840	0-8	1-7	2-12	2-13	3-6	3-12	4-6	4-9	5-10	5-11	9-13	10-11
29	4	1920	0-8	1-7	2-12	2-13	3-6	3-13	4-6	4-10	5-10	5-11	9-11	9-12
30	4	1920	0-8	1-7	2-12	2-13	3-6	3-13	4-5	4-6	5-10	9-11	9-12	10-11
31	8	960	0-8	1-7	2-12	2-13	3-5	3-13	4-10	4-12	5-11	6-9	6-10	9-11
32	4	1920	0-8	1-7	2-12	2-13	3-5	3-13	4-5	4-12	6-9	6-10	9-11	10-11
33	8	960	0-8	1-7	2-12	2-13	3-12	3-13	4-6	4-10	5-10	5-11	6-9	9-11
34	8	960	0-8	1-7	2-12	2-13	3-12	3-13	4-5	4-6	5-10	6-9	9-11	10-11
35	4	1920	0-8	1-7	2-12	2-13	3-6	3-13	4-10	4-12	5-10	5-11	6-9	9-11
36	2	3840	0-8	1-7	2-12	2-13	3-6	3-13	4-5	4-12	5-10	6-9	9-11	10-11
37	2	3840	0-8	1-7	2-12	2-13	3-5	3-6	4-6	4-10	5-11	9-11	9-13	10-12
38	8	960	0-8	1-7	2-12	2-13	3-5	3-6	4-10	4-12	5-11	6-10	9-11	9-13
39	2	3840	0-8	1-7	2-12	2-13	3-5	3-6	4-5	4-6	9-11	9-13	10-11	10-12
40	4	1920	0-8	1-7	2-12	2-13	3-5	3-6	4-5	4-12	6-10	9-11	9-13	10-11
41	2	3840	0-8	1-7	2-12	2-13	3-6	3-12	4-6	4-10	5-10	5-11	9-11	9-13
42	2	3840	0-8	1-7	2-12	2-13	3-6	3-12	4-5	4-6	5-10	9-11	9-13	10-11
43	40	192	0-8	1-7	2-12	2-13	3-11	3-13	4-10	4-12	5-9	5-11	6-9	6-10
44	8	960	0-8	1-7	2-12	2-13	3-11	3-13	4-5	4-12	5-9	6-9	6-10	10-11
45	16	480	0-8	1-7	2-6	2-13	3-6	3-9	4-5	4-12	5-11	9-13	10-11	10-12
46	16	480	0-8	1-7	2-6	2-13	3-6	3-13	4-9	4-12	5-10	5-11	9-12	10-11
47	16	480	0-8	1-7	2-6	2-13	3-6	3-13	4-10	4-12	5-10	5-11	9-11	9-12
48	8	960	0-8	1-7	2-6	2-13	3-6	3-13	4-5	4-12	5-10	9-11	9-12	10-11
49	8	960	0-8	1-7	2-6	2-13	3-6	3-11	4-5	4-12	5-10	9-11	9-13	10-12
50	8	960	0-8	1-7	2-6	2-13	3-5	3-12	4-5	4-6	9-11	9-13	10-11	10-12
51	2	3840	0-8	1-7	2-6	2-13	3-6	3-12	4-5	4-12	5-10	9-11	9-13	10-11
52	4	1920	0-8	1-7	2-6	2-13	3-4	3-6	4-12	5-10	5-11	9-12	9-13	10-11
53	4	1920	0-8	1-7	2-6	2-13	3-6	3-11	4-10	4-12	5-10	5-11	9-12	9-13
54	4	1920	0-8	1-7	2-6	2-13	3-6	3-11	4-5	4-12	5-10	9-12	9-13	10-11
55	192	40	0-8	1-7	2-6	2-13	3-4	3-12	4-12	5-10	5-11	6-9	9-13	10-11
56	192	40	0-8	1-7	2-6	2-13	3-11	3-12	4-10	4-12	5-10	5-11	6-9	9-13
57	64	120	0-8	1-7	2-6	2-13	3-11	3-12	4-5	4-12	5-10	6-9	9-13	10-11
58	1	7680	0-8	1-13	2-7	2-13	3-6	3-12	4-5	4-12	5-10	6-9	9-11	10-11
59	1	7680	0-8	1-13	2-11	2-13	3-6	3-12	4-5	4-12	5-10	6-9	7-9	10-11
60	2	3840	0-8	1-6	2-12	2-13	3-6	3-7	4-9	4-12	5-10	5-11	9-13	10-11
61	2	3840	0-8	1-6	2-12	2-13	3-6	3-7	4-10	4-12	5-10	5-11	9-11	9-13
62	1	7680	0-8	1-6	2-12	2-13	3-6	3-7	4-5	4-12	5-10	9-11	9-13	10-11
63	1	7680	0-8	1-13	2-11	2-13	3-6	3-7	4-5	4-12	5-10	6-9	9-12	10-11
64	1	7680	0-8	1-13	2-6	2-12	3-7	3-13	4-5	4-6	5-10	9-11	9-12	10-11
65	1	7680	0-8	1-13	2-12	2-13	3-6	3-7	4-9	4-12	5-10	5-11	6-9	10-11
66	1	7680	0-8	1-13	2-12	2-13	3-6	3-7	4-10	4-12	5-10	5-11	6-9	9-11
67	1	7680	0-8	1-13	2-12	2-13	3-6	3-7	4-5	4-12	5-10	6-9	9-11	10-11
68	2	3840	0-8	1-13	2-6	2-13	3-6	3-7	4-9	4-12	5-10	5-11	9-12	10-11
69	2	3840	0-8	1-13	2-6	2-13	3-6	3-7	4-10	4-12	5-10	5-11	9-11	9-12
70	1	7680	0-8	1-13	2-6	2-13	3-6	3-7	4-5	4-12	5-10	9-11	9-12	10-11
71	1	7680	0-8	1-12	2-4	2-13	3-11	3-13	4-6	5-10	5-11	6-9	7-10	9-12
72	1	7680	0-8	1-12	2-11	2-13	3-11	3-13	4-5	4-6	5-10	6-9	7-10	9-12
73	1	7680	0-8	1-12	2-12	2-13	3-11	3-13	4-6	4-9	5-10	5-11	6-9	7-10
74	1	7680	0-8	1-12	2-12	2-13	3-4	3-13	4-6	5-10	5-11	6-9	7-10	9-11
75	1	7680	0-8	1-12	2-12	2-13	3-11	3-13	4-5	4-6	5-10	6-9	7-10	9-11
76	1	7680	0-8	1-12	2-12	2-13	3-6	3-11	4-5	4-6	5-10	7-10	9-11	9-13
77	1	7680	0-8	1-12	2-6	2-13	3-12	3-13	4-5	4-6	5-9	7-10	9-11	10-11
78	1	7680	0-8	1-6	2-12	2-13	3-6	3-11	4-5	4-12	5-10	7-10	9-11	9-13
79	1	7680	0-8	1-6	2-12	2-13	3-5	3-6	4-5	4-12	7-10	9-11	9-13	10-11
80	1	7680	0-8	1-13	2-6	2-11	3-6	3-13	4-5	4-12	5-10	7-10	9-11	9-12
81	1	7680	0-8	1-13	2-11	2-13	3-6	3-11	4-5	4-12	5-10	6-9	7-10	9-12
82	1	7680	0-8	1-13	2-11	2-13	3-5	3-6	4-5	4-12	6-9	7-10	9-12	10-11
83	1	7680	0-8	1-13	2-6	2-12	3-12	3-13	4-5	4-6	5-9	7-10	9-11	10-11
84	1	7680	0-8	1-13	2-6	2-12	3-6	3-13	4-5	4-12	5-9	7-10	9-11	10-11
85	1	7680	0-8	1-13	2-6	2-12	3-11	3-13	4-5	4-6	5-10	7-10	9-11	9-12
86	1	7680	0-8	1-13	2-12	2-13	3-6	3-11	4-6	4-9	5-10	5-11	7-10	9-12
87	1	7680	0-8	1-13	2-12	2-13	3-6	3-12	4-5	4-6	5-9	7-10	9-11	10-11
88	1	7680	0-8	1-13	2-12	2-13	3-6	3-11	4-5	4-6	5-10	7-10	9-11	9-12
89	1	7680	0-8	1-13	2-12	2-13	3-11	3-12	4-5	4-6	5-10	6-9	7-10	9-11
90	1	7680	0-8	1-13	2-12	2-13	3-6	3-11	4-5	4-12	5-10	6-9	7-10	9-11
91	1	7680	0-8	1-13	2-12	2-13	3-5	3-6	4-5	4-12	6-9	7-10	9-11	10-11
92	1	7680	0-8	1-13	2-6	2-13	3-6	3-11	4-5	4-12	5-10	7-10	9-11	9-12
93	1	7680	0-8	1-13	2-6	2-13	3-5	3-6	4-5	4-12	7-10	9-11	9-12	10-11
94	1	7680	0-8	1-5	2-6	2-13	3-6	3-11	4-5	4-7	9-12	9-13	10-11	10-12
95	1	7680	0-8	1-12	2-12	2-13	3-6	3-13	4-5	4-7	5-10	6-9	9-11	10-11
96	2	3840	0-8	1-12	2-6	2-13	3-6	3-13	4-5	4-7	5-10	9-11	9-12	10-11
97	1	7680	0-8	1-12	2-6	2-13	3-6	3-12	4-5	4-7	5-10	9-11	9-13	10-11
98	1	7680	0-8	1-12	2-6	2-13	3-6	3-11	4-5	4-7	5-9	9-13	10-11	10-12
99	1	7680	0-8	1-12	2-6	2-13	3-6	3-11	4-5	4-7	5-10	9-12	9-13	10-11
100	8	960	0-8	1-12	2-6	2-13	3-11	3-12	4-5	4-7	5-10	6-9	9-13	10-11
101	1	7680	0-8	1-6	2-12	2-13	3-9	3-13	4-6	4-7	5-10	5-11	9-12	10-11
102	1	7680	0-8	1-6	2-12	2-13	3-11	3-13	4-6	4-7	5-10	5-11	9-10	9-12
103	1	7680	0-8	1-6	2-12	2-13	3-6	3-12	4-5	4-7	5-10	9-11	9-13	10-11
104	1	7680	0-8	1-6	2-12	2-13	3-6	3-11	4-5	4-7	5-9	9-13	10-11	10-12
105	2	3840	0-8	1-6	2-12	2-13	3-6	3-11	4-5	4-7	5-10	9-12	9-13	10-11
106	1	7680	0-8	1-13	2-11	2-13	3-6	3-12	4-5	4-7	5-10	6-9	9-12	10-11
107	1	7680	0-8	1-13	2-5	2-13	3-6	3-11	4-5	4-7	6-9	9-12	10-11	10-12
108	1	7680	0-8	1-13	2-6	2-12	3-6	3-13	4-5	4-7	5-10	9-11	9-12	10-11
109	1	7680	0-8	1-13	2-12	2-13	3-6	3-11	4-6	4-7	5-10	5-11	9-10	9-12
110	1	7680	0-8	1-13	2-12	2-13	3-6	3-12	4-5	4-7	5-10	6-9	9-11	10-11
111	1	7680	0-8	1-13	2-12	2-13	3-6	3-11	4-5	4-7	5-9	6-9	10-11	10-12
112	1	7680	0-8	1-13	2-12	2-13	3-6	3-11	4-5	4-7	5-10	6-9	9-12	10-11
113	1	7680	0-8	1-13	2-6	2-13	3-6	3-12	4-5	4-7	5-10	9-11	9-12	10-11
114	1	7680	0-8	1-13	2-6	2-13	3-11	3-12	4-5	4-7	5-10	6-9	9-12	10-11
115	2	3840	0-8	1-4	2-12	2-13	3-6	3-13	4-5	5-10	6-9	7-11	9-12	10-11
116	1	7680	0-8	1-4	2-6	2-13	3-6	3-12	4-5	5-10	7-11	9-12	9-13	10-11
117	1	7680	0-8	1-5	2-10	2-13	3-11	3-13	4-5	4-6	6-9	7-11	9-12	10-12
118	1	7680	0-8	1-5	2-11	2-13	3-12	3-13	4-5	4-10	6-9	6-10	7-11	9-12
119	1	7680	0-8	1-5	2-12	2-13	3-6	3-12	4-5	4-6	7-11	9-10	9-13	10-11
120	1	7680	0-8	1-5	2-12	2-13	3-6	3-13	4-5	4-9	6-9	7-11	10-11	10-12
121	1	7680	0-8	1-5	2-12	2-13	3-12	3-13	4-5	4-10	6-9	6-10	7-11	9-11
122	1	7680	0-8	1-5	2-12	2-13	3-6	3-12	4-5	4-10	6-10	7-11	9-11	9-13
123	1	7680	0-8	1-5	2-12	2-13	3-11	3-13	4-5	4-10	6-9	6-10	7-11	9-12
124	2	3840	0-8	1-5	2-12	2-13	3-6	3-13	4-5	4-10	6-9	7-11	9-12	10-11
125	2	3840	0-8	1-5	2-12	2-13	3-6	3-11	4-5	4-10	6-10	7-11	9-12	9-13
126	1	7680	0-8	1-5	2-6	2-13	3-11	3-13	4-5	4-6	7-11	9-10	9-12	10-12
127	1	7680	0-8	1-5	2-6	2-13	3-4	3-6	4-5	7-11	9-12	9-13	10-11	10-12
128	1	7680	0-8	1-5	2-6	2-13	3-6	3-12	4-5	4-10	7-11	9-12	9-13	10-11
129	1	7680	0-8	1-12	2-3	2-13	3-13	4-5	4-6	5-10	6-9	7-11	9-12	10-11
130	1	7680	0-8	1-12	2-10	2-13	3-12	3-13	4-5	4-6	5-10	6-9	7-11	9-11
131	1	7680	0-8	1-12	2-10	2-13	3-11	3-13	4-5	4-12	5-9	6-9	6-10	7-11
132	1	7680	0-8	1-12	2-10	2-13	3-11	3-13	4-5	4-6	5-10	6-9	7-11	9-12
133	1	7680	0-8	1-12	2-11	2-13	3-6	3-13	4-5	4-6	5-10	7-11	9-10	9-12
134	1	7680	0-8	1-12	2-11	2-13	3-6	3-13	4-5	4-12	5-10	6-9	7-11	9-10
135	1	7680	0-8	1-12	2-5	2-13	3-11	3-13	4-5	4-12	6-9	6-10	7-11	9-10
136	1	7680	0-8	1-12	2-5	2-13	3-6	3-12	4-5	4-6	7-11	9-10	9-13	10-11
137	1	7680	0-8	1-12	2-12	2-13	3-4	3-13	4-6	5-10	5-11	6-9	7-11	9-10
138	1	7680	0-8	1-12	2-12	2-13	3-11	3-13	4-5	4-6	5-10	6-9	7-11	9-10
139	1	7680	0-8	1-12	2-12	2-13	3-4	3-6	4-6	5-10	5-11	7-11	9-10	9-13
140	1	7680	0-8	1-12	2-12	2-13	3-6	3-11	4-5	4-6	5-10	7-11	9-10	9-13
141	1	7680	0-8	1-12	2-12	2-13	3-6	3-13	4-5	4-9	5-10	6-9	7-11	10-11
142	1	7680	0-8	1-12	2-12	2-13	3-6	3-13	4-5	4-10	5-9	6-9	7-11	10-11
143	1	7680	0-8	1-12	2-6	2-13	3-9	3-13	4-5	4-6	5-10	7-11	9-12	10-11
144	2	3840	0-8	1-12	2-6	2-13	3-6	3-9	4-5	4-12	5-10	7-11	9-13	10-11
145	2	3840	0-8	1-12	2-6	2-13	3-6	3-13	4-5	4-12	5-9	7-11	9-10	10-11
146	1	7680	0-8	1-12	2-6	2-13	3-4	3-13	4-6	5-10	5-11	7-11	9-10	9-12
147	1	7680	0-8	1-12	2-6	2-13	3-11	3-13	4-5	4-6	5-10	7-11	9-10	9-12
148	1	7680	0-8	1-12	2-6	2-13	3-5	3-6	4-5	4-12	7-11	9-10	9-13	10-11
149	1	7680	0-8	1-12	2-6	2-13	3-6	3-12	4-5	4-9	5-10	7-11	9-13	10-11
150	1	7680	0-8	1-12	2-6	2-13	3-4	3-6	4-5	5-9	7-11	9-13	10-11	10-12
151	1	7680	0-8	1-12	2-6	2-13	3-6	3-12	4-5	4-10	5-9	7-11	9-13	10-11
152	1	7680	0-8	1-12	2-6	2-13	3-4	3-6	4-5	5-10	7-11	9-12	9-13	10-11
153	1	7680	0-8	1-12	2-6	2-13	3-6	3-11	4-5	4-10	5-10	7-11	9-12	9-13
154	1	7680	0-8	1-12	2-6	2-13	3-5	3-6	4-5	4-10	7-11	9-12	9-13	10-11
155	1	7680	0-8	1-6	2-10	2-13	3-12	3-13	4-5	4-6	5-10	7-11	9-11	9-12
156	1	7680	0-8	1-6	2-10	2-13	3-11	3-13	4-5	4-6	5-9	7-11	9-12	10-12
157	1	7680	0-8	1-6	2-11	2-13	3-12	3-13	4-5	4-6	5-10	7-11	9-10	9-12
158	1	7680	0-8	1-6	2-5	2-13	3-11	3-13	4-5	4-6	7-11	9-10	9-12	10-12
159	1	7680	0-8	1-6	2-12	2-13	3-9	3-13	4-5	4-6	5-10	7-11	9-12	10-11
160	1	7680	0-8	1-6	2-12	2-13	3-9	3-12	4-5	4-6	5-10	7-11	9-13	10-11
161	1	7680	0-8	1-6	2-12	2-13	3-12	3-13	4-5	4-6	5-9	7-11	9-10	10-11
162	1	7680	0-8	1-6	2-12	2-13	3-4	3-13	4-6	5-10	5-11	7-11	9-10	9-12
163	1	7680	0-8	1-6	2-12	2-13	3-11	3-13	4-5	4-6	5-10	7-11	9-10	9-12
164	1	7680	0-8	1-6	2-12	2-13	3-11	3-12	4-5	4-6	5-10	7-11	9-10	9-13
165	1	7680	0-8	1-6	2-12	2-13	3-6	3-12	4-5	4-9	5-10	7-11	9-13	10-11
166	1	7680	0-8	1-6	2-12	2-13	3-4	3-6	4-5	5-9	7-11	9-13	10-11	10-12
167	1	7680	0-8	1-6	2-12	2-13	3-6	3-12	4-5	4-10	5-9	7-11	9-13	10-11
168	2	3840	0-8	1-6	2-12	2-13	3-4	3-6	4-5	5-10	7-11	9-12	9-13	10-11
169	2	3840	0-8	1-6	2-12	2-13	3-6	3-11	4-5	4-10	5-10	7-11	9-12	9-13
170	2	3840	0-8	1-6	2-12	2-13	3-5	3-6	4-5	4-10	7-11	9-12	9-13	10-11
171	1	7680	0-8	1-13	2-3	2-13	3-12	4-5	4-6	5-10	6-9	7-11	9-12	10-11
172	1	7680	0-8	1-13	2-3	2-13	3-6	4-5	4-12	5-10	6-9	7-11	9-12	10-11
173	1	7680	0-8	1-13	2-6	2-10	3-6	3-13	4-5	4-12	5-10	7-11	9-11	9-12
174	1	7680	0-8	1-13	2-10	2-13	3-6	3-12	4-5	4-6	5-9	7-11	9-12	10-11
175	1	7680	0-8	1-13	2-10	2-13	3-11	3-12	4-5	4-6	5-10	6-9	7-11	9-12
176	1	7680	0-8	1-13	2-10	2-13	3-6	3-11	4-5	4-12	5-10	6-9	7-11	9-12
177	1	7680	0-8	1-13	2-10	2-13	3-5	3-6	4-5	4-12	6-9	7-11	9-12	10-11
178	1	7680	0-8	1-13	2-4	2-13	3-6	3-12	4-5	5-10	6-9	7-11	9-12	10-11
179	1	7680	0-8	1-13	2-6	2-11	3-12	3-13	4-5	4-6	5-10	7-11	9-10	9-12
180	1	7680	0-8	1-13	2-5	2-13	3-4	3-6	4-5	6-9	7-11	9-12	10-11	10-12
181	1	7680	0-8	1-13	2-5	2-13	3-6	3-12	4-5	4-10	6-9	7-11	9-12	10-11
182	1	7680	0-8	1-13	2-6	2-12	3-11	3-13	4-5	4-6	5-10	7-11	9-10	9-12
183	1	7680	0-8	1-13	2-12	2-13	3-6	3-9	4-5	4-12	5-10	6-9	7-11	10-11
184	1	7680	0-8	1-13	2-12	2-13	3-6	3-12	4-5	4-6	5-9	7-11	9-10	10-11
185	1	7680	0-8	1-13	2-12	2-13	3-4	3-6	4-6	5-10	5-11	7-11	9-10	9-12
186	1	7680	0-8	1-13	2-12	2-13	3-6	3-11	4-5	4-6	5-10	7-11	9-10	9-12
187	1	7680	0-8	1-13	2-12	2-13	3-5	3-6	4-5	4-6	7-11	9-10	9-12	10-11
188	1	7680	0-8	1-13	2-12	2-13	3-11	3-12	4-5	4-6	5-10	6-9	7-11	9-10
189	1	7680	0-8	1-13	2-12	2-13	3-6	3-11	4-5	4-12	5-10	6-9	7-11	9-10
190	1	7680	0-8	1-13	2-12	2-13	3-5	3-6	4-5	4-12	6-9	7-11	9-10	10-11
191	1	7680	0-8	1-13	2-12	2-13	3-6	3-12	4-5	4-9	5-10	6-9	7-11	10-11
192	1	7680	0-8	1-13	2-12	2-13	3-4	3-6	4-5	5-9	6-9	7-11	10-11	10-12
193	1	7680	0-8	1-13	2-12	2-13	3-6	3-12	4-5	4-10	5-9	6-9	7-11	10-11
194	1	7680	0-8	1-13	2-12	2-13	3-4	3-6	4-5	5-10	6-9	7-11	9-12	10-11
195	1	7680	0-8	1-13	2-12	2-13	3-6	3-11	4-5	4-10	5-10	6-9	7-11	9-12
196	1	7680	0-8	1-13	2-12	2-13	3-5	3-6	4-5	4-10	6-9	7-11	9-12	10-11
197	1	7680	0-8	1-13	2-6	2-13	3-9	3-12	4-5	4-6	5-10	7-11	9-12	10-11
198	1	7680	0-8	1-13	2-6	2-13	3-11	3-12	4-5	4-6	5-10	7-11	9-10	9-12
199	1	7680	0-8	1-13	2-6	2-13	3-5	3-6	4-5	4-12	7-11	9-10	9-12	10-11
200	1	7680	0-8	1-13	2-6	2-13	3-6	3-12	4-5	4-9	5-10	7-11	9-12	10-11
201	1	7680	0-8	1-13	2-6	2-13	3-6	3-12	4-5	4-10	5-9	7-11	9-12	10-11
202	2	3840	0-8	1-4	2-11	2-13	3-12	3-13	4-5	5-7	6-9	6-10	9-12	10-11
203	2	3840	0-8	1-4	2-12	2-13	3-12	3-13	4-5	5-7	6-9	6-10	9-11	10-11
204	1	7680	0-8	1-4	2-12	2-13	3-6	3-13	4-5	5-7	6-9	9-11	10-11	10-12
205	2	3840	0-8	1-4	2-12	2-13	3-6	3-12	4-5	5-7	6-10	9-11	9-13	10-11
206	2	3840	0-8	1-4	2-12	2-13	3-11	3-13	4-5	5-7	6-9	6-10	9-12	10-11
207	4	1920	0-8	1-4	2-12	2-13	3-6	3-11	4-5	5-7	6-10	9-12	9-13	10-11
208	4	1920	0-8	1-4	2-6	2-13	3-6	3-13	4-5	5-7	9-11	9-12	10-11	10-12
209	1	7680	0-8	1-4	2-6	2-13	3-6	3-11	4-5	5-7	9-12	9-13	10-11	10-12
210	16	480	0-8	1-4	2-6	2-13	3-11	3-12	4-5	5-7	6-9	9-13	10-11	10-12
211	1	7680	0-8	1-11	2-10	2-13	3-11	3-13	4-5	4-6	5-7	6-9	9-12	10-12
212	1	7680	0-8	1-11	2-11	2-13	3-12	3-13	4-5	4-10	5-7	6-9	6-10	9-12
213	1	7680	0-8	1-11	2-12	2-13	3-6	3-12	4-5	4-6	5-7	9-10	9-13	10-11
214	1	7680	0-8	1-11	2-12	2-13	3-6	3-13	4-5	4-9	5-7	6-9	10-11	10-12
215	1	7680	0-8	1-11	2-12	2-13	3-12	3-13	4-5	4-10	5-7	6-9	6-10	9-11
216	1	7680	0-8	1-11	2-12	2-13	3-6	3-12	4-5	4-10	5-7	6-10	9-11	9-13
217	1	7680	0-8	1-11	2-12	2-13	3-11	3-13	4-5	4-10	5-7	6-9	6-10	9-12
218	2	3840	0-8	1-11	2-12	2-13	3-6	3-13	4-5	4-10	5-7	6-9	9-12	10-11
219	2	3840	0-8	1-11	2-12	2-13	3-6	3-11	4-5	4-10	5-7	6-10	9-12	9-13
220	1	7680	0-8	1-11	2-6	2-13	3-11	3-13	4-5	4-6	5-7	9-10	9-12	10-12
221	1	7680	0-8	1-11	2-6	2-13	3-4	3-6	4-5	5-7	9-12	9-13	10-11	10-12
222	1	7680	0-8	1-11	2-6	2-13	3-6	3-12	4-5	4-10	5-7	9-12	9-13	10-11
223	1	7680	0-8	1-12	2-11	2-13	3-6	3-13	4-5	4-9	5-7	6-9	10-11	10-12
224	1	7680	0-8	1-12	2-12	2-13	3-6	3-13	4-5	4-10	5-7	6-9	9-11	10-11
225	2	3840	0-8	1-12	2-6	2-13	3-6	3-13	4-5	4-10	5-7	9-11	9-12	10-11
226	1	7680	0-8	1-12	2-6	2-13	3-6	3-12	4-5	4-10	5-7	9-11	9-13	10-11
227	2	3840	0-8	1-6	2-11	2-13	3-11	3-13	4-5	4-6	5-7	9-10	9-12	10-12
228	1	7680	0-8	1-6	2-12	2-13	3-6	3-11	4-5	4-9	5-7	9-13	10-11	10-12
229	1	7680	0-8	1-6	2-12	2-13	3-4	3-6	4-5	5-7	9-11	9-13	10-11	10-12
230	1	7680	0-8	1-6	2-12	2-13	3-6	3-12	4-5	4-10	5-7	9-11	9-13	10-11
231	1	7680	0-8	1-13	2-4	2-13	3-6	3-11	4-5	5-7	6-9	9-12	10-11	10-12
232	1	7680	0-8	1-13	2-11	2-13	3-4	3-6	4-5	5-7	6-9	9-12	10-11	10-12
233	1	7680	0-8	1-13	2-11	2-13	3-6	3-12	4-5	4-10	5-7	6-9	9-12	10-11
234	1	7680	0-8	1-13	2-6	2-12	3-6	3-13	4-5	4-10	5-7	9-11	9-12	10-11
235	1	7680	0-8	1-13	2-12	2-13	3-6	3-11	4-5	4-9	5-7	6-9	10-11	10-12
236	1	7680	0-8	1-13	2-12	2-13	3-4	3-6	4-5	5-7	6-9	9-11	10-11	10-12
237	1	7680	0-8	1-13	2-12	2-13	3-6	3-12	4-5	4-10	5-7	6-9	9-11	10-11
238	1	7680	0-8	1-13	2-12	2-13	3-6	3-11	4-5	4-10	5-7	6-9	9-12	10-11
239	2	3840	0-8	1-13	2-6	2-13	3-11	3-12	4-5	4-9	5-7	6-9	10-11	10-12
240	1	7680	0-8	1-13	2-6	2-13	3-4	3-6	4-5	5-7	9-11	9-12	10-11	10-12
241	1	7680	0-8	1-13	2-6	2-13	3-6	3-12	4-5	4-10	5-7	9-11	9-12	10-11
242	1	7680	0-8	1-3	2-11	2-13	3-13	4-5	4-6	5-10	6-9	7-12	9-12	10-11
243	1	7680	0-8	1-3	2-12	2-13	3-13	4-6	4-9	5-10	5-11	6-9	7-12	10-11
244	1	7680	0-8	1-3	2-12	2-13	3-13	4-5	4-6	5-10	6-9	7-12	9-11	10-11
245	1	7680	0-8	1-3	2-6	2-13	3-12	4-5	4-6	5-10	7-12	9-11	9-13	10-11
246	1	7680	0-8	1-10	2-4	2-13	3-11	3-13	4-6	5-10	5-11	6-9	7-12	9-12
247	1	7680	0-8	1-10	2-11	2-13	3-11	3-13	4-5	4-6	5-9	6-9	7-12	10-12
248	1	7680	0-8	1-10	2-11	2-13	3-11	3-13	4-5	4-6	5-10	6-9	7-12	9-12
249	1	7680	0-8	1-10	2-12	2-13	3-11	3-13	4-6	4-9	5-10	5-11	6-9	7-12
250	1	7680	0-8	1-10	2-12	2-13	3-4	3-13	4-6	5-10	5-11	6-9	7-12	9-11
251	1	7680	0-8	1-10	2-12	2-13	3-11	3-13	4-5	4-6	5-10	6-9	7-12	9-11
252	1	7680	0-8	1-10	2-12	2-13	3-6	3-11	4-5	4-6	5-10	7-12	9-11	9-13
253	1	7680	0-8	1-10	2-6	2-13	3-12	3-13	4-5	4-6	5-9	7-12	9-11	10-11
254	1	7680	0-8	1-10	2-6	2-13	3-11	3-12	4-5	4-6	5-10	7-12	9-11	9-13
255	1	7680	0-8	1-4	2-10	2-13	3-11	3-13	4-6	5-10	5-11	6-9	7-12	9-12
256	1	7680	0-8	1-4	2-12	2-13	3-11	3-13	4-6	5-10	5-11	6-9	7-12	9-10
257	1	7680	0-8	1-4	2-12	2-13	3-6	3-13	4-5	5-10	6-9	7-12	9-11	10-11
258	2	3840	0-8	1-4	2-6	2-13	3-6	3-9	4-12	5-10	5-11	7-12	9-13	10-11
259	2	3840	0-8	1-4	2-6	2-13	3-6	3-13	4-5	5-10	7-12	9-11	9-12	10-11
260	1	7680	0-8	1-4	2-6	2-13	3-6	3-12	4-5	5-10	7-12	9-11	9-13	10-11
261	1	7680	0-8	1-4	2-6	2-13	3-6	3-11	4-5	5-9	7-12	9-13	10-11	10-12
262	1	7680	0-8	1-4	2-6	2-13	3-6	3-11	4-5	5-10	7-12	9-12	9-13	10-11
263	8	960	0-8	1-4	2-6	2-13	3-11	3-12	4-5	5-10	6-9	7-12	9-13	10-11
264	1	7680	0-8	1-11	2-3	2-13	3-13	4-5	4-6	5-10	6-9	7-12	9-12	10-11
265	1	7680	0-8	1-11	2-10	2-13	3-12	3-13	4-5	4-6	5-10	6-9	7-12	9-11
266	1	7680	0-8	1-11	2-10	2-13	3-11	3-13	4-5	4-12	5-9	6-9	6-10	7-12
267	1	7680	0-8	1-11	2-10	2-13	3-11	3-13	4-5	4-6	5-10	6-9	7-12	9-12
268	1	7680	0-8	1-11	2-11	2-13	3-6	3-13	4-5	4-6	5-10	7-12	9-10	9-12
269	1	7680	0-8	1-11	2-11	2-13	3-6	3-13	4-5	4-12	5-10	6-9	7-12	9-10
270	1	7680	0-8	1-11	2-11	2-13	3-12	3-13	4-5	4-10	5-9	6-9	6-10	7-12
271	1	7680	0-8	1-11	2-11	2-13	3-5	3-13	4-5	4-10	6-9	6-10	7-12	9-12
272	1	7680	0-8	1-11	2-5	2-13	3-11	3-13	4-5	4-12	6-9	6-10	7-12	9-10
273	1	7680	0-8	1-11	2-5	2-13	3-6	3-12	4-5	4-6	7-12	9-10	9-13	10-11
274	1	7680	0-8	1-11	2-5	2-13	3-6	3-13	4-5	4-9	6-9	7-12	10-11	10-12
275	1	7680	0-8	1-11	2-5	2-13	3-12	3-13	4-5	4-10	6-9	6-10	7-12	9-11
276	1	7680	0-8	1-11	2-5	2-13	3-6	3-12	4-5	4-10	6-10	7-12	9-11	9-13
277	1	7680	0-8	1-11	2-5	2-13	3-11	3-13	4-5	4-10	6-9	6-10	7-12	9-12
278	1	7680	0-8	1-11	2-12	2-13	3-4	3-13	4-6	5-10	5-11	6-9	7-12	9-10
279	1	7680	0-8	1-11	2-12	2-13	3-11	3-13	4-5	4-6	5-10	6-9	7-12	9-10
280	1	7680	0-8	1-11	2-12	2-13	3-4	3-6	4-6	5-10	5-11	7-12	9-10	9-13
281	1	7680	0-8	1-11	2-12	2-13	3-6	3-11	4-5	4-6	5-10	7-12	9-10	9-13
282	1	7680	0-8	1-11	2-12	2-13	3-6	3-13	4-5	4-9	5-10	6-9	7-12	10-11
283	1	7680	0-8	1-11	2-12	2-13	3-5	3-13	4-5	4-10	6-9	6-10	7-12	9-11
284	1	7680	0-8	1-11	2-12	2-13	3-6	3-13	4-5	4-10	5-10	6-9	7-12	9-11
285	1	7680	0-8	1-11	2-12	2-13	3-5	3-6	4-5	4-10	6-10	7-12	9-11	9-13
286	1	7680	0-8	1-11	2-12	2-13	3-11	3-13	4-5	4-10	5-9	6-9	6-10	7-12
287	1	7680	0-8	1-11	2-12	2-13	3-6	3-13	4-5	4-10	5-9	6-9	7-12	10-11
288	1	7680	0-8	1-11	2-12	2-13	3-6	3-11	4-5	4-10	5-9	6-10	7-12	9-13
289	1	7680	0-8	1-11	2-6	2-13	3-9	3-13	4-5	4-6	5-10	7-12	9-12	10-11
290	2	3840	0-8	1-11	2-6	2-13	3-6	3-9	4-10	4-12	5-10	5-11	7-12	9-13
291	2	3840	0-8	1-11	2-6	2-13	3-6	3-9	4-5	4-12	5-10	7-12	9-13	10-11
292	2	3840	0-8	1-11	2-6	2-13	3-6	3-13	4-5	4-12	5-9	7-12	9-10	10-11
293	1	7680	0-8	1-11	2-6	2-13	3-4	3-13	4-6	5-10	5-11	7-12	9-10	9-12
294	1	7680	0-8	1-11	2-6	2-13	3-11	3-13	4-5	4-6	5-10	7-12	9-10	9-12
295	1	7680	0-8	1-11	2-6	2-13	3-5	3-6	4-5	4-12	7-12	9-10	9-13	10-11
296	2	3840	0-8	1-11	2-6	2-13	3-6	3-13	4-5	4-9	5-10	7-12	9-12	10-11
297	1	7680	0-8	1-11	2-6	2-13	3-6	3-12	4-5	4-9	5-10	7-12	9-13	10-11
298	2	3840	0-8	1-11	2-6	2-13	3-6	3-13	4-5	4-10	5-10	7-12	9-11	9-12
299	2	3840	0-8	1-11	2-6	2-13	3-6	3-13	4-5	4-10	5-9	7-12	9-12	10-11
300	1	7680	0-8	1-11	2-6	2-13	3-4	3-6	4-5	5-9	7-12	9-13	10-11	10-12
301	1	7680	0-8	1-11	2-6	2-13	3-6	3-12	4-5	4-10	5-9	7-12	9-13	10-11
302	1	7680	0-8	1-11	2-6	2-13	3-4	3-6	4-5	5-10	7-12	9-12	9-13	10-11
303	1	7680	0-8	1-11	2-6	2-13	3-6	3-11	4-5	4-10	5-10	7-12	9-12	9-13
304	1	7680	0-8	1-11	2-6	2-13	3-5	3-6	4-5	4-10	7-12	9-12	9-13	10-11
305	8	960	0-8	1-11	2-6	2-13	3-4	3-12	4-5	5-10	6-9	7-12	9-13	10-11
306	8	960	0-8	1-11	2-6	2-13	3-11	3-12	4-5	4-10	5-10	6-9	7-12	9-13
307	8	960	0-8	1-11	2-6	2-13	3-5	3-12	4-5	4-10	6-9	7-12	9-13	10-11
308	1	7680	0-8	1-5	2-11	2-13	3-6	3-13	4-5	4-9	6-9	7-12	10-11	10-12
309	1	7680	0-8	1-5	2-11	2-13	3-11	3-13	4-5	4-10	6-9	6-10	7-12	9-12
310	1	7680	0-8	1-5	2-12	2-13	3-11	3-13	4-5	4-10	6-9	6-10	7-12	9-11
311	1	7680	0-8	1-5	2-12	2-13	3-6	3-13	4-5	4-10	6-9	7-12	9-11	10-11
312	2	3840	0-8	1-5	2-6	2-13	3-6	3-13	4-5	4-10	7-12	9-11	9-12	10-11
313	1	7680	0-8	1-5	2-6	2-13	3-4	3-6	4-5	7-12	9-11	9-13	10-11	10-12
314	1	7680	0-8	1-5	2-6	2-13	3-6	3-12	4-5	4-10	7-12	9-11	9-13	10-11
315	8	960	0-8	1-5	2-6	2-13	3-11	3-12	4-5	4-10	6-9	7-12	9-13	10-11
316	2	3840	0-8	1-12	2-10	2-13	3-11	3-13	4-5	4-6	5-10	6-9	7-12	9-11
317	1	7680	0-8	1-12	2-11	2-13	3-6	3-13	4-5	4-9	5-10	6-9	7-12	10-11
318	4	1920	0-8	1-12	2-11	2-13	3-6	3-13	4-5	4-10	5-10	6-9	7-12	9-11
319	2	3840	0-8	1-12	2-11	2-13	3-11	3-13	4-5	4-10	5-9	6-9	6-10	7-12
320	2	3840	0-8	1-12	2-5	2-13	3-11	3-13	4-5	4-10	6-9	6-10	7-12	9-11
321	1	7680	0-8	1-12	2-5	2-13	3-6	3-13	4-5	4-10	6-9	7-12	9-11	10-11
322	2	3840	0-8	1-12	2-6	2-13	3-6	3-13	4-5	4-10	5-9	7-12	9-11	10-11
323	2	3840	0-8	1-12	2-6	2-13	3-4	3-6	4-5	5-10	7-12	9-11	9-13	10-11
324	2	3840	0-8	1-12	2-6	2-13	3-6	3-11	4-5	4-10	5-10	7-12	9-11	9-13
325	1	7680	0-8	1-12	2-6	2-13	3-5	3-6	4-5	4-10	7-12	9-11	9-13	10-11
326	16	480	0-8	1-12	2-6	2-13	3-5	3-11	4-5	4-10	6-9	7-12	9-13	10-11
327	1	7680	0-8	1-6	2-3	2-13	3-13	4-5	4-6	5-10	7-12	9-11	9-12	10-11
328	1	7680	0-8	1-6	2-10	2-13	3-11	3-13	4-5	4-6	5-10	7-12	9-11	9-12
329	1	7680	0-8	1-6	2-11	2-13	3-9	3-13	4-5	4-6	5-10	7-12	9-12	10-11
330	1	7680	0-8	1-6	2-11	2-13	3-11	3-13	4-5	4-6	5-10	7-12	9-10	9-12
331	1	7680	0-8	1-6	2-11	2-13	3-5	3-6	4-5	4-12	7-12	9-10	9-13	10-11
332	1	7680	0-8	1-6	2-11	2-13	3-6	3-12	4-5	4-9	5-10	7-12	9-13	10-11
333	1	7680	0-8	1-6	2-5	2-13	3-6	3-11	4-5	4-9	7-12	9-13	10-11	10-12
334	1	7680	0-8	1-6	2-5	2-13	3-4	3-6	4-5	7-12	9-11	9-13	10-11	10-12
335	1	7680	0-8	1-6	2-5	2-13	3-6	3-12	4-5	4-10	7-12	9-11	9-13	10-11
336	1	7680	0-8	1-6	2-12	2-13	3-6	3-11	4-5	4-9	5-10	7-12	9-13	10-11
337	1	7680	0-8	1-6	2-12	2-13	3-4	3-6	4-5	5-10	7-12	9-11	9-13	10-11
338	1	7680	0-8	1-6	2-12	2-13	3-6	3-11	4-5	4-10	5-10	7-12	9-11	9-13
339	1	7680	0-8	1-6	2-12	2-13	3-5	3-6	4-5	4-10	7-12	9-11	9-13	10-11
340	1	7680	0-8	1-13	2-3	2-13	3-6	4-5	4-12	5-10	6-9	7-12	9-11	10-11
341	1	7680	0-8	1-13	2-10	2-13	3-6	3-12	4-5	4-6	5-9	7-12	9-11	10-11
342	1	7680	0-8	1-13	2-10	2-13	3-6	3-11	4-5	4-6	5-10	7-12	9-11	9-12
343	1	7680	0-8	1-13	2-10	2-13	3-11	3-12	4-5	4-6	5-10	6-9	7-12	9-11
344	1	7680	0-8	1-13	2-10	2-13	3-6	3-11	4-5	4-12	5-10	6-9	7-12	9-11
345	1	7680	0-8	1-13	2-10	2-13	3-5	3-6	4-5	4-12	6-9	7-12	9-11	10-11
346	1	7680	0-8	1-13	2-4	2-6	3-11	3-13	4-6	5-10	5-11	7-12	9-10	9-12
347	1	7680	0-8	1-13	2-4	2-6	3-6	3-13	4-5	5-10	7-12	9-11	9-12	10-11
348	1	7680	0-8	1-13	2-4	2-13	3-6	3-12	4-5	5-10	6-9	7-12	9-11	10-11
349	1	7680	0-8	1-13	2-4	2-13	3-6	3-11	4-5	5-9	6-9	7-12	10-11	10-12
350	1	7680	0-8	1-13	2-4	2-13	3-6	3-11	4-5	5-10	6-9	7-12	9-12	10-11
351	1	7680	0-8	1-13	2-6	2-11	3-12	3-13	4-5	4-6	5-9	7-12	9-10	10-11
352	1	7680	0-8	1-13	2-6	2-11	3-4	3-13	4-6	5-10	5-11	7-12	9-10	9-12
353	1	7680	0-8	1-13	2-6	2-11	3-11	3-13	4-5	4-6	5-10	7-12	9-10	9-12
354	1	7680	0-8	1-13	2-6	2-11	3-6	3-13	4-5	4-10	5-10	7-12	9-11	9-12
355	1	7680	0-8	1-13	2-11	2-13	3-6	3-9	4-10	4-12	5-10	5-11	6-9	7-12
356	1	7680	0-8	1-13	2-11	2-13	3-6	3-9	4-5	4-12	5-10	6-9	7-12	10-11
357	1	7680	0-8	1-13	2-11	2-13	3-6	3-12	4-5	4-6	5-9	7-12	9-10	10-11
358	1	7680	0-8	1-13	2-11	2-13	3-4	3-6	4-6	5-10	5-11	7-12	9-10	9-12
359	1	7680	0-8	1-13	2-11	2-13	3-6	3-11	4-5	4-6	5-10	7-12	9-10	9-12
360	1	7680	0-8	1-13	2-11	2-13	3-6	3-11	4-5	4-12	5-10	6-9	7-12	9-10
361	1	7680	0-8	1-13	2-11	2-13	3-5	3-6	4-5	4-12	6-9	7-12	9-10	10-11
362	1	7680	0-8	1-13	2-11	2-13	3-6	3-12	4-5	4-9	5-10	6-9	7-12	10-11
363	1	7680	0-8	1-13	2-11	2-13	3-4	3-6	4-5	5-9	6-9	7-12	10-11	10-12
364	1	7680	0-8	1-13	2-11	2-13	3-6	3-12	4-5	4-10	5-9	6-9	7-12	10-11
365	1	7680	0-8	1-13	2-11	2-13	3-4	3-6	4-5	5-10	6-9	7-12	9-12	10-11
366	1	7680	0-8	1-13	2-11	2-13	3-6	3-11	4-5	4-10	5-10	6-9	7-12	9-12
367	1	7680	0-8	1-13	2-11	2-13	3-5	3-6	4-5	4-10	6-9	7-12	9-12	10-11
368	1	7680	0-8	1-13	2-5	2-6	3-6	3-13	4-5	4-10	7-12	9-11	9-12	10-11
369	1	7680	0-8	1-13	2-5	2-13	3-6	3-11	4-5	4-9	6-9	7-12	10-11	10-12
370	1	7680	0-8	1-13	2-5	2-13	3-4	3-6	4-5	6-9	7-12	9-11	10-11	10-12
371	1	7680	0-8	1-13	2-5	2-13	3-6	3-12	4-5	4-10	6-9	7-12	9-11	10-11
372	1	7680	0-8	1-13	2-6	2-12	3-6	3-13	4-5	4-10	5-9	7-12	9-11	10-11
373	1	7680	0-8	1-13	2-12	2-13	3-6	3-11	4-5	4-9	5-10	6-9	7-12	10-11
374	1	7680	0-8	1-13	2-12	2-13	3-4	3-6	4-5	5-10	6-9	7-12	9-11	10-11
375	1	7680	0-8	1-13	2-12	2-13	3-6	3-11	4-5	4-10	5-10	6-9	7-12	9-11
376	1	7680	0-8	1-13	2-12	2-13	3-5	3-6	4-5	4-10	6-9	7-12	9-11	10-11
377	1	7680	0-8	1-13	2-6	2-13	3-6	3-11	4-5	4-9	5-10	7-12	9-12	10-11
378	1	7680	0-8	1-13	2-6	2-13	3-11	3-12	4-5	4-9	5-10	6-9	7-12	10-11
379	1	7680	0-8	1-13	2-6	2-13	3-6	3-12	4-5	4-10	5-9	7-12	9-11	10-11
380	1	7680	0-8	1-13	2-6	2-13	3-4	3-6	4-5	5-10	7-12	9-11	9-12	10-11
381	1	7680	0-8	1-13	2-6	2-13	3-6	3-11	4-5	4-10	5-10	7-12	9-11	9-12
382	1	7680	0-8	1-13	2-6	2-13	3-5	3-6	4-5	4-10	7-12	9-11	9-12	10-11
383	1	7680	0-8	1-13	2-6	2-13	3-4	3-12	4-5	5-10	6-9	7-12	9-11	10-11
384	1	7680	0-8	1-13	2-6	2-13	3-11	3-12	4-5	4-10	5-10	6-9	7-12	9-11
385	1	7680	0-8	1-13	2-6	2-13	3-5	3-12	4-5	4-10	6-9	7-12	9-11	10-11
386	1	7680	0-8	1-13	2-6	2-13	3-11	3-12	4-5	4-10	5-9	6-9	7-12	10-11
387	2	3840	0-8	1-13	2-6	2-13	3-5	3-11	4-5	4-10	6-9	7-12	9-12	10-11
388	2	3840	0-8	1-3	2-12	2-13	3-6	4-9	4-12	5-10	5-11	6-7	9-13	10-11
389	2	3840	0-8	1-3	2-12	2-13	3-6	4-10	4-12	5-10	5-11	6-7	9-11	9-13
390	1	7680	0-8	1-3	2-12	2-13	3-6	4-5	4-12	5-10	6-7	9-11	9-13	10-11
391	1	7680	0-8	1-10	2-12	2-13	3-12	3-13	4-5	4-6	5-9	6-7	9-11	10-11
392	1	7680	0-8	1-10	2-12	2-13	3-6	3-11	4-5	4-12	5-10	6-7	9-11	9-13
393	1	7680	0-8	1-10	2-12	2-13	3-5	3-6	4-5	4-12	6-7	9-11	9-13	10-11
394	1	7680	0-8	1-4	2-10	2-13	3-12	3-13	4-6	5-10	5-11	6-7	9-11	9-12
395	1	7680	0-8	1-4	2-11	2-13	3-12	3-13	4-6	5-10	5-11	6-7	9-10	9-12
396	1	7680	0-8	1-4	2-12	2-13	3-9	3-13	4-6	5-10	5-11	6-7	9-12	10-11
397	1	7680	0-8	1-4	2-12	2-13	3-11	3-13	4-6	5-10	5-11	6-7	9-10	9-12
398	1	7680	0-8	1-4	2-12	2-13	3-6	3-12	4-5	5-10	6-7	9-11	9-13	10-11
399	1	7680	0-8	1-4	2-12	2-13	3-6	3-11	4-5	5-9	6-7	9-13	10-11	10-12
400	2	3840	0-8	1-4	2-12	2-13	3-6	3-11	4-5	5-10	6-7	9-12	9-13	10-11
401	1	7680	0-8	1-11	2-10	2-13	3-12	3-13	4-5	4-6	5-10	6-7	9-11	9-12
402	1	7680	0-8	1-11	2-10	2-13	3-11	3-13	4-5	4-6	5-9	6-7	9-12	10-12
403	1	7680	0-8	1-11	2-11	2-13	3-12	3-13	4-5	4-6	5-10	6-7	9-10	9-12
404	1	7680	0-8	1-11	2-5	2-13	3-11	3-13	4-5	4-6	6-7	9-10	9-12	10-12
405	1	7680	0-8	1-11	2-12	2-13	3-9	3-13	4-5	4-6	5-10	6-7	9-12	10-11
406	1	7680	0-8	1-11	2-12	2-13	3-9	3-12	4-5	4-6	5-10	6-7	9-13	10-11
407	1	7680	0-8	1-11	2-12	2-13	3-6	3-9	4-5	4-12	5-10	6-7	9-13	10-11
408	1	7680	0-8	1-11	2-12	2-13	3-12	3-13	4-5	4-6	5-9	6-7	9-10	10-11
409	1	7680	0-8	1-11	2-12	2-13	3-4	3-13	4-6	5-10	5-11	6-7	9-10	9-12
410	1	7680	0-8	1-11	2-12	2-13	3-11	3-13	4-5	4-6	5-10	6-7	9-10	9-12
411	1	7680	0-8	1-11	2-12	2-13	3-11	3-12	4-5	4-6	5-10	6-7	9-10	9-13
412	1	7680	0-8	1-11	2-12	2-13	3-6	3-11	4-5	4-12	5-10	6-7	9-10	9-13
413	1	7680	0-8	1-11	2-12	2-13	3-5	3-6	4-5	4-12	6-7	9-10	9-13	10-11
414	1	7680	0-8	1-11	2-12	2-13	3-6	3-12	4-5	4-9	5-10	6-7	9-13	10-11
415	1	7680	0-8	1-11	2-12	2-13	3-4	3-6	4-5	5-9	6-7	9-13	10-11	10-12
416	1	7680	0-8	1-11	2-12	2-13	3-6	3-12	4-5	4-10	5-9	6-7	9-13	10-11
417	2	3840	0-8	1-11	2-12	2-13	3-4	3-6	4-5	5-10	6-7	9-12	9-13	10-11
418	2	3840	0-8	1-11	2-12	2-13	3-6	3-11	4-5	4-10	5-10	6-7	9-12	9-13
419	2	3840	0-8	1-11	2-12	2-13	3-5	3-6	4-5	4-10	6-7	9-12	9-13	10-11
420	1	7680	0-8	1-5	2-10	2-13	3-11	3-13	4-5	4-6	6-7	9-11	9-12	10-12
421	2	3840	0-8	1-5	2-11	2-13	3-11	3-13	4-5	4-6	6-7	9-10	9-12	10-12
422	1	7680	0-8	1-5	2-12	2-13	3-6	3-11	4-5	4-9	6-7	9-13	10-11	10-12
423	1	7680	0-8	1-5	2-12	2-13	3-4	3-6	4-5	6-7	9-11	9-13	10-11	10-12
424	1	7680	0-8	1-5	2-12	2-13	3-6	3-12	4-5	4-10	6-7	9-11	9-13	10-11
425	2	3840	0-8	1-5	2-12	2-13	3-6	3-11	4-5	4-10	6-7	9-12	9-13	10-11
426	1	7680	0-8	1-12	2-3	2-13	3-13	4-5	4-6	5-10	6-7	9-11	9-12	10-11
427	1	7680	0-8	1-12	2-10	2-13	3-11	3-13	4-6	4-9	5-10	5-11	6-7	9-12
428	1	7680	0-8	1-12	2-10	2-13	3-12	3-13	4-5	4-6	5-9	6-7	9-11	10-11
429	1	7680	0-8	1-12	2-10	2-13	3-11	3-13	4-5	4-6	5-10	6-7	9-11	9-12
430	1	7680	0-8	1-12	2-11	2-13	3-9	3-13	4-5	4-6	5-10	6-7	9-12	10-11
431	1	7680	0-8	1-12	2-11	2-13	3-12	3-13	4-5	4-6	5-9	6-7	9-10	10-11
432	1	7680	0-8	1-12	2-11	2-13	3-4	3-13	4-6	5-10	5-11	6-7	9-10	9-12
433	1	7680	0-8	1-12	2-11	2-13	3-11	3-13	4-5	4-6	5-10	6-7	9-10	9-12
434	1	7680	0-8	1-12	2-11	2-13	3-5	3-6	4-5	4-12	6-7	9-10	9-13	10-11
435	1	7680	0-8	1-12	2-11	2-13	3-6	3-12	4-5	4-9	5-10	6-7	9-13	10-11
436	1	7680	0-8	1-12	2-5	2-13	3-6	3-11	4-5	4-9	6-7	9-13	10-11	10-12
437	1	7680	0-8	1-12	2-5	2-13	3-4	3-6	4-5	6-7	9-11	9-13	10-11	10-12
438	1	7680	0-8	1-12	2-5	2-13	3-6	3-12	4-5	4-10	6-7	9-11	9-13	10-11
439	1	7680	0-8	1-12	2-12	2-13	3-6	3-11	4-5	4-9	5-10	6-7	9-13	10-11
440	1	7680	0-8	1-12	2-12	2-13	3-4	3-6	4-5	5-10	6-7	9-11	9-13	10-11
441	1	7680	0-8	1-12	2-12	2-13	3-6	3-11	4-5	4-10	5-10	6-7	9-11	9-13
442	1	7680	0-8	1-12	2-12	2-13	3-5	3-6	4-5	4-10	6-7	9-11	9-13	10-11
443	1	7680	0-8	1-13	2-10	2-13	3-6	3-11	4-5	4-12	5-10	6-7	9-11	9-12
444	1	7680	0-8	1-13	2-10	2-13	3-5	3-6	4-5	4-12	6-7	9-11	9-12	10-11
445	1	7680	0-8	1-13	2-4	2-13	3-6	3-12	4-5	5-10	6-7	9-11	9-12	10-11
446	1	7680	0-8	1-13	2-11	2-13	3-9	3-12	4-5	4-6	5-10	6-7	9-12	10-11
447	1	7680	0-8	1-13	2-11	2-13	3-11	3-12	4-5	4-6	5-10	6-7	9-10	9-12
448	1	7680	0-8	1-13	2-11	2-13	3-5	3-6	4-5	4-12	6-7	9-10	9-12	10-11
449	1	7680	0-8	1-13	2-5	2-13	3-6	3-12	4-5	4-10	6-7	9-11	9-12	10-11
450	1	7680	0-8	1-13	2-12	2-13	3-11	3-12	4-5	4-9	5-10	6-7	6-9	10-11
451	1	7680	0-8	1-13	2-12	2-13	3-6	3-12	4-5	4-10	5-9	6-7	9-11	10-11
452	1	7680	0-8	1-13	2-12	2-13	3-4	3-6	4-5	5-10	6-7	9-11	9-12	10-11
453	1	7680	0-8	1-13	2-12	2-13	3-6	3-11	4-5	4-10	5-10	6-7	9-11	9-12
454	1	7680	0-8	1-13	2-12	2-13	3-5	3-6	4-5	4-10	6-7	9-11	9-12	10-11
455	1	7680	0-8	1-2	2-13	3-6	3-12	4-6	4-9	5-10	5-11	7-13	9-12	10-11
456	1	7680	0-8	1-2	2-13	3-6	3-12	4-6	4-10	5-10	5-11	7-13	9-11	9-12
457	1	7680	0-8	1-2	2-13	3-6	3-12	4-5	4-6	5-10	7-13	9-11	9-12	10-11
458	2	3840	0-8	1-2	2-13	3-6	3-11	4-5	4-12	5-10	6-9	7-13	9-11	10-12
459	1	7680	0-8	1-2	2-13	3-6	3-12	4-5	4-12	5-10	6-9	7-13	9-11	10-11
460	1	7680	0-8	1-2	2-13	3-4	3-6	4-12	5-10	5-11	6-9	7-13	9-12	10-11
461	1	7680	0-8	1-2	2-13	3-6	3-11	4-10	4-12	5-10	5-11	6-9	7-13	9-12
462	1	7680	0-8	1-2	2-13	3-6	3-11	4-5	4-12	5-10	6-9	7-13	9-12	10-11
463	2	3840	0-8	1-9	2-11	2-13	3-6	3-11	4-5	4-12	5-10	6-9	7-13	10-12
464	1	7680	0-8	1-9	2-11	2-13	3-6	3-12	4-5	4-12	5-10	6-9	7-13	10-11
465	1	7680	0-8	1-9	2-12	2-13	3-4	3-6	4-12	5-10	5-11	6-9	7-13	10-11
466	1	7680	0-8	1-9	2-12	2-13	3-6	3-11	4-10	4-12	5-10	5-11	6-9	7-13
467	1	7680	0-8	1-9	2-12	2-13	3-6	3-11	4-5	4-12	5-10	6-9	7-13	10-11
468	12	640	0-8	1-9	2-6	2-13	3-4	3-12	4-12	5-10	5-11	6-9	7-13	10-11
469	12	640	0-8	1-9	2-6	2-13	3-11	3-12	4-10	4-12	5-10	5-11	6-9	7-13
470	4	1920	0-8	1-9	2-6	2-13	3-11	3-12	4-5	4-12	5-10	6-9	7-13	10-11
471	1	7680	0-8	1-3	2-11	2-13	3-6	4-5	4-12	5-10	6-9	7-13	9-12	10-11
472	1	7680	0-8	1-3	2-6	2-12	3-13	4-5	4-6	5-10	7-13	9-11	9-12	10-11
473	1	7680	0-8	1-3	2-12	2-13	3-6	4-9	4-12	5-10	5-11	6-9	7-13	10-11
474	1	7680	0-8	1-3	2-12	2-13	3-12	4-5	4-6	5-10	6-9	7-13	9-11	10-11
475	1	7680	0-8	1-3	2-12	2-13	3-6	4-10	4-12	5-10	5-11	6-9	7-13	9-11
476	1	7680	0-8	1-3	2-12	2-13	3-6	4-5	4-12	5-10	6-9	7-13	9-11	10-11
477	2	3840	0-8	1-3	2-6	2-13	3-6	4-9	4-12	5-10	5-11	7-13	9-12	10-11
478	2	3840	0-8	1-3	2-6	2-13	3-6	4-10	4-12	5-10	5-11	7-13	9-11	9-12
479	1	7680	0-8	1-3	2-6	2-13	3-6	4-5	4-12	5-10	7-13	9-11	9-12	10-11
480	1	7680	0-8	1-10	2-6	2-11	3-6	3-13	4-5	4-12	5-10	7-13	9-11	9-12
481	1	7680	0-8	1-10	2-11	2-13	3-11	3-12	4-5	4-6	5-10	6-9	7-13	9-12
482	1	7680	0-8	1-10	2-11	2-13	3-6	3-11	4-5	4-12	5-10	6-9	7-13	9-12
483	1	7680	0-8	1-10	2-11	2-13	3-5	3-6	4-5	4-12	6-9	7-13	9-12	10-11
484	1	7680	0-8	1-10	2-6	2-12	3-12	3-13	4-5	4-6	5-9	7-13	9-11	10-11
485	1	7680	0-8	1-10	2-6	2-12	3-6	3-13	4-5	4-12	5-9	7-13	9-11	10-11
486	1	7680	0-8	1-10	2-6	2-12	3-11	3-13	4-5	4-6	5-10	7-13	9-11	9-12
487	1	7680	0-8	1-10	2-12	2-13	3-6	3-11	4-6	4-9	5-10	5-11	7-13	9-12
488	1	7680	0-8	1-10	2-12	2-13	3-6	3-12	4-5	4-6	5-9	7-13	9-11	10-11
489	1	7680	0-8	1-10	2-12	2-13	3-6	3-11	4-5	4-6	5-10	7-13	9-11	9-12
490	1	7680	0-8	1-10	2-12	2-13	3-11	3-12	4-5	4-6	5-10	6-9	7-13	9-11
491	1	7680	0-8	1-10	2-12	2-13	3-6	3-11	4-5	4-12	5-10	6-9	7-13	9-11
492	1	7680	0-8	1-10	2-12	2-13	3-5	3-6	4-5	4-12	6-9	7-13	9-11	10-11
493	1	7680	0-8	1-10	2-6	2-13	3-6	3-11	4-5	4-12	5-10	7-13	9-11	9-12
494	1	7680	0-8	1-10	2-6	2-13	3-5	3-6	4-5	4-12	7-13	9-11	9-12	10-11
495	1	7680	0-8	1-4	2-11	2-13	3-6	3-12	4-5	5-10	6-9	7-13	9-12	10-11
496	1	7680	0-8	1-4	2-5	2-13	3-6	3-11	4-5	6-9	7-13	9-12	10-11	10-12
497	1	7680	0-8	1-4	2-6	2-12	3-6	3-13	4-5	5-10	7-13	9-11	9-12	10-11
498	1	7680	0-8	1-4	2-12	2-13	3-6	3-11	4-6	5-10	5-11	7-13	9-10	9-12
499	1	7680	0-8	1-4	2-12	2-13	3-6	3-12	4-5	5-10	6-9	7-13	9-11	10-11
500	1	7680	0-8	1-4	2-12	2-13	3-6	3-11	4-5	5-9	6-9	7-13	10-11	10-12
501	1	7680	0-8	1-4	2-12	2-13	3-6	3-11	4-5	5-10	6-9	7-13	9-12	10-11
502	1	7680	0-8	1-4	2-6	2-13	3-6	3-12	4-5	5-10	7-13	9-11	9-12	10-11
503	1	7680	0-8	1-4	2-6	2-13	3-11	3-12	4-5	5-10	6-9	7-13	9-12	10-11
504	1	7680	0-8	1-11	2-3	2-13	3-12	4-5	4-6	5-10	6-9	7-13	9-12	10-11
505	1	7680	0-8	1-11	2-3	2-13	3-6	4-5	4-12	5-10	6-9	7-13	9-12	10-11
506	1	7680	0-8	1-11	2-6	2-10	3-6	3-13	4-5	4-12	5-10	7-13	9-11	9-12
507	1	7680	0-8	1-11	2-10	2-13	3-5	3-6	4-5	4-6	7-13	9-11	9-12	10-12
508	1	7680	0-8	1-11	2-10	2-13	3-6	3-12	4-5	4-6	5-10	7-13	9-11	9-12
509	1	7680	0-8	1-11	2-10	2-13	3-6	3-12	4-5	4-6	5-9	7-13	9-12	10-11
510	1	7680	0-8	1-11	2-10	2-13	3-11	3-12	4-5	4-6	5-10	6-9	7-13	9-12
511	1	7680	0-8	1-11	2-10	2-13	3-6	3-11	4-5	4-12	5-10	6-9	7-13	9-12
512	1	7680	0-8	1-11	2-10	2-13	3-5	3-6	4-5	4-12	6-9	7-13	9-12	10-11
513	1	7680	0-8	1-11	2-4	2-6	3-12	3-13	4-6	5-10	5-11	7-13	9-10	9-12
514	1	7680	0-8	1-11	2-4	2-13	3-6	3-12	4-5	5-10	6-9	7-13	9-12	10-11
515	1	7680	0-8	1-11	2-6	2-11	3-12	3-13	4-5	4-6	5-10	7-13	9-10	9-12
516	1	7680	0-8	1-11	2-11	2-13	3-5	3-6	4-5	4-6	7-13	9-10	9-12	10-12
517	1	7680	0-8	1-11	2-11	2-13	3-6	3-12	4-5	4-6	5-10	7-13	9-10	9-12
518	1	7680	0-8	1-11	2-5	2-13	3-4	3-6	4-5	6-9	7-13	9-12	10-11	10-12
519	1	7680	0-8	1-11	2-5	2-13	3-6	3-12	4-5	4-10	6-9	7-13	9-12	10-11
520	1	7680	0-8	1-11	2-6	2-12	3-12	3-13	4-5	4-6	5-9	7-13	9-10	10-11
521	1	7680	0-8	1-11	2-6	2-12	3-11	3-13	4-5	4-6	5-10	7-13	9-10	9-12
522	1	7680	0-8	1-11	2-12	2-13	3-6	3-9	4-5	4-12	5-10	6-9	7-13	10-11
523	1	7680	0-8	1-11	2-12	2-13	3-6	3-12	4-5	4-6	5-9	7-13	9-10	10-11
524	1	7680	0-8	1-11	2-12	2-13	3-4	3-6	4-6	5-10	5-11	7-13	9-10	9-12
525	1	7680	0-8	1-11	2-12	2-13	3-6	3-11	4-5	4-6	5-10	7-13	9-10	9-12
526	1	7680	0-8	1-11	2-12	2-13	3-5	3-6	4-5	4-6	7-13	9-10	9-12	10-11
527	1	7680	0-8	1-11	2-12	2-13	3-11	3-12	4-5	4-6	5-10	6-9	7-13	9-10
528	1	7680	0-8	1-11	2-12	2-13	3-6	3-11	4-5	4-12	5-10	6-9	7-13	9-10
529	1	7680	0-8	1-11	2-12	2-13	3-5	3-6	4-5	4-12	6-9	7-13	9-10	10-11
530	1	7680	0-8	1-11	2-12	2-13	3-6	3-12	4-5	4-9	5-10	6-9	7-13	10-11
531	1	7680	0-8	1-11	2-12	2-13	3-4	3-6	4-5	5-9	6-9	7-13	10-11	10-12
532	1	7680	0-8	1-11	2-12	2-13	3-6	3-12	4-5	4-10	5-9	6-9	7-13	10-11
533	1	7680	0-8	1-11	2-12	2-13	3-4	3-6	4-5	5-10	6-9	7-13	9-12	10-11
534	1	7680	0-8	1-11	2-12	2-13	3-6	3-11	4-5	4-10	5-10	6-9	7-13	9-12
535	1	7680	0-8	1-11	2-12	2-13	3-5	3-6	4-5	4-10	6-9	7-13	9-12	10-11
536	1	7680	0-8	1-11	2-6	2-13	3-9	3-12	4-5	4-6	5-10	7-13	9-12	10-11
537	1	7680	0-8	1-11	2-6	2-13	3-11	3-12	4-5	4-6	5-10	7-13	9-10	9-12
538	1	7680	0-8	1-11	2-6	2-13	3-5	3-6	4-5	4-12	7-13	9-10	9-12	10-11
539	1	7680	0-8	1-11	2-6	2-13	3-6	3-12	4-5	4-9	5-10	7-13	9-12	10-11
540	1	7680	0-8	1-11	2-6	2-13	3-6	3-12	4-5	4-10	5-9	7-13	9-12	10-11
541	1	7680	0-8	1-5	2-4	2-13	3-6	3-11	4-5	6-9	7-13	9-12	10-11	10-12
542	1	7680	0-8	1-5	2-11	2-13	3-4	3-6	4-5	6-9	7-13	9-12	10-11	10-12
543	1	7680	0-8	1-5	2-11	2-13	3-6	3-12	4-5	4-10	6-9	7-13	9-12	10-11
544	1	7680	0-8	1-5	2-6	2-12	3-6	3-13	4-5	4-10	7-13	9-11	9-12	10-11
545	1	7680	0-8	1-5	2-12	2-13	3-6	3-11	4-5	4-9	6-9	7-13	10-11	10-12
546	1	7680	0-8	1-5	2-12	2-13	3-4	3-6	4-5	6-9	7-13	9-11	10-11	10-12
547	1	7680	0-8	1-5	2-12	2-13	3-6	3-12	4-5	4-10	6-9	7-13	9-11	10-11
548	1	7680	0-8	1-5	2-12	2-13	3-6	3-11	4-5	4-10	6-9	7-13	9-12	10-11
549	2	3840	0-8	1-5	2-6	2-13	3-11	3-12	4-5	4-9	6-9	7-13	10-11	10-12
550	1	7680	0-8	1-5	2-6	2-13	3-4	3-6	4-5	7-13	9-11	9-12	10-11	10-12
551	1	7680	0-8	1-5	2-6	2-13	3-6	3-12	4-5	4-10	7-13	9-11	9-12	10-11
552	1	7680	0-8	1-12	2-3	2-13	3-12	4-5	4-6	5-10	6-9	7-13	9-11	10-11
553	1	7680	0-8	1-12	2-3	2-13	3-6	4-10	4-12	5-10	5-11	6-9	7-13	9-11
554	1	7680	0-8	1-12	2-3	2-13	3-6	4-5	4-12	5-10	6-9	7-13	9-11	10-11
555	1	7680	0-8	1-12	2-6	2-10	3-11	3-13	4-6	4-9	5-10	5-11	7-13	9-12
556	1	7680	0-8	1-12	2-6	2-10	3-6	3-13	4-5	4-12	5-9	7-13	9-11	10-11
557	1	7680	0-8	1-12	2-6	2-10	3-11	3-13	4-5	4-6	5-10	7-13	9-11	9-12
558	1	7680	0-8	1-12	2-10	2-13	3-6	3-11	4-6	4-9	5-10	5-11	7-13	9-12
559	1	7680	0-8	1-12	2-10	2-13	3-6	3-12	4-5	4-6	5-9	7-13	9-11	10-11
560	1	7680	0-8	1-12	2-10	2-13	3-6	3-11	4-5	4-6	5-10	7-13	9-11	9-12
561	1	7680	0-8	1-12	2-10	2-13	3-11	3-12	4-5	4-6	5-10	6-9	7-13	9-11
562	1	7680	0-8	1-12	2-10	2-13	3-6	3-11	4-5	4-12	5-10	6-9	7-13	9-11
563	1	7680	0-8	1-12	2-10	2-13	3-5	3-6	4-5	4-12	6-9	7-13	9-11	10-11
564	1	7680	0-8	1-12	2-4	2-6	3-9	3-13	4-6	5-10	5-11	7-13	9-12	10-11
565	1	7680	0-8	1-12	2-4	2-6	3-11	3-13	4-6	5-10	5-11	7-13	9-10	9-12
566	1	7680	0-8	1-12	2-4	2-6	3-6	3-13	4-5	5-10	7-13	9-11	9-12	10-11
567	1	7680	0-8	1-12	2-4	2-13	3-6	3-9	4-12	5-10	5-11	6-9	7-13	10-11
568	1	7680	0-8	1-12	2-4	2-13	3-6	3-11	4-6	5-10	5-11	7-13	9-10	9-12
569	1	7680	0-8	1-12	2-4	2-13	3-6	3-12	4-5	5-10	6-9	7-13	9-11	10-11
570	1	7680	0-8	1-12	2-4	2-13	3-6	3-11	4-5	5-9	6-9	7-13	10-11	10-12
571	1	7680	0-8	1-12	2-4	2-13	3-6	3-11	4-5	5-10	6-9	7-13	9-12	10-11
572	1	7680	0-8	1-12	2-6	2-11	3-9	3-13	4-5	4-6	5-10	7-13	9-12	10-11
573	1	7680	0-8	1-12	2-6	2-11	3-12	3-13	4-5	4-6	5-9	7-13	9-10	10-11
574	1	7680	0-8	1-12	2-6	2-11	3-6	3-13	4-5	4-12	5-9	7-13	9-10	10-11
575	1	7680	0-8	1-12	2-6	2-11	3-4	3-13	4-6	5-10	5-11	7-13	9-10	9-12
576	1	7680	0-8	1-12	2-6	2-11	3-11	3-13	4-5	4-6	5-10	7-13	9-10	9-12
577	1	7680	0-8	1-12	2-6	2-11	3-6	3-13	4-5	4-10	5-10	7-13	9-11	9-12
578	1	7680	0-8	1-12	2-11	2-13	3-6	3-9	4-10	4-12	5-10	5-11	6-9	7-13
579	1	7680	0-8	1-12	2-11	2-13	3-6	3-9	4-5	4-12	5-10	6-9	7-13	10-11
580	1	7680	0-8	1-12	2-11	2-13	3-6	3-12	4-5	4-6	5-9	7-13	9-10	10-11
581	1	7680	0-8	1-12	2-11	2-13	3-4	3-6	4-6	5-10	5-11	7-13	9-10	9-12
582	1	7680	0-8	1-12	2-11	2-13	3-6	3-11	4-5	4-6	5-10	7-13	9-10	9-12
583	1	7680	0-8	1-12	2-11	2-13	3-5	3-6	4-5	4-6	7-13	9-10	9-12	10-11
584	1	7680	0-8	1-12	2-11	2-13	3-11	3-12	4-5	4-6	5-10	6-9	7-13	9-10
585	1	7680	0-8	1-12	2-11	2-13	3-6	3-11	4-5	4-12	5-10	6-9	7-13	9-10
586	1	7680	0-8	1-12	2-11	2-13	3-5	3-6	4-5	4-12	6-9	7-13	9-10	10-11
587	1	7680	0-8	1-12	2-11	2-13	3-6	3-12	4-5	4-9	5-10	6-9	7-13	10-11
588	1	7680	0-8	1-12	2-11	2-13	3-4	3-6	4-5	5-9	6-9	7-13	10-11	10-12
589	1	7680	0-8	1-12	2-11	2-13	3-6	3-12	4-5	4-10	5-9	6-9	7-13	10-11
590	1	7680	0-8	1-12	2-11	2-13	3-4	3-6	4-5	5-10	6-9	7-13	9-12	10-11
591	1	7680	0-8	1-12	2-11	2-13	3-6	3-11	4-5	4-10	5-10	6-9	7-13	9-12
592	1	7680	0-8	1-12	2-11	2-13	3-5	3-6	4-5	4-10	6-9	7-13	9-12	10-11
593	1	7680	0-8	1-12	2-5	2-6	3-6	3-13	4-5	4-10	7-13	9-11	9-12	10-11
594	1	7680	0-8	1-12	2-5	2-13	3-6	3-12	4-5	4-6	7-13	9-10	9-11	10-11
595	1	7680	0-8	1-12	2-5	2-13	3-6	3-11	4-5	4-9	6-9	7-13	10-11	10-12
596	1	7680	0-8	1-12	2-5	2-13	3-4	3-6	4-5	6-9	7-13	9-11	10-11	10-12
597	1	7680	0-8	1-12	2-5	2-13	3-6	3-12	4-5	4-10	6-9	7-13	9-11	10-11
598	1	7680	0-8	1-12	2-5	2-13	3-6	3-11	4-5	4-10	6-9	7-13	9-12	10-11
599	1	7680	0-8	1-12	2-6	2-12	3-6	3-13	4-5	4-10	5-9	7-13	9-11	10-11
600	2	3840	0-8	1-12	2-12	2-13	3-5	3-6	4-5	4-6	7-13	9-10	9-11	10-11
601	1	7680	0-8	1-12	2-12	2-13	3-6	3-11	4-5	4-9	5-10	6-9	7-13	10-11
602	1	7680	0-8	1-12	2-12	2-13	3-4	3-6	4-5	5-10	6-9	7-13	9-11	10-11
603	1	7680	0-8	1-12	2-12	2-13	3-6	3-11	4-5	4-10	5-10	6-9	7-13	9-11
604	1	7680	0-8	1-12	2-12	2-13	3-5	3-6	4-5	4-10	6-9	7-13	9-11	10-11
605	1	7680	0-8	1-12	2-12	2-13	3-6	3-11	4-5	4-10	5-9	6-9	7-13	10-11
606	1	7680	0-8	1-12	2-6	2-13	3-5	3-6	4-5	4-12	7-13	9-10	9-11	10-11
607	1	7680	0-8	1-12	2-6	2-13	3-6	3-11	4-5	4-9	5-10	7-13	9-12	10-11
608	1	7680	0-8	1-12	2-6	2-13	3-11	3-12	4-5	4-9	5-10	6-9	7-13	10-11
609	1	7680	0-8	1-12	2-6	2-13	3-6	3-12	4-5	4-10	5-9	7-13	9-11	10-11
610	1	7680	0-8	1-12	2-6	2-13	3-4	3-6	4-5	5-10	7-13	9-11	9-12	10-11
611	1	7680	0-8	1-12	2-6	2-13	3-6	3-11	4-5	4-10	5-10	7-13	9-11	9-12
612	1	7680	0-8	1-12	2-6	2-13	3-5	3-6	4-5	4-10	7-13	9-11	9-12	10-11
613	1	7680	0-8	1-12	2-6	2-13	3-4	3-12	4-5	5-10	6-9	7-13	9-11	10-11
614	1	7680	0-8	1-12	2-6	2-13	3-11	3-12	4-5	4-10	5-10	6-9	7-13	9-11
615	1	7680	0-8	1-12	2-6	2-13	3-5	3-12	4-5	4-10	6-9	7-13	9-11	10-11
616	1	7680	0-8	1-12	2-6	2-13	3-6	3-11	4-5	4-10	5-9	7-13	9-12	10-11
617	1	7680	0-8	1-12	2-6	2-13	3-11	3-12	4-5	4-10	5-9	6-9	7-13	10-11
618	2	3840	0-8	1-12	2-6	2-13	3-5	3-11	4-5	4-10	6-9	7-13	9-12	10-11
619	2	3840	0-8	1-6	2-3	2-13	3-6	4-9	4-12	5-10	5-11	7-13	9-12	10-11
620	1	7680	0-8	1-6	2-3	2-13	3-12	4-5	4-6	5-10	7-13	9-11	9-12	10-11
621	2	3840	0-8	1-6	2-3	2-13	3-6	4-10	4-12	5-10	5-11	7-13	9-11	9-12
622	1	7680	0-8	1-6	2-3	2-13	3-6	4-5	4-12	5-10	7-13	9-11	9-12	10-11
623	1	7680	0-8	1-6	2-10	2-12	3-12	3-13	4-5	4-6	5-9	7-13	9-11	10-11
624	1	7680	0-8	1-6	2-10	2-13	3-11	3-12	4-5	4-6	5-10	7-13	9-11	9-12
625	1	7680	0-8	1-6	2-10	2-13	3-6	3-11	4-5	4-12	5-10	7-13	9-11	9-12
626	1	7680	0-8	1-6	2-10	2-13	3-5	3-6	4-5	4-12	7-13	9-11	9-12	10-11
627	1	7680	0-8	1-6	2-4	2-13	3-6	3-12	4-5	5-10	7-13	9-11	9-12	10-11
628	1	7680	0-8	1-6	2-11	2-12	3-12	3-13	4-5	4-6	5-9	7-13	9-10	10-11
629	4	1920	0-8	1-6	2-11	2-12	3-6	3-13	4-5	4-10	5-10	7-13	9-11	9-12
630	1	7680	0-8	1-6	2-11	2-13	3-9	3-12	4-5	4-6	5-10	7-13	9-12	10-11
631	1	7680	0-8	1-6	2-11	2-13	3-11	3-12	4-5	4-6	5-10	7-13	9-10	9-12
632	1	7680	0-8	1-6	2-11	2-13	3-6	3-11	4-5	4-12	5-10	7-13	9-10	9-12
633	1	7680	0-8	1-6	2-11	2-13	3-5	3-6	4-5	4-12	7-13	9-10	9-12	10-11
634	1	7680	0-8	1-6	2-11	2-13	3-6	3-12	4-5	4-9	5-10	7-13	9-12	10-11
635	1	7680	0-8	1-6	2-11	2-13	3-6	3-12	4-5	4-10	5-9	7-13	9-12	10-11
636	2	3840	0-8	1-6	2-5	2-13	3-11	3-12	4-5	4-9	6-9	7-13	10-11	10-12
637	1	7680	0-8	1-6	2-5	2-13	3-4	3-6	4-5	7-13	9-11	9-12	10-11	10-12
638	1	7680	0-8	1-6	2-5	2-13	3-6	3-12	4-5	4-10	7-13	9-11	9-12	10-11
639	1	7680	0-8	1-6	2-12	2-13	3-5	3-6	4-5	4-12	7-13	9-10	9-11	10-11
640	1	7680	0-8	1-6	2-12	2-13	3-6	3-11	4-5	4-9	5-10	7-13	9-12	10-11
641	1	7680	0-8	1-6	2-12	2-13	3-11	3-12	4-5	4-9	5-10	6-9	7-13	10-11
642	1	7680	0-8	1-6	2-12	2-13	3-6	3-12	4-5	4-10	5-9	7-13	9-11	10-11
643	1	7680	0-8	1-6	2-12	2-13	3-4	3-6	4-5	5-10	7-13	9-11	9-12	10-11
644	1	7680	0-8	1-6	2-12	2-13	3-6	3-11	4-5	4-10	5-10	7-13	9-11	9-12
645	1	7680	0-8	1-6	2-12	2-13	3-5	3-6	4-5	4-10	7-13	9-11	9-12	10-11
646	1	7680	0-8	1-6	2-12	2-13	3-4	3-12	4-5	5-10	6-9	7-13	9-11	10-11
647	1	7680	0-8	1-6	2-12	2-13	3-11	3-12	4-5	4-10	5-10	6-9	7-13	9-11
648	1	7680	0-8	1-6	2-12	2-13	3-5	3-12	4-5	4-10	6-9	7-13	9-11	10-11
649	1	7680	0-8	1-6	2-12	2-13	3-6	3-11	4-5	4-10	5-9	7-13	9-12	10-11
650	1	7680	0-8	1-6	2-12	2-13	3-11	3-12	4-5	4-10	5-9	6-9	7-13	10-11
651	2	3840	0-8	1-6	2-12	2-13	3-5	3-11	4-5	4-10	6-9	7-13	9-12	10-11
652	1	7680	0-8	1-6	2-6	2-13	3-11	3-12	4-5	4-9	5-10	7-13	9-12	10-11
653	2	3840	0-8	1-6	2-6	2-13	3-4	3-12	4-5	5-10	7-13	9-11	9-12	10-11
654	2	3840	0-8	1-6	2-6	2-13	3-11	3-12	4-5	4-10	5-10	7-13	9-11	9-12
655	2	3840	0-8	1-6	2-6	2-13	3-5	3-12	4-5	4-10	7-13	9-11	9-12	10-11
656	2	3840	0-8	1-6	2-6	2-13	3-11	3-12	4-5	4-10	5-9	7-13	9-12	10-11
657	4	1920	0-8	1-13	2-3	2-6	3-6	4-9	4-12	5-10	5-11	7-13	9-12	10-11
658	4	1920	0-8	1-13	2-3	2-6	3-6	4-10	4-12	5-10	5-11	7-13	9-11	9-12
659	2	3840	0-8	1-13	2-3	2-6	3-6	4-5	4-12	5-10	7-13	9-11	9-12	10-11
660	2	3840	0-8	1-13	2-10	2-12	3-6	3-12	4-5	4-6	5-9	7-13	9-11	10-11
661	2	3840	0-8	1-13	2-6	2-10	3-11	3-12	4-5	4-6	5-10	7-13	9-11	9-12
662	1	7680	0-8	1-13	2-6	2-10	3-6	3-11	4-5	4-12	5-10	7-13	9-11	9-12
663	1	7680	0-8	1-13	2-6	2-10	3-5	3-6	4-5	4-12	7-13	9-11	9-12	10-11
664	1	7680	0-8	1-13	2-4	2-6	3-6	3-12	4-5	5-10	7-13	9-11	9-12	10-11
665	2	3840	0-8	1-13	2-11	2-12	3-6	3-12	4-5	4-6	5-9	7-13	9-10	10-11
666	1	7680	0-8	1-13	2-6	2-11	3-9	3-12	4-5	4-6	5-10	7-13	9-12	10-11
667	1	7680	0-8	1-13	2-6	2-11	3-11	3-12	4-5	4-6	5-10	7-13	9-10	9-12
668	2	3840	0-8	1-13	2-6	2-11	3-6	3-11	4-5	4-12	5-10	7-13	9-10	9-12
669	1	7680	0-8	1-13	2-6	2-11	3-5	3-6	4-5	4-12	7-13	9-10	9-12	10-11
670	2	3840	0-8	1-13	2-6	2-11	3-6	3-12	4-5	4-9	5-10	7-13	9-12	10-11
671	2	3840	0-8	1-13	2-6	2-11	3-6	3-12	4-5	4-10	5-9	7-13	9-12	10-11
672	4	1920	0-8	1-13	2-5	2-6	3-11	3-12	4-5	4-9	6-9	7-13	10-11	10-12
673	2	3840	0-8	1-13	2-5	2-6	3-4	3-6	4-5	7-13	9-11	9-12	10-11	10-12
674	1	7680	0-8	1-13	2-5	2-6	3-6	3-12	4-5	4-10	7-13	9-11	9-12	10-11
675	2	3840	0-8	1-13	2-6	2-12	3-5	3-6	4-5	4-12	7-13	9-10	9-11	10-11
676	2	3840	0-8	1-13	2-6	2-12	3-6	3-11	4-5	4-9	5-10	7-13	9-12	10-11
677	1	7680	0-8	1-13	2-6	2-12	3-11	3-12	4-5	4-9	5-10	6-9	7-13	10-11
678	1	7680	0-8	1-13	2-6	2-12	3-6	3-12	4-5	4-10	5-9	7-13	9-11	10-11
679	1	7680	0-8	1-13	2-6	2-12	3-4	3-6	4-5	5-10	7-13	9-11	9-12	10-11
680	1	7680	0-8	1-13	2-6	2-12	3-6	3-11	4-5	4-10	5-10	7-13	9-11	9-12
681	1	7680	0-8	1-13	2-6	2-12	3-5	3-6	4-5	4-10	7-13	9-11	9-12	10-11
682	2	3840	0-8	1-13	2-6	2-12	3-4	3-12	4-5	5-10	6-9	7-13	9-11	10-11
683	2	3840	0-8	1-13	2-6	2-12	3-11	3-12	4-5	4-10	5-10	6-9	7-13	9-11
684	2	3840	0-8	1-13	2-6	2-12	3-5	3-12	4-5	4-10	6-9	7-13	9-11	10-11
685	2	3840	0-8	1-13	2-6	2-12	3-6	3-11	4-5	4-10	5-9	7-13	9-12	10-11
686	2	3840	0-8	1-13	2-6	2-12	3-11	3-12	4-5	4-10	5-9	6-9	7-13	10-11
687	4	1920	0-8	1-13	2-6	2-12	3-5	3-11	4-5	4-10	6-9	7-13	9-12	10-11
688	2	3840	0-2	1-13	2-13	3-6	3-12	4-5	4-8	5-10	6-9	7-11	9-12	10-11
689	1	7680	0-2	1-13	2-13	3-6	3-11	4-5	4-8	5-7	6-9	9-12	10-11	10-12
690	1	7680	0-2	1-13	2-13	3-4	3-6	4-5	5-7	6-9	8-11	9-12	10-11	10-12
691	1	7680	0-2	1-13	2-13	3-6	3-12	4-5	4-10	5-7	6-9	8-11	9-12	10-11
692	1	7680	0-2	1-6	2-13	3-9	3-13	4-5	4-6	5-10	7-12	8-11	9-12	10-11
693	1	7680	0-2	1-6	2-13	3-11	3-13	4-5	4-6	5-10	7-12	8-11	9-10	9-12
694	1	7680	0-2	1-13	2-13	3-6	3-12	4-5	4-6	5-9	7-12	8-10	9-11	10-11
695	1	7680	0-2	1-13	2-13	3-6	3-11	4-5	4-6	5-10	7-12	8-10	9-11	9-12
696	2	3840	0-2	1-13	2-13	3-11	3-12	4-5	4-6	5-10	6-9	7-12	8-10	9-11
697	1	7680	0-2	1-13	2-6	3-6	3-13	4-5	4-8	5-10	7-12	9-11	9-12	10-11
698	1	7680	0-2	1-13	2-13	3-6	3-12	4-5	4-8	5-10	6-9	7-12	9-11	10-11
699	1	7680	0-2	1-13	2-13	3-6	3-11	4-5	4-8	5-9	6-9	7-12	10-11	10-12
700	1	7680	0-2	1-13	2-13	3-6	3-11	4-5	4-8	5-10	6-9	7-12	9-12	10-11
701	2	3840	0-2	1-13	2-13	3-6	3-12	4-5	4-6	5-9	7-12	8-11	9-10	10-11
702	1	7680	0-2	1-13	2-13	3-4	3-6	4-6	5-10	5-11	7-12	8-11	9-10	9-12
703	1	7680	0-2	1-13	2-13	3-6	3-11	4-5	4-6	5-10	7-12	8-11	9-10	9-12
704	1	7680	0-2	1-13	2-13	3-5	3-6	4-5	4-12	6-9	7-12	8-11	9-10	10-11
705	1	7680	0-2	1-13	2-13	3-6	3-12	4-5	4-9	5-10	6-9	7-12	8-11	10-11
706	1	7680	0-2	1-13	2-13	3-4	3-6	4-5	5-9	6-9	7-12	8-11	10-11	10-12
707	1	7680	0-2	1-13	2-13	3-6	3-12	4-5	4-10	5-9	6-9	7-12	8-11	10-11
708	1	7680	0-2	1-13	2-13	3-4	3-6	4-5	5-10	6-9	7-12	8-11	9-12	10-11
709	1	7680	0-2	1-13	2-13	3-6	3-11	4-5	4-10	5-10	6-9	7-12	8-11	9-12
710	1	7680	0-2	1-13	2-13	3-5	3-6	4-5	4-10	6-9	7-12	8-11	9-12	10-11
711	1	7680	0-2	1-13	2-6	3-6	3-13	4-5	4-10	5-8	7-12	9-11	9-12	10-11
712	2	3840	0-2	1-13	2-13	3-4	3-6	4-5	5-8	6-9	7-12	9-11	10-11	10-12
713	1	7680	0-2	1-13	2-13	3-6	3-12	4-5	4-10	5-8	6-9	7-12	9-11	10-11
714	1	7680	0-2	1-11	2-13	3-9	3-13	4-5	4-6	5-10	6-7	8-12	9-12	10-11
715	2	3840	0-2	1-11	2-13	3-4	3-13	4-6	5-10	5-11	6-7	8-12	9-10	9-12
716	1	7680	0-2	1-11	2-13	3-11	3-13	4-5	4-6	5-10	6-7	8-12	9-10	9-12
717	1	7680	0-2	1-12	2-13	3-9	3-13	4-5	4-6	5-10	6-7	8-11	9-12	10-11
718	1	7680	0-2	1-12	2-13	3-11	3-13	4-5	4-6	5-10	6-7	8-11	9-10	9-12
719	1	7680	0-2	1-13	2-13	3-6	3-11	4-5	4-12	5-10	6-7	8-10	9-11	9-12
720	1	7680	0-2	1-13	2-13	3-5	3-6	4-5	4-12	6-7	8-10	9-11	9-12	10-11
721	1	7680	0-2	1-13	2-13	3-6	3-12	4-5	4-8	5-10	6-7	9-11	9-12	10-11
722	1	7680	0-2	1-13	2-13	3-9	3-12	4-5	4-6	5-10	6-7	8-11	9-12	10-11
723	1	7680	0-2	1-13	2-13	3-11	3-12	4-5	4-6	5-10	6-7	8-11	9-10	9-12
724	1	7680	0-2	1-13	2-13	3-6	3-12	4-5	4-10	5-8	6-7	9-11	9-12	10-11
725	1	7680	0-2	1-13	2-13	3-6	3-12	4-5	4-10	5-9	6-7	8-12	9-11	10-11
726	1	7680	0-2	1-13	2-13	3-4	3-6	4-5	5-10	6-7	8-12	9-11	9-12	10-11
727	1	7680	0-2	1-13	2-13	3-6	3-11	4-5	4-10	5-10	6-7	8-12	9-11	9-12
728	1	7680	0-2	1-13	2-13	3-5	3-6	4-5	4-10	6-7	8-12	9-11	9-12	10-11
729	4	1920	0-2	1-3	2-13	3-6	4-9	4-12	5-10	5-11	6-8	7-13	9-12	10-11
730	4	1920	0-2	1-3	2-13	3-6	4-10	4-12	5-10	5-11	6-8	7-13	9-11	9-12
731	2	3840	0-2	1-3	2-13	3-6	4-5	4-12	5-10	6-8	7-13	9-11	9-12	10-11
732	1	7680	0-2	1-10	2-13	3-6	3-12	4-5	4-6	5-9	7-13	8-12	9-11	10-11
733	1	7680	0-2	1-10	2-13	3-6	3-11	4-5	4-6	5-10	7-13	8-12	9-11	9-12
734	1	7680	0-2	1-10	2-13	3-6	3-11	4-5	4-12	5-10	6-8	7-13	9-11	9-12
735	1	7680	0-2	1-10	2-13	3-5	3-6	4-5	4-12	6-8	7-13	9-11	9-12	10-11
736	1	7680	0-2	1-4	2-13	3-6	3-11	4-5	5-8	6-9	7-13	9-12	10-11	10-12
737	1	7680	0-2	1-4	2-6	3-6	3-13	4-5	5-10	7-13	8-12	9-11	9-12	10-11
738	1	7680	0-2	1-4	2-13	3-6	3-12	4-5	5-10	6-9	7-13	8-12	9-11	10-11
739	1	7680	0-2	1-4	2-13	3-6	3-11	4-5	5-9	6-9	7-13	8-12	10-11	10-12
740	1	7680	0-2	1-4	2-13	3-6	3-11	4-5	5-10	6-9	7-13	8-12	9-12	10-11
741	1	7680	0-2	1-4	2-13	3-6	3-12	4-5	5-10	6-8	7-13	9-11	9-12	10-11
742	1	7680	0-2	1-11	2-13	3-4	3-6	4-5	5-8	6-9	7-13	9-12	10-11	10-12
743	1	7680	0-2	1-11	2-13	3-6	3-12	4-5	4-10	5-8	6-9	7-13	9-12	10-11
744	1	7680	0-2	1-11	2-13	3-4	3-6	4-6	5-10	5-11	7-13	8-12	9-10	9-12
745	1	7680	0-2	1-11	2-13	3-6	3-11	4-5	4-6	5-10	7-13	8-12	9-10	9-12
746	1	7680	0-2	1-11	2-13	3-5	3-6	4-5	4-12	6-9	7-13	8-12	9-10	10-11
747	1	7680	0-2	1-11	2-13	3-6	3-12	4-5	4-9	5-10	6-9	7-13	8-12	10-11
748	1	7680	0-2	1-11	2-13	3-4	3-6	4-5	5-9	6-9	7-13	8-12	10-11	10-12
749	1	7680	0-2	1-11	2-13	3-6	3-12	4-5	4-10	5-9	6-9	7-13	8-12	10-11
750	1	7680	0-2	1-11	2-13	3-4	3-6	4-5	5-10	6-9	7-13	8-12	9-12	10-11
751	1	7680	0-2	1-11	2-13	3-6	3-11	4-5	4-10	5-10	6-9	7-13	8-12	9-12
752	1	7680	0-2	1-11	2-13	3-5	3-6	4-5	4-10	6-9	7-13	8-12	9-12	10-11
753	1	7680	0-2	1-11	2-13	3-9	3-12	4-5	4-6	5-10	6-8	7-13	9-12	10-11
754	1	7680	0-2	1-11	2-13	3-11	3-12	4-5	4-6	5-10	6-8	7-13	9-10	9-12
755	1	7680	0-2	1-5	2-13	3-6	3-11	4-5	4-8	6-9	7-13	9-12	10-11	10-12
756	1	7680	0-2	1-5	2-13	3-4	3-6	4-5	6-9	7-13	8-11	9-12	10-11	10-12
757	1	7680	0-2	1-5	2-13	3-6	3-12	4-5	4-10	6-9	7-13	8-11	9-12	10-11
758	1	7680	0-2	1-5	2-6	3-6	3-13	4-5	4-10	7-13	8-12	9-11	9-12	10-11
759	1	7680	0-2	1-5	2-13	3-6	3-12	4-5	4-10	6-9	7-13	8-12	9-11	10-11
760	1	7680	0-2	1-5	2-13	3-6	3-12	4-5	4-10	6-8	7-13	9-11	9-12	10-11
761	1	7680	0-2	1-12	2-13	3-6	3-12	4-5	4-6	5-9	7-13	8-10	9-11	10-11
762	1	7680	0-2	1-12	2-13	3-6	3-11	4-5	4-6	5-10	7-13	8-10	9-11	9-12
763	1	7680	0-2	1-12	2-6	3-6	3-13	4-5	4-8	5-10	7-13	9-11	9-12	10-11
764	1	7680	0-2	1-12	2-13	3-6	3-12	4-5	4-8	5-10	6-9	7-13	9-11	10-11
765	1	7680	0-2	1-12	2-13	3-6	3-11	4-5	4-8	5-9	6-9	7-13	10-11	10-12
766	1	7680	0-2	1-12	2-13	3-6	3-11	4-5	4-8	5-10	6-9	7-13	9-12	10-11
767	1	7680	0-2	1-12	2-6	3-6	3-13	4-5	4-10	5-10	7-13	8-11	9-11	9-12
768	1	7680	0-2	1-12	2-13	3-4	3-6	4-6	5-10	5-11	7-13	8-11	9-10	9-12
769	1	7680	0-2	1-12	2-13	3-6	3-11	4-5	4-6	5-10	7-13	8-11	9-10	9-12
770	1	7680	0-2	1-12	2-13	3-5	3-6	4-5	4-12	6-9	7-13	8-11	9-10	10-11
771	1	7680	0-2	1-12	2-13	3-6	3-12	4-5	4-9	5-10	6-9	7-13	8-11	10-11
772	1	7680	0-2	1-12	2-13	3-4	3-6	4-5	5-9	6-9	7-13	8-11	10-11	10-12
773	1	7680	0-2	1-12	2-13	3-6	3-12	4-5	4-10	5-9	6-9	7-13	8-11	10-11
774	1	7680	0-2	1-12	2-13	3-4	3-6	4-5	5-10	6-9	7-13	8-11	9-12	10-11
775	1	7680	0-2	1-12	2-13	3-6	3-11	4-5	4-10	5-10	6-9	7-13	8-11	9-12
776	1	7680	0-2	1-12	2-13	3-5	3-6	4-5	4-10	6-9	7-13	8-11	9-12	10-11
777	1	7680	0-2	1-12	2-6	3-6	3-13	4-5	4-10	5-8	7-13	9-11	9-12	10-11
778	1	7680	0-2	1-12	2-13	3-6	3-12	4-5	4-10	5-8	6-9	7-13	9-11	10-11
779	1	7680	0-2	1-12	2-6	3-6	3-13	4-5	4-10	5-9	7-13	8-12	9-11	10-11
780	1	7680	0-2	1-12	2-13	3-5	3-6	4-5	4-10	6-9	7-13	8-12	9-11	10-11
781	1	7680	0-2	1-12	2-13	3-6	3-12	4-5	4-10	5-9	6-8	7-13	9-11	10-11
782	1	7680	0-2	1-12	2-13	3-4	3-6	4-5	5-10	6-8	7-13	9-11	9-12	10-11
783	1	7680	0-2	1-12	2-13	3-6	3-11	4-5	4-10	5-10	6-8	7-13	9-11	9-12
784	1	7680	0-2	1-12	2-13	3-5	3-6	4-5	4-10	6-8	7-13	9-11	9-12	10-11
785	1	7680	0-2	1-6	2-13	3-6	3-11	4-5	4-12	5-10	7-13	8-10	9-11	9-12
786	1	7680	0-2	1-6	2-13	3-5	3-6	4-5	4-12	7-13	8-10	9-11	9-12	10-11
787	1	7680	0-2	1-6	2-13	3-6	3-12	4-5	4-8	5-10	7-13	9-11	9-12	10-11
788	1	7680	0-2	1-6	2-13	3-9	3-12	4-5	4-6	5-10	7-13	8-11	9-12	10-11
789	1	7680	0-2	1-6	2-13	3-11	3-12	4-5	4-6	5-10	7-13	8-11	9-10	9-12
790	1	7680	0-2	1-6	2-13	3-6	3-12	4-5	4-10	5-8	7-13	9-11	9-12	10-11
791	1	7680	0-2	1-6	2-13	3-6	3-12	4-5	4-10	5-9	7-13	8-12	9-11	10-11
792	1	7680	0-2	1-6	2-13	3-4	3-6	4-5	5-10	7-13	8-12	9-11	9-12	10-11
793	1	7680	0-2	1-6	2-13	3-6	3-11	4-5	4-10	5-10	7-13	8-12	9-11	9-12
794	1	7680	0-2	1-6	2-13	3-5	3-6	4-5	4-10	7-13	8-12	9-11	9-12	10-11
795	1	7680	0-2	1-13	2-6	3-6	3-11	4-5	4-12	5-10	7-13	8-10	9-11	9-12
796	1	7680	0-2	1-13	2-6	3-5	3-6	4-5	4-12	7-13	8-10	9-11	9-12	10-11
797	1	7680	0-2	1-13	2-6	3-6	3-12	4-5	4-8	5-10	7-13	9-11	9-12	10-11
798	1	7680	0-2	1-13	2-6	3-11	3-12	4-5	4-6	5-10	7-13	8-11	9-10	9-12
799	1	7680	0-2	1-13	2-6	3-6	3-12	4-5	4-10	5-8	7-13	9-11	9-12	10-11
800	1	7680	0-2	1-13	2-6	3-6	3-12	4-5	4-10	5-9	7-13	8-12	9-11	10-11
801	1	7680	0-2	1-13	2-6	3-4	3-6	4-5	5-10	7-13	8-12	9-11	9-12	10-11
802	1	7680	0-2	1-13	2-6	3-6	3-11	4-5	4-10	5-10	7-13	8-12	9-11	9-12
803	1	7680	0-2	1-13	2-6	3-5	3-6	4-5	4-10	7-13	8-12	9-11	9-12	10-11
804	2	3840	0-2	1-13	2-6	3-4	3-12	4-5	5-10	6-8	7-13	9-11	9-12	10-11
805	2	3840	0-2	1-13	2-6	3-11	3-12	4-5	4-10	5-10	6-8	7-13	9-11	9-12
806	2	3840	0-2	1-13	2-6	3-5	3-12	4-5	4-10	6-8	7-13	9-11	9-12	10-11
807	2	3840	0-9	1-13	2-12	2-13	3-6	3-12	4-5	4-8	5-10	6-9	7-11	10-11
808	1	7680	0-9	1-12	2-12	2-13	3-6	3-13	4-5	4-10	5-7	6-9	8-11	10-11
809	1	7680	0-9	1-6	2-12	2-13	3-6	3-11	4-5	4-8	5-7	9-13	10-11	10-12
810	1	7680	0-9	1-6	2-12	2-13	3-4	3-6	4-5	5-7	8-11	9-13	10-11	10-12
811	1	7680	0-9	1-6	2-12	2-13	3-6	3-12	4-5	4-10	5-7	8-11	9-13	10-11
812	1	7680	0-9	1-13	2-12	2-13	3-6	3-11	4-5	4-8	5-7	6-9	10-11	10-12
813	1	7680	0-9	1-13	2-12	2-13	3-4	3-6	4-5	5-7	6-9	8-11	10-11	10-12
814	1	7680	0-9	1-13	2-12	2-13	3-6	3-12	4-5	4-10	5-7	6-9	8-11	10-11
815	1	7680	0-9	1-11	2-12	2-13	3-6	3-13	4-5	4-10	5-8	6-9	7-12	10-11
816	1	7680	0-9	1-5	2-12	2-13	3-6	3-13	4-5	4-10	6-9	7-12	8-11	10-11
817	1	7680	0-9	1-12	2-5	2-13	3-6	3-13	4-5	4-10	6-9	7-12	8-11	10-11
818	1	7680	0-9	1-6	2-11	2-13	3-6	3-12	4-5	4-8	5-10	7-12	9-13	10-11
819	1	7680	0-9	1-6	2-5	2-13	3-6	3-11	4-5	4-8	7-12	9-13	10-11	10-12
820	1	7680	0-9	1-6	2-12	2-13	3-6	3-11	4-5	4-8	5-10	7-12	9-13	10-11
821	1	7680	0-9	1-6	2-3	2-13	3-13	4-5	4-6	5-10	7-12	8-11	9-12	10-11
822	2	3840	0-9	1-6	2-10	2-13	3-12	3-13	4-5	4-6	5-9	7-12	8-11	10-11
823	1	7680	0-9	1-6	2-10	2-13	3-11	3-13	4-5	4-6	5-10	7-12	8-11	9-12
824	1	7680	0-9	1-6	2-4	2-13	3-6	3-12	4-5	5-10	7-12	8-11	9-13	10-11
825	1	7680	0-9	1-6	2-5	2-13	3-4	3-6	4-5	7-12	8-11	9-13	10-11	10-12
826	1	7680	0-9	1-6	2-5	2-13	3-6	3-12	4-5	4-10	7-12	8-11	9-13	10-11
827	1	7680	0-9	1-6	2-12	2-13	3-4	3-6	4-5	5-10	7-12	8-11	9-13	10-11
828	1	7680	0-9	1-6	2-12	2-13	3-6	3-11	4-5	4-10	5-10	7-12	8-11	9-13
829	1	7680	0-9	1-6	2-12	2-13	3-5	3-6	4-5	4-10	7-12	8-11	9-13	10-11
830	1	7680	0-9	1-13	2-6	2-11	3-12	3-13	4-5	4-6	5-9	7-12	8-10	10-11
831	1	7680	0-9	1-13	2-11	2-13	3-6	3-12	4-5	4-6	5-9	7-12	8-10	10-11
832	1	7680	0-9	1-13	2-10	2-13	3-6	3-11	4-6	4-8	5-10	5-11	7-12	9-12
833	1	7680	0-9	1-13	2-11	2-13	3-6	3-12	4-5	4-8	5-10	6-9	7-12	10-11
834	1	7680	0-9	1-13	2-5	2-13	3-6	3-11	4-5	4-8	6-9	7-12	10-11	10-12
835	1	7680	0-9	1-13	2-12	2-13	3-6	3-11	4-5	4-8	5-10	6-9	7-12	10-11
836	1	7680	0-9	1-13	2-10	2-13	3-6	3-12	4-5	4-6	5-9	7-12	8-11	10-11
837	1	7680	0-9	1-13	2-10	2-13	3-6	3-11	4-5	4-6	5-10	7-12	8-11	9-12
838	1	7680	0-9	1-13	2-10	2-13	3-5	3-6	4-5	4-6	7-12	8-11	9-12	10-11
839	1	7680	0-9	1-13	2-10	2-13	3-5	3-6	4-5	4-12	6-9	7-12	8-11	10-11
840	1	7680	0-9	1-13	2-4	2-13	3-6	3-12	4-5	5-10	6-9	7-12	8-11	10-11
841	1	7680	0-9	1-13	2-5	2-13	3-4	3-6	4-5	6-9	7-12	8-11	10-11	10-12
842	1	7680	0-9	1-13	2-5	2-13	3-6	3-12	4-5	4-10	6-9	7-12	8-11	10-11
843	1	7680	0-9	1-13	2-12	2-13	3-4	3-6	4-5	5-10	6-9	7-12	8-11	10-11
844	1	7680	0-9	1-13	2-12	2-13	3-6	3-11	4-5	4-10	5-10	6-9	7-12	8-11
845	1	7680	0-9	1-13	2-12	2-13	3-5	3-6	4-5	4-10	6-9	7-12	8-11	10-11
846	2	3840	0-9	1-13	2-11	2-13	3-4	3-6	4-5	5-8	6-9	7-12	10-11	10-12
847	1	7680	0-9	1-13	2-11	2-13	3-6	3-12	4-5	4-10	5-8	6-9	7-12	10-11
848	1	7680	0-9	1-4	2-12	2-13	3-6	3-11	4-5	5-8	6-7	9-13	10-11	10-12
849	1	7680	0-9	1-4	2-11	2-13	3-6	3-12	4-5	5-10	6-7	8-12	9-13	10-11
850	1	7680	0-9	1-4	2-5	2-13	3-6	3-11	4-5	6-7	8-12	9-13	10-11	10-12
851	1	7680	0-9	1-4	2-12	2-13	3-6	3-11	4-5	5-10	6-7	8-12	9-13	10-11
852	1	7680	0-9	1-11	2-12	2-13	3-4	3-6	4-5	5-8	6-7	9-13	10-11	10-12
853	1	7680	0-9	1-11	2-12	2-13	3-6	3-12	4-5	4-10	5-8	6-7	9-13	10-11
854	1	7680	0-9	1-11	2-3	2-13	3-13	4-5	4-6	5-10	6-7	8-12	9-12	10-11
855	1	7680	0-9	1-11	2-10	2-13	3-11	3-13	4-5	4-6	5-10	6-7	8-12	9-12
856	1	7680	0-9	1-11	2-4	2-13	3-6	3-12	4-5	5-10	6-7	8-12	9-13	10-11
857	1	7680	0-9	1-11	2-5	2-13	3-4	3-6	4-5	6-7	8-12	9-13	10-11	10-12
858	1	7680	0-9	1-11	2-5	2-13	3-6	3-12	4-5	4-10	6-7	8-12	9-13	10-11
859	1	7680	0-9	1-11	2-12	2-13	3-4	3-6	4-5	5-10	6-7	8-12	9-13	10-11
860	1	7680	0-9	1-11	2-12	2-13	3-6	3-11	4-5	4-10	5-10	6-7	8-12	9-13
861	1	7680	0-9	1-11	2-12	2-13	3-5	3-6	4-5	4-10	6-7	8-12	9-13	10-11
862	1	7680	0-9	1-5	2-12	2-13	3-6	3-11	4-5	4-8	6-7	9-13	10-11	10-12
863	1	7680	0-9	1-5	2-12	2-13	3-4	3-6	4-5	6-7	8-11	9-13	10-11	10-12
864	1	7680	0-9	1-5	2-12	2-13	3-6	3-12	4-5	4-10	6-7	8-11	9-13	10-11
865	1	7680	0-9	1-12	2-11	2-13	3-6	3-12	4-5	4-8	5-10	6-7	9-13	10-11
866	1	7680	0-9	1-12	2-5	2-13	3-6	3-11	4-5	4-8	6-7	9-13	10-11	10-12
867	1	7680	0-9	1-12	2-12	2-13	3-6	3-11	4-5	4-8	5-10	6-7	9-13	10-11
868	1	7680	0-9	1-12	2-3	2-13	3-13	4-5	4-6	5-10	6-7	8-11	9-12	10-11
869	1	7680	0-9	1-12	2-10	2-13	3-11	3-13	4-5	4-6	5-10	6-7	8-11	9-12
870	1	7680	0-9	1-12	2-4	2-13	3-6	3-12	4-5	5-10	6-7	8-11	9-13	10-11
871	1	7680	0-9	1-12	2-5	2-13	3-4	3-6	4-5	6-7	8-11	9-13	10-11	10-12
872	1	7680	0-9	1-12	2-5	2-13	3-6	3-12	4-5	4-10	6-7	8-11	9-13	10-11
873	1	7680	0-9	1-12	2-12	2-13	3-4	3-6	4-5	5-10	6-7	8-11	9-13	10-11
874	1	7680	0-9	1-12	2-12	2-13	3-6	3-11	4-5	4-10	5-10	6-7	8-11	9-13
875	1	7680	0-9	1-12	2-12	2-13	3-5	3-6	4-5	4-10	6-7	8-11	9-13	10-11
876	24	320	0-9	1-13	2-8	2-13	3-4	3-12	4-12	5-10	5-11	6-7	6-9	10-11
877	24	320	0-9	1-13	2-8	2-13	3-11	3-12	4-10	4-12	5-10	5-11	6-7	6-9
878	8	960	0-9	1-13	2-8	2-13	3-11	3-12	4-5	4-12	5-10	6-7	6-9	10-11
879	1	7680	0-9	1-13	2-11	2-13	3-5	3-6	4-5	4-12	6-7	8-10	9-12	10-11
880	1	7680	0-9	1-13	2-12	2-13	3-11	3-12	4-5	4-8	5-10	6-7	6-9	10-11
881	2	3840	0-9	1-13	2-4	2-13	3-11	3-12	4-5	5-8	6-7	6-9	10-11	10-12
882	1	7680	0-9	1-13	2-4	2-13	3-11	3-12	4-5	5-10	6-7	6-9	8-12	10-11
883	1	7680	0-9	1-13	2-11	2-13	3-4	3-12	4-5	5-10	6-7	6-9	8-12	10-11
884	1	7680	0-9	1-13	2-11	2-13	3-11	3-12	4-5	4-10	5-10	6-7	6-9	8-12
885	1	7680	0-9	1-13	2-11	2-13	3-5	3-12	4-5	4-10	6-7	6-9	8-12	10-11
886	1	7680	0-9	1-13	2-5	2-13	3-11	3-12	4-5	4-10	6-7	6-9	8-12	10-11
887	2	3840	0-9	1-13	2-12	2-13	3-5	3-11	4-5	4-10	6-7	6-9	8-12	10-11
888	1	7680	0-9	1-10	2-6	2-11	3-12	3-13	4-5	4-6	5-9	7-13	8-12	10-11
889	1	7680	0-9	1-10	2-11	2-13	3-6	3-12	4-5	4-6	5-9	7-13	8-12	10-11
890	2	3840	0-9	1-10	2-11	2-13	3-6	3-11	4-5	4-12	5-10	6-8	7-13	9-12
891	1	7680	0-9	1-10	2-11	2-13	3-5	3-6	4-5	4-12	6-8	7-13	9-12	10-11
892	2	3840	0-9	1-10	2-12	2-13	3-5	3-6	4-5	4-12	6-8	7-13	9-11	10-11
893	1	7680	0-9	1-4	2-12	2-13	3-6	3-11	4-5	5-8	6-9	7-13	10-11	10-12
894	1	7680	0-9	1-4	2-10	2-13	3-6	3-11	4-6	5-10	5-11	7-13	8-12	9-12
895	1	7680	0-9	1-4	2-11	2-13	3-6	3-12	4-5	5-10	6-9	7-13	8-12	10-11
896	1	7680	0-9	1-4	2-5	2-13	3-6	3-11	4-5	6-9	7-13	8-12	10-11	10-12
897	1	7680	0-9	1-4	2-12	2-13	3-6	3-11	4-5	5-10	6-9	7-13	8-12	10-11
898	1	7680	0-9	1-4	2-12	2-13	3-11	3-12	4-5	5-10	6-8	6-9	7-13	10-11
899	1	7680	0-9	1-11	2-12	2-13	3-4	3-6	4-5	5-8	6-9	7-13	10-11	10-12
900	1	7680	0-9	1-11	2-12	2-13	3-6	3-12	4-5	4-10	5-8	6-9	7-13	10-11
901	1	7680	0-9	1-11	2-10	2-13	3-6	3-12	4-5	4-6	5-9	7-13	8-12	10-11
902	1	7680	0-9	1-11	2-10	2-13	3-6	3-11	4-5	4-6	5-10	7-13	8-12	9-12
903	1	7680	0-9	1-11	2-10	2-13	3-5	3-6	4-5	4-6	7-13	8-12	9-12	10-11
904	1	7680	0-9	1-11	2-10	2-13	3-5	3-6	4-5	4-12	6-9	7-13	8-12	10-11
905	1	7680	0-9	1-11	2-4	2-13	3-6	3-12	4-5	5-10	6-9	7-13	8-12	10-11
906	1	7680	0-9	1-11	2-5	2-13	3-4	3-6	4-5	6-9	7-13	8-12	10-11	10-12
907	1	7680	0-9	1-11	2-5	2-13	3-6	3-12	4-5	4-10	6-9	7-13	8-12	10-11
908	1	7680	0-9	1-11	2-12	2-13	3-4	3-6	4-5	5-10	6-9	7-13	8-12	10-11
909	1	7680	0-9	1-11	2-12	2-13	3-6	3-11	4-5	4-10	5-10	6-9	7-13	8-12
910	1	7680	0-9	1-11	2-12	2-13	3-5	3-6	4-5	4-10	6-9	7-13	8-12	10-11
911	2	3840	0-9	1-11	2-3	2-13	3-12	4-5	4-6	5-10	6-8	7-13	9-12	10-11
912	2	3840	0-9	1-11	2-10	2-13	3-11	3-12	4-5	4-6	5-10	6-8	7-13	9-12
913	1	7680	0-9	1-5	2-12	2-13	3-6	3-11	4-5	4-8	6-9	7-13	10-11	10-12
914	1	7680	0-9	1-5	2-12	2-13	3-4	3-6	4-5	6-9	7-13	8-11	10-11	10-12
915	1	7680	0-9	1-5	2-12	2-13	3-6	3-12	4-5	4-10	6-9	7-13	8-11	10-11
916	1	7680	0-9	1-5	2-11	2-13	3-6	3-12	4-5	4-10	6-9	7-13	8-12	10-11
917	2	3840	0-9	1-5	2-4	2-13	3-11	3-12	4-5	6-8	6-9	7-13	10-11	10-12
918	2	3840	0-9	1-12	2-4	2-13	3-6	3-11	4-6	5-10	5-11	7-13	8-10	9-12
919	1	7680	0-9	1-12	2-6	2-11	3-12	3-13	4-5	4-6	5-9	7-13	8-10	10-11
920	1	7680	0-9	1-12	2-11	2-13	3-6	3-12	4-5	4-6	5-9	7-13	8-10	10-11
921	2	3840	0-9	1-12	2-11	2-13	3-6	3-11	4-5	4-6	5-10	7-13	8-10	9-12
922	1	7680	0-9	1-12	2-10	2-13	3-6	3-11	4-6	4-8	5-10	5-11	7-13	9-12
923	1	7680	0-9	1-12	2-11	2-13	3-6	3-12	4-5	4-8	5-10	6-9	7-13	10-11
924	1	7680	0-9	1-12	2-5	2-13	3-6	3-11	4-5	4-8	6-9	7-13	10-11	10-12
925	1	7680	0-9	1-12	2-12	2-13	3-6	3-11	4-5	4-8	5-10	6-9	7-13	10-11
926	1	7680	0-9	1-12	2-10	2-13	3-6	3-12	4-5	4-6	5-9	7-13	8-11	10-11
927	2	3840	0-9	1-12	2-10	2-13	3-4	3-6	4-6	5-10	5-11	7-13	8-11	9-12
928	1	7680	0-9	1-12	2-10	2-13	3-6	3-11	4-5	4-6	5-10	7-13	8-11	9-12
929	1	7680	0-9	1-12	2-10	2-13	3-5	3-6	4-5	4-6	7-13	8-11	9-12	10-11
930	1	7680	0-9	1-12	2-10	2-13	3-5	3-6	4-5	4-12	6-9	7-13	8-11	10-11
931	1	7680	0-9	1-12	2-4	2-13	3-6	3-12	4-5	5-10	6-9	7-13	8-11	10-11
932	1	7680	0-9	1-12	2-5	2-13	3-4	3-6	4-5	6-9	7-13	8-11	10-11	10-12
933	1	7680	0-9	1-12	2-5	2-13	3-6	3-12	4-5	4-10	6-9	7-13	8-11	10-11
934	1	7680	0-9	1-12	2-12	2-13	3-4	3-6	4-5	5-10	6-9	7-13	8-11	10-11
935	1	7680	0-9	1-12	2-12	2-13	3-6	3-11	4-5	4-10	5-10	6-9	7-13	8-11
936	1	7680	0-9	1-12	2-12	2-13	3-5	3-6	4-5	4-10	6-9	7-13	8-11	10-11
937	1	7680	0-9	1-12	2-11	2-13	3-6	3-12	4-5	4-10	5-8	6-9	7-13	10-11
938	1	7680	0-9	1-12	2-11	2-13	3-5	3-6	4-5	4-10	6-9	7-13	8-12	10-11
939	1	7680	0-9	1-12	2-4	2-13	3-11	3-12	4-5	5-10	6-8	6-9	7-13	10-11
940	1	7680	0-9	1-12	2-11	2-13	3-4	3-12	4-5	5-10	6-8	6-9	7-13	10-11
941	1	7680	0-9	1-12	2-11	2-13	3-11	3-12	4-5	4-10	5-10	6-8	6-9	7-13
942	1	7680	0-9	1-12	2-11	2-13	3-5	3-12	4-5	4-10	6-8	6-9	7-13	10-11
943	1	7680	0-9	1-12	2-5	2-13	3-11	3-12	4-5	4-10	6-8	6-9	7-13	10-11
944	2	3840	0-9	1-12	2-12	2-13	3-5	3-11	4-5	4-10	6-8	6-9	7-13	10-11
945	24	320	0-9	1-6	2-8	2-13	3-4	3-12	4-12	5-10	5-11	6-9	7-13	10-11
946	24	320	0-9	1-6	2-8	2-13	3-11	3-12	4-10	4-12	5-10	5-11	6-9	7-13
947	8	960	0-9	1-6	2-8	2-13	3-11	3-12	4-5	4-12	5-10	6-9	7-13	10-11
948	1	7680	0-9	1-6	2-11	2-13	3-5	3-6	4-5	4-12	7-13	8-10	9-12	10-11
949	1	7680	0-9	1-6	2-12	2-13	3-11	3-12	4-5	4-8	5-10	6-9	7-13	10-11
950	2	3840	0-9	1-6	2-4	2-13	3-11	3-12	4-5	5-8	6-9	7-13	10-11	10-12
951	1	7680	0-9	1-6	2-4	2-13	3-11	3-12	4-5	5-10	6-9	7-13	8-12	10-11
952	1	7680	0-9	1-6	2-11	2-13	3-4	3-12	4-5	5-10	6-9	7-13	8-12	10-11
953	1	7680	0-9	1-6	2-11	2-13	3-11	3-12	4-5	4-10	5-10	6-9	7-13	8-12
954	1	7680	0-9	1-6	2-11	2-13	3-5	3-12	4-5	4-10	6-9	7-13	8-12	10-11
955	1	7680	0-9	1-6	2-5	2-13	3-11	3-12	4-5	4-10	6-9	7-13	8-12	10-11
956	2	3840	0-9	1-6	2-12	2-13	3-5	3-11	4-5	4-10	6-9	7-13	8-12	10-11
957	1	7680	0-9	1-13	2-6	2-11	3-5	3-6	4-5	4-12	7-13	8-10	9-12	10-11
958	1	7680	0-9	1-13	2-6	2-12	3-11	3-12	4-5	4-8	5-10	6-9	7-13	10-11
959	2	3840	0-9	1-13	2-4	2-6	3-11	3-12	4-5	5-8	6-9	7-13	10-11	10-12
960	1	7680	0-9	1-13	2-4	2-6	3-11	3-12	4-5	5-10	6-9	7-13	8-12	10-11
961	1	7680	0-9	1-13	2-6	2-11	3-4	3-12	4-5	5-10	6-9	7-13	8-12	10-11
962	1	7680	0-9	1-13	2-6	2-11	3-11	3-12	4-5	4-10	5-10	6-9	7-13	8-12
963	1	7680	0-9	1-13	2-6	2-11	3-5	3-12	4-5	4-10	6-9	7-13	8-12	10-11
964	1	7680	0-9	1-13	2-5	2-6	3-11	3-12	4-5	4-10	6-9	7-13	8-12	10-11
965	2	3840	0-9	1-13	2-6	2-12	3-5	3-11	4-5	4-10	6-9	7-13	8-12	10-11
966	2	3840	0-3	1-12	2-6	2-13	3-6	4-5	4-8	5-10	7-11	9-12	9-13	10-11
967	1	7680	0-3	1-13	2-12	2-13	3-6	4-5	4-8	5-10	6-9	7-11	9-12	10-11
968	1	7680	0-3	1-6	2-11	2-13	3-13	4-5	4-6	5-7	8-11	9-10	9-12	10-12
969	1	7680	0-3	1-6	2-12	2-13	3-6	4-5	4-9	5-7	8-11	9-13	10-11	10-12
970	1	7680	0-3	1-13	2-12	2-13	3-6	4-5	4-8	5-7	6-9	9-11	10-11	10-12
971	1	7680	0-3	1-13	2-12	2-13	3-6	4-5	4-9	5-7	6-9	8-11	10-11	10-12
972	1	7680	0-3	1-6	2-12	2-13	3-6	4-5	4-8	5-10	7-12	9-11	9-13	10-11
973	1	7680	0-3	1-6	2-12	2-13	3-6	4-5	4-9	5-10	7-12	8-11	9-13	10-11
974	2	3840	0-3	1-13	2-8	2-13	3-12	4-5	4-6	5-10	6-9	7-12	9-11	10-11
975	2	3840	0-3	1-13	2-4	2-6	3-13	4-6	5-10	5-11	7-12	8-9	9-12	10-11
976	2	3840	0-3	1-13	2-6	2-11	3-13	4-5	4-6	5-10	7-12	8-9	9-12	10-11
977	1	7680	0-3	1-13	2-11	2-13	3-6	4-5	4-8	5-10	6-9	7-12	9-12	10-11
978	1	7680	0-3	1-13	2-5	2-13	3-6	4-5	4-8	6-9	7-12	9-11	10-11	10-12
979	1	7680	0-3	1-13	2-12	2-13	3-6	4-5	4-8	5-10	6-9	7-12	9-11	10-11
980	1	7680	0-3	1-13	2-6	2-13	3-6	4-5	4-8	5-10	7-12	9-11	9-12	10-11
981	2	3840	0-3	1-13	2-6	2-10	3-13	4-5	4-6	5-10	7-12	8-11	9-11	9-12
982	1	7680	0-3	1-13	2-4	2-13	3-6	4-5	5-10	6-9	7-12	8-11	9-12	10-11
983	2	3840	0-3	1-13	2-6	2-11	3-13	4-5	4-6	5-10	7-12	8-11	9-10	9-12
984	1	7680	0-3	1-13	2-5	2-13	3-6	4-5	4-9	6-9	7-12	8-11	10-11	10-12
985	1	7680	0-3	1-13	2-12	2-13	3-6	4-5	4-9	5-10	6-9	7-12	8-11	10-11
986	1	7680	0-3	1-13	2-12	2-13	3-6	4-5	4-10	5-10	6-9	7-12	8-11	9-11
987	1	7680	0-3	1-13	2-6	2-13	3-6	4-5	4-9	5-10	7-12	8-11	9-12	10-11
988	1	7680	0-3	1-13	2-4	2-13	3-6	4-5	5-8	6-9	7-12	9-11	10-11	10-12
989	1	7680	0-3	1-13	2-11	2-13	3-6	4-5	4-9	5-8	6-9	7-12	10-11	10-12
990	1	7680	0-3	1-4	2-12	2-13	3-6	4-5	5-10	6-7	8-12	9-11	9-13	10-11
991	1	7680	0-3	1-11	2-11	2-13	3-13	4-5	4-6	5-8	6-7	9-10	9-12	10-12
992	1	7680	0-3	1-11	2-12	2-13	3-6	4-5	4-9	5-8	6-7	9-13	10-11	10-12
993	1	7680	0-3	1-11	2-12	2-13	3-6	4-5	4-9	5-10	6-7	8-12	9-13	10-11
994	1	7680	0-3	1-5	2-12	2-13	3-6	4-5	4-8	6-7	9-11	9-13	10-11	10-12
995	1	7680	0-3	1-5	2-11	2-13	3-13	4-5	4-6	6-7	8-11	9-10	9-12	10-12
996	1	7680	0-3	1-5	2-12	2-13	3-6	4-5	4-9	6-7	8-11	9-13	10-11	10-12
997	1	7680	0-3	1-12	2-12	2-13	3-6	4-5	4-8	5-10	6-7	9-11	9-13	10-11
998	1	7680	0-3	1-12	2-5	2-13	3-6	4-5	4-9	6-7	8-11	9-13	10-11	10-12
999	1	7680	0-3	1-12	2-12	2-13	3-6	4-5	4-9	5-10	6-7	8-11	9-13	10-11
1000	1	7680	0-3	1-12	2-12	2-13	3-6	4-5	4-10	5-10	6-7	8-11	9-11	9-13
1001	2	3840	0-3	1-13	2-8	2-13	3-6	4-9	4-12	5-10	5-11	6-7	9-12	10-11
1002	2	3840	0-3	1-13	2-8	2-13	3-6	4-10	4-12	5-10	5-11	6-7	9-11	9-12
1003	1	7680	0-3	1-13	2-8	2-13	3-6	4-5	4-12	5-10	6-7	9-11	9-12	10-11
1004	1	7680	0-3	1-13	2-12	2-13	3-6	4-5	4-8	5-10	6-7	9-11	9-12	10-11
1005	1	7680	0-3	1-13	2-12	2-13	3-6	4-5	4-9	5-10	6-7	8-11	9-12	10-11
1006	1	7680	0-3	1-13	2-4	2-13	3-6	4-5	5-8	6-7	9-11	9-12	10-11	10-12
1007	1	7680	0-3	1-13	2-4	2-13	3-6	4-5	5-10	6-7	8-12	9-11	9-12	10-11
1008	1	7680	0-3	1-13	2-11	2-13	3-6	4-5	4-9	5-10	6-7	8-12	9-12	10-11
1009	1	7680	0-3	1-13	2-11	2-13	3-6	4-5	4-10	5-10	6-7	8-12	9-11	9-12
1010	4	1920	0-3	1-2	2-13	3-6	4-9	4-12	5-10	5-11	6-8	7-13	9-12	10-11
1011	4	1920	0-3	1-2	2-13	3-6	4-10	4-12	5-10	5-11	6-8	7-13	9-11	9-12
1012	2	3840	0-3	1-2	2-13	3-6	4-5	4-12	5-10	6-8	7-13	9-11	9-12	10-11
1013	2	3840	0-3	1-2	2-6	3-6	4-5	4-12	5-10	7-13	8-13	9-11	9-12	10-11
1014	1	7680	0-3	1-4	2-12	2-13	3-6	4-5	5-10	6-9	7-13	8-11	9-12	10-11
1015	1	7680	0-3	1-4	2-12	2-13	3-6	4-5	5-8	6-9	7-13	9-11	10-11	10-12
1016	1	7680	0-3	1-4	2-11	2-13	3-6	4-5	5-10	6-9	7-13	8-12	9-12	10-11
1017	1	7680	0-3	1-4	2-5	2-13	3-6	4-5	6-9	7-13	8-12	9-11	10-11	10-12
1018	1	7680	0-3	1-4	2-12	2-13	3-6	4-5	5-10	6-9	7-13	8-12	9-11	10-11
1019	1	7680	0-3	1-4	2-6	2-13	3-6	4-5	5-10	7-13	8-12	9-11	9-12	10-11
1020	1	7680	0-3	1-4	2-12	2-13	3-6	4-5	5-10	6-8	7-13	9-11	9-12	10-11
1021	1	7680	0-3	1-11	2-12	2-13	3-6	4-5	4-8	5-10	6-9	7-13	9-12	10-11
1022	1	7680	0-3	1-11	2-12	2-13	3-6	4-5	4-9	5-8	6-9	7-13	10-11	10-12
1023	1	7680	0-3	1-11	2-4	2-13	3-6	4-5	5-10	6-9	7-13	8-12	9-12	10-11
1024	1	7680	0-3	1-11	2-5	2-13	3-6	4-5	4-9	6-9	7-13	8-12	10-11	10-12
1025	1	7680	0-3	1-11	2-12	2-13	3-6	4-5	4-9	5-10	6-9	7-13	8-12	10-11
1026	1	7680	0-3	1-11	2-12	2-13	3-6	4-5	4-10	5-10	6-9	7-13	8-12	9-11
1027	1	7680	0-3	1-11	2-6	2-13	3-6	4-5	4-9	5-10	7-13	8-12	9-12	10-11
1028	1	7680	0-3	1-11	2-12	2-13	3-6	4-5	4-9	5-10	6-8	7-13	9-12	10-11
1029	1	7680	0-3	1-5	2-12	2-13	3-6	4-5	4-8	6-9	7-13	9-11	10-11	10-12
1030	1	7680	0-3	1-5	2-6	2-13	3-6	4-5	4-8	7-13	9-11	9-12	10-11	10-12
1031	1	7680	0-3	1-5	2-12	2-13	3-6	4-5	4-9	6-9	7-13	8-11	10-11	10-12
1032	1	7680	0-3	1-5	2-4	2-13	3-6	4-5	6-9	7-13	8-12	9-11	10-11	10-12
1033	1	7680	0-3	1-5	2-11	2-13	3-6	4-5	4-9	6-9	7-13	8-12	10-11	10-12
1034	1	7680	0-3	1-5	2-4	2-13	3-6	4-5	6-8	7-13	9-11	9-12	10-11	10-12
1035	2	3840	0-3	1-12	2-8	2-13	3-12	4-5	4-6	5-10	6-9	7-13	9-11	10-11
1036	2	3840	0-3	1-12	2-4	2-6	3-13	4-6	5-10	5-11	7-13	8-9	9-12	10-11
1037	2	3840	0-3	1-12	2-6	2-11	3-13	4-5	4-6	5-10	7-13	8-9	9-12	10-11
1038	1	7680	0-3	1-12	2-11	2-13	3-6	4-5	4-8	5-10	6-9	7-13	9-12	10-11
1039	1	7680	0-3	1-12	2-5	2-13	3-6	4-5	4-8	6-9	7-13	9-11	10-11	10-12
1040	1	7680	0-3	1-12	2-12	2-13	3-6	4-5	4-8	5-10	6-9	7-13	9-11	10-11
1041	1	7680	0-3	1-12	2-6	2-13	3-6	4-5	4-8	5-10	7-13	9-11	9-12	10-11
1042	1	7680	0-3	1-12	2-4	2-13	3-6	4-5	5-10	6-9	7-13	8-11	9-12	10-11
1043	1	7680	0-3	1-12	2-5	2-13	3-6	4-5	4-9	6-9	7-13	8-11	10-11	10-12
1044	1	7680	0-3	1-12	2-12	2-13	3-6	4-5	4-9	5-10	6-9	7-13	8-11	10-11
1045	1	7680	0-3	1-12	2-12	2-13	3-6	4-5	4-10	5-10	6-9	7-13	8-11	9-11
1046	1	7680	0-3	1-12	2-6	2-13	3-6	4-5	4-9	5-10	7-13	8-11	9-12	10-11
1047	1	7680	0-3	1-12	2-6	2-13	3-6	4-5	4-10	5-10	7-13	8-11	9-11	9-12
1048	1	7680	0-3	1-12	2-4	2-13	3-6	4-5	5-8	6-9	7-13	9-11	10-11	10-12
1049	1	7680	0-3	1-12	2-11	2-13	3-6	4-5	4-9	5-8	6-9	7-13	10-11	10-12
1050	1	7680	0-3	1-12	2-4	2-13	3-6	4-5	5-10	6-9	7-13	8-12	9-11	10-11
1051	1	7680	0-3	1-12	2-11	2-13	3-6	4-5	4-9	5-10	6-9	7-13	8-12	10-11
1052	1	7680	0-3	1-12	2-11	2-13	3-6	4-5	4-10	5-10	6-9	7-13	8-12	9-11
1053	1	7680	0-3	1-12	2-4	2-13	3-6	4-5	5-10	6-8	7-13	9-11	9-12	10-11
1054	1	7680	0-3	1-12	2-11	2-13	3-6	4-5	4-9	5-10	6-8	7-13	9-12	10-11
1055	1	7680	0-3	1-12	2-11	2-13	3-6	4-5	4-10	5-10	6-8	7-13	9-11	9-12
1056	2	3840	0-3	1-6	2-8	2-13	3-6	4-9	4-12	5-10	5-11	7-13	9-12	10-11
1057	2	3840	0-3	1-6	2-8	2-13	3-6	4-10	4-12	5-10	5-11	7-13	9-11	9-12
1058	1	7680	0-3	1-6	2-8	2-13	3-6	4-5	4-12	5-10	7-13	9-11	9-12	10-11
1059	1	7680	0-3	1-6	2-12	2-13	3-6	4-5	4-8	5-10	7-13	9-11	9-12	10-11
1060	1	7680	0-3	1-6	2-12	2-13	3-6	4-5	4-9	5-10	7-13	8-11	9-12	10-11
1061	1	7680	0-3	1-6	2-4	2-13	3-6	4-5	5-8	7-13	9-11	9-12	10-11	10-12
1062	1	7680	0-3	1-6	2-4	2-13	3-6	4-5	5-10	7-13	8-12	9-11	9-12	10-11
1063	1	7680	0-3	1-6	2-11	2-13	3-6	4-5	4-9	5-10	7-13	8-12	9-12	10-11
1064	1	7680	0-3	1-6	2-11	2-13	3-6	4-5	4-10	5-10	7-13	8-12	9-11	9-12
1065	1	7680	0-3	1-13	2-6	2-8	3-6	4-5	4-12	5-10	7-13	9-11	9-12	10-11
1066	1	7680	0-3	1-13	2-6	2-12	3-6	4-5	4-8	5-10	7-13	9-11	9-12	10-11
1067	1	7680	0-3	1-13	2-6	2-12	3-6	4-5	4-9	5-10	7-13	8-11	9-12	10-11
1068	1	7680	0-3	1-13	2-4	2-6	3-6	4-5	5-8	7-13	9-11	9-12	10-11	10-12
1069	1	7680	0-3	1-13	2-4	2-6	3-6	4-5	5-10	7-13	8-12	9-11	9-12	10-11
1070	1	7680	0-3	1-13	2-6	2-11	3-6	4-5	4-9	5-10	7-13	8-12	9-12	10-11
1071	1	7680	0-3	1-13	2-6	2-11	3-6	4-5	4-10	5-10	7-13	8-12	9-11	9-12
1072	4	1920	0-10	1-5	2-12	2-13	3-6	3-13	4-5	4-8	6-9	7-11	9-12	10-11
1073	2	3840	0-10	1-5	2-6	2-13	3-6	3-12	4-5	4-8	7-11	9-12	9-13	10-11
1074	2	3840	0-10	1-12	2-5	2-13	3-11	3-13	4-5	4-8	6-9	6-10	7-11	9-12
1075	2	3840	0-10	1-12	2-12	2-13	3-11	3-13	4-5	4-8	5-9	6-9	6-10	7-11
1076	1	7680	0-10	1-12	2-12	2-13	3-6	3-13	4-5	4-8	5-9	6-9	7-11	10-11
1077	2	3840	0-10	1-12	2-6	2-13	3-6	3-13	4-5	4-8	5-9	7-11	9-12	10-11
1078	1	7680	0-10	1-12	2-6	2-13	3-5	3-6	4-5	4-8	7-11	9-12	9-13	10-11
1079	1	7680	0-10	1-6	2-12	2-13	3-6	3-12	4-5	4-8	5-9	7-11	9-13	10-11
1080	2	3840	0-10	1-6	2-12	2-13	3-5	3-6	4-5	4-8	7-11	9-12	9-13	10-11
1081	1	7680	0-10	1-13	2-5	2-13	3-6	3-12	4-5	4-8	6-9	7-11	9-12	10-11
1082	1	7680	0-10	1-13	2-12	2-13	3-6	3-12	4-5	4-8	5-9	6-9	7-11	10-11
1083	1	7680	0-10	1-13	2-12	2-13	3-5	3-6	4-5	4-8	6-9	7-11	9-12	10-11
1084	1	7680	0-10	1-13	2-6	2-13	3-6	3-12	4-5	4-8	5-9	7-11	9-12	10-11
1085	1	7680	0-10	1-12	2-6	2-13	3-6	3-12	4-5	4-8	5-7	9-11	9-13	10-11
1086	1	7680	0-10	1-12	2-6	2-13	3-6	3-11	4-5	4-8	5-7	9-12	9-13	10-11
1087	8	960	0-10	1-12	2-6	2-13	3-11	3-12	4-5	4-8	5-7	6-9	9-13	10-11
1088	1	7680	0-10	1-12	2-12	2-13	3-6	3-13	4-5	4-9	5-7	6-9	8-11	10-11
1089	1	7680	0-10	1-12	2-12	2-13	3-6	3-13	4-5	4-10	5-7	6-9	8-11	9-11
1090	2	3840	0-10	1-12	2-6	2-13	3-6	3-13	4-5	4-9	5-7	8-11	9-12	10-11
1091	1	7680	0-10	1-12	2-6	2-13	3-6	3-12	4-5	4-10	5-7	8-11	9-11	9-13
1092	1	7680	0-10	1-6	2-12	2-13	3-6	3-12	4-5	4-8	5-7	9-11	9-13	10-11
1093	2	3840	0-10	1-6	2-12	2-13	3-6	3-11	4-5	4-8	5-7	9-12	9-13	10-11
1094	1	7680	0-10	1-6	2-11	2-13	3-9	3-13	4-5	4-6	5-7	8-11	9-12	10-12
1095	1	7680	0-10	1-6	2-12	2-13	3-6	3-12	4-5	4-9	5-7	8-11	9-13	10-11
1096	1	7680	0-10	1-6	2-12	2-13	3-6	3-12	4-5	4-10	5-7	8-11	9-11	9-13
1097	1	7680	0-10	1-13	2-11	2-13	3-6	3-12	4-5	4-8	5-7	6-9	9-12	10-11
1098	1	7680	0-10	1-13	2-6	2-12	3-6	3-13	4-5	4-8	5-7	9-11	9-12	10-11
1099	1	7680	0-10	1-13	2-12	2-13	3-6	3-12	4-5	4-8	5-7	6-9	9-11	10-11
1100	1	7680	0-10	1-13	2-12	2-13	3-6	3-11	4-5	4-8	5-7	6-9	9-12	10-11
1101	1	7680	0-10	1-13	2-6	2-13	3-6	3-12	4-5	4-8	5-7	9-11	9-12	10-11
1102	1	7680	0-10	1-13	2-6	2-13	3-11	3-12	4-5	4-8	5-7	6-9	9-12	10-11
1103	1	7680	0-10	1-13	2-4	2-13	3-6	3-12	4-5	5-7	6-9	8-11	9-12	10-11
1104	1	7680	0-10	1-13	2-11	2-13	3-6	3-12	4-5	4-10	5-7	6-9	8-11	9-12
1105	1	7680	0-10	1-13	2-6	2-12	3-6	3-13	4-5	4-9	5-7	8-11	9-12	10-11
1106	1	7680	0-10	1-13	2-6	2-12	3-6	3-13	4-5	4-10	5-7	8-11	9-11	9-12
1107	1	7680	0-10	1-13	2-12	2-13	3-6	3-12	4-5	4-9	5-7	6-9	8-11	10-11
1108	1	7680	0-10	1-13	2-12	2-13	3-6	3-12	4-5	4-10	5-7	6-9	8-11	9-11
1109	1	7680	0-10	1-13	2-12	2-13	3-4	3-6	4-5	5-7	6-9	8-11	9-12	10-11
1110	1	7680	0-10	1-13	2-12	2-13	3-6	3-11	4-5	4-10	5-7	6-9	8-11	9-12
1111	1	7680	0-10	1-13	2-6	2-13	3-6	3-12	4-5	4-9	5-7	8-11	9-12	10-11
1112	1	7680	0-10	1-13	2-6	2-13	3-6	3-12	4-5	4-10	5-7	8-11	9-11	9-12
1113	1	7680	0-10	1-4	2-12	2-13	3-6	3-13	4-5	5-9	6-9	7-12	8-11	10-11
1114	2	3840	0-10	1-4	2-6	2-13	3-6	3-13	4-5	5-9	7-12	8-11	9-12	10-11
1115	1	7680	0-10	1-4	2-6	2-13	3-5	3-6	4-5	7-12	8-11	9-12	9-13	10-11
1116	1	7680	0-10	1-4	2-6	2-13	3-6	3-12	4-5	5-8	7-12	9-11	9-13	10-11
1117	1	7680	0-10	1-4	2-6	2-13	3-6	3-11	4-5	5-8	7-12	9-12	9-13	10-11
1118	8	960	0-10	1-4	2-6	2-13	3-11	3-12	4-5	5-8	6-9	7-12	9-13	10-11
1119	1	7680	0-10	1-11	2-12	2-13	3-6	3-13	4-5	4-8	5-9	6-9	7-12	10-11
1120	2	3840	0-10	1-11	2-6	2-13	3-6	3-13	4-5	4-8	5-9	7-12	9-12	10-11
1121	1	7680	0-10	1-11	2-6	2-13	3-5	3-6	4-5	4-8	7-12	9-12	9-13	10-11
1122	1	7680	0-10	1-11	2-12	2-13	3-6	3-13	4-5	4-10	5-9	6-9	7-12	8-11
1123	2	3840	0-10	1-11	2-6	2-13	3-6	3-13	4-5	4-10	5-9	7-12	8-11	9-12
1124	1	7680	0-10	1-11	2-6	2-13	3-6	3-12	4-5	4-10	5-9	7-12	8-11	9-13
1125	1	7680	0-10	1-11	2-6	2-13	3-5	3-6	4-5	4-10	7-12	8-11	9-12	9-13
1126	8	960	0-10	1-11	2-6	2-13	3-5	3-12	4-5	4-10	6-9	7-12	8-11	9-13
1127	1	7680	0-10	1-11	2-12	2-13	3-6	3-13	4-5	4-9	5-8	6-9	7-12	10-11
1128	1	7680	0-10	1-11	2-12	2-13	3-6	3-13	4-5	4-10	5-8	6-9	7-12	9-11
1129	2	3840	0-10	1-11	2-6	2-13	3-6	3-13	4-5	4-9	5-8	7-12	9-12	10-11
1130	2	3840	0-10	1-11	2-6	2-13	3-6	3-12	4-5	4-9	5-8	7-12	9-13	10-11
1131	1	7680	0-10	1-11	2-6	2-13	3-6	3-12	4-5	4-10	5-8	7-12	9-11	9-13
1132	16	480	0-10	1-11	2-6	2-13	3-4	3-12	4-5	5-8	6-9	7-12	9-13	10-11
1133	16	480	0-10	1-11	2-6	2-13	3-11	3-12	4-5	4-10	5-8	6-9	7-12	9-13
1134	1	7680	0-10	1-5	2-6	2-13	3-6	3-12	4-5	4-8	7-12	9-11	9-13	10-11
1135	1	7680	0-10	1-5	2-6	2-13	3-6	3-11	4-5	4-8	7-12	9-12	9-13	10-11
1136	8	960	0-10	1-5	2-6	2-13	3-11	3-12	4-5	4-8	6-9	7-12	9-13	10-11
1137	1	7680	0-10	1-5	2-12	2-13	3-6	3-13	4-5	4-9	6-9	7-12	8-11	10-11
1138	1	7680	0-10	1-5	2-12	2-13	3-6	3-13	4-5	4-10	6-9	7-12	8-11	9-11
1139	2	3840	0-10	1-5	2-6	2-13	3-6	3-13	4-5	4-9	7-12	8-11	9-12	10-11
1140	1	7680	0-10	1-5	2-6	2-13	3-6	3-12	4-5	4-10	7-12	8-11	9-11	9-13
1141	1	7680	0-10	1-12	2-5	2-13	3-6	3-13	4-5	4-9	6-9	7-12	8-11	10-11
1142	1	7680	0-10	1-12	2-5	2-13	3-6	3-13	4-5	4-10	6-9	7-12	8-11	9-11
1143	2	3840	0-10	1-12	2-6	2-13	3-6	3-13	4-5	4-9	5-9	7-12	8-11	10-11
1144	1	7680	0-10	1-12	2-6	2-13	3-5	3-6	4-5	4-10	7-12	8-11	9-11	9-13
1145	1	7680	0-10	1-6	2-5	2-13	3-6	3-12	4-5	4-8	7-12	9-11	9-13	10-11
1146	1	7680	0-10	1-6	2-12	2-13	3-5	3-6	4-5	4-8	7-12	9-11	9-13	10-11
1147	1	7680	0-10	1-6	2-12	2-13	3-6	3-11	4-5	4-8	5-9	7-12	9-13	10-11
1148	2	3840	0-10	1-6	2-3	2-13	3-13	4-5	4-6	5-10	7-12	8-11	9-11	9-12
1149	2	3840	0-10	1-6	2-11	2-13	3-9	3-13	4-5	4-6	5-10	7-12	8-11	9-12
1150	1	7680	0-10	1-6	2-5	2-13	3-6	3-12	4-5	4-9	7-12	8-11	9-13	10-11
1151	1	7680	0-10	1-6	2-5	2-13	3-6	3-12	4-5	4-10	7-12	8-11	9-11	9-13
1152	1	7680	0-10	1-6	2-12	2-13	3-5	3-6	4-5	4-9	7-12	8-11	9-13	10-11
1153	1	7680	0-10	1-6	2-12	2-13	3-5	3-6	4-5	4-10	7-12	8-11	9-11	9-13
1154	2	3840	0-10	1-6	2-11	2-13	3-6	3-12	4-5	4-10	5-8	7-12	9-11	9-13
1155	1	7680	0-10	1-13	2-8	2-13	3-6	3-12	4-5	4-6	5-9	7-12	9-11	10-11
1156	1	7680	0-10	1-13	2-8	2-13	3-6	3-11	4-5	4-6	5-10	7-12	9-11	9-12
1157	1	7680	0-10	1-13	2-8	2-13	3-11	3-12	4-5	4-6	5-10	6-9	7-12	9-11
1158	2	3840	0-10	1-13	2-4	2-13	3-6	3-11	4-6	5-10	5-11	7-12	8-9	9-12
1159	1	7680	0-10	1-13	2-6	2-11	3-12	3-13	4-5	4-6	5-9	7-12	8-9	10-11
1160	1	7680	0-10	1-13	2-11	2-13	3-6	3-12	4-5	4-6	5-9	7-12	8-9	10-11
1161	2	3840	0-10	1-13	2-11	2-13	3-6	3-11	4-5	4-6	5-10	7-12	8-9	9-12
1162	2	3840	0-10	1-13	2-11	2-13	3-11	3-12	4-5	4-6	5-10	6-9	7-12	8-9
1163	1	7680	0-10	1-13	2-6	2-11	3-6	3-13	4-5	4-8	5-9	7-12	9-12	10-11
1164	1	7680	0-10	1-13	2-11	2-13	3-6	3-12	4-5	4-8	5-9	6-9	7-12	10-11
1165	1	7680	0-10	1-13	2-11	2-13	3-5	3-6	4-5	4-8	6-9	7-12	9-12	10-11
1166	1	7680	0-10	1-13	2-5	2-6	3-6	3-13	4-5	4-8	7-12	9-11	9-12	10-11
1167	1	7680	0-10	1-13	2-5	2-13	3-6	3-12	4-5	4-8	6-9	7-12	9-11	10-11
1168	1	7680	0-10	1-13	2-5	2-13	3-6	3-11	4-5	4-8	6-9	7-12	9-12	10-11
1169	1	7680	0-10	1-13	2-6	2-12	3-6	3-13	4-5	4-8	5-9	7-12	9-11	10-11
1170	1	7680	0-10	1-13	2-12	2-13	3-5	3-6	4-5	4-8	6-9	7-12	9-11	10-11
1171	1	7680	0-10	1-13	2-12	2-13	3-6	3-11	4-5	4-8	5-9	6-9	7-12	10-11
1172	1	7680	0-10	1-13	2-6	2-13	3-6	3-12	4-5	4-8	5-9	7-12	9-11	10-11
1173	1	7680	0-10	1-13	2-6	2-13	3-5	3-6	4-5	4-8	7-12	9-11	9-12	10-11
1174	1	7680	0-10	1-13	2-6	2-13	3-6	3-11	4-5	4-8	5-9	7-12	9-12	10-11
1175	1	7680	0-10	1-13	2-6	2-13	3-11	3-12	4-5	4-8	5-9	6-9	7-12	10-11
1176	1	7680	0-10	1-13	2-3	2-6	3-13	4-5	4-6	5-10	7-12	8-11	9-11	9-12
1177	1	7680	0-10	1-13	2-10	2-13	3-6	3-12	4-5	4-6	5-9	7-12	8-11	9-11
1178	1	7680	0-10	1-13	2-4	2-6	3-6	3-13	4-5	5-9	7-12	8-11	9-12	10-11
1179	1	7680	0-10	1-13	2-4	2-13	3-6	3-12	4-5	5-9	6-9	7-12	8-11	10-11
1180	1	7680	0-10	1-13	2-4	2-13	3-5	3-6	4-5	6-9	7-12	8-11	9-12	10-11
1181	1	7680	0-10	1-13	2-6	2-11	3-9	3-13	4-5	4-6	5-10	7-12	8-11	9-12
1182	1	7680	0-10	1-13	2-6	2-11	3-12	3-13	4-5	4-6	5-9	7-12	8-11	9-10
1183	1	7680	0-10	1-13	2-6	2-11	3-6	3-13	4-5	4-10	5-9	7-12	8-11	9-12
1184	1	7680	0-10	1-13	2-11	2-13	3-6	3-12	4-5	4-6	5-9	7-12	8-11	9-10
1185	1	7680	0-10	1-13	2-11	2-13	3-6	3-12	4-5	4-10	5-9	6-9	7-12	8-11
1186	1	7680	0-10	1-13	2-11	2-13	3-5	3-6	4-5	4-10	6-9	7-12	8-11	9-12
1187	1	7680	0-10	1-13	2-5	2-6	3-6	3-13	4-5	4-9	7-12	8-11	9-12	10-11
1188	1	7680	0-10	1-13	2-5	2-6	3-6	3-13	4-5	4-10	7-12	8-11	9-11	9-12
1189	1	7680	0-10	1-13	2-5	2-13	3-6	3-12	4-5	4-6	7-12	8-11	9-10	9-11
1190	1	7680	0-10	1-13	2-5	2-13	3-6	3-12	4-5	4-9	6-9	7-12	8-11	10-11
1191	1	7680	0-10	1-13	2-5	2-13	3-6	3-12	4-5	4-10	6-9	7-12	8-11	9-11
1192	1	7680	0-10	1-13	2-6	2-12	3-6	3-13	4-5	4-9	5-9	7-12	8-11	10-11
1193	1	7680	0-10	1-13	2-6	2-12	3-6	3-13	4-5	4-10	5-9	7-12	8-11	9-11
1194	1	7680	0-10	1-13	2-12	2-13	3-5	3-6	4-5	4-9	6-9	7-12	8-11	10-11
1195	1	7680	0-10	1-13	2-12	2-13	3-5	3-6	4-5	4-10	6-9	7-12	8-11	9-11
1196	1	7680	0-10	1-13	2-6	2-13	3-6	3-12	4-5	4-9	5-9	7-12	8-11	10-11
1197	1	7680	0-10	1-13	2-6	2-13	3-5	3-6	4-5	4-9	7-12	8-11	9-12	10-11
1198	1	7680	0-10	1-13	2-6	2-13	3-6	3-12	4-5	4-10	5-9	7-12	8-11	9-11
1199	1	7680	0-10	1-13	2-6	2-13	3-5	3-6	4-5	4-10	7-12	8-11	9-11	9-12
1200	1	7680	0-10	1-13	2-6	2-13	3-5	3-12	4-5	4-10	6-9	7-12	8-11	9-11
1201	1	7680	0-10	1-13	2-6	2-13	3-4	3-12	4-5	5-9	6-9	7-12	8-11	10-11
1202	1	7680	0-10	1-13	2-6	2-13	3-11	3-12	4-5	4-10	5-9	6-9	7-12	8-11
1203	1	7680	0-10	1-13	2-4	2-6	3-6	3-13	4-5	5-8	7-12	9-11	9-12	10-11
1204	1	7680	0-10	1-13	2-4	2-13	3-6	3-12	4-5	5-8	6-9	7-12	9-11	10-11
1205	1	7680	0-10	1-13	2-6	2-11	3-6	3-13	4-5	4-9	5-8	7-12	9-12	10-11
1206	1	7680	0-10	1-13	2-6	2-11	3-6	3-13	4-5	4-10	5-8	7-12	9-11	9-12
1207	1	7680	0-10	1-13	2-11	2-13	3-6	3-12	4-5	4-9	5-8	6-9	7-12	10-11
1208	1	7680	0-10	1-13	2-11	2-13	3-6	3-12	4-5	4-10	5-8	6-9	7-12	9-11
1209	1	7680	0-10	1-13	2-6	2-12	3-6	3-13	4-5	4-9	5-8	7-12	9-11	10-11
1210	1	7680	0-10	1-13	2-6	2-13	3-6	3-12	4-5	4-9	5-8	7-12	9-11	10-11
1211	2	3840	0-10	1-13	2-6	2-13	3-6	3-11	4-5	4-9	5-8	7-12	9-12	10-11
1212	1	7680	0-10	1-13	2-6	2-13	3-11	3-12	4-5	4-9	5-8	6-9	7-12	10-11
1213	1	7680	0-10	1-13	2-6	2-13	3-4	3-6	4-5	5-8	7-12	9-11	9-12	10-11
1214	1	7680	0-10	1-13	2-6	2-13	3-6	3-11	4-5	4-10	5-8	7-12	9-11	9-12
1215	1	7680	0-10	1-4	2-12	2-13	3-6	3-12	4-5	5-9	6-7	8-11	9-13	10-11
1216	2	3840	0-10	1-4	2-12	2-13	3-5	3-6	4-5	6-7	8-11	9-12	9-13	10-11
1217	1	7680	0-10	1-4	2-12	2-13	3-6	3-12	4-5	5-8	6-7	9-11	9-13	10-11
1218	2	3840	0-10	1-4	2-12	2-13	3-6	3-11	4-5	5-8	6-7	9-12	9-13	10-11
1219	1	7680	0-10	1-4	2-5	2-13	3-6	3-12	4-5	6-7	8-12	9-11	9-13	10-11
1220	1	7680	0-10	1-4	2-12	2-13	3-5	3-6	4-5	6-7	8-12	9-11	9-13	10-11
1221	1	7680	0-10	1-4	2-12	2-13	3-6	3-11	4-5	5-9	6-7	8-12	9-13	10-11
1222	1	7680	0-10	1-11	2-12	2-13	3-6	3-12	4-5	4-8	5-9	6-7	9-13	10-11
1223	2	3840	0-10	1-11	2-12	2-13	3-5	3-6	4-5	4-8	6-7	9-12	9-13	10-11
1224	1	7680	0-10	1-11	2-12	2-13	3-6	3-12	4-5	4-10	5-9	6-7	8-11	9-13
1225	2	3840	0-10	1-11	2-12	2-13	3-5	3-6	4-5	4-10	6-7	8-11	9-12	9-13
1226	1	7680	0-10	1-11	2-11	2-13	3-9	3-13	4-5	4-6	5-8	6-7	9-12	10-12
1227	1	7680	0-10	1-11	2-12	2-13	3-6	3-12	4-5	4-9	5-8	6-7	9-13	10-11
1228	1	7680	0-10	1-11	2-12	2-13	3-6	3-12	4-5	4-10	5-8	6-7	9-11	9-13
1229	4	1920	0-10	1-11	2-12	2-13	3-4	3-6	4-5	5-8	6-7	9-12	9-13	10-11
1230	4	1920	0-10	1-11	2-12	2-13	3-6	3-11	4-5	4-10	5-8	6-7	9-12	9-13
1231	2	3840	0-10	1-11	2-10	2-13	3-12	3-13	4-5	4-6	5-9	6-7	8-12	9-11
1232	2	3840	0-10	1-11	2-11	2-13	3-12	3-13	4-5	4-6	5-9	6-7	8-12	9-10
1233	1	7680	0-10	1-11	2-5	2-13	3-6	3-12	4-5	4-9	6-7	8-12	9-13	10-11
1234	1	7680	0-10	1-11	2-5	2-13	3-6	3-12	4-5	4-10	6-7	8-12	9-11	9-13
1235	1	7680	0-10	1-11	2-12	2-13	3-5	3-6	4-5	4-9	6-7	8-12	9-13	10-11
1236	1	7680	0-10	1-11	2-12	2-13	3-5	3-6	4-5	4-10	6-7	8-12	9-11	9-13
1237	1	7680	0-10	1-5	2-12	2-13	3-6	3-12	4-5	4-8	6-7	9-11	9-13	10-11
1238	2	3840	0-10	1-5	2-12	2-13	3-6	3-11	4-5	4-8	6-7	9-12	9-13	10-11
1239	1	7680	0-10	1-5	2-11	2-13	3-9	3-13	4-5	4-6	6-7	8-11	9-12	10-12
1240	1	7680	0-10	1-5	2-12	2-13	3-6	3-12	4-5	4-9	6-7	8-11	9-13	10-11
1241	1	7680	0-10	1-5	2-12	2-13	3-6	3-12	4-5	4-10	6-7	8-11	9-11	9-13
1242	2	3840	0-10	1-5	2-11	2-13	3-6	3-12	4-5	4-10	6-7	8-12	9-11	9-13
1243	1	7680	0-10	1-12	2-5	2-13	3-6	3-12	4-5	4-8	6-7	9-11	9-13	10-11
1244	1	7680	0-10	1-12	2-12	2-13	3-5	3-6	4-5	4-8	6-7	9-11	9-13	10-11
1245	1	7680	0-10	1-12	2-12	2-13	3-6	3-11	4-5	4-8	5-9	6-7	9-13	10-11
1246	1	7680	0-10	1-12	2-5	2-13	3-6	3-12	4-5	4-9	6-7	8-11	9-13	10-11
1247	1	7680	0-10	1-12	2-5	2-13	3-6	3-12	4-5	4-10	6-7	8-11	9-11	9-13
1248	1	7680	0-10	1-12	2-12	2-13	3-5	3-6	4-5	4-9	6-7	8-11	9-13	10-11
1249	1	7680	0-10	1-12	2-12	2-13	3-5	3-6	4-5	4-10	6-7	8-11	9-11	9-13
1250	2	3840	0-10	1-12	2-11	2-13	3-6	3-12	4-5	4-10	5-8	6-7	9-11	9-13
1251	2	3840	0-10	1-12	2-11	2-13	3-5	3-6	4-5	4-10	6-7	8-12	9-11	9-13
1252	1	7680	0-10	1-13	2-8	2-13	3-6	3-11	4-5	4-12	5-10	6-7	9-11	9-12
1253	1	7680	0-10	1-13	2-8	2-13	3-5	3-6	4-5	4-12	6-7	9-11	9-12	10-11
1254	1	7680	0-10	1-13	2-11	2-13	3-6	3-11	4-5	4-12	5-10	6-7	8-9	9-12
1255	1	7680	0-10	1-13	2-11	2-13	3-5	3-6	4-5	4-12	6-7	8-9	9-12	10-11
1256	1	7680	0-10	1-13	2-12	2-13	3-5	3-6	4-5	4-12	6-7	8-9	9-11	10-11
1257	1	7680	0-10	1-13	2-11	2-13	3-6	3-12	4-5	4-8	5-9	6-7	9-12	10-11
1258	1	7680	0-10	1-13	2-5	2-13	3-6	3-12	4-5	4-8	6-7	9-11	9-12	10-11
1259	1	7680	0-10	1-13	2-12	2-13	3-6	3-12	4-5	4-8	5-9	6-7	9-11	10-11
1260	1	7680	0-10	1-13	2-12	2-13	3-5	3-6	4-5	4-8	6-7	9-11	9-12	10-11
1261	1	7680	0-10	1-13	2-12	2-13	3-6	3-11	4-5	4-8	5-9	6-7	9-12	10-11
1262	1	7680	0-10	1-13	2-12	2-13	3-11	3-12	4-5	4-8	5-9	6-7	6-9	10-11
1263	1	7680	0-10	1-13	2-4	2-13	3-6	3-12	4-5	5-9	6-7	8-11	9-12	10-11
1264	1	7680	0-10	1-13	2-11	2-13	3-6	3-12	4-5	4-10	5-9	6-7	8-11	9-12
1265	1	7680	0-10	1-13	2-5	2-13	3-6	3-12	4-5	4-9	6-7	8-11	9-12	10-11
1266	1	7680	0-10	1-13	2-5	2-13	3-6	3-12	4-5	4-10	6-7	8-11	9-11	9-12
1267	1	7680	0-10	1-13	2-12	2-13	3-6	3-12	4-5	4-9	5-9	6-7	8-11	10-11
1268	1	7680	0-10	1-13	2-12	2-13	3-5	3-6	4-5	4-9	6-7	8-11	9-12	10-11
1269	1	7680	0-10	1-13	2-12	2-13	3-6	3-12	4-5	4-10	5-9	6-7	8-11	9-11
1270	1	7680	0-10	1-13	2-12	2-13	3-5	3-6	4-5	4-10	6-7	8-11	9-11	9-12
1271	1	7680	0-10	1-13	2-12	2-13	3-5	3-12	4-5	4-10	6-7	6-9	8-11	9-11
1272	1	7680	0-10	1-13	2-12	2-13	3-4	3-6	4-5	5-9	6-7	8-11	9-12	10-11
1273	1	7680	0-10	1-13	2-12	2-13	3-6	3-11	4-5	4-10	5-9	6-7	8-11	9-12
1274	1	7680	0-10	1-13	2-4	2-13	3-6	3-12	4-5	5-8	6-7	9-11	9-12	10-11
1275	1	7680	0-10	1-13	2-11	2-13	3-6	3-12	4-5	4-9	5-8	6-7	9-12	10-11
1276	1	7680	0-10	1-13	2-11	2-13	3-6	3-12	4-5	4-10	5-8	6-7	9-11	9-12
1277	1	7680	0-10	1-13	2-12	2-13	3-6	3-12	4-5	4-9	5-8	6-7	9-11	10-11
1278	1	7680	0-10	1-13	2-12	2-13	3-6	3-11	4-5	4-9	5-8	6-7	9-12	10-11
1279	1	7680	0-10	1-13	2-12	2-13	3-11	3-12	4-5	4-9	5-8	6-7	6-9	10-11
1280	1	7680	0-10	1-13	2-12	2-13	3-4	3-6	4-5	5-8	6-7	9-11	9-12	10-11
1281	1	7680	0-10	1-13	2-12	2-13	3-6	3-11	4-5	4-10	5-8	6-7	9-11	9-12
1282	1	7680	0-10	1-13	2-4	2-13	3-6	3-12	4-5	5-9	6-7	8-12	9-11	10-11
1283	1	7680	0-10	1-13	2-4	2-13	3-5	3-6	4-5	6-7	8-12	9-11	9-12	10-11
1284	1	7680	0-10	1-13	2-4	2-13	3-6	3-11	4-5	5-9	6-7	8-12	9-12	10-11
1285	1	7680	0-10	1-13	2-11	2-13	3-6	3-12	4-5	4-9	5-9	6-7	8-12	10-11
1286	1	7680	0-10	1-13	2-11	2-13	3-5	3-6	4-5	4-9	6-7	8-12	9-12	10-11
1287	1	7680	0-10	1-13	2-11	2-13	3-6	3-12	4-5	4-10	5-9	6-7	8-12	9-11
1288	1	7680	0-10	1-13	2-11	2-13	3-5	3-6	4-5	4-10	6-7	8-12	9-11	9-12
1289	1	7680	0-10	1-13	2-5	2-13	3-6	3-12	4-5	4-9	6-7	8-12	9-11	10-11
1290	1	7680	0-10	1-13	2-5	2-13	3-6	3-11	4-5	4-9	6-7	8-12	9-12	10-11
1291	1	7680	0-10	1-13	2-5	2-13	3-11	3-12	4-5	4-9	6-7	6-9	8-12	10-11
1292	1	7680	0-10	1-13	2-5	2-13	3-4	3-6	4-5	6-7	8-12	9-11	9-12	10-11
1293	1	7680	0-10	1-13	2-5	2-13	3-6	3-11	4-5	4-10	6-7	8-12	9-11	9-12
1294	1	7680	0-10	1-13	2-12	2-13	3-5	3-6	4-5	4-9	6-7	8-12	9-11	10-11
1295	1	7680	0-10	1-13	2-12	2-13	3-6	3-11	4-5	4-9	5-9	6-7	8-12	10-11
1296	1	7680	0-10	1-13	2-12	2-13	3-4	3-6	4-5	5-9	6-7	8-12	9-11	10-11
1297	1	7680	0-10	1-13	2-12	2-13	3-6	3-11	4-5	4-10	5-9	6-7	8-12	9-11
1298	1	7680	0-10	1-2	2-13	3-6	3-12	4-5	4-6	5-9	7-13	8-12	9-11	10-11
1299	1	7680	0-10	1-2	2-13	3-6	3-11	4-5	4-6	5-10	7-13	8-12	9-11	9-12
1300	1	7680	0-10	1-2	2-13	3-6	3-11	4-5	4-12	5-10	6-8	7-13	9-11	9-12
1301	1	7680	0-10	1-2	2-13	3-5	3-6	4-5	4-12	6-8	7-13	9-11	9-12	10-11
1302	1	7680	0-10	1-2	2-6	3-6	3-11	4-5	4-12	5-10	7-13	8-13	9-11	9-12
1303	1	7680	0-10	1-2	2-6	3-5	3-6	4-5	4-12	7-13	8-13	9-11	9-12	10-11
1304	1	7680	0-10	1-9	2-6	2-11	3-12	3-13	4-5	4-6	5-9	7-13	8-12	10-11
1305	1	7680	0-10	1-9	2-11	2-13	3-6	3-12	4-5	4-6	5-9	7-13	8-12	10-11
1306	2	3840	0-10	1-9	2-11	2-13	3-6	3-11	4-5	4-12	5-10	6-8	7-13	9-12
1307	1	7680	0-10	1-9	2-11	2-13	3-5	3-6	4-5	4-12	6-8	7-13	9-12	10-11
1308	2	3840	0-10	1-9	2-12	2-13	3-5	3-6	4-5	4-12	6-8	7-13	9-11	10-11
1309	2	3840	0-10	1-9	2-6	2-11	3-6	3-11	4-5	4-12	5-10	7-13	8-13	9-12
1310	1	7680	0-10	1-9	2-6	2-11	3-5	3-6	4-5	4-12	7-13	8-13	9-12	10-11
1311	2	3840	0-10	1-9	2-6	2-12	3-5	3-6	4-5	4-12	7-13	8-13	9-11	10-11
1312	8	960	0-10	1-10	2-11	2-12	3-6	3-13	4-5	4-12	5-9	6-8	7-13	9-11
1313	1	7680	0-10	1-4	2-5	2-13	3-6	3-12	4-5	6-9	7-13	8-11	9-12	10-11
1314	1	7680	0-10	1-4	2-12	2-13	3-6	3-12	4-5	5-9	6-9	7-13	8-11	10-11
1315	1	7680	0-10	1-4	2-12	2-13	3-5	3-6	4-5	6-9	7-13	8-11	9-12	10-11
1316	1	7680	0-10	1-4	2-6	2-13	3-6	3-12	4-5	5-9	7-13	8-11	9-12	10-11
1317	1	7680	0-10	1-4	2-11	2-13	3-6	3-12	4-5	5-8	6-9	7-13	9-12	10-11
1318	1	7680	0-10	1-4	2-6	2-12	3-6	3-13	4-5	5-8	7-13	9-11	9-12	10-11
1319	1	7680	0-10	1-4	2-12	2-13	3-6	3-12	4-5	5-8	6-9	7-13	9-11	10-11
1320	1	7680	0-10	1-4	2-12	2-13	3-6	3-11	4-5	5-8	6-9	7-13	9-12	10-11
1321	1	7680	0-10	1-4	2-6	2-13	3-6	3-12	4-5	5-8	7-13	9-11	9-12	10-11
1322	1	7680	0-10	1-4	2-6	2-13	3-11	3-12	4-5	5-8	6-9	7-13	9-12	10-11
1323	1	7680	0-10	1-4	2-6	2-11	3-6	3-13	4-5	5-9	7-13	8-12	9-12	10-11
1324	1	7680	0-10	1-4	2-11	2-13	3-6	3-12	4-5	5-9	6-9	7-13	8-12	10-11
1325	1	7680	0-10	1-4	2-11	2-13	3-5	3-6	4-5	6-9	7-13	8-12	9-12	10-11
1326	1	7680	0-10	1-4	2-5	2-6	3-6	3-13	4-5	7-13	8-12	9-11	9-12	10-11
1327	1	7680	0-10	1-4	2-5	2-13	3-6	3-12	4-5	6-9	7-13	8-12	9-11	10-11
1328	1	7680	0-10	1-4	2-5	2-13	3-6	3-11	4-5	6-9	7-13	8-12	9-12	10-11
1329	1	7680	0-10	1-4	2-6	2-12	3-6	3-13	4-5	5-9	7-13	8-12	9-11	10-11
1330	1	7680	0-10	1-4	2-12	2-13	3-5	3-6	4-5	6-9	7-13	8-12	9-11	10-11
1331	1	7680	0-10	1-4	2-12	2-13	3-6	3-11	4-5	5-9	6-9	7-13	8-12	10-11
1332	1	7680	0-10	1-4	2-6	2-13	3-6	3-12	4-5	5-9	7-13	8-12	9-11	10-11
1333	1	7680	0-10	1-4	2-6	2-13	3-5	3-6	4-5	7-13	8-12	9-11	9-12	10-11
1334	1	7680	0-10	1-4	2-6	2-13	3-6	3-11	4-5	5-9	7-13	8-12	9-12	10-11
1335	1	7680	0-10	1-4	2-6	2-13	3-11	3-12	4-5	5-9	6-9	7-13	8-12	10-11
1336	1	7680	0-10	1-4	2-11	2-13	3-6	3-12	4-5	5-9	6-8	7-13	9-12	10-11
1337	1	7680	0-10	1-4	2-5	2-13	3-6	3-12	4-5	6-8	7-13	9-11	9-12	10-11
1338	1	7680	0-10	1-4	2-12	2-13	3-6	3-12	4-5	5-9	6-8	7-13	9-11	10-11
1339	1	7680	0-10	1-4	2-12	2-13	3-5	3-6	4-5	6-8	7-13	9-11	9-12	10-11
1340	1	7680	0-10	1-4	2-12	2-13	3-6	3-11	4-5	5-9	6-8	7-13	9-12	10-11
1341	1	7680	0-10	1-4	2-12	2-13	3-11	3-12	4-5	5-9	6-8	6-9	7-13	10-11
1342	1	7680	0-10	1-11	2-5	2-13	3-6	3-12	4-5	4-8	6-9	7-13	9-12	10-11
1343	1	7680	0-10	1-11	2-12	2-13	3-6	3-12	4-5	4-8	5-9	6-9	7-13	10-11
1344	1	7680	0-10	1-11	2-12	2-13	3-5	3-6	4-5	4-8	6-9	7-13	9-12	10-11
1345	1	7680	0-10	1-11	2-6	2-13	3-6	3-12	4-5	4-8	5-9	7-13	9-12	10-11
1346	1	7680	0-10	1-11	2-5	2-13	3-6	3-12	4-5	4-10	6-9	7-13	8-11	9-12
1347	1	7680	0-10	1-11	2-6	2-12	3-6	3-13	4-5	4-10	5-9	7-13	8-11	9-12
1348	1	7680	0-10	1-11	2-12	2-13	3-6	3-12	4-5	4-10	5-9	6-9	7-13	8-11
1349	1	7680	0-10	1-11	2-12	2-13	3-5	3-6	4-5	4-10	6-9	7-13	8-11	9-12
1350	1	7680	0-10	1-11	2-6	2-13	3-6	3-12	4-5	4-10	5-9	7-13	8-11	9-12
1351	1	7680	0-10	1-11	2-6	2-13	3-5	3-12	4-5	4-10	6-9	7-13	8-11	9-12
1352	1	7680	0-10	1-11	2-4	2-13	3-6	3-12	4-5	5-8	6-9	7-13	9-12	10-11
1353	1	7680	0-10	1-11	2-11	2-13	3-6	3-12	4-5	4-10	5-8	6-9	7-13	9-12
1354	2	3840	0-10	1-11	2-6	2-12	3-12	3-13	4-5	4-6	5-8	7-13	9-10	9-11
1355	1	7680	0-10	1-11	2-6	2-12	3-6	3-13	4-5	4-9	5-8	7-13	9-12	10-11
1356	1	7680	0-10	1-11	2-6	2-12	3-6	3-13	4-5	4-10	5-8	7-13	9-11	9-12
1357	1	7680	0-10	1-11	2-12	2-13	3-6	3-12	4-5	4-9	5-8	6-9	7-13	10-11
1358	1	7680	0-10	1-11	2-12	2-13	3-6	3-12	4-5	4-10	5-8	6-9	7-13	9-11
1359	1	7680	0-10	1-11	2-12	2-13	3-4	3-6	4-5	5-8	6-9	7-13	9-12	10-11
1360	1	7680	0-10	1-11	2-12	2-13	3-6	3-11	4-5	4-10	5-8	6-9	7-13	9-12
1361	1	7680	0-10	1-11	2-6	2-13	3-6	3-12	4-5	4-9	5-8	7-13	9-12	10-11
1362	1	7680	0-10	1-11	2-6	2-13	3-6	3-12	4-5	4-10	5-8	7-13	9-11	9-12
1363	1	7680	0-10	1-11	2-3	2-6	3-13	4-5	4-6	5-10	7-13	8-12	9-11	9-12
1364	2	3840	0-10	1-11	2-6	2-10	3-6	3-13	4-5	4-12	5-9	7-13	8-12	9-11
1365	1	7680	0-10	1-11	2-10	2-13	3-6	3-12	4-5	4-6	5-9	7-13	8-12	9-11
1366	1	7680	0-10	1-11	2-4	2-6	3-6	3-13	4-5	5-9	7-13	8-12	9-12	10-11
1367	1	7680	0-10	1-11	2-4	2-13	3-6	3-12	4-5	5-9	6-9	7-13	8-12	10-11
1368	1	7680	0-10	1-11	2-4	2-13	3-5	3-6	4-5	6-9	7-13	8-12	9-12	10-11
1369	1	7680	0-10	1-11	2-6	2-11	3-9	3-13	4-5	4-6	5-10	7-13	8-12	9-12
1370	1	7680	0-10	1-11	2-6	2-11	3-12	3-13	4-5	4-6	5-9	7-13	8-12	9-10
1371	2	3840	0-10	1-11	2-6	2-11	3-6	3-13	4-5	4-12	5-9	7-13	8-12	9-10
1372	1	7680	0-10	1-11	2-6	2-11	3-6	3-13	4-5	4-10	5-9	7-13	8-12	9-12
1373	1	7680	0-10	1-11	2-11	2-13	3-6	3-12	4-5	4-6	5-9	7-13	8-12	9-10
1374	1	7680	0-10	1-11	2-11	2-13	3-6	3-12	4-5	4-10	5-9	6-9	7-13	8-12
1375	1	7680	0-10	1-11	2-11	2-13	3-5	3-6	4-5	4-10	6-9	7-13	8-12	9-12
1376	2	3840	0-10	1-11	2-5	2-6	3-6	3-13	4-5	4-12	7-13	8-12	9-10	9-11
1377	1	7680	0-10	1-11	2-5	2-6	3-6	3-13	4-5	4-9	7-13	8-12	9-12	10-11
1378	1	7680	0-10	1-11	2-5	2-6	3-6	3-13	4-5	4-10	7-13	8-12	9-11	9-12
1379	1	7680	0-10	1-11	2-5	2-13	3-6	3-12	4-5	4-6	7-13	8-12	9-10	9-11
1380	1	7680	0-10	1-11	2-5	2-13	3-6	3-12	4-5	4-9	6-9	7-13	8-12	10-11
1381	1	7680	0-10	1-11	2-5	2-13	3-6	3-12	4-5	4-10	6-9	7-13	8-12	9-11
1382	2	3840	0-10	1-11	2-5	2-13	3-4	3-6	4-5	6-9	7-13	8-12	9-12	10-11
1383	2	3840	0-10	1-11	2-5	2-13	3-6	3-11	4-5	4-10	6-9	7-13	8-12	9-12
1384	1	7680	0-10	1-11	2-6	2-12	3-6	3-13	4-5	4-9	5-9	7-13	8-12	10-11
1385	1	7680	0-10	1-11	2-6	2-12	3-6	3-13	4-5	4-10	5-9	7-13	8-12	9-11
1386	1	7680	0-10	1-11	2-12	2-13	3-5	3-6	4-5	4-9	6-9	7-13	8-12	10-11
1387	1	7680	0-10	1-11	2-12	2-13	3-5	3-6	4-5	4-10	6-9	7-13	8-12	9-11
1388	2	3840	0-10	1-11	2-12	2-13	3-4	3-6	4-5	5-9	6-9	7-13	8-12	10-11
1389	2	3840	0-10	1-11	2-12	2-13	3-6	3-11	4-5	4-10	5-9	6-9	7-13	8-12
1390	1	7680	0-10	1-11	2-6	2-13	3-6	3-12	4-5	4-9	5-9	7-13	8-12	10-11
1391	1	7680	0-10	1-11	2-6	2-13	3-5	3-6	4-5	4-9	7-13	8-12	9-12	10-11
1392	1	7680	0-10	1-11	2-6	2-13	3-6	3-12	4-5	4-10	5-9	7-13	8-12	9-11
1393	1	7680	0-10	1-11	2-6	2-13	3-5	3-6	4-5	4-10	7-13	8-12	9-11	9-12
1394	1	7680	0-10	1-11	2-6	2-13	3-5	3-12	4-5	4-10	6-9	7-13	8-12	9-11
1395	2	3840	0-10	1-11	2-6	2-13	3-4	3-6	4-5	5-9	7-13	8-12	9-12	10-11
1396	2	3840	0-10	1-11	2-6	2-13	3-6	3-11	4-5	4-10	5-9	7-13	8-12	9-12
1397	1	7680	0-10	1-11	2-6	2-13	3-4	3-12	4-5	5-9	6-9	7-13	8-12	10-11
1398	1	7680	0-10	1-11	2-6	2-13	3-11	3-12	4-5	4-10	5-9	6-9	7-13	8-12
1399	2	3840	0-10	1-11	2-10	2-12	3-12	3-13	4-5	4-6	5-9	6-8	7-13	9-11
1400	1	7680	0-10	1-11	2-4	2-13	3-6	3-12	4-5	5-9	6-8	7-13	9-12	10-11
1401	2	3840	0-10	1-11	2-11	2-12	3-12	3-13	4-5	4-6	5-9	6-8	7-13	9-10
1402	1	7680	0-10	1-11	2-11	2-13	3-6	3-12	4-5	4-10	5-9	6-8	7-13	9-12
1403	1	7680	0-10	1-11	2-5	2-13	3-6	3-12	4-5	4-9	6-8	7-13	9-12	10-11
1404	1	7680	0-10	1-11	2-5	2-13	3-6	3-12	4-5	4-10	6-8	7-13	9-11	9-12
1405	1	7680	0-10	1-11	2-12	2-13	3-6	3-12	4-5	4-9	5-9	6-8	7-13	10-11
1406	1	7680	0-10	1-11	2-12	2-13	3-5	3-6	4-5	4-9	6-8	7-13	9-12	10-11
1407	1	7680	0-10	1-11	2-12	2-13	3-6	3-12	4-5	4-10	5-9	6-8	7-13	9-11
1408	1	7680	0-10	1-11	2-12	2-13	3-5	3-6	4-5	4-10	6-8	7-13	9-11	9-12
1409	1	7680	0-10	1-11	2-12	2-13	3-5	3-12	4-5	4-10	6-8	6-9	7-13	9-11
1410	1	7680	0-10	1-11	2-12	2-13	3-4	3-6	4-5	5-9	6-8	7-13	9-12	10-11
1411	1	7680	0-10	1-11	2-12	2-13	3-6	3-11	4-5	4-10	5-9	6-8	7-13	9-12
1412	2	3840	0-10	1-11	2-12	2-13	3-4	3-12	4-5	5-9	6-8	6-9	7-13	10-11
1413	2	3840	0-10	1-11	2-12	2-13	3-11	3-12	4-5	4-10	5-9	6-8	6-9	7-13
1414	1	7680	0-10	1-5	2-11	2-13	3-6	3-12	4-5	4-8	6-9	7-13	9-12	10-11
1415	1	7680	0-10	1-5	2-6	2-12	3-6	3-13	4-5	4-8	7-13	9-11	9-12	10-11
1416	1	7680	0-10	1-5	2-12	2-13	3-6	3-12	4-5	4-8	6-9	7-13	9-11	10-11
1417	1	7680	0-10	1-5	2-12	2-13	3-6	3-11	4-5	4-8	6-9	7-13	9-12	10-11
1418	1	7680	0-10	1-5	2-6	2-13	3-6	3-12	4-5	4-8	7-13	9-11	9-12	10-11
1419	1	7680	0-10	1-5	2-6	2-13	3-11	3-12	4-5	4-8	6-9	7-13	9-12	10-11
1420	1	7680	0-10	1-5	2-4	2-13	3-6	3-12	4-5	6-9	7-13	8-11	9-12	10-11
1421	1	7680	0-10	1-5	2-11	2-13	3-6	3-12	4-5	4-10	6-9	7-13	8-11	9-12
1422	1	7680	0-10	1-5	2-6	2-12	3-6	3-13	4-5	4-9	7-13	8-11	9-12	10-11
1423	1	7680	0-10	1-5	2-6	2-12	3-6	3-13	4-5	4-10	7-13	8-11	9-11	9-12
1424	1	7680	0-10	1-5	2-12	2-13	3-6	3-12	4-5	4-9	6-9	7-13	8-11	10-11
1425	1	7680	0-10	1-5	2-12	2-13	3-6	3-12	4-5	4-10	6-9	7-13	8-11	9-11
1426	1	7680	0-10	1-5	2-12	2-13	3-4	3-6	4-5	6-9	7-13	8-11	9-12	10-11
1427	1	7680	0-10	1-5	2-12	2-13	3-6	3-11	4-5	4-10	6-9	7-13	8-11	9-12
1428	1	7680	0-10	1-5	2-6	2-13	3-6	3-12	4-5	4-9	7-13	8-11	9-12	10-11
1429	1	7680	0-10	1-5	2-6	2-13	3-6	3-12	4-5	4-10	7-13	8-11	9-11	9-12
1430	1	7680	0-10	1-5	2-4	2-6	3-6	3-13	4-5	7-13	8-12	9-11	9-12	10-11
1431	1	7680	0-10	1-5	2-4	2-13	3-6	3-12	4-5	6-9	7-13	8-12	9-11	10-11
1432	1	7680	0-10	1-5	2-6	2-11	3-6	3-13	4-5	4-9	7-13	8-12	9-12	10-11
1433	1	7680	0-10	1-5	2-6	2-11	3-6	3-13	4-5	4-10	7-13	8-12	9-11	9-12
1434	1	7680	0-10	1-5	2-11	2-13	3-6	3-12	4-5	4-9	6-9	7-13	8-12	10-11
1435	1	7680	0-10	1-5	2-11	2-13	3-6	3-12	4-5	4-10	6-9	7-13	8-12	9-11
1436	1	7680	0-10	1-5	2-6	2-12	3-6	3-13	4-5	4-9	7-13	8-12	9-11	10-11
1437	1	7680	0-10	1-5	2-6	2-13	3-6	3-12	4-5	4-9	7-13	8-12	9-11	10-11
1438	1	7680	0-10	1-5	2-6	2-13	3-11	3-12	4-5	4-9	6-9	7-13	8-12	10-11
1439	1	7680	0-10	1-5	2-6	2-13	3-4	3-6	4-5	7-13	8-12	9-11	9-12	10-11
1440	1	7680	0-10	1-5	2-6	2-13	3-6	3-11	4-5	4-10	7-13	8-12	9-11	9-12
1441	1	7680	0-10	1-5	2-4	2-13	3-6	3-12	4-5	6-8	7-13	9-11	9-12	10-11
1442	1	7680	0-10	1-5	2-11	2-13	3-6	3-12	4-5	4-9	6-8	7-13	9-12	10-11
1443	1	7680	0-10	1-5	2-11	2-13	3-6	3-12	4-5	4-10	6-8	7-13	9-11	9-12
1444	1	7680	0-10	1-5	2-12	2-13	3-6	3-12	4-5	4-9	6-8	7-13	9-11	10-11
1445	1	7680	0-10	1-5	2-12	2-13	3-6	3-11	4-5	4-9	6-8	7-13	9-12	10-11
1446	1	7680	0-10	1-5	2-12	2-13	3-11	3-12	4-5	4-9	6-8	6-9	7-13	10-11
1447	1	7680	0-10	1-5	2-12	2-13	3-4	3-6	4-5	6-8	7-13	9-11	9-12	10-11
1448	1	7680	0-10	1-5	2-12	2-13	3-6	3-11	4-5	4-10	6-8	7-13	9-11	9-12
1449	1	7680	0-10	1-12	2-6	2-8	3-11	3-13	4-5	4-6	5-10	7-13	9-11	9-12
1450	1	7680	0-10	1-12	2-8	2-13	3-6	3-12	4-5	4-6	5-9	7-13	9-11	10-11
1451	1	7680	0-10	1-12	2-8	2-13	3-6	3-11	4-5	4-6	5-10	7-13	9-11	9-12
1452	2	3840	0-10	1-12	2-8	2-13	3-11	3-12	4-5	4-6	5-10	6-9	7-13	9-11
1453	1	7680	0-10	1-12	2-4	2-13	3-6	3-11	4-6	5-10	5-11	7-13	8-9	9-12
1454	1	7680	0-10	1-12	2-6	2-11	3-12	3-13	4-5	4-6	5-9	7-13	8-9	10-11
1455	1	7680	0-10	1-12	2-11	2-13	3-6	3-12	4-5	4-6	5-9	7-13	8-9	10-11
1456	1	7680	0-10	1-12	2-11	2-13	3-6	3-11	4-5	4-6	5-10	7-13	8-9	9-12
1457	2	3840	0-10	1-12	2-11	2-13	3-11	3-12	4-5	4-6	5-10	6-9	7-13	8-9
1458	1	7680	0-10	1-12	2-6	2-11	3-6	3-13	4-5	4-8	5-9	7-13	9-12	10-11
1459	1	7680	0-10	1-12	2-11	2-13	3-6	3-12	4-5	4-8	5-9	6-9	7-13	10-11
1460	1	7680	0-10	1-12	2-11	2-13	3-5	3-6	4-5	4-8	6-9	7-13	9-12	10-11
1461	1	7680	0-10	1-12	2-5	2-6	3-6	3-13	4-5	4-8	7-13	9-11	9-12	10-11
1462	1	7680	0-10	1-12	2-5	2-13	3-6	3-12	4-5	4-8	6-9	7-13	9-11	10-11
1463	1	7680	0-10	1-12	2-5	2-13	3-6	3-11	4-5	4-8	6-9	7-13	9-12	10-11
1464	1	7680	0-10	1-12	2-6	2-12	3-6	3-13	4-5	4-8	5-9	7-13	9-11	10-11
1465	1	7680	0-10	1-12	2-12	2-13	3-5	3-6	4-5	4-8	6-9	7-13	9-11	10-11
1466	1	7680	0-10	1-12	2-12	2-13	3-6	3-11	4-5	4-8	5-9	6-9	7-13	10-11
1467	1	7680	0-10	1-12	2-6	2-13	3-6	3-12	4-5	4-8	5-9	7-13	9-11	10-11
1468	1	7680	0-10	1-12	2-6	2-13	3-5	3-6	4-5	4-8	7-13	9-11	9-12	10-11
1469	1	7680	0-10	1-12	2-6	2-13	3-6	3-11	4-5	4-8	5-9	7-13	9-12	10-11
1470	1	7680	0-10	1-12	2-6	2-13	3-11	3-12	4-5	4-8	5-9	6-9	7-13	10-11
1471	1	7680	0-10	1-12	2-3	2-6	3-13	4-5	4-6	5-10	7-13	8-11	9-11	9-12
1472	1	7680	0-10	1-12	2-10	2-13	3-6	3-12	4-5	4-6	5-9	7-13	8-11	9-11
1473	1	7680	0-10	1-12	2-4	2-6	3-6	3-13	4-5	5-9	7-13	8-11	9-12	10-11
1474	1	7680	0-10	1-12	2-4	2-13	3-6	3-12	4-5	5-9	6-9	7-13	8-11	10-11
1475	1	7680	0-10	1-12	2-4	2-13	3-5	3-6	4-5	6-9	7-13	8-11	9-12	10-11
1476	1	7680	0-10	1-12	2-6	2-11	3-9	3-13	4-5	4-6	5-10	7-13	8-11	9-12
1477	1	7680	0-10	1-12	2-6	2-11	3-12	3-13	4-5	4-6	5-9	7-13	8-11	9-10
1478	1	7680	0-10	1-12	2-6	2-11	3-6	3-13	4-5	4-10	5-9	7-13	8-11	9-12
1479	1	7680	0-10	1-12	2-11	2-13	3-6	3-12	4-5	4-6	5-9	7-13	8-11	9-10
1480	1	7680	0-10	1-12	2-11	2-13	3-6	3-12	4-5	4-10	5-9	6-9	7-13	8-11
1481	1	7680	0-10	1-12	2-11	2-13	3-5	3-6	4-5	4-10	6-9	7-13	8-11	9-12
1482	1	7680	0-10	1-12	2-5	2-6	3-12	3-13	4-5	4-6	7-13	8-11	9-10	9-11
1483	1	7680	0-10	1-12	2-5	2-6	3-6	3-13	4-5	4-9	7-13	8-11	9-12	10-11
1484	1	7680	0-10	1-12	2-5	2-6	3-6	3-13	4-5	4-10	7-13	8-11	9-11	9-12
1485	1	7680	0-10	1-12	2-5	2-13	3-6	3-12	4-5	4-6	7-13	8-11	9-10	9-11
1486	1	7680	0-10	1-12	2-5	2-13	3-6	3-12	4-5	4-9	6-9	7-13	8-11	10-11
1487	1	7680	0-10	1-12	2-5	2-13	3-6	3-12	4-5	4-10	6-9	7-13	8-11	9-11
1488	1	7680	0-10	1-12	2-6	2-12	3-6	3-13	4-5	4-9	5-9	7-13	8-11	10-11
1489	1	7680	0-10	1-12	2-6	2-12	3-6	3-13	4-5	4-10	5-9	7-13	8-11	9-11
1490	1	7680	0-10	1-12	2-12	2-13	3-5	3-6	4-5	4-9	6-9	7-13	8-11	10-11
1491	1	7680	0-10	1-12	2-12	2-13	3-5	3-6	4-5	4-10	6-9	7-13	8-11	9-11
1492	1	7680	0-10	1-12	2-6	2-13	3-6	3-12	4-5	4-9	5-9	7-13	8-11	10-11
1493	1	7680	0-10	1-12	2-6	2-13	3-5	3-6	4-5	4-9	7-13	8-11	9-12	10-11
1494	1	7680	0-10	1-12	2-6	2-13	3-6	3-12	4-5	4-10	5-9	7-13	8-11	9-11
1495	1	7680	0-10	1-12	2-6	2-13	3-5	3-6	4-5	4-10	7-13	8-11	9-11	9-12
1496	1	7680	0-10	1-12	2-6	2-13	3-5	3-12	4-5	4-10	6-9	7-13	8-11	9-11
1497	1	7680	0-10	1-12	2-6	2-13	3-4	3-12	4-5	5-9	6-9	7-13	8-11	10-11
1498	1	7680	0-10	1-12	2-6	2-13	3-11	3-12	4-5	4-10	5-9	6-9	7-13	8-11
1499	1	7680	0-10	1-12	2-4	2-6	3-6	3-13	4-5	5-8	7-13	9-11	9-12	10-11
1500	1	7680	0-10	1-12	2-4	2-13	3-6	3-12	4-5	5-8	6-9	7-13	9-11	10-11
1501	1	7680	0-10	1-12	2-6	2-11	3-6	3-13	4-5	4-9	5-8	7-13	9-12	10-11
1502	1	7680	0-10	1-12	2-6	2-11	3-6	3-13	4-5	4-10	5-8	7-13	9-11	9-12
1503	1	7680	0-10	1-12	2-11	2-13	3-6	3-12	4-5	4-9	5-8	6-9	7-13	10-11
1504	1	7680	0-10	1-12	2-11	2-13	3-6	3-12	4-5	4-10	5-8	6-9	7-13	9-11
1505	1	7680	0-10	1-12	2-6	2-12	3-6	3-13	4-5	4-9	5-8	7-13	9-11	10-11
1506	1	7680	0-10	1-12	2-6	2-13	3-6	3-12	4-5	4-9	5-8	7-13	9-11	10-11
1507	1	7680	0-10	1-12	2-6	2-13	3-11	3-12	4-5	4-9	5-8	6-9	7-13	10-11
1508	1	7680	0-10	1-12	2-6	2-13	3-4	3-6	4-5	5-8	7-13	9-11	9-12	10-11
1509	1	7680	0-10	1-12	2-6	2-13	3-6	3-11	4-5	4-10	5-8	7-13	9-11	9-12
1510	1	7680	0-10	1-12	2-4	2-6	3-6	3-13	4-5	5-9	7-13	8-12	9-11	10-11
1511	1	7680	0-10	1-12	2-4	2-13	3-5	3-6	4-5	6-9	7-13	8-12	9-11	10-11
1512	1	7680	0-10	1-12	2-6	2-11	3-6	3-13	4-5	4-9	5-9	7-13	8-12	10-11
1513	1	7680	0-10	1-12	2-6	2-11	3-6	3-13	4-5	4-10	5-9	7-13	8-12	9-11
1514	1	7680	0-10	1-12	2-11	2-13	3-5	3-6	4-5	4-9	6-9	7-13	8-12	10-11
1515	1	7680	0-10	1-12	2-11	2-13	3-5	3-6	4-5	4-10	6-9	7-13	8-12	9-11
1516	1	7680	0-10	1-12	2-5	2-6	3-6	3-13	4-5	4-9	7-13	8-12	9-11	10-11
1517	1	7680	0-10	1-12	2-6	2-13	3-5	3-6	4-5	4-9	7-13	8-12	9-11	10-11
1518	1	7680	0-10	1-12	2-6	2-13	3-4	3-6	4-5	5-9	7-13	8-12	9-11	10-11
1519	1	7680	0-10	1-12	2-6	2-13	3-6	3-11	4-5	4-10	5-9	7-13	8-12	9-11
1520	1	7680	0-10	1-12	2-4	2-13	3-6	3-12	4-5	5-9	6-8	7-13	9-11	10-11
1521	1	7680	0-10	1-12	2-4	2-13	3-5	3-6	4-5	6-8	7-13	9-11	9-12	10-11
1522	1	7680	0-10	1-12	2-4	2-13	3-6	3-11	4-5	5-9	6-8	7-13	9-12	10-11
1523	1	7680	0-10	1-12	2-11	2-13	3-6	3-12	4-5	4-9	5-9	6-8	7-13	10-11
1524	1	7680	0-10	1-12	2-11	2-13	3-5	3-6	4-5	4-9	6-8	7-13	9-12	10-11
1525	1	7680	0-10	1-12	2-11	2-13	3-6	3-12	4-5	4-10	5-9	6-8	7-13	9-11
1526	1	7680	0-10	1-12	2-11	2-13	3-5	3-6	4-5	4-10	6-8	7-13	9-11	9-12
1527	1	7680	0-10	1-12	2-5	2-13	3-6	3-12	4-5	4-9	6-8	7-13	9-11	10-11
1528	1	7680	0-10	1-12	2-5	2-13	3-6	3-11	4-5	4-9	6-8	7-13	9-12	10-11
1529	1	7680	0-10	1-12	2-5	2-13	3-11	3-12	4-5	4-9	6-8	6-9	7-13	10-11
1530	1	7680	0-10	1-12	2-5	2-13	3-4	3-6	4-5	6-8	7-13	9-11	9-12	10-11
1531	1	7680	0-10	1-12	2-5	2-13	3-6	3-11	4-5	4-10	6-8	7-13	9-11	9-12
1532	1	7680	0-10	1-12	2-12	2-13	3-5	3-6	4-5	4-9	6-8	7-13	9-11	10-11
1533	1	7680	0-10	1-12	2-12	2-13	3-6	3-11	4-5	4-9	5-9	6-8	7-13	10-11
1534	1	7680	0-10	1-12	2-12	2-13	3-4	3-6	4-5	5-9	6-8	7-13	9-11	10-11
1535	1	7680	0-10	1-12	2-12	2-13	3-6	3-11	4-5	4-10	5-9	6-8	7-13	9-11
1536	1	7680	0-10	1-6	2-8	2-13	3-6	3-11	4-5	4-12	5-10	7-13	9-11	9-12
1537	1	7680	0-10	1-6	2-8	2-13	3-5	3-6	4-5	4-12	7-13	9-11	9-12	10-11
1538	1	7680	0-10	1-6	2-11	2-13	3-6	3-11	4-5	4-12	5-10	7-13	8-9	9-12
1539	1	7680	0-10	1-6	2-11	2-13	3-5	3-6	4-5	4-12	7-13	8-9	9-12	10-11
1540	1	7680	0-10	1-6	2-12	2-13	3-5	3-6	4-5	4-12	7-13	8-9	9-11	10-11
1541	4	1920	0-10	1-6	2-11	2-12	3-6	3-13	4-5	4-12	5-9	7-13	8-10	9-11
1542	1	7680	0-10	1-6	2-11	2-13	3-6	3-12	4-5	4-8	5-9	7-13	9-12	10-11
1543	1	7680	0-10	1-6	2-5	2-13	3-6	3-12	4-5	4-8	7-13	9-11	9-12	10-11
1544	1	7680	0-10	1-6	2-12	2-13	3-6	3-12	4-5	4-8	5-9	7-13	9-11	10-11
1545	1	7680	0-10	1-6	2-12	2-13	3-5	3-6	4-5	4-8	7-13	9-11	9-12	10-11
1546	1	7680	0-10	1-6	2-12	2-13	3-6	3-11	4-5	4-8	5-9	7-13	9-12	10-11
1547	1	7680	0-10	1-6	2-12	2-13	3-11	3-12	4-5	4-8	5-9	6-9	7-13	10-11
1548	1	7680	0-10	1-6	2-6	2-13	3-11	3-12	4-5	4-8	5-9	7-13	9-12	10-11
1549	1	7680	0-10	1-6	2-4	2-13	3-6	3-12	4-5	5-9	7-13	8-11	9-12	10-11
1550	1	7680	0-10	1-6	2-11	2-13	3-6	3-12	4-5	4-10	5-9	7-13	8-11	9-12
1551	2	3840	0-10	1-6	2-5	2-12	3-6	3-13	4-5	4-9	7-13	8-11	9-12	10-11
1552	1	7680	0-10	1-6	2-5	2-12	3-6	3-13	4-5	4-10	7-13	8-11	9-11	9-12
1553	1	7680	0-10	1-6	2-5	2-13	3-6	3-12	4-5	4-9	7-13	8-11	9-12	10-11
1554	1	7680	0-10	1-6	2-5	2-13	3-6	3-12	4-5	4-10	7-13	8-11	9-11	9-12
1555	1	7680	0-10	1-6	2-12	2-13	3-6	3-12	4-5	4-9	5-9	7-13	8-11	10-11
1556	1	7680	0-10	1-6	2-12	2-13	3-5	3-6	4-5	4-9	7-13	8-11	9-12	10-11
1557	1	7680	0-10	1-6	2-12	2-13	3-6	3-12	4-5	4-10	5-9	7-13	8-11	9-11
1558	1	7680	0-10	1-6	2-12	2-13	3-5	3-6	4-5	4-10	7-13	8-11	9-11	9-12
1559	1	7680	0-10	1-6	2-12	2-13	3-5	3-12	4-5	4-10	6-9	7-13	8-11	9-11
1560	1	7680	0-10	1-6	2-12	2-13	3-4	3-6	4-5	5-9	7-13	8-11	9-12	10-11
1561	1	7680	0-10	1-6	2-12	2-13	3-6	3-11	4-5	4-10	5-9	7-13	8-11	9-12
1562	1	7680	0-10	1-6	2-6	2-13	3-5	3-12	4-5	4-10	7-13	8-11	9-11	9-12
1563	1	7680	0-10	1-6	2-4	2-13	3-6	3-12	4-5	5-8	7-13	9-11	9-12	10-11
1564	1	7680	0-10	1-6	2-11	2-12	3-6	3-13	4-5	4-9	5-8	7-13	9-12	10-11
1565	2	3840	0-10	1-6	2-11	2-12	3-6	3-13	4-5	4-10	5-8	7-13	9-11	9-12
1566	1	7680	0-10	1-6	2-11	2-13	3-6	3-12	4-5	4-9	5-8	7-13	9-12	10-11
1567	1	7680	0-10	1-6	2-11	2-13	3-6	3-12	4-5	4-10	5-8	7-13	9-11	9-12
1568	1	7680	0-10	1-6	2-12	2-13	3-6	3-12	4-5	4-9	5-8	7-13	9-11	10-11
1569	1	7680	0-10	1-6	2-12	2-13	3-6	3-11	4-5	4-9	5-8	7-13	9-12	10-11
1570	1	7680	0-10	1-6	2-12	2-13	3-11	3-12	4-5	4-9	5-8	6-9	7-13	10-11
1571	1	7680	0-10	1-6	2-12	2-13	3-4	3-6	4-5	5-8	7-13	9-11	9-12	10-11
1572	1	7680	0-10	1-6	2-12	2-13	3-6	3-11	4-5	4-10	5-8	7-13	9-11	9-12
1573	1	7680	0-10	1-6	2-4	2-12	3-6	3-13	4-5	5-9	7-13	8-12	9-11	10-11
1574	1	7680	0-10	1-6	2-4	2-13	3-6	3-12	4-5	5-9	7-13	8-12	9-11	10-11
1575	1	7680	0-10	1-6	2-4	2-13	3-5	3-6	4-5	7-13	8-12	9-11	9-12	10-11
1576	1	7680	0-10	1-6	2-4	2-13	3-6	3-11	4-5	5-9	7-13	8-12	9-12	10-11
1577	1	7680	0-10	1-6	2-11	2-12	3-6	3-13	4-5	4-9	5-9	7-13	8-12	10-11
1578	1	7680	0-10	1-6	2-11	2-12	3-6	3-13	4-5	4-10	5-9	7-13	8-12	9-11
1579	1	7680	0-10	1-6	2-11	2-13	3-6	3-12	4-5	4-9	5-9	7-13	8-12	10-11
1580	1	7680	0-10	1-6	2-11	2-13	3-5	3-6	4-5	4-9	7-13	8-12	9-12	10-11
1581	1	7680	0-10	1-6	2-11	2-13	3-6	3-12	4-5	4-10	5-9	7-13	8-12	9-11
1582	1	7680	0-10	1-6	2-11	2-13	3-5	3-6	4-5	4-10	7-13	8-12	9-11	9-12
1583	1	7680	0-10	1-6	2-11	2-13	3-5	3-12	4-5	4-10	6-9	7-13	8-12	9-11
1584	1	7680	0-10	1-6	2-5	2-12	3-6	3-13	4-5	4-9	7-13	8-12	9-11	10-11
1585	1	7680	0-10	1-6	2-5	2-13	3-6	3-12	4-5	4-9	7-13	8-12	9-11	10-11
1586	1	7680	0-10	1-6	2-5	2-13	3-6	3-11	4-5	4-9	7-13	8-12	9-12	10-11
1587	1	7680	0-10	1-6	2-5	2-13	3-11	3-12	4-5	4-9	6-9	7-13	8-12	10-11
1588	1	7680	0-10	1-6	2-5	2-13	3-4	3-6	4-5	7-13	8-12	9-11	9-12	10-11
1589	1	7680	0-10	1-6	2-5	2-13	3-6	3-11	4-5	4-10	7-13	8-12	9-11	9-12
1590	1	7680	0-10	1-6	2-12	2-13	3-5	3-6	4-5	4-9	7-13	8-12	9-11	10-11
1591	1	7680	0-10	1-6	2-12	2-13	3-6	3-11	4-5	4-9	5-9	7-13	8-12	10-11
1592	1	7680	0-10	1-6	2-12	2-13	3-4	3-6	4-5	5-9	7-13	8-12	9-11	10-11
1593	1	7680	0-10	1-6	2-12	2-13	3-6	3-11	4-5	4-10	5-9	7-13	8-12	9-11
1594	1	7680	0-10	1-6	2-6	2-13	3-11	3-12	4-5	4-9	5-9	7-13	8-12	10-11
1595	1	7680	0-10	1-6	2-6	2-13	3-4	3-12	4-5	5-9	7-13	8-12	9-11	10-11
1596	1	7680	0-10	1-6	2-6	2-13	3-11	3-12	4-5	4-10	5-9	7-13	8-12	9-11
1597	1	7680	0-10	1-13	2-6	2-8	3-6	3-11	4-5	4-12	5-10	7-13	9-11	9-12
1598	1	7680	0-10	1-13	2-6	2-8	3-5	3-6	4-5	4-12	7-13	9-11	9-12	10-11
1599	1	7680	0-10	1-13	2-6	2-11	3-6	3-11	4-5	4-12	5-10	7-13	8-9	9-12
1600	1	7680	0-10	1-13	2-6	2-11	3-5	3-6	4-5	4-12	7-13	8-9	9-12	10-11
1601	1	7680	0-10	1-13	2-6	2-12	3-5	3-6	4-5	4-12	7-13	8-9	9-11	10-11
1602	1	7680	0-10	1-13	2-6	2-11	3-6	3-12	4-5	4-8	5-9	7-13	9-12	10-11
1603	1	7680	0-10	1-13	2-5	2-6	3-6	3-12	4-5	4-8	7-13	9-11	9-12	10-11
1604	1	7680	0-10	1-13	2-6	2-12	3-6	3-12	4-5	4-8	5-9	7-13	9-11	10-11
1605	1	7680	0-10	1-13	2-6	2-12	3-5	3-6	4-5	4-8	7-13	9-11	9-12	10-11
1606	1	7680	0-10	1-13	2-6	2-12	3-6	3-11	4-5	4-8	5-9	7-13	9-12	10-11
1607	1	7680	0-10	1-13	2-6	2-12	3-11	3-12	4-5	4-8	5-9	6-9	7-13	10-11
1608	1	7680	0-10	1-13	2-4	2-6	3-6	3-12	4-5	5-9	7-13	8-11	9-12	10-11
1609	1	7680	0-10	1-13	2-6	2-11	3-6	3-12	4-5	4-10	5-9	7-13	8-11	9-12
1610	1	7680	0-10	1-13	2-5	2-6	3-6	3-12	4-5	4-9	7-13	8-11	9-12	10-11
1611	1	7680	0-10	1-13	2-5	2-6	3-6	3-12	4-5	4-10	7-13	8-11	9-11	9-12
1612	1	7680	0-10	1-13	2-6	2-12	3-6	3-12	4-5	4-9	5-9	7-13	8-11	10-11
1613	1	7680	0-10	1-13	2-6	2-12	3-5	3-6	4-5	4-9	7-13	8-11	9-12	10-11
1614	1	7680	0-10	1-13	2-6	2-12	3-6	3-12	4-5	4-10	5-9	7-13	8-11	9-11
1615	1	7680	0-10	1-13	2-6	2-12	3-5	3-6	4-5	4-10	7-13	8-11	9-11	9-12
1616	1	7680	0-10	1-13	2-6	2-12	3-5	3-12	4-5	4-10	6-9	7-13	8-11	9-11
1617	1	7680	0-10	1-13	2-6	2-12	3-4	3-6	4-5	5-9	7-13	8-11	9-12	10-11
1618	1	7680	0-10	1-13	2-6	2-12	3-6	3-11	4-5	4-10	5-9	7-13	8-11	9-12
1619	1	7680	0-10	1-13	2-4	2-6	3-6	3-12	4-5	5-8	7-13	9-11	9-12	10-11
1620	1	7680	0-10	1-13	2-6	2-11	3-6	3-12	4-5	4-9	5-8	7-13	9-12	10-11
1621	1	7680	0-10	1-13	2-6	2-11	3-6	3-12	4-5	4-10	5-8	7-13	9-11	9-12
1622	1	7680	0-10	1-13	2-6	2-12	3-6	3-12	4-5	4-9	5-8	7-13	9-11	10-11
1623	1	7680	0-10	1-13	2-6	2-12	3-6	3-11	4-5	4-9	5-8	7-13	9-12	10-11
1624	1	7680	0-10	1-13	2-6	2-12	3-11	3-12	4-5	4-9	5-8	6-9	7-13	10-11
1625	1	7680	0-10	1-13	2-6	2-12	3-4	3-6	4-5	5-8	7-13	9-11	9-12	10-11
1626	1	7680	0-10	1-13	2-6	2-12	3-6	3-11	4-5	4-10	5-8	7-13	9-11	9-12
1627	1	7680	0-10	1-13	2-4	2-6	3-6	3-12	4-5	5-9	7-13	8-12	9-11	10-11
1628	1	7680	0-10	1-13	2-4	2-6	3-5	3-6	4-5	7-13	8-12	9-11	9-12	10-11
1629	1	7680	0-10	1-13	2-6	2-11	3-6	3-12	4-5	4-9	5-9	7-13	8-12	10-11
1630	1	7680	0-10	1-13	2-6	2-11	3-5	3-6	4-5	4-9	7-13	8-12	9-12	10-11
1631	1	7680	0-10	1-13	2-6	2-11	3-6	3-12	4-5	4-10	5-9	7-13	8-12	9-11
1632	1	7680	0-10	1-13	2-6	2-11	3-5	3-6	4-5	4-10	7-13	8-12	9-11	9-12
1633	2	3840	0-10	1-13	2-6	2-11	3-5	3-12	4-5	4-10	6-9	7-13	8-12	9-11
1634	1	7680	0-10	1-13	2-5	2-6	3-6	3-12	4-5	4-9	7-13	8-12	9-11	10-11
1635	1	7680	0-10	1-13	2-5	2-6	3-6	3-11	4-5	4-9	7-13	8-12	9-12	10-11
1636	1	7680	0-10	1-13	2-5	2-6	3-11	3-12	4-5	4-9	6-9	7-13	8-12	10-11
1637	1	7680	0-10	1-13	2-5	2-6	3-4	3-6	4-5	7-13	8-12	9-11	9-12	10-11
1638	1	7680	0-10	1-13	2-5	2-6	3-6	3-11	4-5	4-10	7-13	8-12	9-11	9-12
1639	1	7680	0-10	1-13	2-6	2-12	3-5	3-6	4-5	4-9	7-13	8-12	9-11	10-11
1640	1	7680	0-10	1-13	2-6	2-12	3-6	3-11	4-5	4-9	5-9	7-13	8-12	10-11
1641	1	7680	0-10	1-13	2-6	2-12	3-4	3-6	4-5	5-9	7-13	8-12	9-11	10-11
1642	1	7680	0-10	1-13	2-6	2-12	3-6	3-11	4-5	4-10	5-9	7-13	8-12	9-11
1643	1	7680	0-10	1-13	2-4	2-12	3-6	3-12	4-5	5-9	6-8	7-13	9-11	10-11
1644	1	7680	0-10	1-13	2-11	2-12	3-6	3-12	4-5	4-9	5-9	6-8	7-13	10-11
1645	1	7680	0-10	1-13	2-11	2-12	3-6	3-12	4-5	4-10	5-9	6-8	7-13	9-11
1646	2	3840	0-10	1-13	2-11	2-12	3-5	3-6	4-5	4-10	6-8	7-13	9-11	9-12
1647	1	7680	0-10	1-13	2-6	2-11	3-5	3-12	4-5	4-10	6-8	7-13	9-11	9-12
1648	1	7680	0-10	1-13	2-5	2-12	3-6	3-12	4-5	4-9	6-8	7-13	9-11	10-11
1649	2	3840	0-10	1-13	2-5	2-12	3-6	3-11	4-5	4-9	6-8	7-13	9-12	10-11
1650	1	7680	0-10	1-13	2-5	2-12	3-6	3-11	4-5	4-10	6-8	7-13	9-11	9-12
1651	1	7680	0-10	1-13	2-6	2-12	3-11	3-12	4-5	4-9	5-9	6-8	7-13	10-11
1652	1	7680	0-10	1-13	2-6	2-12	3-4	3-12	4-5	5-9	6-8	7-13	9-11	10-11
1653	1	7680	0-10	1-13	2-6	2-12	3-11	3-12	4-5	4-10	5-9	6-8	7-13	9-11
1654	2	3840	0-4	1-5	2-12	2-13	3-6	3-13	4-5	6-9	7-11	8-10	9-12	10-11
1655	1	7680	0-4	1-5	2-6	2-13	3-6	3-12	4-5	7-11	8-10	9-12	9-13	10-11
1656	1	7680	0-4	1-12	2-6	2-13	3-6	3-8	4-5	5-10	7-11	9-12	9-13	10-11
1657	1	7680	0-4	1-12	2-5	2-13	3-11	3-13	4-5	6-9	6-10	7-11	8-10	9-12
1658	1	7680	0-4	1-12	2-12	2-13	3-11	3-13	4-5	5-9	6-9	6-10	7-11	8-10
1659	1	7680	0-4	1-12	2-12	2-13	3-6	3-13	4-5	5-9	6-9	7-11	8-10	10-11
1660	2	3840	0-4	1-12	2-6	2-13	3-6	3-13	4-5	5-9	7-11	8-10	9-12	10-11
1661	1	7680	0-4	1-12	2-6	2-13	3-5	3-6	4-5	7-11	8-10	9-12	9-13	10-11
1662	1	7680	0-4	1-6	2-12	2-13	3-6	3-12	4-5	5-9	7-11	8-10	9-13	10-11
1663	2	3840	0-4	1-6	2-12	2-13	3-5	3-6	4-5	7-11	8-10	9-12	9-13	10-11
1664	1	7680	0-4	1-13	2-8	2-13	3-6	3-12	4-5	5-10	6-9	7-11	9-12	10-11
1665	1	7680	0-4	1-13	2-12	2-13	3-6	3-12	4-5	5-10	6-9	7-11	8-9	10-11
1666	1	7680	0-4	1-13	2-12	2-13	3-6	3-8	4-5	5-10	6-9	7-11	9-12	10-11
1667	1	7680	0-4	1-13	2-5	2-13	3-6	3-12	4-5	6-9	7-11	8-10	9-12	10-11
1668	1	7680	0-4	1-13	2-12	2-13	3-6	3-12	4-5	5-9	6-9	7-11	8-10	10-11
1669	1	7680	0-4	1-13	2-12	2-13	3-5	3-6	4-5	6-9	7-11	8-10	9-12	10-11
1670	1	7680	0-4	1-13	2-6	2-13	3-6	3-12	4-5	5-9	7-11	8-10	9-12	10-11
1671	4	1920	0-4	1-11	2-12	2-13	3-6	3-13	4-5	5-7	6-9	8-10	9-12	10-11
1672	2	3840	0-4	1-11	2-6	2-13	3-6	3-12	4-5	5-7	8-10	9-12	9-13	10-11
1673	1	7680	0-4	1-12	2-6	2-13	3-6	3-12	4-5	5-7	8-10	9-11	9-13	10-11
1674	1	7680	0-4	1-12	2-6	2-13	3-6	3-11	4-5	5-7	8-10	9-12	9-13	10-11
1675	8	960	0-4	1-12	2-6	2-13	3-11	3-12	4-5	5-7	6-9	8-10	9-13	10-11
1676	1	7680	0-4	1-12	2-12	2-13	3-6	3-13	4-5	5-7	6-9	8-11	9-10	10-11
1677	1	7680	0-4	1-6	2-12	2-13	3-6	3-11	4-5	5-7	8-9	9-13	10-11	10-12
1678	1	7680	0-4	1-6	2-12	2-13	3-6	3-12	4-5	5-7	8-10	9-11	9-13	10-11
1679	2	3840	0-4	1-6	2-12	2-13	3-6	3-11	4-5	5-7	8-10	9-12	9-13	10-11
1680	1	7680	0-4	1-6	2-12	2-13	3-6	3-12	4-5	5-7	8-11	9-10	9-13	10-11
1681	1	7680	0-4	1-13	2-8	2-13	3-6	3-11	4-5	5-7	6-9	9-12	10-11	10-12
1682	1	7680	0-4	1-13	2-12	2-13	3-6	3-11	4-5	5-7	6-9	8-9	10-11	10-12
1683	1	7680	0-4	1-13	2-12	2-13	3-6	3-8	4-5	5-7	6-9	9-11	10-11	10-12
1684	1	7680	0-4	1-13	2-11	2-13	3-6	3-12	4-5	5-7	6-9	8-10	9-12	10-11
1685	1	7680	0-4	1-13	2-6	2-12	3-6	3-13	4-5	5-7	8-10	9-11	9-12	10-11
1686	1	7680	0-4	1-13	2-12	2-13	3-6	3-12	4-5	5-7	6-9	8-10	9-11	10-11
1687	1	7680	0-4	1-13	2-12	2-13	3-6	3-11	4-5	5-7	6-9	8-10	9-12	10-11
1688	1	7680	0-4	1-13	2-6	2-13	3-6	3-12	4-5	5-7	8-10	9-11	9-12	10-11
1689	1	7680	0-4	1-13	2-6	2-13	3-11	3-12	4-5	5-7	6-9	8-10	9-12	10-11
1690	1	7680	0-4	1-13	2-10	2-13	3-6	3-12	4-5	5-7	6-9	8-11	9-12	10-11
1691	1	7680	0-4	1-13	2-12	2-13	3-6	3-12	4-5	5-7	6-9	8-11	9-10	10-11
1692	1	7680	0-4	1-13	2-6	2-13	3-6	3-12	4-5	5-7	8-11	9-10	9-12	10-11
1693	1	7680	0-4	1-10	2-12	2-13	3-6	3-13	4-5	5-9	6-9	7-12	8-11	10-11
1694	2	3840	0-4	1-10	2-6	2-13	3-6	3-13	4-5	5-9	7-12	8-11	9-12	10-11
1695	1	7680	0-4	1-10	2-6	2-13	3-5	3-6	4-5	7-12	8-11	9-12	9-13	10-11
1696	1	7680	0-4	1-10	2-6	2-13	3-6	3-12	4-5	5-8	7-12	9-11	9-13	10-11
1697	1	7680	0-4	1-10	2-6	2-13	3-6	3-11	4-5	5-8	7-12	9-12	9-13	10-11
1698	8	960	0-4	1-10	2-6	2-13	3-11	3-12	4-5	5-8	6-9	7-12	9-13	10-11
1699	2	3840	0-4	1-11	2-6	2-13	3-6	3-8	4-5	5-10	7-12	9-12	9-13	10-11
1700	2	3840	0-4	1-11	2-5	2-13	3-11	3-13	4-5	6-9	6-10	7-12	8-10	9-12
1701	2	3840	0-4	1-11	2-12	2-13	3-11	3-13	4-5	5-9	6-9	6-10	7-12	8-10
1702	1	7680	0-4	1-11	2-12	2-13	3-6	3-13	4-5	5-9	6-9	7-12	8-10	10-11
1703	2	3840	0-4	1-11	2-6	2-13	3-6	3-13	4-5	5-9	7-12	8-10	9-12	10-11
1704	1	7680	0-4	1-11	2-6	2-13	3-5	3-6	4-5	7-12	8-10	9-12	9-13	10-11
1705	1	7680	0-4	1-11	2-12	2-13	3-6	3-13	4-5	5-8	6-9	7-12	9-10	10-11
1706	1	7680	0-4	1-5	2-6	2-13	3-6	3-12	4-5	7-12	8-10	9-11	9-13	10-11
1707	1	7680	0-4	1-5	2-6	2-13	3-6	3-11	4-5	7-12	8-10	9-12	9-13	10-11
1708	8	960	0-4	1-5	2-6	2-13	3-11	3-12	4-5	6-9	7-12	8-10	9-13	10-11
1709	2	3840	0-4	1-5	2-10	2-13	3-11	3-13	4-5	6-9	6-10	7-12	8-11	9-12
1710	2	3840	0-4	1-5	2-12	2-13	3-11	3-13	4-5	6-9	6-10	7-12	8-11	9-10
1711	1	7680	0-4	1-5	2-12	2-13	3-6	3-13	4-5	6-9	7-12	8-11	9-10	10-11
1712	2	3840	0-4	1-5	2-12	2-13	3-6	3-11	4-5	6-10	7-12	8-11	9-10	9-13
1713	4	1920	0-4	1-5	2-6	2-13	3-6	3-9	4-5	7-12	8-11	9-13	10-11	10-12
1714	4	1920	0-4	1-5	2-6	2-13	3-6	3-13	4-5	7-12	8-11	9-10	9-12	10-11
1715	2	3840	0-4	1-5	2-6	2-13	3-6	3-12	4-5	7-12	8-11	9-10	9-13	10-11
1716	1	7680	0-4	1-12	2-5	2-13	3-6	3-13	4-5	6-9	7-12	8-11	9-10	10-11
1717	2	3840	0-4	1-12	2-6	2-13	3-6	3-9	4-5	5-10	7-12	8-11	9-13	10-11
1718	1	7680	0-4	1-12	2-11	2-13	3-6	3-13	4-5	5-8	6-9	7-12	9-10	10-11
1719	4	1920	0-4	1-12	2-6	2-13	3-6	3-13	4-5	5-8	7-12	9-10	9-11	10-11
1720	2	3840	0-4	1-12	2-6	2-13	3-6	3-11	4-5	5-8	7-12	9-10	9-13	10-11
1721	2	3840	0-4	1-6	2-10	2-13	3-11	3-13	4-6	5-10	5-11	7-12	8-9	9-12
1722	1	7680	0-4	1-6	2-11	2-13	3-6	3-12	4-5	5-10	7-12	8-9	9-13	10-11
1723	1	7680	0-4	1-6	2-5	2-13	3-6	3-11	4-5	7-12	8-9	9-13	10-11	10-12
1724	1	7680	0-4	1-6	2-12	2-13	3-6	3-11	4-5	5-10	7-12	8-9	9-13	10-11
1725	1	7680	0-4	1-6	2-12	2-13	3-6	3-8	4-5	5-10	7-12	9-11	9-13	10-11
1726	1	7680	0-4	1-6	2-5	2-13	3-6	3-12	4-5	7-12	8-10	9-11	9-13	10-11
1727	1	7680	0-4	1-6	2-12	2-13	3-5	3-6	4-5	7-12	8-10	9-11	9-13	10-11
1728	1	7680	0-4	1-6	2-12	2-13	3-6	3-11	4-5	5-9	7-12	8-10	9-13	10-11
1729	1	7680	0-4	1-6	2-5	2-13	3-6	3-12	4-5	7-12	8-11	9-10	9-13	10-11
1730	1	7680	0-4	1-6	2-12	2-13	3-6	3-9	4-5	5-10	7-12	8-11	9-13	10-11
1731	1	7680	0-4	1-6	2-12	2-13	3-5	3-6	4-5	7-12	8-11	9-10	9-13	10-11
1732	1	7680	0-4	1-6	2-11	2-13	3-6	3-9	4-5	5-8	7-12	9-13	10-11	10-12
1733	1	7680	0-4	1-6	2-11	2-13	3-6	3-12	4-5	5-8	7-12	9-10	9-13	10-11
1734	1	7680	0-4	1-6	2-12	2-13	3-6	3-11	4-5	5-8	7-12	9-10	9-13	10-11
1735	1	7680	0-4	1-13	2-6	2-8	3-6	3-13	4-5	5-10	7-12	9-11	9-12	10-11
1736	1	7680	0-4	1-13	2-8	2-13	3-6	3-12	4-5	5-10	6-9	7-12	9-11	10-11
1737	1	7680	0-4	1-13	2-8	2-13	3-6	3-11	4-5	5-9	6-9	7-12	10-11	10-12
1738	1	7680	0-4	1-13	2-8	2-13	3-6	3-11	4-5	5-10	6-9	7-12	9-12	10-11
1739	1	7680	0-4	1-13	2-10	2-13	3-6	3-11	4-6	5-10	5-11	7-12	8-9	9-12
1740	1	7680	0-4	1-13	2-11	2-13	3-6	3-12	4-5	5-10	6-9	7-12	8-9	10-11
1741	1	7680	0-4	1-13	2-5	2-13	3-6	3-11	4-5	6-9	7-12	8-9	10-11	10-12
1742	1	7680	0-4	1-13	2-12	2-13	3-6	3-11	4-5	5-10	6-9	7-12	8-9	10-11
1743	1	7680	0-4	1-13	2-6	2-13	3-11	3-12	4-5	5-10	6-9	7-12	8-9	10-11
1744	1	7680	0-4	1-13	2-11	2-13	3-6	3-8	4-5	5-10	6-9	7-12	9-12	10-11
1745	1	7680	0-4	1-13	2-5	2-13	3-6	3-8	4-5	6-9	7-12	9-11	10-11	10-12
1746	1	7680	0-4	1-13	2-12	2-13	3-6	3-8	4-5	5-10	6-9	7-12	9-11	10-11
1747	1	7680	0-4	1-13	2-6	2-13	3-6	3-8	4-5	5-10	7-12	9-11	9-12	10-11
1748	1	7680	0-4	1-13	2-6	2-11	3-6	3-13	4-5	5-9	7-12	8-10	9-12	10-11
1749	1	7680	0-4	1-13	2-11	2-13	3-6	3-12	4-5	5-9	6-9	7-12	8-10	10-11
1750	1	7680	0-4	1-13	2-11	2-13	3-5	3-6	4-5	6-9	7-12	8-10	9-12	10-11
1751	1	7680	0-4	1-13	2-5	2-6	3-6	3-13	4-5	7-12	8-10	9-11	9-12	10-11
1752	1	7680	0-4	1-13	2-5	2-13	3-6	3-12	4-5	6-9	7-12	8-10	9-11	10-11
1753	1	7680	0-4	1-13	2-5	2-13	3-6	3-11	4-5	6-9	7-12	8-10	9-12	10-11
1754	1	7680	0-4	1-13	2-6	2-12	3-6	3-13	4-5	5-9	7-12	8-10	9-11	10-11
1755	1	7680	0-4	1-13	2-12	2-13	3-5	3-6	4-5	6-9	7-12	8-10	9-11	10-11
1756	1	7680	0-4	1-13	2-12	2-13	3-6	3-11	4-5	5-9	6-9	7-12	8-10	10-11
1757	1	7680	0-4	1-13	2-6	2-13	3-6	3-12	4-5	5-9	7-12	8-10	9-11	10-11
1758	1	7680	0-4	1-13	2-6	2-13	3-5	3-6	4-5	7-12	8-10	9-11	9-12	10-11
1759	1	7680	0-4	1-13	2-6	2-13	3-6	3-11	4-5	5-9	7-12	8-10	9-12	10-11
1760	1	7680	0-4	1-13	2-6	2-13	3-11	3-12	4-5	5-9	6-9	7-12	8-10	10-11
1761	1	7680	0-4	1-13	2-3	2-13	3-6	4-5	5-10	6-9	7-12	8-11	9-12	10-11
1762	1	7680	0-4	1-13	2-10	2-13	3-6	3-12	4-5	5-9	6-9	7-12	8-11	10-11
1763	1	7680	0-4	1-13	2-10	2-13	3-5	3-6	4-5	6-9	7-12	8-11	9-12	10-11
1764	1	7680	0-4	1-13	2-5	2-13	3-6	3-12	4-5	6-9	7-12	8-11	9-10	10-11
1765	1	7680	0-4	1-13	2-12	2-13	3-6	3-9	4-5	5-10	6-9	7-12	8-11	10-11
1766	1	7680	0-4	1-13	2-12	2-13	3-5	3-6	4-5	6-9	7-12	8-11	9-10	10-11
1767	1	7680	0-4	1-13	2-6	2-13	3-5	3-6	4-5	7-12	8-11	9-10	9-12	10-11
1768	1	7680	0-4	1-13	2-3	2-13	3-6	4-5	5-8	6-9	7-12	9-11	10-11	10-12
1769	1	7680	0-4	1-13	2-6	2-10	3-6	3-13	4-5	5-8	7-12	9-11	9-12	10-11
1770	1	7680	0-4	1-13	2-10	2-13	3-6	3-12	4-5	5-8	6-9	7-12	9-11	10-11
1771	1	7680	0-4	1-13	2-10	2-13	3-6	3-11	4-5	5-8	6-9	7-12	9-12	10-11
1772	1	7680	0-4	1-13	2-11	2-13	3-6	3-9	4-5	5-8	6-9	7-12	10-11	10-12
1773	1	7680	0-4	1-13	2-11	2-13	3-6	3-12	4-5	5-8	6-9	7-12	9-10	10-11
1774	1	7680	0-4	1-13	2-12	2-13	3-6	3-11	4-5	5-8	6-9	7-12	9-10	10-11
1775	1	7680	0-4	1-13	2-6	2-13	3-6	3-12	4-5	5-8	7-12	9-10	9-11	10-11
1776	1	7680	0-4	1-13	2-6	2-13	3-6	3-11	4-5	5-8	7-12	9-10	9-12	10-11
1777	1	7680	0-4	1-13	2-6	2-13	3-11	3-12	4-5	5-8	6-9	7-12	9-10	10-11
1778	1	7680	0-4	1-9	2-12	2-13	3-6	3-11	4-5	5-8	6-7	9-13	10-11	10-12
1779	1	7680	0-4	1-9	2-11	2-13	3-6	3-12	4-5	5-10	6-7	8-12	9-13	10-11
1780	1	7680	0-4	1-9	2-5	2-13	3-6	3-11	4-5	6-7	8-12	9-13	10-11	10-12
1781	1	7680	0-4	1-9	2-12	2-13	3-6	3-11	4-5	5-10	6-7	8-12	9-13	10-11
1782	1	7680	0-4	1-3	2-12	2-13	3-6	4-5	5-10	6-7	8-12	9-11	9-13	10-11
1783	1	7680	0-4	1-10	2-12	2-13	3-6	3-12	4-5	5-9	6-7	8-11	9-13	10-11
1784	2	3840	0-4	1-10	2-12	2-13	3-5	3-6	4-5	6-7	8-11	9-12	9-13	10-11
1785	1	7680	0-4	1-10	2-12	2-13	3-6	3-12	4-5	5-8	6-7	9-11	9-13	10-11
1786	2	3840	0-4	1-10	2-12	2-13	3-6	3-11	4-5	5-8	6-7	9-12	9-13	10-11
1787	1	7680	0-4	1-10	2-5	2-13	3-6	3-12	4-5	6-7	8-12	9-11	9-13	10-11
1788	1	7680	0-4	1-10	2-12	2-13	3-5	3-6	4-5	6-7	8-12	9-11	9-13	10-11
1789	1	7680	0-4	1-10	2-12	2-13	3-6	3-11	4-5	5-9	6-7	8-12	9-13	10-11
1790	1	7680	0-4	1-11	2-12	2-13	3-6	3-12	4-5	5-9	6-7	8-10	9-13	10-11
1791	2	3840	0-4	1-11	2-12	2-13	3-5	3-6	4-5	6-7	8-10	9-12	9-13	10-11
1792	1	7680	0-4	1-11	2-12	2-13	3-6	3-12	4-5	5-8	6-7	9-10	9-13	10-11
1793	1	7680	0-4	1-11	2-5	2-13	3-6	3-12	4-5	6-7	8-12	9-10	9-13	10-11
1794	1	7680	0-4	1-11	2-12	2-13	3-6	3-9	4-5	5-10	6-7	8-12	9-13	10-11
1795	1	7680	0-4	1-11	2-12	2-13	3-5	3-6	4-5	6-7	8-12	9-10	9-13	10-11
1796	1	7680	0-4	1-5	2-12	2-13	3-6	3-11	4-5	6-7	8-9	9-13	10-11	10-12
1797	1	7680	0-4	1-5	2-12	2-13	3-6	3-12	4-5	6-7	8-10	9-11	9-13	10-11
1798	2	3840	0-4	1-5	2-12	2-13	3-6	3-11	4-5	6-7	8-10	9-12	9-13	10-11
1799	1	7680	0-4	1-5	2-12	2-13	3-6	3-12	4-5	6-7	8-11	9-10	9-13	10-11
1800	1	7680	0-4	1-5	2-11	2-13	3-6	3-9	4-5	6-7	8-12	9-13	10-11	10-12
1801	1	7680	0-4	1-5	2-11	2-13	3-6	3-12	4-5	6-7	8-12	9-10	9-13	10-11
1802	1	7680	0-4	1-5	2-12	2-13	3-6	3-11	4-5	6-7	8-12	9-10	9-13	10-11
1803	2	3840	0-4	1-12	2-10	2-13	3-11	3-13	4-6	5-10	5-11	6-7	8-9	9-12
1804	1	7680	0-4	1-12	2-11	2-13	3-6	3-12	4-5	5-10	6-7	8-9	9-13	10-11
1805	1	7680	0-4	1-12	2-5	2-13	3-6	3-11	4-5	6-7	8-9	9-13	10-11	10-12
1806	1	7680	0-4	1-12	2-12	2-13	3-6	3-11	4-5	5-10	6-7	8-9	9-13	10-11
1807	1	7680	0-4	1-12	2-12	2-13	3-6	3-8	4-5	5-10	6-7	9-11	9-13	10-11
1808	1	7680	0-4	1-12	2-5	2-13	3-6	3-12	4-5	6-7	8-10	9-11	9-13	10-11
1809	1	7680	0-4	1-12	2-12	2-13	3-5	3-6	4-5	6-7	8-10	9-11	9-13	10-11
1810	1	7680	0-4	1-12	2-12	2-13	3-6	3-11	4-5	5-9	6-7	8-10	9-13	10-11
1811	1	7680	0-4	1-12	2-5	2-13	3-6	3-12	4-5	6-7	8-11	9-10	9-13	10-11
1812	1	7680	0-4	1-12	2-12	2-13	3-6	3-9	4-5	5-10	6-7	8-11	9-13	10-11
1813	1	7680	0-4	1-12	2-12	2-13	3-5	3-6	4-5	6-7	8-11	9-10	9-13	10-11
1814	1	7680	0-4	1-12	2-11	2-13	3-6	3-9	4-5	5-8	6-7	9-13	10-11	10-12
1815	1	7680	0-4	1-12	2-11	2-13	3-6	3-12	4-5	5-8	6-7	9-10	9-13	10-11
1816	1	7680	0-4	1-12	2-12	2-13	3-6	3-11	4-5	5-8	6-7	9-10	9-13	10-11
1817	1	7680	0-4	1-12	2-11	2-13	3-6	3-9	4-5	5-10	6-7	8-12	9-13	10-11
1818	1	7680	0-4	1-12	2-11	2-13	3-5	3-6	4-5	6-7	8-12	9-10	9-13	10-11
1819	1	7680	0-4	1-12	2-5	2-13	3-6	3-11	4-5	6-7	8-12	9-10	9-13	10-11
1820	1	7680	0-4	1-13	2-8	2-13	3-6	3-12	4-5	5-10	6-7	9-11	9-12	10-11
1821	1	7680	0-4	1-13	2-12	2-13	3-11	3-12	4-5	5-10	6-7	6-9	8-9	10-11
1822	1	7680	0-4	1-13	2-12	2-13	3-6	3-8	4-5	5-10	6-7	9-11	9-12	10-11
1823	1	7680	0-4	1-13	2-11	2-13	3-6	3-12	4-5	5-9	6-7	8-10	9-12	10-11
1824	1	7680	0-4	1-13	2-5	2-13	3-6	3-12	4-5	6-7	8-10	9-11	9-12	10-11
1825	1	7680	0-4	1-13	2-12	2-13	3-6	3-12	4-5	5-9	6-7	8-10	9-11	10-11
1826	1	7680	0-4	1-13	2-12	2-13	3-5	3-6	4-5	6-7	8-10	9-11	9-12	10-11
1827	1	7680	0-4	1-13	2-12	2-13	3-6	3-11	4-5	5-9	6-7	8-10	9-12	10-11
1828	1	7680	0-4	1-13	2-12	2-13	3-11	3-12	4-5	5-9	6-7	6-9	8-10	10-11
1829	1	7680	0-4	1-13	2-10	2-13	3-6	3-12	4-5	5-8	6-7	9-11	9-12	10-11
1830	1	7680	0-4	1-13	2-12	2-13	3-11	3-12	4-5	5-8	6-7	6-9	9-10	10-11
1831	1	7680	0-4	1-13	2-3	2-13	3-6	4-5	5-10	6-7	8-12	9-11	9-12	10-11
1832	1	7680	0-4	1-13	2-10	2-13	3-6	3-12	4-5	5-9	6-7	8-12	9-11	10-11
1833	1	7680	0-4	1-13	2-10	2-13	3-5	3-6	4-5	6-7	8-12	9-11	9-12	10-11
1834	1	7680	0-4	1-13	2-10	2-13	3-6	3-11	4-5	5-9	6-7	8-12	9-12	10-11
1835	1	7680	0-4	1-13	2-11	2-13	3-5	3-6	4-5	6-7	8-12	9-10	9-12	10-11
1836	1	7680	0-4	1-13	2-5	2-13	3-11	3-12	4-5	6-7	6-9	8-12	9-10	10-11
1837	1	7680	0-4	1-13	2-12	2-13	3-5	3-6	4-5	6-7	8-12	9-10	9-11	10-11
1838	1	7680	0-4	1-13	2-12	2-13	3-6	3-11	4-10	5-9	5-10	6-7	8-12	9-11
1839	1	7680	0-4	1-2	2-13	3-6	3-11	4-5	5-8	6-9	7-13	9-12	10-11	10-12
1840	1	7680	0-4	1-2	2-6	3-6	3-13	4-5	5-10	7-13	8-12	9-11	9-12	10-11
1841	1	7680	0-4	1-2	2-13	3-6	3-12	4-5	5-10	6-9	7-13	8-12	9-11	10-11
1842	1	7680	0-4	1-2	2-13	3-6	3-11	4-5	5-9	6-9	7-13	8-12	10-11	10-12
1843	1	7680	0-4	1-2	2-13	3-6	3-11	4-5	5-10	6-9	7-13	8-12	9-12	10-11
1844	1	7680	0-4	1-2	2-13	3-6	3-12	4-5	5-10	6-8	7-13	9-11	9-12	10-11
1845	1	7680	0-4	1-2	2-6	3-6	3-12	4-5	5-10	7-13	8-13	9-11	9-12	10-11
1846	1	7680	0-4	1-9	2-12	2-13	3-6	3-11	4-5	5-8	6-9	7-13	10-11	10-12
1847	1	7680	0-4	1-9	2-10	2-13	3-6	3-11	4-6	5-10	5-11	7-13	8-12	9-12
1848	1	7680	0-4	1-9	2-11	2-13	3-6	3-12	4-5	5-10	6-9	7-13	8-12	10-11
1849	1	7680	0-4	1-9	2-5	2-13	3-6	3-11	4-5	6-9	7-13	8-12	10-11	10-12
1850	1	7680	0-4	1-9	2-12	2-13	3-6	3-11	4-5	5-10	6-9	7-13	8-12	10-11
1851	1	7680	0-4	1-9	2-12	2-13	3-11	3-12	4-5	5-10	6-8	6-9	7-13	10-11
1852	1	7680	0-4	1-9	2-6	2-12	3-11	3-12	4-5	5-10	6-9	7-13	8-13	10-11
1853	1	7680	0-4	1-3	2-12	2-13	3-6	4-5	5-10	6-9	7-13	8-11	9-12	10-11
1854	1	7680	0-4	1-3	2-12	2-13	3-6	4-5	5-8	6-9	7-13	9-11	10-11	10-12
1855	1	7680	0-4	1-3	2-11	2-13	3-6	4-5	5-10	6-9	7-13	8-12	9-12	10-11
1856	1	7680	0-4	1-3	2-5	2-13	3-6	4-5	6-9	7-13	8-12	9-11	10-11	10-12
1857	1	7680	0-4	1-3	2-12	2-13	3-6	4-5	5-10	6-9	7-13	8-12	9-11	10-11
1858	1	7680	0-4	1-3	2-6	2-13	3-6	4-5	5-10	7-13	8-12	9-11	9-12	10-11
1859	1	7680	0-4	1-3	2-12	2-13	3-6	4-5	5-10	6-8	7-13	9-11	9-12	10-11
1860	1	7680	0-4	1-3	2-6	2-12	3-6	4-5	5-10	7-13	8-13	9-11	9-12	10-11
1861	1	7680	0-4	1-10	2-5	2-13	3-6	3-12	4-5	6-9	7-13	8-11	9-12	10-11
1862	1	7680	0-4	1-10	2-12	2-13	3-6	3-12	4-5	5-9	6-9	7-13	8-11	10-11
1863	1	7680	0-4	1-10	2-12	2-13	3-5	3-6	4-5	6-9	7-13	8-11	9-12	10-11
1864	1	7680	0-4	1-10	2-6	2-13	3-6	3-12	4-5	5-9	7-13	8-11	9-12	10-11
1865	1	7680	0-4	1-10	2-11	2-13	3-6	3-12	4-5	5-8	6-9	7-13	9-12	10-11
1866	1	7680	0-4	1-10	2-6	2-12	3-6	3-13	4-5	5-8	7-13	9-11	9-12	10-11
1867	1	7680	0-4	1-10	2-12	2-13	3-6	3-12	4-5	5-8	6-9	7-13	9-11	10-11
1868	1	7680	0-4	1-10	2-12	2-13	3-6	3-11	4-5	5-8	6-9	7-13	9-12	10-11
1869	1	7680	0-4	1-10	2-6	2-13	3-6	3-12	4-5	5-8	7-13	9-11	9-12	10-11
1870	1	7680	0-4	1-10	2-6	2-13	3-11	3-12	4-5	5-8	6-9	7-13	9-12	10-11
1871	1	7680	0-4	1-10	2-6	2-11	3-6	3-13	4-5	5-9	7-13	8-12	9-12	10-11
1872	1	7680	0-4	1-10	2-11	2-13	3-6	3-12	4-5	5-9	6-9	7-13	8-12	10-11
1873	1	7680	0-4	1-10	2-11	2-13	3-5	3-6	4-5	6-9	7-13	8-12	9-12	10-11
1874	1	7680	0-4	1-10	2-5	2-6	3-6	3-13	4-5	7-13	8-12	9-11	9-12	10-11
1875	1	7680	0-4	1-10	2-5	2-13	3-6	3-12	4-5	6-9	7-13	8-12	9-11	10-11
1876	1	7680	0-4	1-10	2-5	2-13	3-6	3-11	4-5	6-9	7-13	8-12	9-12	10-11
1877	1	7680	0-4	1-10	2-6	2-12	3-6	3-13	4-5	5-9	7-13	8-12	9-11	10-11
1878	1	7680	0-4	1-10	2-12	2-13	3-5	3-6	4-5	6-9	7-13	8-12	9-11	10-11
1879	1	7680	0-4	1-10	2-12	2-13	3-6	3-11	4-5	5-9	6-9	7-13	8-12	10-11
1880	1	7680	0-4	1-10	2-6	2-13	3-6	3-12	4-5	5-9	7-13	8-12	9-11	10-11
1881	1	7680	0-4	1-10	2-6	2-13	3-5	3-6	4-5	7-13	8-12	9-11	9-12	10-11
1882	1	7680	0-4	1-10	2-6	2-13	3-6	3-11	4-5	5-9	7-13	8-12	9-12	10-11
1883	1	7680	0-4	1-10	2-6	2-13	3-11	3-12	4-5	5-9	6-9	7-13	8-12	10-11
1884	1	7680	0-4	1-10	2-11	2-13	3-6	3-12	4-5	5-9	6-8	7-13	9-12	10-11
1885	1	7680	0-4	1-10	2-5	2-13	3-6	3-12	4-5	6-8	7-13	9-11	9-12	10-11
1886	1	7680	0-4	1-10	2-12	2-13	3-6	3-12	4-5	5-9	6-8	7-13	9-11	10-11
1887	1	7680	0-4	1-10	2-12	2-13	3-5	3-6	4-5	6-8	7-13	9-11	9-12	10-11
1888	1	7680	0-4	1-10	2-12	2-13	3-6	3-11	4-5	5-9	6-8	7-13	9-12	10-11
1889	1	7680	0-4	1-10	2-12	2-13	3-11	3-12	4-5	5-9	6-8	6-9	7-13	10-11
1890	1	7680	0-4	1-10	2-6	2-13	3-11	3-12	4-5	5-9	6-8	7-13	9-12	10-11
1891	1	7680	0-4	1-10	2-6	2-11	3-6	3-12	4-5	5-9	7-13	8-13	9-12	10-11
1892	1	7680	0-4	1-10	2-5	2-6	3-6	3-12	4-5	7-13	8-13	9-11	9-12	10-11
1893	1	7680	0-4	1-10	2-6	2-12	3-6	3-12	4-5	5-9	7-13	8-13	9-11	10-11
1894	1	7680	0-4	1-10	2-6	2-12	3-5	3-6	4-5	7-13	8-13	9-11	9-12	10-11
1895	1	7680	0-4	1-10	2-6	2-12	3-6	3-11	4-5	5-9	7-13	8-13	9-12	10-11
1896	1	7680	0-4	1-10	2-6	2-12	3-11	3-12	4-5	5-9	6-9	7-13	8-13	10-11
1897	2	3840	0-4	1-11	2-8	2-13	3-6	3-12	4-5	5-10	6-9	7-13	9-12	10-11
1898	2	3840	0-4	1-11	2-12	2-13	3-6	3-12	4-5	5-10	6-9	7-13	8-9	10-11
1899	1	7680	0-4	1-11	2-12	2-13	3-6	3-8	4-5	5-10	6-9	7-13	9-12	10-11
1900	1	7680	0-4	1-11	2-5	2-13	3-6	3-12	4-5	6-9	7-13	8-10	9-12	10-11
1901	1	7680	0-4	1-11	2-12	2-13	3-6	3-12	4-5	5-9	6-9	7-13	8-10	10-11
1902	1	7680	0-4	1-11	2-12	2-13	3-5	3-6	4-5	6-9	7-13	8-10	9-12	10-11
1903	1	7680	0-4	1-11	2-6	2-13	3-6	3-12	4-5	5-9	7-13	8-10	9-12	10-11
1904	1	7680	0-4	1-11	2-10	2-13	3-6	3-12	4-5	5-8	6-9	7-13	9-12	10-11
1905	1	7680	0-4	1-11	2-12	2-13	3-6	3-12	4-5	5-8	6-9	7-13	9-10	10-11
1906	1	7680	0-4	1-11	2-6	2-13	3-6	3-12	4-5	5-8	7-13	9-10	9-12	10-11
1907	1	7680	0-4	1-11	2-3	2-13	3-6	4-5	5-10	6-9	7-13	8-12	9-12	10-11
1908	1	7680	0-4	1-11	2-10	2-13	3-6	3-12	4-5	5-9	6-9	7-13	8-12	10-11
1909	1	7680	0-4	1-11	2-10	2-13	3-5	3-6	4-5	6-9	7-13	8-12	9-12	10-11
1910	1	7680	0-4	1-11	2-5	2-13	3-6	3-12	4-5	6-9	7-13	8-12	9-10	10-11
1911	1	7680	0-4	1-11	2-12	2-13	3-6	3-9	4-5	5-10	6-9	7-13	8-12	10-11
1912	1	7680	0-4	1-11	2-12	2-13	3-5	3-6	4-5	6-9	7-13	8-12	9-10	10-11
1913	1	7680	0-4	1-11	2-6	2-13	3-5	3-6	4-5	7-13	8-12	9-10	9-12	10-11
1914	1	7680	0-4	1-5	2-8	2-13	3-6	3-11	4-5	6-9	7-13	9-12	10-11	10-12
1915	1	7680	0-4	1-5	2-12	2-13	3-6	3-11	4-5	6-9	7-13	8-9	10-11	10-12
1916	1	7680	0-4	1-5	2-12	2-13	3-6	3-8	4-5	6-9	7-13	9-11	10-11	10-12
1917	1	7680	0-4	1-5	2-11	2-13	3-6	3-12	4-5	6-9	7-13	8-10	9-12	10-11
1918	1	7680	0-4	1-5	2-6	2-12	3-6	3-13	4-5	7-13	8-10	9-11	9-12	10-11
1919	1	7680	0-4	1-5	2-12	2-13	3-6	3-12	4-5	6-9	7-13	8-10	9-11	10-11
1920	1	7680	0-4	1-5	2-12	2-13	3-6	3-11	4-5	6-9	7-13	8-10	9-12	10-11
1921	1	7680	0-4	1-5	2-6	2-13	3-6	3-12	4-5	7-13	8-10	9-11	9-12	10-11
1922	1	7680	0-4	1-5	2-6	2-13	3-11	3-12	4-5	6-9	7-13	8-10	9-12	10-11
1923	1	7680	0-4	1-5	2-10	2-13	3-6	3-12	4-5	6-9	7-13	8-11	9-12	10-11
1924	1	7680	0-4	1-5	2-12	2-13	3-6	3-12	4-5	6-9	7-13	8-11	9-10	10-11
1925	1	7680	0-4	1-5	2-6	2-13	3-6	3-12	4-5	7-13	8-11	9-10	9-12	10-11
1926	1	7680	0-4	1-5	2-3	2-13	3-6	4-5	6-9	7-13	8-12	9-11	10-11	10-12
1927	1	7680	0-4	1-5	2-6	2-10	3-6	3-13	4-5	7-13	8-12	9-11	9-12	10-11
1928	1	7680	0-4	1-5	2-10	2-13	3-6	3-12	4-5	6-9	7-13	8-12	9-11	10-11
1929	1	7680	0-4	1-5	2-10	2-13	3-6	3-11	4-5	6-9	7-13	8-12	9-12	10-11
1930	1	7680	0-4	1-5	2-11	2-13	3-6	3-9	4-5	6-9	7-13	8-12	10-11	10-12
1931	1	7680	0-4	1-5	2-11	2-13	3-6	3-12	4-5	6-9	7-13	8-12	9-10	10-11
1932	1	7680	0-4	1-5	2-12	2-13	3-6	3-11	4-5	6-9	7-13	8-12	9-10	10-11
1933	1	7680	0-4	1-5	2-6	2-13	3-6	3-12	4-5	7-13	8-12	9-10	9-11	10-11
1934	1	7680	0-4	1-5	2-6	2-13	3-6	3-11	4-5	7-13	8-12	9-10	9-12	10-11
1935	1	7680	0-4	1-5	2-6	2-13	3-11	3-12	4-5	6-9	7-13	8-12	9-10	10-11
1936	1	7680	0-4	1-5	2-10	2-13	3-6	3-12	4-5	6-8	7-13	9-11	9-12	10-11
1937	2	3840	0-4	1-5	2-11	2-13	3-6	3-12	4-5	6-8	7-13	9-10	9-12	10-11
1938	2	3840	0-4	1-5	2-12	2-13	3-6	3-11	4-5	6-8	7-13	9-10	9-12	10-11
1939	1	7680	0-4	1-5	2-12	2-13	3-11	3-12	4-5	6-8	6-9	7-13	9-10	10-11
1940	1	7680	0-4	1-12	2-6	2-8	3-6	3-13	4-5	5-10	7-13	9-11	9-12	10-11
1941	1	7680	0-4	1-12	2-8	2-13	3-6	3-12	4-5	5-10	6-9	7-13	9-11	10-11
1942	1	7680	0-4	1-12	2-8	2-13	3-6	3-11	4-5	5-9	6-9	7-13	10-11	10-12
1943	1	7680	0-4	1-12	2-8	2-13	3-6	3-11	4-5	5-10	6-9	7-13	9-12	10-11
1944	1	7680	0-4	1-12	2-10	2-13	3-6	3-11	4-6	5-10	5-11	7-13	8-9	9-12
1945	1	7680	0-4	1-12	2-11	2-13	3-6	3-12	4-5	5-10	6-9	7-13	8-9	10-11
1946	1	7680	0-4	1-12	2-5	2-13	3-6	3-11	4-5	6-9	7-13	8-9	10-11	10-12
1947	1	7680	0-4	1-12	2-12	2-13	3-6	3-11	4-5	5-10	6-9	7-13	8-9	10-11
1948	1	7680	0-4	1-12	2-11	2-13	3-6	3-8	4-5	5-10	6-9	7-13	9-12	10-11
1949	1	7680	0-4	1-12	2-5	2-13	3-6	3-8	4-5	6-9	7-13	9-11	10-11	10-12
1950	1	7680	0-4	1-12	2-12	2-13	3-6	3-8	4-5	5-10	6-9	7-13	9-11	10-11
1951	1	7680	0-4	1-12	2-6	2-13	3-6	3-8	4-5	5-10	7-13	9-11	9-12	10-11
1952	1	7680	0-4	1-12	2-6	2-11	3-6	3-13	4-5	5-9	7-13	8-10	9-12	10-11
1953	1	7680	0-4	1-12	2-11	2-13	3-6	3-12	4-5	5-9	6-9	7-13	8-10	10-11
1954	1	7680	0-4	1-12	2-11	2-13	3-5	3-6	4-5	6-9	7-13	8-10	9-12	10-11
1955	1	7680	0-4	1-12	2-5	2-6	3-6	3-13	4-5	7-13	8-10	9-11	9-12	10-11
1956	1	7680	0-4	1-12	2-5	2-13	3-6	3-12	4-5	6-9	7-13	8-10	9-11	10-11
1957	1	7680	0-4	1-12	2-5	2-13	3-6	3-11	4-5	6-9	7-13	8-10	9-12	10-11
1958	1	7680	0-4	1-12	2-6	2-12	3-6	3-13	4-5	5-9	7-13	8-10	9-11	10-11
1959	1	7680	0-4	1-12	2-12	2-13	3-5	3-6	4-5	6-9	7-13	8-10	9-11	10-11
1960	1	7680	0-4	1-12	2-12	2-13	3-6	3-11	4-5	5-9	6-9	7-13	8-10	10-11
1961	1	7680	0-4	1-12	2-6	2-13	3-6	3-12	4-5	5-9	7-13	8-10	9-11	10-11
1962	1	7680	0-4	1-12	2-6	2-13	3-5	3-6	4-5	7-13	8-10	9-11	9-12	10-11
1963	1	7680	0-4	1-12	2-6	2-13	3-6	3-11	4-5	5-9	7-13	8-10	9-12	10-11
1964	1	7680	0-4	1-12	2-6	2-13	3-11	3-12	4-5	5-9	6-9	7-13	8-10	10-11
1965	1	7680	0-4	1-12	2-3	2-13	3-6	4-5	5-10	6-9	7-13	8-11	9-12	10-11
1966	1	7680	0-4	1-12	2-10	2-13	3-6	3-12	4-5	5-9	6-9	7-13	8-11	10-11
1967	1	7680	0-4	1-12	2-10	2-13	3-5	3-6	4-5	6-9	7-13	8-11	9-12	10-11
1968	1	7680	0-4	1-12	2-5	2-13	3-6	3-12	4-5	6-9	7-13	8-11	9-10	10-11
1969	1	7680	0-4	1-12	2-12	2-13	3-6	3-9	4-5	5-10	6-9	7-13	8-11	10-11
1970	1	7680	0-4	1-12	2-12	2-13	3-5	3-6	4-5	6-9	7-13	8-11	9-10	10-11
1971	1	7680	0-4	1-12	2-6	2-13	3-5	3-6	4-5	7-13	8-11	9-10	9-12	10-11
1972	1	7680	0-4	1-12	2-3	2-13	3-6	4-5	5-8	6-9	7-13	9-11	10-11	10-12
1973	1	7680	0-4	1-12	2-6	2-10	3-6	3-13	4-5	5-8	7-13	9-11	9-12	10-11
1974	1	7680	0-4	1-12	2-10	2-13	3-6	3-12	4-5	5-8	6-9	7-13	9-11	10-11
1975	1	7680	0-4	1-12	2-10	2-13	3-6	3-11	4-5	5-8	6-9	7-13	9-12	10-11
1976	1	7680	0-4	1-12	2-11	2-13	3-6	3-9	4-5	5-8	6-9	7-13	10-11	10-12
1977	1	7680	0-4	1-12	2-11	2-13	3-6	3-12	4-5	5-8	6-9	7-13	9-10	10-11
1978	1	7680	0-4	1-12	2-12	2-13	3-6	3-11	4-5	5-8	6-9	7-13	9-10	10-11
1979	1	7680	0-4	1-12	2-6	2-13	3-6	3-12	4-5	5-8	7-13	9-10	9-11	10-11
1980	1	7680	0-4	1-12	2-6	2-13	3-6	3-11	4-5	5-8	7-13	9-10	9-12	10-11
1981	1	7680	0-4	1-12	2-6	2-13	3-11	3-12	4-5	5-8	6-9	7-13	9-10	10-11
1982	1	7680	0-4	1-12	2-3	2-13	3-6	4-5	5-10	6-9	7-13	8-12	9-11	10-11
1983	1	7680	0-4	1-12	2-6	2-10	3-6	3-13	4-5	5-9	7-13	8-12	9-11	10-11
1984	1	7680	0-4	1-12	2-10	2-13	3-5	3-6	4-5	6-9	7-13	8-12	9-11	10-11
1985	1	7680	0-4	1-12	2-10	2-13	3-6	3-11	4-5	5-9	6-9	7-13	8-12	10-11
1986	1	7680	0-4	1-12	2-11	2-13	3-6	3-9	4-5	5-10	6-9	7-13	8-12	10-11
1987	1	7680	0-4	1-12	2-11	2-13	3-5	3-6	4-5	6-9	7-13	8-12	9-10	10-11
1988	1	7680	0-4	1-12	2-5	2-13	3-6	3-11	4-5	6-9	7-13	8-12	9-10	10-11
1989	1	7680	0-4	1-12	2-6	2-13	3-5	3-6	4-5	7-13	8-12	9-10	9-11	10-11
1990	1	7680	0-4	1-12	2-3	2-13	3-6	4-5	5-10	6-8	7-13	9-11	9-12	10-11
1991	1	7680	0-4	1-12	2-10	2-13	3-6	3-12	4-5	5-9	6-8	7-13	9-11	10-11
1992	1	7680	0-4	1-12	2-10	2-13	3-5	3-6	4-5	6-8	7-13	9-11	9-12	10-11
1993	1	7680	0-4	1-12	2-10	2-13	3-6	3-11	4-5	5-9	6-8	7-13	9-12	10-11
1994	1	7680	0-4	1-12	2-11	2-13	3-5	3-6	4-5	6-8	7-13	9-10	9-12	10-11
1995	1	7680	0-4	1-12	2-5	2-13	3-11	3-12	4-5	6-8	6-9	7-13	9-10	10-11
1996	2	3840	0-4	1-12	2-5	2-13	3-6	3-11	4-10	5-10	6-8	7-13	9-11	9-12
1997	1	7680	0-4	1-12	2-12	2-13	3-5	3-6	4-5	6-8	7-13	9-10	9-11	10-11
1998	1	7680	0-4	1-12	2-12	2-13	3-6	3-11	4-10	5-9	5-10	6-8	7-13	9-11
1999	1	7680	0-4	1-6	2-8	2-13	3-6	3-12	4-5	5-10	7-13	9-11	9-12	10-11
2000	1	7680	0-4	1-6	2-12	2-13	3-11	3-12	4-5	5-10	6-9	7-13	8-9	10-11
2001	1	7680	0-4	1-6	2-12	2-13	3-6	3-8	4-5	5-10	7-13	9-11	9-12	10-11
2002	1	7680	0-4	1-6	2-11	2-13	3-6	3-12	4-5	5-9	7-13	8-10	9-12	10-11
2003	1	7680	0-4	1-6	2-5	2-13	3-6	3-12	4-5	7-13	8-10	9-11	9-12	10-11
2004	1	7680	0-4	1-6	2-12	2-13	3-6	3-12	4-5	5-9	7-13	8-10	9-11	10-11
2005	1	7680	0-4	1-6	2-12	2-13	3-5	3-6	4-5	7-13	8-10	9-11	9-12	10-11
2006	1	7680	0-4	1-6	2-12	2-13	3-6	3-11	4-5	5-9	7-13	8-10	9-12	10-11
2007	1	7680	0-4	1-6	2-12	2-13	3-11	3-12	4-5	5-9	6-9	7-13	8-10	10-11
2008	1	7680	0-4	1-6	2-6	2-13	3-11	3-12	4-5	5-9	7-13	8-10	9-12	10-11
2009	1	7680	0-4	1-6	2-10	2-13	3-6	3-12	4-5	5-8	7-13	9-11	9-12	10-11
2010	1	7680	0-4	1-6	2-12	2-13	3-6	3-12	4-5	5-8	7-13	9-10	9-11	10-11
2011	1	7680	0-4	1-6	2-12	2-13	3-11	3-12	4-5	5-8	6-9	7-13	9-10	10-11
2012	1	7680	0-4	1-6	2-6	2-13	3-11	3-12	4-5	5-8	7-13	9-10	9-12	10-11
2013	1	7680	0-4	1-6	2-3	2-13	3-6	4-5	5-10	7-13	8-12	9-11	9-12	10-11
2014	1	7680	0-4	1-6	2-10	2-13	3-6	3-12	4-5	5-9	7-13	8-12	9-11	10-11
2015	1	7680	0-4	1-6	2-10	2-13	3-5	3-6	4-5	7-13	8-12	9-11	9-12	10-11
2016	1	7680	0-4	1-6	2-10	2-13	3-6	3-11	4-5	5-9	7-13	8-12	9-12	10-11
2017	1	7680	0-4	1-6	2-11	2-13	3-5	3-6	4-5	7-13	8-12	9-10	9-12	10-11
2018	1	7680	0-4	1-6	2-5	2-13	3-11	3-12	4-5	6-9	7-13	8-12	9-10	10-11
2019	1	7680	0-4	1-6	2-12	2-13	3-5	3-6	4-5	7-13	8-12	9-10	9-11	10-11
2020	1	7680	0-4	1-6	2-12	2-13	3-6	3-11	4-10	5-9	5-10	7-13	8-12	9-11
2021	1	7680	0-4	1-13	2-6	2-8	3-6	3-12	4-5	5-10	7-13	9-11	9-12	10-11
2022	1	7680	0-4	1-13	2-6	2-12	3-11	3-12	4-5	5-10	6-9	7-13	8-9	10-11
2023	1	7680	0-4	1-13	2-6	2-12	3-6	3-8	4-5	5-10	7-13	9-11	9-12	10-11
2024	1	7680	0-4	1-13	2-6	2-11	3-6	3-12	4-5	5-9	7-13	8-10	9-12	10-11
2025	1	7680	0-4	1-13	2-5	2-6	3-6	3-12	4-5	7-13	8-10	9-11	9-12	10-11
2026	1	7680	0-4	1-13	2-6	2-12	3-6	3-12	4-5	5-9	7-13	8-10	9-11	10-11
2027	1	7680	0-4	1-13	2-6	2-12	3-5	3-6	4-5	7-13	8-10	9-11	9-12	10-11
2028	1	7680	0-4	1-13	2-6	2-12	3-6	3-11	4-5	5-9	7-13	8-10	9-12	10-11
2029	1	7680	0-4	1-13	2-6	2-12	3-11	3-12	4-5	5-9	6-9	7-13	8-10	10-11
2030	1	7680	0-4	1-13	2-6	2-10	3-6	3-12	4-5	5-8	7-13	9-11	9-12	10-11
2031	2	3840	0-4	1-13	2-6	2-12	3-6	3-12	4-5	5-8	7-13	9-10	9-11	10-11
2032	1	7680	0-4	1-13	2-6	2-12	3-11	3-12	4-5	5-8	6-9	7-13	9-10	10-11
2033	1	7680	0-4	1-13	2-3	2-6	3-6	4-5	5-10	7-13	8-12	9-11	9-12	10-11
2034	1	7680	0-4	1-13	2-6	2-10	3-6	3-12	4-5	5-9	7-13	8-12	9-11	10-11
2035	1	7680	0-4	1-13	2-6	2-10	3-5	3-6	4-5	7-13	8-12	9-11	9-12	10-11
2036	1	7680	0-4	1-13	2-6	2-10	3-6	3-11	4-5	5-9	7-13	8-12	9-12	10-11
2037	1	7680	0-4	1-13	2-6	2-11	3-5	3-6	4-5	7-13	8-12	9-10	9-12	10-11
2038	1	7680	0-4	1-13	2-5	2-6	3-11	3-12	4-5	6-9	7-13	8-12	9-10	10-11
2039	1	7680	0-4	1-13	2-6	2-12	3-5	3-6	4-5	7-13	8-12	9-10	9-11	10-11
2040	1	7680	0-4	1-13	2-6	2-12	3-6	3-11	4-10	5-9	5-10	7-13	8-12	9-11
2041	1	7680	0-4	1-13	2-6	2-10	3-11	3-12	4-5	5-9	6-8	7-13	9-12	10-11
2042	1	7680	0-4	1-13	2-5	2-6	3-11	3-12	4-5	6-8	7-13	9-10	9-12	10-11
2043	4	1920	0-11	1-4	2-12	2-13	3-6	3-13	4-5	5-10	6-9	7-8	9-12	10-11
2044	2	3840	0-11	1-4	2-6	2-13	3-6	3-12	4-5	5-10	7-8	9-12	9-13	10-11
2045	2	3840	0-11	1-5	2-12	2-13	3-6	3-13	4-5	4-7	6-9	8-10	9-12	10-11
2046	1	7680	0-11	1-5	2-6	2-13	3-6	3-12	4-5	4-7	8-10	9-12	9-13	10-11
2047	1	7680	0-11	1-12	2-6	2-13	3-6	3-8	4-5	4-7	5-10	9-12	9-13	10-11
2048	1	7680	0-11	1-12	2-5	2-13	3-11	3-13	4-5	4-7	6-9	6-10	8-10	9-12
2049	1	7680	0-11	1-12	2-12	2-13	3-11	3-13	4-5	4-7	5-9	6-9	6-10	8-10
2050	1	7680	0-11	1-12	2-12	2-13	3-6	3-13	4-5	4-7	5-9	6-9	8-10	10-11
2051	2	3840	0-11	1-12	2-6	2-13	3-6	3-13	4-5	4-7	5-9	8-10	9-12	10-11
2052	1	7680	0-11	1-12	2-6	2-13	3-5	3-6	4-5	4-7	8-10	9-12	9-13	10-11
2053	1	7680	0-11	1-6	2-12	2-13	3-6	3-12	4-5	4-7	5-9	8-10	9-13	10-11
2054	2	3840	0-11	1-6	2-12	2-13	3-5	3-6	4-5	4-7	8-10	9-12	9-13	10-11
2055	1	7680	0-11	1-13	2-8	2-13	3-6	3-12	4-5	4-7	5-10	6-9	9-12	10-11
2056	1	7680	0-11	1-13	2-12	2-13	3-6	3-12	4-5	4-7	5-10	6-9	8-9	10-11
2057	1	7680	0-11	1-13	2-12	2-13	3-6	3-8	4-5	4-7	5-10	6-9	9-12	10-11
2058	1	7680	0-11	1-13	2-5	2-13	3-6	3-12	4-5	4-7	6-9	8-10	9-12	10-11
2059	1	7680	0-11	1-13	2-12	2-13	3-6	3-12	4-5	4-7	5-9	6-9	8-10	10-11
2060	1	7680	0-11	1-13	2-12	2-13	3-5	3-6	4-5	4-7	6-9	8-10	9-12	10-11
2061	1	7680	0-11	1-13	2-6	2-13	3-6	3-12	4-5	4-7	5-9	8-10	9-12	10-11
2062	2	3840	0-11	1-5	2-12	2-13	3-6	3-13	4-5	4-10	6-9	7-11	8-10	9-12
2063	1	7680	0-11	1-5	2-6	2-13	3-6	3-12	4-5	4-10	7-11	8-10	9-12	9-13
2064	1	7680	0-11	1-12	2-5	2-13	3-4	3-13	4-5	6-9	6-10	7-11	8-10	9-12
2065	1	7680	0-11	1-12	2-12	2-13	3-4	3-13	4-5	5-9	6-9	6-10	7-11	8-10
2066	1	7680	0-11	1-12	2-12	2-13	3-6	3-13	4-5	4-10	5-9	6-9	7-11	8-10
2067	2	3840	0-11	1-12	2-6	2-13	3-6	3-13	4-5	4-10	5-9	7-11	8-10	9-12
2068	1	7680	0-11	1-12	2-6	2-13	3-6	3-12	4-5	4-10	5-9	7-11	8-10	9-13
2069	1	7680	0-11	1-12	2-6	2-13	3-5	3-6	4-5	4-10	7-11	8-10	9-12	9-13
2070	8	960	0-11	1-12	2-6	2-13	3-5	3-12	4-5	4-10	6-9	7-11	8-10	9-13
2071	1	7680	0-11	1-6	2-12	2-13	3-6	3-12	4-5	4-10	5-9	7-11	8-10	9-13
2072	2	3840	0-11	1-6	2-12	2-13	3-5	3-6	4-5	4-10	7-11	8-10	9-12	9-13
2073	1	7680	0-11	1-13	2-5	2-13	3-6	3-12	4-5	4-10	6-9	7-11	8-10	9-12
2074	1	7680	0-11	1-13	2-6	2-12	3-6	3-13	4-5	4-10	5-9	7-11	8-10	9-12
2075	1	7680	0-11	1-13	2-12	2-13	3-6	3-12	4-5	4-10	5-9	6-9	7-11	8-10
2076	1	7680	0-11	1-13	2-12	2-13	3-5	3-6	4-5	4-10	6-9	7-11	8-10	9-12
2077	1	7680	0-11	1-13	2-6	2-13	3-6	3-12	4-5	4-10	5-9	7-11	8-10	9-12
2078	1	7680	0-11	1-13	2-6	2-13	3-5	3-12	4-5	4-10	6-9	7-11	8-10	9-12
2079	4	1920	0-11	1-4	2-12	2-13	3-6	3-13	4-5	5-7	6-9	8-10	9-12	10-11
2080	2	3840	0-11	1-4	2-6	2-13	3-6	3-12	4-5	5-7	8-10	9-12	9-13	10-11
2081	4	1920	0-11	1-11	2-12	2-13	3-6	3-13	4-5	4-10	5-7	6-9	8-10	9-12
2082	2	3840	0-11	1-11	2-6	2-13	3-6	3-12	4-5	4-10	5-7	8-10	9-12	9-13
2083	1	7680	0-11	1-12	2-12	2-13	3-6	3-13	4-5	4-10	5-7	6-9	8-9	10-11
2084	1	7680	0-11	1-12	2-12	2-13	3-6	3-13	4-5	4-9	5-7	6-9	8-10	10-11
2085	1	7680	0-11	1-12	2-12	2-13	3-6	3-13	4-5	4-10	5-7	6-9	8-10	9-11
2086	2	3840	0-11	1-12	2-6	2-13	3-6	3-13	4-5	4-9	5-7	8-10	9-12	10-11
2087	1	7680	0-11	1-12	2-6	2-13	3-6	3-12	4-5	4-9	5-7	8-10	9-13	10-11
2088	1	7680	0-11	1-12	2-6	2-13	3-6	3-12	4-5	4-10	5-7	8-10	9-11	9-13
2089	8	960	0-11	1-12	2-6	2-13	3-4	3-12	4-5	5-7	6-9	8-10	9-13	10-11
2090	8	960	0-11	1-12	2-6	2-13	3-11	3-12	4-5	4-10	5-7	6-9	8-10	9-13
2091	2	3840	0-11	1-12	2-10	2-13	3-11	3-13	4-5	4-8	5-7	6-9	6-10	9-12
2092	2	3840	0-11	1-12	2-12	2-13	3-11	3-13	4-5	4-8	5-7	6-9	6-10	9-10
2093	1	7680	0-11	1-12	2-12	2-13	3-6	3-13	4-5	4-8	5-7	6-9	9-10	10-11
2094	2	3840	0-11	1-12	2-12	2-13	3-6	3-11	4-5	4-8	5-7	6-10	9-10	9-13
2095	4	1920	0-11	1-12	2-6	2-13	3-6	3-9	4-5	4-8	5-7	9-13	10-11	10-12
2096	4	1920	0-11	1-12	2-6	2-13	3-6	3-13	4-5	4-8	5-7	9-10	9-12	10-11
2097	2	3840	0-11	1-12	2-6	2-13	3-6	3-12	4-5	4-8	5-7	9-10	9-13	10-11
2098	1	7680	0-11	1-12	2-10	2-13	3-4	3-13	4-5	5-7	6-9	6-10	8-11	9-12
2099	1	7680	0-11	1-12	2-12	2-13	3-4	3-13	4-5	5-7	6-9	6-10	8-11	9-10
2100	1	7680	0-11	1-12	2-12	2-13	3-6	3-13	4-5	4-10	5-7	6-9	8-11	9-10
2101	1	7680	0-11	1-12	2-12	2-13	3-4	3-6	4-5	5-7	6-10	8-11	9-10	9-13
2102	2	3840	0-11	1-12	2-6	2-13	3-6	3-13	4-5	4-10	5-7	8-11	9-10	9-12
2103	1	7680	0-11	1-12	2-6	2-13	3-6	3-12	4-5	4-10	5-7	8-11	9-10	9-13
2104	1	7680	0-11	1-6	2-12	2-13	3-4	3-6	4-5	5-7	8-9	9-13	10-11	10-12
2105	1	7680	0-11	1-6	2-12	2-13	3-6	3-12	4-5	4-10	5-7	8-9	9-13	10-11
2106	1	7680	0-11	1-6	2-11	2-13	3-8	3-13	4-5	4-6	5-7	9-10	9-12	10-12
2107	1	7680	0-11	1-6	2-12	2-13	3-6	3-8	4-5	4-9	5-7	9-13	10-11	10-12
2108	1	7680	0-11	1-6	2-11	2-13	3-9	3-13	4-5	4-6	5-7	8-10	9-12	10-12
2109	1	7680	0-11	1-6	2-12	2-13	3-6	3-12	4-5	4-9	5-7	8-10	9-13	10-11
2110	1	7680	0-11	1-6	2-12	2-13	3-6	3-12	4-5	4-10	5-7	8-10	9-11	9-13
2111	2	3840	0-11	1-6	2-12	2-13	3-4	3-6	4-5	5-7	8-10	9-12	9-13	10-11
2112	2	3840	0-11	1-6	2-12	2-13	3-6	3-11	4-5	4-10	5-7	8-10	9-12	9-13
2113	1	7680	0-11	1-6	2-12	2-13	3-6	3-12	4-5	4-8	5-7	9-10	9-13	10-11
2114	1	7680	0-11	1-6	2-12	2-13	3-6	3-12	4-5	4-10	5-7	8-11	9-10	9-13
2115	1	7680	0-11	1-13	2-8	2-13	3-4	3-6	4-5	5-7	6-9	9-12	10-11	10-12
2116	1	7680	0-11	1-13	2-8	2-13	3-6	3-12	4-5	4-10	5-7	6-9	9-12	10-11
2117	1	7680	0-11	1-13	2-12	2-13	3-4	3-6	4-5	5-7	6-9	8-9	10-11	10-12
2118	1	7680	0-11	1-13	2-12	2-13	3-6	3-12	4-5	4-10	5-7	6-9	8-9	10-11
2119	1	7680	0-11	1-13	2-12	2-13	3-6	3-8	4-5	4-9	5-7	6-9	10-11	10-12
2120	1	7680	0-11	1-13	2-4	2-13	3-6	3-12	4-5	5-7	6-9	8-10	9-12	10-11
2121	1	7680	0-11	1-13	2-11	2-13	3-6	3-12	4-5	4-10	5-7	6-9	8-10	9-12
2122	1	7680	0-11	1-13	2-6	2-12	3-12	3-13	4-5	4-6	5-7	8-10	9-10	9-11
2123	1	7680	0-11	1-13	2-6	2-12	3-6	3-13	4-5	4-9	5-7	8-10	9-12	10-11
2124	1	7680	0-11	1-13	2-6	2-12	3-6	3-13	4-5	4-10	5-7	8-10	9-11	9-12
2125	1	7680	0-11	1-13	2-12	2-13	3-6	3-12	4-5	4-9	5-7	6-9	8-10	10-11
2126	1	7680	0-11	1-13	2-12	2-13	3-6	3-12	4-5	4-10	5-7	6-9	8-10	9-11
2127	1	7680	0-11	1-13	2-12	2-13	3-4	3-6	4-5	5-7	6-9	8-10	9-12	10-11
2128	1	7680	0-11	1-13	2-12	2-13	3-6	3-11	4-5	4-10	5-7	6-9	8-10	9-12
2129	1	7680	0-11	1-13	2-6	2-13	3-6	3-12	4-5	4-9	5-7	8-10	9-12	10-11
2130	1	7680	0-11	1-13	2-6	2-13	3-6	3-12	4-5	4-10	5-7	8-10	9-11	9-12
2131	1	7680	0-11	1-13	2-10	2-13	3-6	3-12	4-5	4-8	5-7	6-9	9-12	10-11
2132	1	7680	0-11	1-13	2-12	2-13	3-6	3-12	4-5	4-8	5-7	6-9	9-10	10-11
2133	1	7680	0-11	1-13	2-12	2-13	3-5	3-6	4-8	4-10	5-7	6-9	9-12	10-11
2134	1	7680	0-11	1-13	2-6	2-13	3-6	3-12	4-5	4-8	5-7	9-10	9-12	10-11
2135	1	7680	0-11	1-13	2-10	2-13	3-6	3-12	4-5	4-10	5-7	6-9	8-11	9-12
2136	1	7680	0-11	1-13	2-6	2-12	3-6	3-13	4-5	4-10	5-7	8-11	9-10	9-12
2137	1	7680	0-11	1-13	2-12	2-13	3-6	3-12	4-5	4-10	5-7	6-9	8-11	9-10
2138	1	7680	0-11	1-13	2-6	2-13	3-6	3-12	4-5	4-10	5-7	8-11	9-10	9-12
2139	1	7680	0-11	1-9	2-12	2-13	3-6	3-13	4-5	4-10	5-8	6-9	7-12	10-11
2140	1	7680	0-11	1-9	2-5	2-13	3-6	3-13	4-5	4-10	6-9	7-12	8-12	10-11
2141	2	3840	0-11	1-3	2-6	2-13	3-6	4-5	4-10	5-10	7-12	8-12	9-11	9-13
2142	1	7680	0-11	1-10	2-12	2-13	3-6	3-13	4-5	4-8	5-9	6-9	7-12	10-11
2143	2	3840	0-11	1-10	2-6	2-13	3-6	3-13	4-5	4-8	5-9	7-12	9-12	10-11
2144	1	7680	0-11	1-10	2-6	2-13	3-5	3-6	4-5	4-8	7-12	9-12	9-13	10-11
2145	1	7680	0-11	1-10	2-12	2-13	3-6	3-13	4-5	4-10	5-9	6-9	7-12	8-11
2146	2	3840	0-11	1-10	2-6	2-13	3-6	3-13	4-5	4-10	5-9	7-12	8-11	9-12
2147	1	7680	0-11	1-10	2-6	2-13	3-6	3-12	4-5	4-10	5-9	7-12	8-11	9-13
2148	1	7680	0-11	1-10	2-6	2-13	3-5	3-6	4-5	4-10	7-12	8-11	9-12	9-13
2149	8	960	0-11	1-10	2-6	2-13	3-5	3-12	4-5	4-10	6-9	7-12	8-11	9-13
2150	1	7680	0-11	1-10	2-12	2-13	3-6	3-13	4-5	4-9	5-8	6-9	7-12	10-11
2151	1	7680	0-11	1-10	2-12	2-13	3-6	3-13	4-5	4-10	5-8	6-9	7-12	9-11
2152	2	3840	0-11	1-10	2-6	2-13	3-6	3-13	4-5	4-9	5-8	7-12	9-12	10-11
2153	2	3840	0-11	1-10	2-6	2-13	3-6	3-12	4-5	4-9	5-8	7-12	9-13	10-11
2154	1	7680	0-11	1-10	2-6	2-13	3-6	3-12	4-5	4-10	5-8	7-12	9-11	9-13
2155	16	480	0-11	1-10	2-6	2-13	3-4	3-12	4-5	5-8	6-9	7-12	9-13	10-11
2156	16	480	0-11	1-10	2-6	2-13	3-11	3-12	4-5	4-10	5-8	6-9	7-12	9-13
2157	1	7680	0-11	1-10	2-5	2-13	3-6	3-13	4-5	4-9	6-9	7-12	8-12	10-11
2158	1	7680	0-11	1-10	2-5	2-13	3-6	3-13	4-5	4-10	6-9	7-12	8-12	9-11
2159	2	3840	0-11	1-10	2-6	2-13	3-6	3-13	4-5	4-9	5-9	7-12	8-12	10-11
2160	2	3840	0-11	1-10	2-6	2-13	3-5	3-6	4-5	4-9	7-12	8-12	9-13	10-11
2161	1	7680	0-11	1-10	2-6	2-13	3-5	3-6	4-5	4-10	7-12	8-12	9-11	9-13
2162	16	480	0-11	1-10	2-6	2-13	3-4	3-5	4-5	6-9	7-12	8-12	9-13	10-11
2163	16	480	0-11	1-10	2-6	2-13	3-5	3-11	4-5	4-10	6-9	7-12	8-12	9-13
2164	2	3840	0-11	1-4	2-6	2-13	3-6	3-8	4-5	5-10	7-12	9-12	9-13	10-11
2165	2	3840	0-11	1-4	2-5	2-13	3-11	3-13	4-5	6-9	6-10	7-12	8-10	9-12
2166	2	3840	0-11	1-4	2-12	2-13	3-11	3-13	4-5	5-9	6-9	6-10	7-12	8-10
2167	1	7680	0-11	1-4	2-12	2-13	3-6	3-13	4-5	5-9	6-9	7-12	8-10	10-11
2168	2	3840	0-11	1-4	2-6	2-13	3-6	3-13	4-5	5-9	7-12	8-10	9-12	10-11
2169	1	7680	0-11	1-4	2-6	2-13	3-5	3-6	4-5	7-12	8-10	9-12	9-13	10-11
2170	1	7680	0-11	1-4	2-12	2-13	3-6	3-13	4-5	5-8	6-9	7-12	9-10	10-11
2171	1	7680	0-11	1-4	2-5	2-13	3-6	3-13	4-5	6-9	7-12	8-12	9-10	10-11
2172	2	3840	0-11	1-4	2-6	2-13	3-6	3-9	4-5	5-10	7-12	8-12	9-13	10-11
2173	2	3840	0-11	1-11	2-5	2-13	3-4	3-13	4-5	6-9	6-10	7-12	8-10	9-12
2174	2	3840	0-11	1-11	2-12	2-13	3-4	3-13	4-5	5-9	6-9	6-10	7-12	8-10
2175	1	7680	0-11	1-11	2-12	2-13	3-6	3-13	4-5	4-10	5-9	6-9	7-12	8-10
2176	2	3840	0-11	1-11	2-6	2-13	3-6	3-13	4-5	4-10	5-9	7-12	8-10	9-12
2177	1	7680	0-11	1-11	2-6	2-13	3-6	3-12	4-5	4-10	5-9	7-12	8-10	9-13
2178	1	7680	0-11	1-11	2-6	2-13	3-5	3-6	4-5	4-10	7-12	8-10	9-12	9-13
2179	8	960	0-11	1-11	2-6	2-13	3-5	3-12	4-5	4-10	6-9	7-12	8-10	9-13
2180	24	320	0-11	1-11	2-3	2-13	3-13	4-5	4-12	5-8	6-9	6-10	7-12	9-10
2181	24	320	0-11	1-11	2-10	2-13	3-9	3-13	4-5	4-12	5-8	6-9	6-10	7-12
2182	1	7680	0-11	1-11	2-10	2-13	3-4	3-13	4-5	5-8	6-9	6-10	7-12	9-12
2183	1	7680	0-11	1-11	2-12	2-13	3-4	3-13	4-5	5-8	6-9	6-10	7-12	9-10
2184	1	7680	0-11	1-11	2-12	2-13	3-6	3-13	4-5	4-10	5-8	6-9	7-12	9-10
2185	1	7680	0-11	1-11	2-12	2-13	3-4	3-6	4-5	5-8	6-10	7-12	9-10	9-13
2186	2	3840	0-11	1-11	2-6	2-13	3-6	3-13	4-5	4-10	5-8	7-12	9-10	9-12
2187	1	7680	0-11	1-11	2-6	2-13	3-6	3-12	4-5	4-10	5-8	7-12	9-10	9-13
2188	2	3840	0-11	1-11	2-5	2-13	3-6	3-13	4-5	4-10	6-9	7-12	8-12	9-10
2189	1	7680	0-11	1-5	2-12	2-13	3-6	3-13	4-5	4-10	6-9	7-12	8-9	10-11
2190	1	7680	0-11	1-5	2-12	2-13	3-6	3-13	4-5	4-9	6-9	7-12	8-10	10-11
2191	1	7680	0-11	1-5	2-12	2-13	3-6	3-13	4-5	4-10	6-9	7-12	8-10	9-11
2192	2	3840	0-11	1-5	2-6	2-13	3-6	3-13	4-5	4-9	7-12	8-10	9-12	10-11
2193	1	7680	0-11	1-5	2-6	2-13	3-6	3-12	4-5	4-9	7-12	8-10	9-13	10-11
2194	1	7680	0-11	1-5	2-6	2-13	3-6	3-12	4-5	4-10	7-12	8-10	9-11	9-13
2195	8	960	0-11	1-5	2-6	2-13	3-4	3-12	4-5	6-9	7-12	8-10	9-13	10-11
2196	8	960	0-11	1-5	2-6	2-13	3-11	3-12	4-5	4-10	6-9	7-12	8-10	9-13
2197	1	7680	0-11	1-5	2-10	2-13	3-11	3-13	4-5	4-8	6-9	6-10	7-12	9-12
2198	1	7680	0-11	1-5	2-12	2-13	3-11	3-13	4-5	4-8	6-9	6-10	7-12	9-10
2199	1	7680	0-11	1-5	2-12	2-13	3-6	3-13	4-5	4-8	6-9	7-12	9-10	10-11
2200	1	7680	0-11	1-5	2-12	2-13	3-6	3-11	4-5	4-8	6-10	7-12	9-10	9-13
2201	2	3840	0-11	1-5	2-6	2-13	3-6	3-9	4-5	4-8	7-12	9-13	10-11	10-12
2202	2	3840	0-11	1-5	2-6	2-13	3-6	3-13	4-5	4-8	7-12	9-10	9-12	10-11
2203	1	7680	0-11	1-5	2-6	2-13	3-6	3-12	4-5	4-8	7-12	9-10	9-13	10-11
2204	12	640	0-11	1-5	2-3	2-13	3-13	4-5	4-12	6-9	6-10	7-12	8-11	9-10
2205	12	640	0-11	1-5	2-10	2-13	3-9	3-13	4-5	4-12	6-9	6-10	7-12	8-11
2206	1	7680	0-11	1-5	2-10	2-13	3-4	3-13	4-5	6-9	6-10	7-12	8-11	9-12
2207	1	7680	0-11	1-5	2-12	2-13	3-4	3-13	4-5	6-9	6-10	7-12	8-11	9-10
2208	1	7680	0-11	1-5	2-12	2-13	3-6	3-13	4-5	4-10	6-9	7-12	8-11	9-10
2209	1	7680	0-11	1-5	2-12	2-13	3-4	3-6	4-5	6-10	7-12	8-11	9-10	9-13
2210	2	3840	0-11	1-5	2-6	2-13	3-6	3-13	4-5	4-10	7-12	8-11	9-10	9-12
2211	1	7680	0-11	1-5	2-6	2-13	3-6	3-12	4-5	4-10	7-12	8-11	9-10	9-13
2212	1	7680	0-11	1-12	2-5	2-13	3-6	3-13	4-5	4-10	6-9	7-12	8-9	10-11
2213	1	7680	0-11	1-12	2-6	2-13	3-6	3-8	4-5	4-10	5-10	7-12	9-11	9-13
2214	1	7680	0-11	1-12	2-5	2-13	3-6	3-13	4-5	4-9	6-9	7-12	8-10	10-11
2215	1	7680	0-11	1-12	2-5	2-13	3-6	3-13	4-5	4-10	6-9	7-12	8-10	9-11
2216	2	3840	0-11	1-12	2-6	2-13	3-6	3-13	4-5	4-9	5-9	7-12	8-10	10-11
2217	1	7680	0-11	1-12	2-6	2-13	3-5	3-6	4-5	4-9	7-12	8-10	9-13	10-11
2218	1	7680	0-11	1-12	2-6	2-13	3-5	3-6	4-5	4-10	7-12	8-10	9-11	9-13
2219	8	960	0-11	1-12	2-6	2-13	3-4	3-5	4-5	6-9	7-12	8-10	9-13	10-11
2220	8	960	0-11	1-12	2-6	2-13	3-5	3-11	4-5	4-10	6-9	7-12	8-10	9-13
2221	1	7680	0-11	1-12	2-5	2-13	3-6	3-13	4-5	4-8	6-9	7-12	9-10	10-11
2222	2	3840	0-11	1-12	2-6	2-13	3-6	3-9	4-5	4-8	5-10	7-12	9-13	10-11
2223	2	3840	0-11	1-12	2-10	2-13	3-4	3-13	4-5	5-9	6-9	6-10	7-12	8-11
2224	2	3840	0-11	1-12	2-5	2-13	3-4	3-13	4-5	6-9	6-10	7-12	8-11	9-10
2225	1	7680	0-11	1-12	2-5	2-13	3-6	3-13	4-5	4-10	6-9	7-12	8-11	9-10
2226	2	3840	0-11	1-12	2-5	2-13	3-4	3-6	4-5	6-10	7-12	8-11	9-10	9-13
2227	4	1920	0-11	1-12	2-6	2-13	3-6	3-9	4-5	4-10	5-10	7-12	8-11	9-13
2228	4	1920	0-11	1-12	2-6	2-13	3-6	3-13	4-5	4-10	5-9	7-12	8-11	9-10
2229	2	3840	0-11	1-12	2-6	2-13	3-5	3-6	4-5	4-10	7-12	8-11	9-10	9-13
2230	1	7680	0-11	1-12	2-11	2-13	3-6	3-13	4-5	4-10	5-8	6-9	7-12	9-10
2231	1	7680	0-11	1-6	2-8	2-13	3-9	3-13	4-5	4-6	5-10	7-12	9-12	10-11
2232	1	7680	0-11	1-6	2-8	2-13	3-4	3-13	4-6	5-10	5-11	7-12	9-10	9-12
2233	1	7680	0-11	1-6	2-8	2-13	3-11	3-13	4-5	4-6	5-10	7-12	9-10	9-12
2234	1	7680	0-11	1-6	2-3	2-13	3-13	4-5	4-6	5-10	7-12	8-9	9-12	10-11
2235	1	7680	0-11	1-6	2-10	2-13	3-12	3-13	4-5	4-6	5-9	7-12	8-9	10-11
2236	1	7680	0-11	1-6	2-10	2-13	3-11	3-13	4-5	4-6	5-10	7-12	8-9	9-12
2237	1	7680	0-11	1-6	2-4	2-13	3-6	3-12	4-5	5-10	7-12	8-9	9-13	10-11
2238	1	7680	0-11	1-6	2-5	2-13	3-4	3-6	4-5	7-12	8-9	9-13	10-11	10-12
2239	1	7680	0-11	1-6	2-5	2-13	3-6	3-12	4-5	4-10	7-12	8-9	9-13	10-11
2240	1	7680	0-11	1-6	2-12	2-13	3-4	3-6	4-5	5-10	7-12	8-9	9-13	10-11
2241	1	7680	0-11	1-6	2-12	2-13	3-6	3-11	4-5	4-10	5-10	7-12	8-9	9-13
2242	1	7680	0-11	1-6	2-12	2-13	3-5	3-6	4-5	4-10	7-12	8-9	9-13	10-11
2243	1	7680	0-11	1-6	2-12	2-13	3-6	3-8	4-5	4-9	5-10	7-12	9-13	10-11
2244	1	7680	0-11	1-6	2-3	2-13	3-13	4-5	4-6	5-10	7-12	8-10	9-11	9-12
2245	1	7680	0-11	1-6	2-10	2-13	3-12	3-13	4-5	4-6	5-9	7-12	8-10	9-11
2246	1	7680	0-11	1-6	2-11	2-13	3-9	3-13	4-5	4-6	5-10	7-12	8-10	9-12
2247	1	7680	0-11	1-6	2-11	2-13	3-12	3-13	4-5	4-6	5-9	7-12	8-10	9-10
2248	1	7680	0-11	1-6	2-5	2-13	3-6	3-12	4-5	4-9	7-12	8-10	9-13	10-11
2249	1	7680	0-11	1-6	2-5	2-13	3-6	3-12	4-5	4-10	7-12	8-10	9-11	9-13
2250	1	7680	0-11	1-6	2-12	2-13	3-5	3-6	4-5	4-9	7-12	8-10	9-13	10-11
2251	1	7680	0-11	1-6	2-12	2-13	3-5	3-6	4-5	4-10	7-12	8-10	9-11	9-13
2252	1	7680	0-11	1-6	2-5	2-13	3-6	3-12	4-5	4-8	7-12	9-10	9-13	10-11
2253	1	7680	0-11	1-6	2-12	2-13	3-6	3-9	4-5	4-8	5-10	7-12	9-13	10-11
2254	1	7680	0-11	1-6	2-12	2-13	3-5	3-6	4-5	4-8	7-12	9-10	9-13	10-11
2255	1	7680	0-11	1-6	2-3	2-13	3-13	4-5	4-6	5-10	7-12	8-11	9-10	9-12
2256	1	7680	0-11	1-6	2-5	2-13	3-6	3-12	4-5	4-10	7-12	8-11	9-10	9-13
2257	1	7680	0-11	1-6	2-12	2-13	3-5	3-6	4-5	4-10	7-12	8-11	9-10	9-13
2258	1	7680	0-11	1-6	2-4	2-13	3-6	3-9	4-5	5-8	7-12	9-13	10-11	10-12
2259	1	7680	0-11	1-6	2-4	2-13	3-6	3-12	4-5	5-8	7-12	9-10	9-13	10-11
2260	1	7680	0-11	1-6	2-11	2-13	3-6	3-12	4-5	4-10	5-8	7-12	9-10	9-13
2261	1	7680	0-11	1-13	2-8	2-13	3-6	3-9	4-5	4-12	5-10	6-9	7-12	10-11
2262	1	7680	0-11	1-13	2-8	2-13	3-6	3-12	4-5	4-6	5-9	7-12	9-10	10-11
2263	1	7680	0-11	1-13	2-8	2-13	3-4	3-6	4-6	5-10	5-11	7-12	9-10	9-12
2264	1	7680	0-11	1-13	2-8	2-13	3-6	3-11	4-5	4-6	5-10	7-12	9-10	9-12
2265	1	7680	0-11	1-13	2-8	2-13	3-5	3-6	4-5	4-12	6-9	7-12	9-10	10-11
2266	1	7680	0-11	1-13	2-8	2-13	3-6	3-12	4-5	4-9	5-10	6-9	7-12	10-11
2267	1	7680	0-11	1-13	2-8	2-13	3-4	3-6	4-5	5-9	6-9	7-12	10-11	10-12
2268	1	7680	0-11	1-13	2-8	2-13	3-6	3-12	4-5	4-10	5-9	6-9	7-12	10-11
2269	1	7680	0-11	1-13	2-8	2-13	3-4	3-6	4-5	5-10	6-9	7-12	9-12	10-11
2270	1	7680	0-11	1-13	2-8	2-13	3-6	3-11	4-5	4-10	5-10	6-9	7-12	9-12
2271	1	7680	0-11	1-13	2-8	2-13	3-5	3-6	4-5	4-10	6-9	7-12	9-12	10-11
2272	1	7680	0-11	1-13	2-3	2-13	3-6	4-5	4-12	5-10	6-9	7-12	8-9	10-11
2273	1	7680	0-11	1-13	2-10	2-13	3-6	3-12	4-5	4-6	5-9	7-12	8-9	10-11
2274	2	3840	0-11	1-13	2-10	2-13	3-4	3-6	4-6	5-10	5-11	7-12	8-9	9-12
2275	1	7680	0-11	1-13	2-10	2-13	3-6	3-11	4-5	4-6	5-10	7-12	8-9	9-12
2276	1	7680	0-11	1-13	2-10	2-13	3-5	3-6	4-5	4-6	7-12	8-9	9-12	10-11
2277	1	7680	0-11	1-13	2-10	2-13	3-5	3-6	4-5	4-12	6-9	7-12	8-9	10-11
2278	1	7680	0-11	1-13	2-4	2-13	3-6	3-12	4-5	5-10	6-9	7-12	8-9	10-11
2279	1	7680	0-11	1-13	2-5	2-13	3-4	3-6	4-5	6-9	7-12	8-9	10-11	10-12
2280	1	7680	0-11	1-13	2-5	2-13	3-6	3-12	4-5	4-10	6-9	7-12	8-9	10-11
2281	1	7680	0-11	1-13	2-12	2-13	3-4	3-6	4-5	5-10	6-9	7-12	8-9	10-11
2282	1	7680	0-11	1-13	2-12	2-13	3-6	3-11	4-5	4-10	5-10	6-9	7-12	8-9
2283	1	7680	0-11	1-13	2-12	2-13	3-5	3-6	4-5	4-10	6-9	7-12	8-9	10-11
2284	1	7680	0-11	1-13	2-6	2-10	3-8	3-13	4-5	4-6	5-10	7-12	9-11	9-12
2285	1	7680	0-11	1-13	2-4	2-13	3-6	3-8	4-5	5-10	6-9	7-12	9-12	10-11
2286	1	7680	0-11	1-13	2-6	2-11	3-8	3-13	4-5	4-6	5-10	7-12	9-10	9-12
2287	1	7680	0-11	1-13	2-5	2-13	3-6	3-8	4-5	4-9	6-9	7-12	10-11	10-12
2288	1	7680	0-11	1-13	2-12	2-13	3-6	3-8	4-5	4-9	5-10	6-9	7-12	10-11
2289	1	7680	0-11	1-13	2-12	2-13	3-6	3-8	4-5	4-10	5-10	6-9	7-12	9-11
2290	1	7680	0-11	1-13	2-6	2-13	3-6	3-8	4-5	4-9	5-10	7-12	9-12	10-11
2291	1	7680	0-11	1-13	2-3	2-6	3-13	4-5	4-6	5-10	7-12	8-10	9-11	9-12
2292	1	7680	0-11	1-13	2-6	2-10	3-6	3-13	4-5	4-12	5-9	7-12	8-10	9-11
2293	1	7680	0-11	1-13	2-10	2-13	3-6	3-12	4-5	4-6	5-9	7-12	8-10	9-11
2294	1	7680	0-11	1-13	2-4	2-6	3-6	3-13	4-5	5-9	7-12	8-10	9-12	10-11
2295	1	7680	0-11	1-13	2-4	2-13	3-6	3-12	4-5	5-9	6-9	7-12	8-10	10-11
2296	1	7680	0-11	1-13	2-4	2-13	3-5	3-6	4-5	6-9	7-12	8-10	9-12	10-11
2297	1	7680	0-11	1-13	2-6	2-11	3-9	3-13	4-5	4-6	5-10	7-12	8-10	9-12
2298	1	7680	0-11	1-13	2-6	2-11	3-12	3-13	4-5	4-6	5-9	7-12	8-10	9-10
2299	1	7680	0-11	1-13	2-6	2-11	3-6	3-13	4-5	4-12	5-9	7-12	8-10	9-10
2300	1	7680	0-11	1-13	2-6	2-11	3-6	3-13	4-5	4-10	5-9	7-12	8-10	9-12
2301	1	7680	0-11	1-13	2-11	2-13	3-6	3-12	4-5	4-6	5-9	7-12	8-10	9-10
2302	2	3840	0-11	1-13	2-11	2-13	3-5	3-6	4-5	4-6	7-12	8-10	9-10	9-12
2303	1	7680	0-11	1-13	2-11	2-13	3-6	3-12	4-5	4-10	5-9	6-9	7-12	8-10
2304	1	7680	0-11	1-13	2-11	2-13	3-5	3-6	4-5	4-10	6-9	7-12	8-10	9-12
2305	1	7680	0-11	1-13	2-5	2-6	3-6	3-13	4-5	4-12	7-12	8-10	9-10	9-11
2306	1	7680	0-11	1-13	2-5	2-6	3-6	3-13	4-5	4-9	7-12	8-10	9-12	10-11
2307	1	7680	0-11	1-13	2-5	2-6	3-6	3-13	4-5	4-10	7-12	8-10	9-11	9-12
2308	1	7680	0-11	1-13	2-5	2-13	3-6	3-12	4-5	4-6	7-12	8-10	9-10	9-11
2309	1	7680	0-11	1-13	2-5	2-13	3-6	3-12	4-5	4-9	6-9	7-12	8-10	10-11
2310	1	7680	0-11	1-13	2-5	2-13	3-6	3-12	4-5	4-10	6-9	7-12	8-10	9-11
2311	1	7680	0-11	1-13	2-5	2-13	3-4	3-6	4-5	6-9	7-12	8-10	9-12	10-11
2312	1	7680	0-11	1-13	2-5	2-13	3-6	3-11	4-5	4-10	6-9	7-12	8-10	9-12
2313	1	7680	0-11	1-13	2-6	2-12	3-6	3-13	4-5	4-9	5-9	7-12	8-10	10-11
2314	1	7680	0-11	1-13	2-6	2-12	3-6	3-13	4-5	4-10	5-9	7-12	8-10	9-11
2315	1	7680	0-11	1-13	2-12	2-13	3-5	3-6	4-5	4-9	6-9	7-12	8-10	10-11
2316	1	7680	0-11	1-13	2-12	2-13	3-5	3-6	4-5	4-10	6-9	7-12	8-10	9-11
2317	1	7680	0-11	1-13	2-12	2-13	3-4	3-6	4-5	5-9	6-9	7-12	8-10	10-11
2318	1	7680	0-11	1-13	2-12	2-13	3-6	3-11	4-5	4-10	5-9	6-9	7-12	8-10
2319	1	7680	0-11	1-13	2-6	2-13	3-6	3-12	4-5	4-9	5-9	7-12	8-10	10-11
2320	1	7680	0-11	1-13	2-6	2-13	3-5	3-6	4-5	4-9	7-12	8-10	9-12	10-11
2321	1	7680	0-11	1-13	2-6	2-13	3-6	3-12	4-5	4-10	5-9	7-12	8-10	9-11
2322	1	7680	0-11	1-13	2-6	2-13	3-5	3-6	4-5	4-10	7-12	8-10	9-11	9-12
2323	1	7680	0-11	1-13	2-6	2-13	3-5	3-12	4-5	4-10	6-9	7-12	8-10	9-11
2324	1	7680	0-11	1-13	2-6	2-13	3-4	3-6	4-5	5-9	7-12	8-10	9-12	10-11
2325	1	7680	0-11	1-13	2-6	2-13	3-6	3-11	4-5	4-10	5-9	7-12	8-10	9-12
2326	1	7680	0-11	1-13	2-6	2-13	3-4	3-12	4-5	5-9	6-9	7-12	8-10	10-11
2327	1	7680	0-11	1-13	2-6	2-13	3-11	3-12	4-5	4-10	5-9	6-9	7-12	8-10
2328	1	7680	0-11	1-13	2-6	2-13	3-4	3-5	4-5	6-9	7-12	8-10	9-12	10-11
2329	1	7680	0-11	1-13	2-6	2-13	3-5	3-11	4-5	4-10	6-9	7-12	8-10	9-12
2330	1	7680	0-11	1-13	2-3	2-13	3-6	4-5	4-8	5-10	6-9	7-12	9-12	10-11
2331	1	7680	0-11	1-13	2-10	2-13	3-6	3-12	4-5	4-8	5-9	6-9	7-12	10-11
2332	1	7680	0-11	1-13	2-10	2-13	3-5	3-6	4-5	4-8	6-9	7-12	9-12	10-11
2333	1	7680	0-11	1-13	2-5	2-13	3-6	3-12	4-5	4-8	6-9	7-12	9-10	10-11
2334	1	7680	0-11	1-13	2-12	2-13	3-6	3-9	4-5	4-8	5-10	6-9	7-12	10-11
2335	1	7680	0-11	1-13	2-12	2-13	3-5	3-6	4-5	4-8	6-9	7-12	9-10	10-11
2336	1	7680	0-11	1-13	2-6	2-13	3-5	3-6	4-5	4-8	7-12	9-10	9-12	10-11
2337	1	7680	0-11	1-13	2-6	2-10	3-6	3-13	4-5	4-10	5-9	7-12	8-11	9-12
2338	1	7680	0-11	1-13	2-10	2-13	3-6	3-12	4-5	4-10	5-9	6-9	7-12	8-11
2339	1	7680	0-11	1-13	2-10	2-13	3-5	3-6	4-5	4-10	6-9	7-12	8-11	9-12
2340	1	7680	0-11	1-13	2-5	2-6	3-6	3-13	4-5	4-10	7-12	8-11	9-10	9-12
2341	1	7680	0-11	1-13	2-5	2-13	3-6	3-12	4-5	4-10	6-9	7-12	8-11	9-10
2342	1	7680	0-11	1-13	2-12	2-13	3-5	3-6	4-5	4-10	6-9	7-12	8-11	9-10
2343	1	7680	0-11	1-13	2-6	2-13	3-6	3-12	4-5	4-10	5-9	7-12	8-11	9-10
2344	1	7680	0-11	1-13	2-6	2-13	3-5	3-6	4-5	4-10	7-12	8-11	9-10	9-12
2345	1	7680	0-11	1-13	2-6	2-13	3-5	3-12	4-5	4-10	6-9	7-12	8-11	9-10
2346	1	7680	0-11	1-13	2-3	2-13	3-6	4-5	4-9	5-8	6-9	7-12	10-11	10-12
2347	1	7680	0-11	1-13	2-6	2-10	3-6	3-13	4-5	4-9	5-8	7-12	9-12	10-11
2348	1	7680	0-11	1-13	2-6	2-10	3-6	3-13	4-5	4-10	5-8	7-12	9-11	9-12
2349	1	7680	0-11	1-13	2-10	2-13	3-6	3-12	4-5	4-9	5-8	6-9	7-12	10-11
2350	1	7680	0-11	1-13	2-10	2-13	3-6	3-12	4-5	4-10	5-8	6-9	7-12	9-11
2351	1	7680	0-11	1-13	2-4	2-13	3-6	3-9	4-5	5-8	6-9	7-12	10-11	10-12
2352	1	7680	0-11	1-13	2-4	2-13	3-6	3-12	4-5	5-8	6-9	7-12	9-10	10-11
2353	1	7680	0-11	1-13	2-6	2-11	3-6	3-13	4-5	4-10	5-8	7-12	9-10	9-12
2354	1	7680	0-11	1-13	2-11	2-13	3-6	3-12	4-5	4-10	5-8	6-9	7-12	9-10
2355	1	7680	0-11	1-13	2-6	2-12	3-6	3-13	4-5	4-10	5-8	7-12	9-10	9-11
2356	1	7680	0-11	1-13	2-6	2-13	3-6	3-12	4-5	4-10	5-8	7-12	9-10	9-11
2357	1	7680	0-11	1-13	2-6	2-13	3-4	3-6	4-5	5-8	7-12	9-10	9-12	10-11
2358	1	7680	0-11	1-13	2-6	2-13	3-6	3-11	4-5	4-10	5-8	7-12	9-10	9-12
2359	1	7680	0-11	1-13	2-6	2-13	3-4	3-12	4-5	5-8	6-9	7-12	9-10	10-11
2360	1	7680	0-11	1-13	2-6	2-13	3-11	3-12	4-5	4-10	5-8	6-9	7-12	9-10
2361	2	3840	0-11	1-13	2-6	2-13	3-5	3-6	4-9	4-10	5-8	7-12	9-12	10-11
2362	2	3840	0-11	1-13	2-6	2-13	3-4	3-5	4-10	5-8	6-9	7-12	9-12	10-11
2363	1	7680	0-11	1-2	2-13	3-9	3-13	4-5	4-6	5-10	6-7	8-12	9-12	10-11
2364	2	3840	0-11	1-2	2-13	3-4	3-13	4-6	5-10	5-11	6-7	8-12	9-10	9-12
2365	1	7680	0-11	1-2	2-13	3-11	3-13	4-5	4-6	5-10	6-7	8-12	9-10	9-12
2366	1	7680	0-11	1-9	2-12	2-13	3-4	3-6	4-5	5-8	6-7	9-13	10-11	10-12
2367	1	7680	0-11	1-9	2-12	2-13	3-6	3-12	4-5	4-10	5-8	6-7	9-13	10-11
2368	1	7680	0-11	1-9	2-3	2-13	3-13	4-5	4-6	5-10	6-7	8-12	9-12	10-11
2369	1	7680	0-11	1-9	2-10	2-13	3-11	3-13	4-5	4-6	5-10	6-7	8-12	9-12
2370	1	7680	0-11	1-9	2-4	2-13	3-6	3-12	4-5	5-10	6-7	8-12	9-13	10-11
2371	1	7680	0-11	1-9	2-5	2-13	3-4	3-6	4-5	6-7	8-12	9-13	10-11	10-12
2372	1	7680	0-11	1-9	2-5	2-13	3-6	3-12	4-5	4-10	6-7	8-12	9-13	10-11
2373	1	7680	0-11	1-9	2-12	2-13	3-4	3-6	4-5	5-10	6-7	8-12	9-13	10-11
2374	1	7680	0-11	1-9	2-12	2-13	3-6	3-11	4-5	4-10	5-10	6-7	8-12	9-13
2375	1	7680	0-11	1-9	2-12	2-13	3-5	3-6	4-5	4-10	6-7	8-12	9-13	10-11
2376	1	7680	0-11	1-3	2-11	2-13	3-13	4-5	4-6	5-8	6-7	9-10	9-12	10-12
2377	1	7680	0-11	1-3	2-12	2-13	3-6	4-5	4-9	5-8	6-7	9-13	10-11	10-12
2378	1	7680	0-11	1-3	2-12	2-13	3-6	4-5	4-9	5-10	6-7	8-12	9-13	10-11
2379	1	7680	0-11	1-10	2-12	2-13	3-6	3-12	4-5	4-8	5-9	6-7	9-13	10-11
2380	2	3840	0-11	1-10	2-12	2-13	3-5	3-6	4-5	4-8	6-7	9-12	9-13	10-11
2381	1	7680	0-11	1-10	2-12	2-13	3-6	3-12	4-5	4-10	5-9	6-7	8-11	9-13
2382	2	3840	0-11	1-10	2-12	2-13	3-5	3-6	4-5	4-10	6-7	8-11	9-12	9-13
2383	1	7680	0-11	1-10	2-11	2-13	3-9	3-13	4-5	4-6	5-8	6-7	9-12	10-12
2384	1	7680	0-11	1-10	2-12	2-13	3-6	3-12	4-5	4-9	5-8	6-7	9-13	10-11
2385	1	7680	0-11	1-10	2-12	2-13	3-6	3-12	4-5	4-10	5-8	6-7	9-11	9-13
2386	4	1920	0-11	1-10	2-12	2-13	3-4	3-6	4-5	5-8	6-7	9-12	9-13	10-11
2387	4	1920	0-11	1-10	2-12	2-13	3-6	3-11	4-5	4-10	5-8	6-7	9-12	9-13
2388	2	3840	0-11	1-10	2-10	2-13	3-12	3-13	4-5	4-6	5-9	6-7	8-12	9-11
2389	2	3840	0-11	1-10	2-11	2-13	3-12	3-13	4-5	4-6	5-9	6-7	8-12	9-10
2390	1	7680	0-11	1-10	2-5	2-13	3-6	3-12	4-5	4-9	6-7	8-12	9-13	10-11
2391	1	7680	0-11	1-10	2-5	2-13	3-6	3-12	4-5	4-10	6-7	8-12	9-11	9-13
2392	1	7680	0-11	1-10	2-12	2-13	3-5	3-6	4-5	4-9	6-7	8-12	9-13	10-11
2393	1	7680	0-11	1-10	2-12	2-13	3-5	3-6	4-5	4-10	6-7	8-12	9-11	9-13
2394	1	7680	0-11	1-4	2-12	2-13	3-6	3-12	4-5	5-9	6-7	8-10	9-13	10-11
2395	2	3840	0-11	1-4	2-12	2-13	3-5	3-6	4-5	6-7	8-10	9-12	9-13	10-11
2396	1	7680	0-11	1-4	2-12	2-13	3-6	3-12	4-5	5-8	6-7	9-10	9-13	10-11
2397	4	1920	0-11	1-4	2-12	2-13	3-5	3-6	4-10	5-8	6-7	9-12	9-13	10-11
2398	1	7680	0-11	1-4	2-5	2-13	3-6	3-12	4-5	6-7	8-12	9-10	9-13	10-11
2399	1	7680	0-11	1-4	2-12	2-13	3-6	3-9	4-5	5-10	6-7	8-12	9-13	10-11
2400	1	7680	0-11	1-4	2-12	2-13	3-5	3-6	4-5	6-7	8-12	9-10	9-13	10-11
2401	1	7680	0-11	1-11	2-12	2-13	3-6	3-12	4-5	4-10	5-9	6-7	8-10	9-13
2402	2	3840	0-11	1-11	2-12	2-13	3-5	3-6	4-5	4-10	6-7	8-10	9-12	9-13
2403	4	1920	0-11	1-11	2-3	2-13	3-13	4-5	4-6	5-8	6-7	9-10	9-12	10-12
2404	4	1920	0-11	1-11	2-10	2-13	3-9	3-13	4-5	4-6	5-8	6-7	9-12	10-12
2405	1	7680	0-11	1-11	2-12	2-13	3-6	3-12	4-5	4-10	5-8	6-7	9-10	9-13
2406	1	7680	0-11	1-11	2-3	2-13	3-13	4-5	4-6	5-10	6-7	8-12	9-10	9-12
2407	1	7680	0-11	1-11	2-5	2-13	3-6	3-12	4-5	4-10	6-7	8-12	9-10	9-13
2408	1	7680	0-11	1-11	2-12	2-13	3-5	3-6	4-5	4-10	6-7	8-12	9-10	9-13
2409	1	7680	0-11	1-5	2-12	2-13	3-4	3-6	4-5	6-7	8-9	9-13	10-11	10-12
2410	1	7680	0-11	1-5	2-12	2-13	3-6	3-12	4-5	4-10	6-7	8-9	9-13	10-11
2411	1	7680	0-11	1-5	2-11	2-13	3-8	3-13	4-5	4-6	6-7	9-10	9-12	10-12
2412	1	7680	0-11	1-5	2-12	2-13	3-6	3-8	4-5	4-9	6-7	9-13	10-11	10-12
2413	1	7680	0-11	1-5	2-11	2-13	3-9	3-13	4-5	4-6	6-7	8-10	9-12	10-12
2414	1	7680	0-11	1-5	2-12	2-13	3-6	3-12	4-5	4-9	6-7	8-10	9-13	10-11
2415	1	7680	0-11	1-5	2-12	2-13	3-6	3-12	4-5	4-10	6-7	8-10	9-11	9-13
2416	2	3840	0-11	1-5	2-12	2-13	3-4	3-6	4-5	6-7	8-10	9-12	9-13	10-11
2417	2	3840	0-11	1-5	2-12	2-13	3-6	3-11	4-5	4-10	6-7	8-10	9-12	9-13
2418	1	7680	0-11	1-5	2-12	2-13	3-6	3-12	4-5	4-8	6-7	9-10	9-13	10-11
2419	2	3840	0-11	1-5	2-12	2-13	3-5	3-6	4-8	4-10	6-7	9-12	9-13	10-11
2420	2	3840	0-11	1-5	2-3	2-13	3-13	4-5	4-6	6-7	8-11	9-10	9-12	10-12
2421	2	3840	0-11	1-5	2-10	2-13	3-9	3-13	4-5	4-6	6-7	8-11	9-12	10-12
2422	1	7680	0-11	1-5	2-12	2-13	3-6	3-12	4-5	4-10	6-7	8-11	9-10	9-13
2423	1	7680	0-11	1-5	2-4	2-13	3-6	3-9	4-5	6-7	8-12	9-13	10-11	10-12
2424	1	7680	0-11	1-5	2-4	2-13	3-6	3-12	4-5	6-7	8-12	9-10	9-13	10-11
2425	1	7680	0-11	1-5	2-11	2-13	3-6	3-12	4-5	4-10	6-7	8-12	9-10	9-13
2426	1	7680	0-11	1-12	2-8	2-13	3-9	3-13	4-5	4-6	5-10	6-7	9-12	10-11
2427	1	7680	0-11	1-12	2-8	2-13	3-4	3-13	4-6	5-10	5-11	6-7	9-10	9-12
2428	1	7680	0-11	1-12	2-8	2-13	3-11	3-13	4-5	4-6	5-10	6-7	9-10	9-12
2429	1	7680	0-11	1-12	2-3	2-13	3-13	4-5	4-6	5-10	6-7	8-9	9-12	10-11
2430	2	3840	0-11	1-12	2-10	2-13	3-12	3-13	4-5	4-6	5-9	6-7	8-9	10-11
2431	1	7680	0-11	1-12	2-10	2-13	3-11	3-13	4-5	4-6	5-10	6-7	8-9	9-12
2432	1	7680	0-11	1-12	2-4	2-13	3-6	3-12	4-5	5-10	6-7	8-9	9-13	10-11
2433	1	7680	0-11	1-12	2-5	2-13	3-4	3-6	4-5	6-7	8-9	9-13	10-11	10-12
2434	1	7680	0-11	1-12	2-5	2-13	3-6	3-12	4-5	4-10	6-7	8-9	9-13	10-11
2435	1	7680	0-11	1-12	2-12	2-13	3-4	3-6	4-5	5-10	6-7	8-9	9-13	10-11
2436	1	7680	0-11	1-12	2-12	2-13	3-6	3-11	4-5	4-10	5-10	6-7	8-9	9-13
2437	1	7680	0-11	1-12	2-12	2-13	3-5	3-6	4-5	4-10	6-7	8-9	9-13	10-11
2438	1	7680	0-11	1-12	2-12	2-13	3-6	3-8	4-5	4-9	5-10	6-7	9-13	10-11
2439	2	3840	0-11	1-12	2-3	2-13	3-13	4-5	4-6	5-10	6-7	8-10	9-11	9-12
2440	1	7680	0-11	1-12	2-10	2-13	3-12	3-13	4-5	4-6	5-9	6-7	8-10	9-11
2441	2	3840	0-11	1-12	2-11	2-13	3-9	3-13	4-5	4-6	5-10	6-7	8-10	9-12
2442	1	7680	0-11	1-12	2-11	2-13	3-12	3-13	4-5	4-6	5-9	6-7	8-10	9-10
2443	1	7680	0-11	1-12	2-5	2-13	3-6	3-12	4-5	4-9	6-7	8-10	9-13	10-11
2444	1	7680	0-11	1-12	2-5	2-13	3-6	3-12	4-5	4-10	6-7	8-10	9-11	9-13
2445	1	7680	0-11	1-12	2-12	2-13	3-5	3-6	4-5	4-9	6-7	8-10	9-13	10-11
2446	1	7680	0-11	1-12	2-12	2-13	3-5	3-6	4-5	4-10	6-7	8-10	9-11	9-13
2447	1	7680	0-11	1-12	2-5	2-13	3-6	3-12	4-5	4-8	6-7	9-10	9-13	10-11
2448	1	7680	0-11	1-12	2-12	2-13	3-6	3-9	4-5	4-8	5-10	6-7	9-13	10-11
2449	1	7680	0-11	1-12	2-12	2-13	3-5	3-6	4-5	4-8	6-7	9-10	9-13	10-11
2450	1	7680	0-11	1-12	2-3	2-13	3-13	4-5	4-6	5-10	6-7	8-11	9-10	9-12
2451	1	7680	0-11	1-12	2-5	2-13	3-6	3-12	4-5	4-10	6-7	8-11	9-10	9-13
2452	1	7680	0-11	1-12	2-12	2-13	3-5	3-6	4-5	4-10	6-7	8-11	9-10	9-13
2453	1	7680	0-11	1-12	2-4	2-13	3-6	3-9	4-5	5-8	6-7	9-13	10-11	10-12
2454	1	7680	0-11	1-12	2-4	2-13	3-6	3-12	4-5	5-8	6-7	9-10	9-13	10-11
2455	1	7680	0-11	1-12	2-11	2-13	3-6	3-12	4-5	4-10	5-8	6-7	9-10	9-13
2456	1	7680	0-11	1-12	2-4	2-13	3-6	3-9	4-5	5-10	6-7	8-12	9-13	10-11
2457	1	7680	0-11	1-12	2-4	2-13	3-5	3-6	4-5	6-7	8-12	9-10	9-13	10-11
2458	1	7680	0-11	1-12	2-11	2-13	3-6	3-9	4-5	4-10	5-10	6-7	8-12	9-13
2459	1	7680	0-11	1-12	2-11	2-13	3-5	3-6	4-5	4-10	6-7	8-12	9-10	9-13
2460	1	7680	0-11	1-13	2-8	2-13	3-9	3-12	4-5	4-6	5-10	6-7	9-12	10-11
2461	1	7680	0-11	1-13	2-8	2-13	3-11	3-12	4-5	4-6	5-10	6-7	9-10	9-12
2462	1	7680	0-11	1-13	2-3	2-13	3-12	4-5	4-6	5-10	6-7	8-9	9-12	10-11
2463	1	7680	0-11	1-13	2-10	2-13	3-11	3-12	4-5	4-6	5-10	6-7	8-9	9-12
2464	1	7680	0-11	1-13	2-12	2-13	3-6	3-8	4-5	4-9	5-10	6-7	9-12	10-11
2465	1	7680	0-11	1-13	2-10	2-12	3-12	3-13	4-5	4-6	5-9	6-7	8-10	9-11
2466	1	7680	0-11	1-13	2-4	2-13	3-6	3-12	4-5	5-9	6-7	8-10	9-12	10-11
2467	1	7680	0-11	1-13	2-11	2-12	3-12	3-13	4-5	4-6	5-9	6-7	8-10	9-10
2468	1	7680	0-11	1-13	2-11	2-13	3-6	3-12	4-5	4-10	5-9	6-7	8-10	9-12
2469	1	7680	0-11	1-13	2-5	2-13	3-6	3-12	4-5	4-9	6-7	8-10	9-12	10-11
2470	1	7680	0-11	1-13	2-5	2-13	3-6	3-12	4-5	4-10	6-7	8-10	9-11	9-12
2471	1	7680	0-11	1-13	2-12	2-13	3-6	3-12	4-5	4-9	5-9	6-7	8-10	10-11
2472	1	7680	0-11	1-13	2-12	2-13	3-5	3-6	4-5	4-9	6-7	8-10	9-12	10-11
2473	1	7680	0-11	1-13	2-12	2-13	3-6	3-12	4-5	4-10	5-9	6-7	8-10	9-11
2474	1	7680	0-11	1-13	2-12	2-13	3-5	3-6	4-5	4-10	6-7	8-10	9-11	9-12
2475	1	7680	0-11	1-13	2-12	2-13	3-5	3-12	4-5	4-10	6-7	6-9	8-10	9-11
2476	1	7680	0-11	1-13	2-12	2-13	3-4	3-6	4-5	5-9	6-7	8-10	9-12	10-11
2477	1	7680	0-11	1-13	2-12	2-13	3-6	3-11	4-5	4-10	5-9	6-7	8-10	9-12
2478	1	7680	0-11	1-13	2-12	2-13	3-4	3-12	4-5	5-9	6-7	6-9	8-10	10-11
2479	1	7680	0-11	1-13	2-12	2-13	3-11	3-12	4-5	4-10	5-9	6-7	6-9	8-10
2480	1	7680	0-11	1-13	2-10	2-13	3-6	3-12	4-5	4-10	5-9	6-7	8-11	9-12
2481	1	7680	0-11	1-13	2-5	2-13	3-6	3-12	4-5	4-10	6-7	8-11	9-10	9-12
2482	1	7680	0-11	1-13	2-12	2-13	3-5	3-6	4-5	4-10	6-7	8-11	9-10	9-12
2483	1	7680	0-11	1-13	2-12	2-13	3-5	3-12	4-5	4-10	6-7	6-9	8-11	9-10
2484	1	7680	0-11	1-13	2-10	2-13	3-6	3-12	4-5	4-9	5-8	6-7	9-12	10-11
2485	1	7680	0-11	1-13	2-10	2-13	3-6	3-12	4-5	4-10	5-8	6-7	9-11	9-12
2486	1	7680	0-11	1-13	2-11	2-13	3-6	3-12	4-5	4-10	5-8	6-7	9-10	9-12
2487	1	7680	0-11	1-13	2-12	2-13	3-6	3-12	4-5	4-10	5-8	6-7	9-10	9-11
2488	1	7680	0-11	1-13	2-12	2-13	3-4	3-6	4-5	5-8	6-7	9-10	9-12	10-11
2489	1	7680	0-11	1-13	2-12	2-13	3-6	3-11	4-5	4-10	5-8	6-7	9-10	9-12
2490	1	7680	0-11	1-13	2-12	2-13	3-4	3-12	4-5	5-8	6-7	6-9	9-10	10-11
2491	1	7680	0-11	1-13	2-12	2-13	3-11	3-12	4-5	4-10	5-8	6-7	6-9	9-10
2492	1	7680	0-11	1-13	2-12	2-13	3-5	3-6	4-9	4-10	5-8	6-7	9-12	10-11
2493	1	7680	0-11	1-13	2-10	2-13	3-6	3-12	4-5	4-9	5-9	6-7	8-12	10-11
2494	1	7680	0-11	1-13	2-10	2-13	3-5	3-6	4-5	4-9	6-7	8-12	9-12	10-11
2495	1	7680	0-11	1-13	2-10	2-13	3-6	3-12	4-5	4-10	5-9	6-7	8-12	9-11
2496	1	7680	0-11	1-13	2-10	2-13	3-5	3-6	4-5	4-10	6-7	8-12	9-11	9-12
2497	1	7680	0-11	1-13	2-11	2-13	3-5	3-6	4-5	4-10	6-7	8-12	9-10	9-12
2498	1	7680	0-11	1-13	2-11	2-13	3-5	3-12	4-5	4-10	6-7	6-9	8-12	9-10
2499	1	7680	0-11	1-13	2-5	2-13	3-6	3-12	4-5	4-10	6-7	8-12	9-10	9-11
2500	1	7680	0-11	1-13	2-5	2-13	3-6	3-11	4-5	4-10	6-7	8-12	9-10	9-12
2501	1	7680	0-11	1-13	2-5	2-13	3-4	3-12	4-5	6-7	6-9	8-12	9-10	10-11
2502	1	7680	0-11	1-13	2-5	2-13	3-11	3-12	4-5	4-10	6-7	6-9	8-12	9-10
2503	1	7680	0-11	1-13	2-5	2-13	3-5	3-6	4-9	4-10	6-7	8-12	9-12	10-11
2504	1	7680	0-11	1-13	2-5	2-13	3-4	3-6	4-10	5-10	6-7	8-12	9-11	9-12
2505	1	7680	0-11	1-13	2-12	2-13	3-5	3-6	4-5	4-10	6-7	8-12	9-10	9-11
2506	1	7680	0-11	1-13	2-12	2-13	3-4	3-5	4-5	6-7	6-9	8-12	9-10	10-11
2507	1	7680	0-11	1-13	2-12	2-13	3-5	3-11	4-5	4-10	6-7	6-9	8-12	9-10
2508	1	7680	0-11	1-13	2-12	2-13	3-5	3-6	4-9	4-10	5-9	6-7	8-12	10-11
2509	1	7680	0-11	1-13	2-12	2-13	3-5	3-11	4-9	4-10	5-10	6-7	6-9	8-12
2510	1	7680	0-11	1-13	2-12	2-13	3-4	3-6	4-10	5-9	5-10	6-7	8-12	9-11
2511	1	7680	0-11	1-13	2-12	2-13	3-4	3-5	4-10	5-9	6-7	6-9	8-12	10-11
2512	1	7680	0-11	1-2	2-13	3-4	3-6	4-5	5-8	6-9	7-13	9-12	10-11	10-12
2513	1	7680	0-11	1-2	2-13	3-6	3-12	4-5	4-10	5-8	6-9	7-13	9-12	10-11
2514	1	7680	0-11	1-2	2-13	3-4	3-6	4-6	5-10	5-11	7-13	8-12	9-10	9-12
2515	1	7680	0-11	1-2	2-13	3-6	3-11	4-5	4-6	5-10	7-13	8-12	9-10	9-12
2516	1	7680	0-11	1-2	2-13	3-5	3-6	4-5	4-12	6-9	7-13	8-12	9-10	10-11
2517	1	7680	0-11	1-2	2-13	3-6	3-12	4-5	4-9	5-10	6-9	7-13	8-12	10-11
2518	1	7680	0-11	1-2	2-13	3-4	3-6	4-5	5-9	6-9	7-13	8-12	10-11	10-12
2519	1	7680	0-11	1-2	2-13	3-6	3-12	4-5	4-10	5-9	6-9	7-13	8-12	10-11
2520	1	7680	0-11	1-2	2-13	3-4	3-6	4-5	5-10	6-9	7-13	8-12	9-12	10-11
2521	1	7680	0-11	1-2	2-13	3-6	3-11	4-5	4-10	5-10	6-9	7-13	8-12	9-12
2522	1	7680	0-11	1-2	2-13	3-5	3-6	4-5	4-10	6-9	7-13	8-12	9-12	10-11
2523	1	7680	0-11	1-2	2-13	3-9	3-12	4-5	4-6	5-10	6-8	7-13	9-12	10-11
2524	1	7680	0-11	1-2	2-13	3-11	3-12	4-5	4-6	5-10	6-8	7-13	9-10	9-12
2525	1	7680	0-11	1-2	2-6	3-11	3-12	4-5	4-6	5-10	7-13	8-13	9-10	9-12
2526	1	7680	0-11	1-9	2-12	2-13	3-4	3-6	4-5	5-8	6-9	7-13	10-11	10-12
2527	1	7680	0-11	1-9	2-12	2-13	3-6	3-12	4-5	4-10	5-8	6-9	7-13	10-11
2528	1	7680	0-11	1-9	2-10	2-13	3-6	3-12	4-5	4-6	5-9	7-13	8-12	10-11
2529	1	7680	0-11	1-9	2-10	2-13	3-6	3-11	4-5	4-6	5-10	7-13	8-12	9-12
2530	1	7680	0-11	1-9	2-10	2-13	3-5	3-6	4-5	4-6	7-13	8-12	9-12	10-11
2531	1	7680	0-11	1-9	2-10	2-13	3-5	3-6	4-5	4-12	6-9	7-13	8-12	10-11
2532	1	7680	0-11	1-9	2-4	2-13	3-6	3-12	4-5	5-10	6-9	7-13	8-12	10-11
2533	1	7680	0-11	1-9	2-5	2-13	3-4	3-6	4-5	6-9	7-13	8-12	10-11	10-12
2534	1	7680	0-11	1-9	2-5	2-13	3-6	3-12	4-5	4-10	6-9	7-13	8-12	10-11
2535	1	7680	0-11	1-9	2-12	2-13	3-4	3-6	4-5	5-10	6-9	7-13	8-12	10-11
2536	1	7680	0-11	1-9	2-12	2-13	3-6	3-11	4-5	4-10	5-10	6-9	7-13	8-12
2537	1	7680	0-11	1-9	2-12	2-13	3-5	3-6	4-5	4-10	6-9	7-13	8-12	10-11
2538	2	3840	0-11	1-9	2-3	2-13	3-12	4-5	4-6	5-10	6-8	7-13	9-12	10-11
2539	2	3840	0-11	1-9	2-10	2-13	3-11	3-12	4-5	4-6	5-10	6-8	7-13	9-12
2540	2	3840	0-11	1-9	2-6	2-10	3-11	3-12	4-5	4-6	5-10	7-13	8-13	9-12
2541	1	7680	0-11	1-3	2-12	2-13	3-6	4-5	4-8	5-10	6-9	7-13	9-12	10-11
2542	1	7680	0-11	1-3	2-12	2-13	3-6	4-5	4-9	5-8	6-9	7-13	10-11	10-12
2543	1	7680	0-11	1-3	2-4	2-13	3-6	4-5	5-10	6-9	7-13	8-12	9-12	10-11
2544	1	7680	0-11	1-3	2-5	2-13	3-6	4-5	4-9	6-9	7-13	8-12	10-11	10-12
2545	1	7680	0-11	1-3	2-12	2-13	3-6	4-5	4-9	5-10	6-9	7-13	8-12	10-11
2546	1	7680	0-11	1-3	2-12	2-13	3-6	4-5	4-10	5-10	6-9	7-13	8-12	9-11
2547	1	7680	0-11	1-3	2-6	2-13	3-6	4-5	4-9	5-10	7-13	8-12	9-12	10-11
2548	1	7680	0-11	1-3	2-12	2-13	3-6	4-5	4-9	5-10	6-8	7-13	9-12	10-11
2549	1	7680	0-11	1-3	2-6	2-12	3-6	4-5	4-9	5-10	7-13	8-13	9-12	10-11
2550	1	7680	0-11	1-10	2-5	2-13	3-6	3-12	4-5	4-8	6-9	7-13	9-12	10-11
2551	1	7680	0-11	1-10	2-12	2-13	3-6	3-12	4-5	4-8	5-9	6-9	7-13	10-11
2552	1	7680	0-11	1-10	2-12	2-13	3-5	3-6	4-5	4-8	6-9	7-13	9-12	10-11
2553	1	7680	0-11	1-10	2-6	2-13	3-6	3-12	4-5	4-8	5-9	7-13	9-12	10-11
2554	1	7680	0-11	1-10	2-5	2-13	3-6	3-12	4-5	4-10	6-9	7-13	8-11	9-12
2555	1	7680	0-11	1-10	2-6	2-12	3-6	3-13	4-5	4-10	5-9	7-13	8-11	9-12
2556	1	7680	0-11	1-10	2-12	2-13	3-6	3-12	4-5	4-10	5-9	6-9	7-13	8-11
2557	1	7680	0-11	1-10	2-12	2-13	3-5	3-6	4-5	4-10	6-9	7-13	8-11	9-12
2558	1	7680	0-11	1-10	2-6	2-13	3-6	3-12	4-5	4-10	5-9	7-13	8-11	9-12
2559	1	7680	0-11	1-10	2-6	2-13	3-5	3-12	4-5	4-10	6-9	7-13	8-11	9-12
2560	1	7680	0-11	1-10	2-4	2-13	3-6	3-12	4-5	5-8	6-9	7-13	9-12	10-11
2561	1	7680	0-11	1-10	2-11	2-13	3-6	3-12	4-5	4-10	5-8	6-9	7-13	9-12
2562	2	3840	0-11	1-10	2-6	2-12	3-12	3-13	4-5	4-6	5-8	7-13	9-10	9-11
2563	1	7680	0-11	1-10	2-6	2-12	3-6	3-13	4-5	4-9	5-8	7-13	9-12	10-11
2564	1	7680	0-11	1-10	2-6	2-12	3-6	3-13	4-5	4-10	5-8	7-13	9-11	9-12
2565	1	7680	0-11	1-10	2-12	2-13	3-6	3-12	4-5	4-9	5-8	6-9	7-13	10-11
2566	1	7680	0-11	1-10	2-12	2-13	3-6	3-12	4-5	4-10	5-8	6-9	7-13	9-11
2567	1	7680	0-11	1-10	2-12	2-13	3-4	3-6	4-5	5-8	6-9	7-13	9-12	10-11
2568	1	7680	0-11	1-10	2-12	2-13	3-6	3-11	4-5	4-10	5-8	6-9	7-13	9-12
2569	1	7680	0-11	1-10	2-6	2-13	3-6	3-12	4-5	4-9	5-8	7-13	9-12	10-11
2570	1	7680	0-11	1-10	2-6	2-13	3-6	3-12	4-5	4-10	5-8	7-13	9-11	9-12
2571	1	7680	0-11	1-10	2-3	2-6	3-13	4-5	4-6	5-10	7-13	8-12	9-11	9-12
2572	2	3840	0-11	1-10	2-6	2-10	3-6	3-13	4-5	4-12	5-9	7-13	8-12	9-11
2573	1	7680	0-11	1-10	2-10	2-13	3-6	3-12	4-5	4-6	5-9	7-13	8-12	9-11
2574	1	7680	0-11	1-10	2-4	2-6	3-6	3-13	4-5	5-9	7-13	8-12	9-12	10-11
2575	1	7680	0-11	1-10	2-4	2-13	3-6	3-12	4-5	5-9	6-9	7-13	8-12	10-11
2576	1	7680	0-11	1-10	2-4	2-13	3-5	3-6	4-5	6-9	7-13	8-12	9-12	10-11
2577	1	7680	0-11	1-10	2-6	2-11	3-9	3-13	4-5	4-6	5-10	7-13	8-12	9-12
2578	1	7680	0-11	1-10	2-6	2-11	3-12	3-13	4-5	4-6	5-9	7-13	8-12	9-10
2579	2	3840	0-11	1-10	2-6	2-11	3-6	3-13	4-5	4-12	5-9	7-13	8-12	9-10
2580	1	7680	0-11	1-10	2-6	2-11	3-6	3-13	4-5	4-10	5-9	7-13	8-12	9-12
2581	1	7680	0-11	1-10	2-11	2-13	3-6	3-12	4-5	4-6	5-9	7-13	8-12	9-10
2582	1	7680	0-11	1-10	2-11	2-13	3-6	3-12	4-5	4-10	5-9	6-9	7-13	8-12
2583	1	7680	0-11	1-10	2-11	2-13	3-5	3-6	4-5	4-10	6-9	7-13	8-12	9-12
2584	1	7680	0-11	1-10	2-5	2-6	3-12	3-13	4-5	4-6	7-13	8-12	9-10	9-11
2585	2	3840	0-11	1-10	2-5	2-6	3-6	3-13	4-5	4-12	7-13	8-12	9-10	9-11
2586	1	7680	0-11	1-10	2-5	2-6	3-6	3-13	4-5	4-9	7-13	8-12	9-12	10-11
2587	1	7680	0-11	1-10	2-5	2-6	3-6	3-13	4-5	4-10	7-13	8-12	9-11	9-12
2588	1	7680	0-11	1-10	2-5	2-13	3-6	3-12	4-5	4-6	7-13	8-12	9-10	9-11
2589	1	7680	0-11	1-10	2-5	2-13	3-6	3-12	4-5	4-9	6-9	7-13	8-12	10-11
2590	1	7680	0-11	1-10	2-5	2-13	3-6	3-12	4-5	4-10	6-9	7-13	8-12	9-11
2591	2	3840	0-11	1-10	2-5	2-13	3-4	3-6	4-5	6-9	7-13	8-12	9-12	10-11
2592	2	3840	0-11	1-10	2-5	2-13	3-6	3-11	4-5	4-10	6-9	7-13	8-12	9-12
2593	1	7680	0-11	1-10	2-6	2-12	3-6	3-13	4-5	4-9	5-9	7-13	8-12	10-11
2594	1	7680	0-11	1-10	2-6	2-12	3-6	3-13	4-5	4-10	5-9	7-13	8-12	9-11
2595	1	7680	0-11	1-10	2-12	2-13	3-5	3-6	4-5	4-9	6-9	7-13	8-12	10-11
2596	1	7680	0-11	1-10	2-12	2-13	3-5	3-6	4-5	4-10	6-9	7-13	8-12	9-11
2597	2	3840	0-11	1-10	2-12	2-13	3-4	3-6	4-5	5-9	6-9	7-13	8-12	10-11
2598	2	3840	0-11	1-10	2-12	2-13	3-6	3-11	4-5	4-10	5-9	6-9	7-13	8-12
2599	1	7680	0-11	1-10	2-6	2-13	3-6	3-12	4-5	4-9	5-9	7-13	8-12	10-11
2600	1	7680	0-11	1-10	2-6	2-13	3-5	3-6	4-5	4-9	7-13	8-12	9-12	10-11
2601	1	7680	0-11	1-10	2-6	2-13	3-6	3-12	4-5	4-10	5-9	7-13	8-12	9-11
2602	1	7680	0-11	1-10	2-6	2-13	3-5	3-6	4-5	4-10	7-13	8-12	9-11	9-12
2603	1	7680	0-11	1-10	2-6	2-13	3-5	3-12	4-5	4-10	6-9	7-13	8-12	9-11
2604	2	3840	0-11	1-10	2-6	2-13	3-4	3-6	4-5	5-9	7-13	8-12	9-12	10-11
2605	2	3840	0-11	1-10	2-6	2-13	3-6	3-11	4-5	4-10	5-9	7-13	8-12	9-12
2606	1	7680	0-11	1-10	2-6	2-13	3-4	3-12	4-5	5-9	6-9	7-13	8-12	10-11
2607	1	7680	0-11	1-10	2-6	2-13	3-11	3-12	4-5	4-10	5-9	6-9	7-13	8-12
2608	1	7680	0-11	1-10	2-6	2-13	3-4	3-5	4-5	6-9	7-13	8-12	9-12	10-11
2609	1	7680	0-11	1-10	2-6	2-13	3-5	3-11	4-5	4-10	6-9	7-13	8-12	9-12
2610	2	3840	0-11	1-10	2-10	2-12	3-12	3-13	4-5	4-6	5-9	6-8	7-13	9-11
2611	1	7680	0-11	1-10	2-4	2-13	3-6	3-12	4-5	5-9	6-8	7-13	9-12	10-11
2612	2	3840	0-11	1-10	2-11	2-12	3-12	3-13	4-5	4-6	5-9	6-8	7-13	9-10
2613	1	7680	0-11	1-10	2-11	2-13	3-6	3-12	4-5	4-10	5-9	6-8	7-13	9-12
2614	2	3840	0-11	1-10	2-5	2-12	3-6	3-13	4-5	4-9	6-8	7-13	9-12	10-11
2615	1	7680	0-11	1-10	2-5	2-12	3-6	3-13	4-5	4-10	6-8	7-13	9-11	9-12
2616	1	7680	0-11	1-10	2-5	2-13	3-6	3-12	4-5	4-9	6-8	7-13	9-12	10-11
2617	1	7680	0-11	1-10	2-5	2-13	3-6	3-12	4-5	4-10	6-8	7-13	9-11	9-12
2618	1	7680	0-11	1-10	2-12	2-13	3-6	3-12	4-5	4-9	5-9	6-8	7-13	10-11
2619	1	7680	0-11	1-10	2-12	2-13	3-5	3-6	4-5	4-9	6-8	7-13	9-12	10-11
2620	1	7680	0-11	1-10	2-12	2-13	3-6	3-12	4-5	4-10	5-9	6-8	7-13	9-11
2621	1	7680	0-11	1-10	2-12	2-13	3-5	3-6	4-5	4-10	6-8	7-13	9-11	9-12
2622	1	7680	0-11	1-10	2-12	2-13	3-5	3-12	4-5	4-10	6-8	6-9	7-13	9-11
2623	1	7680	0-11	1-10	2-12	2-13	3-4	3-6	4-5	5-9	6-8	7-13	9-12	10-11
2624	1	7680	0-11	1-10	2-12	2-13	3-6	3-11	4-5	4-10	5-9	6-8	7-13	9-12
2625	2	3840	0-11	1-10	2-12	2-13	3-4	3-12	4-5	5-9	6-8	6-9	7-13	10-11
2626	2	3840	0-11	1-10	2-12	2-13	3-11	3-12	4-5	4-10	5-9	6-8	6-9	7-13
2627	2	3840	0-11	1-10	2-12	2-13	3-4	3-5	4-5	6-8	6-9	7-13	9-12	10-11
2628	2	3840	0-11	1-10	2-12	2-13	3-5	3-11	4-5	4-10	6-8	6-9	7-13	9-12
2629	1	7680	0-11	1-10	2-6	2-13	3-5	3-12	4-5	4-10	6-8	7-13	9-11	9-12
2630	2	3840	0-11	1-10	2-6	2-13	3-4	3-12	4-5	5-9	6-8	7-13	9-12	10-11
2631	2	3840	0-11	1-10	2-6	2-13	3-11	3-12	4-5	4-10	5-9	6-8	7-13	9-12
2632	2	3840	0-11	1-10	2-10	2-12	3-6	3-12	4-5	4-6	5-9	7-13	8-13	9-11
2633	1	7680	0-11	1-10	2-4	2-6	3-6	3-12	4-5	5-9	7-13	8-13	9-12	10-11
2634	2	3840	0-11	1-10	2-11	2-12	3-6	3-12	4-5	4-6	5-9	7-13	8-13	9-10
2635	1	7680	0-11	1-10	2-6	2-11	3-6	3-12	4-5	4-10	5-9	7-13	8-13	9-12
2636	1	7680	0-11	1-10	2-5	2-6	3-6	3-12	4-5	4-9	7-13	8-13	9-12	10-11
2637	1	7680	0-11	1-10	2-5	2-6	3-6	3-12	4-5	4-10	7-13	8-13	9-11	9-12
2638	1	7680	0-11	1-10	2-6	2-12	3-6	3-12	4-5	4-9	5-9	7-13	8-13	10-11
2639	1	7680	0-11	1-10	2-6	2-12	3-5	3-6	4-5	4-9	7-13	8-13	9-12	10-11
2640	1	7680	0-11	1-10	2-6	2-12	3-6	3-12	4-5	4-10	5-9	7-13	8-13	9-11
2641	1	7680	0-11	1-10	2-6	2-12	3-5	3-6	4-5	4-10	7-13	8-13	9-11	9-12
2642	1	7680	0-11	1-10	2-6	2-12	3-5	3-12	4-5	4-10	6-9	7-13	8-13	9-11
2643	1	7680	0-11	1-10	2-6	2-12	3-4	3-6	4-5	5-9	7-13	8-13	9-12	10-11
2644	1	7680	0-11	1-10	2-6	2-12	3-6	3-11	4-5	4-10	5-9	7-13	8-13	9-12
2645	2	3840	0-11	1-10	2-6	2-12	3-4	3-12	4-5	5-9	6-9	7-13	8-13	10-11
2646	2	3840	0-11	1-10	2-6	2-12	3-11	3-12	4-5	4-10	5-9	6-9	7-13	8-13
2647	4	1920	0-11	1-10	2-6	2-12	3-4	3-5	4-5	6-9	7-13	8-13	9-12	10-11
2648	4	1920	0-11	1-10	2-6	2-12	3-5	3-11	4-5	4-10	6-9	7-13	8-13	9-12
2649	2	3840	0-11	1-4	2-8	2-13	3-6	3-12	4-5	5-10	6-9	7-13	9-12	10-11
2650	2	3840	0-11	1-4	2-12	2-13	3-6	3-12	4-5	5-10	6-9	7-13	8-9	10-11
2651	1	7680	0-11	1-4	2-12	2-13	3-6	3-8	4-5	5-10	6-9	7-13	9-12	10-11
2652	1	7680	0-11	1-4	2-5	2-13	3-6	3-12	4-5	6-9	7-13	8-10	9-12	10-11
2653	1	7680	0-11	1-4	2-12	2-13	3-6	3-12	4-5	5-9	6-9	7-13	8-10	10-11
2654	1	7680	0-11	1-4	2-12	2-13	3-5	3-6	4-5	6-9	7-13	8-10	9-12	10-11
2655	1	7680	0-11	1-4	2-6	2-13	3-6	3-12	4-5	5-9	7-13	8-10	9-12	10-11
2656	1	7680	0-11	1-4	2-10	2-13	3-6	3-12	4-5	5-8	6-9	7-13	9-12	10-11
2657	1	7680	0-11	1-4	2-12	2-13	3-6	3-12	4-5	5-8	6-9	7-13	9-10	10-11
2658	1	7680	0-11	1-4	2-12	2-13	3-5	3-6	4-10	5-8	6-9	7-13	9-12	10-11
2659	1	7680	0-11	1-4	2-6	2-13	3-6	3-12	4-5	5-8	7-13	9-10	9-12	10-11
2660	1	7680	0-11	1-4	2-3	2-13	3-6	4-5	5-10	6-9	7-13	8-12	9-12	10-11
2661	1	7680	0-11	1-4	2-10	2-13	3-6	3-12	4-5	5-9	6-9	7-13	8-12	10-11
2662	1	7680	0-11	1-4	2-10	2-13	3-5	3-6	4-5	6-9	7-13	8-12	9-12	10-11
2663	1	7680	0-11	1-4	2-5	2-13	3-6	3-12	4-5	6-9	7-13	8-12	9-10	10-11
2664	2	3840	0-11	1-4	2-5	2-13	3-5	3-6	4-10	6-9	7-13	8-12	9-12	10-11
2665	1	7680	0-11	1-4	2-12	2-13	3-6	3-9	4-5	5-10	6-9	7-13	8-12	10-11
2666	1	7680	0-11	1-4	2-12	2-13	3-5	3-6	4-5	6-9	7-13	8-12	9-10	10-11
2667	2	3840	0-11	1-4	2-12	2-13	3-5	3-6	4-10	5-9	6-9	7-13	8-12	10-11
2668	1	7680	0-11	1-4	2-6	2-13	3-5	3-6	4-5	7-13	8-12	9-10	9-12	10-11
2669	1	7680	0-11	1-11	2-5	2-13	3-6	3-12	4-5	4-10	6-9	7-13	8-10	9-12
2670	1	7680	0-11	1-11	2-6	2-12	3-6	3-13	4-5	4-10	5-9	7-13	8-10	9-12
2671	1	7680	0-11	1-11	2-12	2-13	3-6	3-12	4-5	4-10	5-9	6-9	7-13	8-10
2672	1	7680	0-11	1-11	2-12	2-13	3-5	3-6	4-5	4-10	6-9	7-13	8-10	9-12
2673	1	7680	0-11	1-11	2-6	2-13	3-6	3-12	4-5	4-10	5-9	7-13	8-10	9-12
2674	1	7680	0-11	1-11	2-6	2-13	3-5	3-12	4-5	4-10	6-9	7-13	8-10	9-12
2675	1	7680	0-11	1-11	2-10	2-13	3-6	3-12	4-5	4-10	5-8	6-9	7-13	9-12
2676	1	7680	0-11	1-11	2-6	2-12	3-6	3-13	4-5	4-10	5-8	7-13	9-10	9-12
2677	1	7680	0-11	1-11	2-12	2-13	3-6	3-12	4-5	4-10	5-8	6-9	7-13	9-10
2678	1	7680	0-11	1-11	2-6	2-13	3-6	3-12	4-5	4-10	5-8	7-13	9-10	9-12
2679	2	3840	0-11	1-11	2-3	2-6	3-13	4-5	4-6	5-10	7-13	8-12	9-10	9-12
2680	1	7680	0-11	1-11	2-6	2-10	3-6	3-13	4-5	4-10	5-9	7-13	8-12	9-12
2681	1	7680	0-11	1-11	2-10	2-13	3-6	3-12	4-5	4-10	5-9	6-9	7-13	8-12
2682	1	7680	0-11	1-11	2-10	2-13	3-5	3-6	4-5	4-10	6-9	7-13	8-12	9-12
2683	1	7680	0-11	1-11	2-5	2-6	3-6	3-13	4-5	4-10	7-13	8-12	9-10	9-12
2684	1	7680	0-11	1-11	2-5	2-13	3-6	3-12	4-5	4-10	6-9	7-13	8-12	9-10
2685	1	7680	0-11	1-11	2-12	2-13	3-5	3-6	4-5	4-10	6-9	7-13	8-12	9-10
2686	1	7680	0-11	1-11	2-6	2-13	3-6	3-12	4-5	4-10	5-9	7-13	8-12	9-10
2687	1	7680	0-11	1-11	2-6	2-13	3-5	3-6	4-5	4-10	7-13	8-12	9-10	9-12
2688	1	7680	0-11	1-11	2-6	2-13	3-5	3-12	4-5	4-10	6-9	7-13	8-12	9-10
2689	1	7680	0-11	1-11	2-10	2-13	3-6	3-12	4-5	4-10	5-9	6-8	7-13	9-12
2690	1	7680	0-11	1-11	2-5	2-13	3-6	3-12	4-5	4-10	6-8	7-13	9-10	9-12
2691	1	7680	0-11	1-11	2-12	2-13	3-5	3-6	4-5	4-10	6-8	7-13	9-10	9-12
2692	1	7680	0-11	1-11	2-12	2-13	3-5	3-12	4-5	4-10	6-8	6-9	7-13	9-10
2693	2	3840	0-11	1-11	2-6	2-13	3-5	3-12	4-5	4-10	6-8	7-13	9-10	9-12
2694	2	3840	0-11	1-11	2-6	2-12	3-5	3-6	4-5	4-10	7-13	8-13	9-10	9-12
2695	2	3840	0-11	1-11	2-6	2-12	3-5	3-12	4-5	4-10	6-9	7-13	8-13	9-10
2696	1	7680	0-11	1-5	2-8	2-13	3-4	3-6	4-5	6-9	7-13	9-12	10-11	10-12
2697	1	7680	0-11	1-5	2-8	2-13	3-6	3-12	4-5	4-10	6-9	7-13	9-12	10-11
2698	1	7680	0-11	1-5	2-12	2-13	3-4	3-6	4-5	6-9	7-13	8-9	10-11	10-12
2699	1	7680	0-11	1-5	2-12	2-13	3-6	3-12	4-5	4-10	6-9	7-13	8-9	10-11
2700	1	7680	0-11	1-5	2-12	2-13	3-6	3-8	4-5	4-9	6-9	7-13	10-11	10-12
2701	1	7680	0-11	1-5	2-4	2-13	3-6	3-12	4-5	6-9	7-13	8-10	9-12	10-11
2702	1	7680	0-11	1-5	2-11	2-13	3-6	3-12	4-5	4-10	6-9	7-13	8-10	9-12
2703	1	7680	0-11	1-5	2-6	2-12	3-12	3-13	4-5	4-6	7-13	8-10	9-10	9-11
2704	1	7680	0-11	1-5	2-6	2-12	3-6	3-13	4-5	4-9	7-13	8-10	9-12	10-11
2705	1	7680	0-11	1-5	2-6	2-12	3-6	3-13	4-5	4-10	7-13	8-10	9-11	9-12
2706	1	7680	0-11	1-5	2-12	2-13	3-6	3-12	4-5	4-9	6-9	7-13	8-10	10-11
2707	1	7680	0-11	1-5	2-12	2-13	3-6	3-12	4-5	4-10	6-9	7-13	8-10	9-11
2708	1	7680	0-11	1-5	2-12	2-13	3-4	3-6	4-5	6-9	7-13	8-10	9-12	10-11
2709	1	7680	0-11	1-5	2-12	2-13	3-6	3-11	4-5	4-10	6-9	7-13	8-10	9-12
2710	1	7680	0-11	1-5	2-6	2-13	3-6	3-12	4-5	4-9	7-13	8-10	9-12	10-11
2711	1	7680	0-11	1-5	2-6	2-13	3-6	3-12	4-5	4-10	7-13	8-10	9-11	9-12
2712	1	7680	0-11	1-5	2-10	2-13	3-6	3-12	4-5	4-8	6-9	7-13	9-12	10-11
2713	1	7680	0-11	1-5	2-12	2-13	3-6	3-12	4-5	4-8	6-9	7-13	9-10	10-11
2714	1	7680	0-11	1-5	2-12	2-13	3-5	3-6	4-8	4-10	6-9	7-13	9-12	10-11
2715	1	7680	0-11	1-5	2-6	2-13	3-6	3-12	4-5	4-8	7-13	9-10	9-12	10-11
2716	1	7680	0-11	1-5	2-10	2-13	3-6	3-12	4-5	4-10	6-9	7-13	8-11	9-12
2717	1	7680	0-11	1-5	2-6	2-12	3-6	3-13	4-5	4-10	7-13	8-11	9-10	9-12
2718	1	7680	0-11	1-5	2-12	2-13	3-6	3-12	4-5	4-10	6-9	7-13	8-11	9-10
2719	1	7680	0-11	1-5	2-6	2-13	3-6	3-12	4-5	4-10	7-13	8-11	9-10	9-12
2720	1	7680	0-11	1-5	2-3	2-13	3-6	4-5	4-9	6-9	7-13	8-12	10-11	10-12
2721	1	7680	0-11	1-5	2-6	2-10	3-6	3-13	4-5	4-9	7-13	8-12	9-12	10-11
2722	1	7680	0-11	1-5	2-6	2-10	3-6	3-13	4-5	4-10	7-13	8-12	9-11	9-12
2723	1	7680	0-11	1-5	2-10	2-13	3-6	3-12	4-5	4-9	6-9	7-13	8-12	10-11
2724	1	7680	0-11	1-5	2-10	2-13	3-6	3-12	4-5	4-10	6-9	7-13	8-12	9-11
2725	1	7680	0-11	1-5	2-4	2-13	3-6	3-9	4-5	6-9	7-13	8-12	10-11	10-12
2726	1	7680	0-11	1-5	2-4	2-13	3-6	3-12	4-5	6-9	7-13	8-12	9-10	10-11
2727	1	7680	0-11	1-5	2-6	2-11	3-6	3-13	4-5	4-10	7-13	8-12	9-10	9-12
2728	1	7680	0-11	1-5	2-11	2-13	3-6	3-12	4-5	4-10	6-9	7-13	8-12	9-10
2729	1	7680	0-11	1-5	2-6	2-12	3-6	3-13	4-5	4-10	7-13	8-12	9-10	9-11
2730	1	7680	0-11	1-5	2-6	2-13	3-6	3-12	4-5	4-10	7-13	8-12	9-10	9-11
2731	1	7680	0-11	1-5	2-6	2-13	3-4	3-6	4-5	7-13	8-12	9-10	9-12	10-11
2732	1	7680	0-11	1-5	2-6	2-13	3-6	3-11	4-5	4-10	7-13	8-12	9-10	9-12
2733	1	7680	0-11	1-5	2-6	2-13	3-4	3-12	4-5	6-9	7-13	8-12	9-10	10-11
2734	1	7680	0-11	1-5	2-6	2-13	3-11	3-12	4-5	4-10	6-9	7-13	8-12	9-10
2735	1	7680	0-11	1-5	2-10	2-13	3-6	3-12	4-5	4-9	6-8	7-13	9-12	10-11
2736	1	7680	0-11	1-5	2-10	2-13	3-6	3-12	4-5	4-10	6-8	7-13	9-11	9-12
2737	1	7680	0-11	1-5	2-11	2-13	3-6	3-12	4-5	4-10	6-8	7-13	9-10	9-12
2738	1	7680	0-11	1-5	2-12	2-13	3-6	3-12	4-5	4-10	6-8	7-13	9-10	9-11
2739	1	7680	0-11	1-5	2-12	2-13	3-4	3-6	4-5	6-8	7-13	9-10	9-12	10-11
2740	1	7680	0-11	1-5	2-12	2-13	3-6	3-11	4-5	4-10	6-8	7-13	9-10	9-12
2741	1	7680	0-11	1-5	2-12	2-13	3-4	3-12	4-5	6-8	6-9	7-13	9-10	10-11
2742	1	7680	0-11	1-5	2-12	2-13	3-11	3-12	4-5	4-10	6-8	6-9	7-13	9-10
2743	1	7680	0-11	1-5	2-12	2-13	3-5	3-6	4-9	4-10	6-8	7-13	9-12	10-11
2744	2	3840	0-11	1-5	2-12	2-13	3-11	3-12	4-9	4-10	5-10	6-8	6-9	7-13
2745	2	3840	0-11	1-5	2-12	2-13	3-4	3-6	4-10	5-10	6-8	7-13	9-11	9-12
2746	2	3840	0-11	1-12	2-8	2-13	3-6	3-12	4-5	4-6	5-9	7-13	9-10	10-11
2747	1	7680	0-11	1-12	2-8	2-13	3-4	3-6	4-6	5-10	5-11	7-13	9-10	9-12
2748	1	7680	0-11	1-12	2-8	2-13	3-6	3-11	4-5	4-6	5-10	7-13	9-10	9-12
2749	1	7680	0-11	1-12	2-8	2-13	3-5	3-6	4-5	4-12	6-9	7-13	9-10	10-11
2750	1	7680	0-11	1-12	2-8	2-13	3-6	3-12	4-5	4-9	5-10	6-9	7-13	10-11
2751	1	7680	0-11	1-12	2-8	2-13	3-4	3-6	4-5	5-9	6-9	7-13	10-11	10-12
2752	1	7680	0-11	1-12	2-8	2-13	3-6	3-12	4-5	4-10	5-9	6-9	7-13	10-11
2753	1	7680	0-11	1-12	2-8	2-13	3-4	3-6	4-5	5-10	6-9	7-13	9-12	10-11
2754	1	7680	0-11	1-12	2-8	2-13	3-6	3-11	4-5	4-10	5-10	6-9	7-13	9-12
2755	1	7680	0-11	1-12	2-8	2-13	3-5	3-6	4-5	4-10	6-9	7-13	9-12	10-11
2756	1	7680	0-11	1-12	2-10	2-13	3-6	3-12	4-5	4-6	5-9	7-13	8-9	10-11
2757	1	7680	0-11	1-12	2-10	2-13	3-4	3-6	4-6	5-10	5-11	7-13	8-9	9-12
2758	1	7680	0-11	1-12	2-10	2-13	3-6	3-11	4-5	4-6	5-10	7-13	8-9	9-12
2759	1	7680	0-11	1-12	2-10	2-13	3-5	3-6	4-5	4-6	7-13	8-9	9-12	10-11
2760	1	7680	0-11	1-12	2-10	2-13	3-5	3-6	4-5	4-12	6-9	7-13	8-9	10-11
2761	1	7680	0-11	1-12	2-4	2-13	3-6	3-12	4-5	5-10	6-9	7-13	8-9	10-11
2762	1	7680	0-11	1-12	2-5	2-13	3-4	3-6	4-5	6-9	7-13	8-9	10-11	10-12
2763	1	7680	0-11	1-12	2-5	2-13	3-6	3-12	4-5	4-10	6-9	7-13	8-9	10-11
2764	1	7680	0-11	1-12	2-12	2-13	3-4	3-6	4-5	5-10	6-9	7-13	8-9	10-11
2765	1	7680	0-11	1-12	2-12	2-13	3-6	3-11	4-5	4-10	5-10	6-9	7-13	8-9
2766	1	7680	0-11	1-12	2-12	2-13	3-5	3-6	4-5	4-10	6-9	7-13	8-9	10-11
2767	2	3840	0-11	1-12	2-6	2-10	3-8	3-13	4-5	4-6	5-10	7-13	9-11	9-12
2768	1	7680	0-11	1-12	2-4	2-13	3-6	3-8	4-5	5-10	6-9	7-13	9-12	10-11
2769	2	3840	0-11	1-12	2-6	2-11	3-8	3-13	4-5	4-6	5-10	7-13	9-10	9-12
2770	1	7680	0-11	1-12	2-5	2-13	3-6	3-8	4-5	4-9	6-9	7-13	10-11	10-12
2771	1	7680	0-11	1-12	2-12	2-13	3-6	3-8	4-5	4-9	5-10	6-9	7-13	10-11
2772	1	7680	0-11	1-12	2-12	2-13	3-6	3-8	4-5	4-10	5-10	6-9	7-13	9-11
2773	1	7680	0-11	1-12	2-6	2-13	3-6	3-8	4-5	4-9	5-10	7-13	9-12	10-11
2774	1	7680	0-11	1-12	2-3	2-6	3-13	4-5	4-6	5-10	7-13	8-10	9-11	9-12
2775	1	7680	0-11	1-12	2-6	2-10	3-6	3-13	4-5	4-12	5-9	7-13	8-10	9-11
2776	1	7680	0-11	1-12	2-10	2-13	3-6	3-12	4-5	4-6	5-9	7-13	8-10	9-11
2777	1	7680	0-11	1-12	2-4	2-6	3-6	3-13	4-5	5-9	7-13	8-10	9-12	10-11
2778	1	7680	0-11	1-12	2-4	2-13	3-6	3-12	4-5	5-9	6-9	7-13	8-10	10-11
2779	1	7680	0-11	1-12	2-4	2-13	3-5	3-6	4-5	6-9	7-13	8-10	9-12	10-11
2780	1	7680	0-11	1-12	2-6	2-11	3-9	3-13	4-5	4-6	5-10	7-13	8-10	9-12
2781	1	7680	0-11	1-12	2-6	2-11	3-12	3-13	4-5	4-6	5-9	7-13	8-10	9-10
2782	1	7680	0-11	1-12	2-6	2-11	3-6	3-13	4-5	4-12	5-9	7-13	8-10	9-10
2783	1	7680	0-11	1-12	2-6	2-11	3-6	3-13	4-5	4-10	5-9	7-13	8-10	9-12
2784	1	7680	0-11	1-12	2-11	2-13	3-6	3-12	4-5	4-6	5-9	7-13	8-10	9-10
2785	2	3840	0-11	1-12	2-11	2-13	3-5	3-6	4-5	4-6	7-13	8-10	9-10	9-12
2786	1	7680	0-11	1-12	2-11	2-13	3-6	3-12	4-5	4-10	5-9	6-9	7-13	8-10
2787	1	7680	0-11	1-12	2-11	2-13	3-5	3-6	4-5	4-10	6-9	7-13	8-10	9-12
2788	1	7680	0-11	1-12	2-5	2-6	3-12	3-13	4-5	4-6	7-13	8-10	9-10	9-11
2789	1	7680	0-11	1-12	2-5	2-6	3-6	3-13	4-5	4-12	7-13	8-10	9-10	9-11
2790	1	7680	0-11	1-12	2-5	2-6	3-6	3-13	4-5	4-9	7-13	8-10	9-12	10-11
2791	1	7680	0-11	1-12	2-5	2-6	3-6	3-13	4-5	4-10	7-13	8-10	9-11	9-12
2792	1	7680	0-11	1-12	2-5	2-13	3-6	3-12	4-5	4-6	7-13	8-10	9-10	9-11
2793	1	7680	0-11	1-12	2-5	2-13	3-6	3-12	4-5	4-9	6-9	7-13	8-10	10-11
2794	1	7680	0-11	1-12	2-5	2-13	3-6	3-12	4-5	4-10	6-9	7-13	8-10	9-11
2795	1	7680	0-11	1-12	2-5	2-13	3-4	3-6	4-5	6-9	7-13	8-10	9-12	10-11
2796	1	7680	0-11	1-12	2-5	2-13	3-6	3-11	4-5	4-10	6-9	7-13	8-10	9-12
2797	1	7680	0-11	1-12	2-6	2-12	3-6	3-13	4-5	4-9	5-9	7-13	8-10	10-11
2798	1	7680	0-11	1-12	2-6	2-12	3-6	3-13	4-5	4-10	5-9	7-13	8-10	9-11
2799	2	3840	0-11	1-12	2-12	2-13	3-5	3-6	4-5	4-6	7-13	8-10	9-10	9-11
2800	1	7680	0-11	1-12	2-12	2-13	3-5	3-6	4-5	4-9	6-9	7-13	8-10	10-11
2801	1	7680	0-11	1-12	2-12	2-13	3-5	3-6	4-5	4-10	6-9	7-13	8-10	9-11
2802	1	7680	0-11	1-12	2-12	2-13	3-4	3-6	4-5	5-9	6-9	7-13	8-10	10-11
2803	1	7680	0-11	1-12	2-12	2-13	3-6	3-11	4-5	4-10	5-9	6-9	7-13	8-10
2804	1	7680	0-11	1-12	2-6	2-13	3-6	3-12	4-5	4-9	5-9	7-13	8-10	10-11
2805	1	7680	0-11	1-12	2-6	2-13	3-5	3-6	4-5	4-9	7-13	8-10	9-12	10-11
2806	1	7680	0-11	1-12	2-6	2-13	3-6	3-12	4-5	4-10	5-9	7-13	8-10	9-11
2807	1	7680	0-11	1-12	2-6	2-13	3-5	3-6	4-5	4-10	7-13	8-10	9-11	9-12
2808	1	7680	0-11	1-12	2-6	2-13	3-5	3-12	4-5	4-10	6-9	7-13	8-10	9-11
2809	1	7680	0-11	1-12	2-6	2-13	3-4	3-6	4-5	5-9	7-13	8-10	9-12	10-11
2810	1	7680	0-11	1-12	2-6	2-13	3-6	3-11	4-5	4-10	5-9	7-13	8-10	9-12
2811	1	7680	0-11	1-12	2-6	2-13	3-4	3-12	4-5	5-9	6-9	7-13	8-10	10-11
2812	1	7680	0-11	1-12	2-6	2-13	3-11	3-12	4-5	4-10	5-9	6-9	7-13	8-10
2813	1	7680	0-11	1-12	2-6	2-13	3-4	3-5	4-5	6-9	7-13	8-10	9-12	10-11
2814	1	7680	0-11	1-12	2-6	2-13	3-5	3-11	4-5	4-10	6-9	7-13	8-10	9-12
2815	1	7680	0-11	1-12	2-3	2-13	3-6	4-5	4-8	5-10	6-9	7-13	9-12	10-11
2816	1	7680	0-11	1-12	2-10	2-13	3-6	3-12	4-5	4-8	5-9	6-9	7-13	10-11
2817	1	7680	0-11	1-12	2-10	2-13	3-5	3-6	4-5	4-8	6-9	7-13	9-12	10-11
2818	1	7680	0-11	1-12	2-5	2-13	3-6	3-12	4-5	4-8	6-9	7-13	9-10	10-11
2819	1	7680	0-11	1-12	2-5	2-13	3-5	3-6	4-8	4-10	6-9	7-13	9-12	10-11
2820	1	7680	0-11	1-12	2-12	2-13	3-6	3-9	4-5	4-8	5-10	6-9	7-13	10-11
2821	1	7680	0-11	1-12	2-12	2-13	3-5	3-6	4-5	4-8	6-9	7-13	9-10	10-11
2822	1	7680	0-11	1-12	2-12	2-13	3-5	3-6	4-8	4-10	5-9	6-9	7-13	10-11
2823	1	7680	0-11	1-12	2-6	2-13	3-5	3-6	4-5	4-8	7-13	9-10	9-12	10-11
2824	1	7680	0-11	1-12	2-3	2-6	3-13	4-5	4-6	5-10	7-13	8-11	9-10	9-12
2825	1	7680	0-11	1-12	2-6	2-10	3-6	3-13	4-5	4-10	5-9	7-13	8-11	9-12
2826	1	7680	0-11	1-12	2-10	2-13	3-6	3-12	4-5	4-10	5-9	6-9	7-13	8-11
2827	1	7680	0-11	1-12	2-10	2-13	3-5	3-6	4-5	4-10	6-9	7-13	8-11	9-12
2828	1	7680	0-11	1-12	2-5	2-6	3-6	3-13	4-5	4-10	7-13	8-11	9-10	9-12
2829	1	7680	0-11	1-12	2-5	2-13	3-6	3-12	4-5	4-10	6-9	7-13	8-11	9-10
2830	1	7680	0-11	1-12	2-12	2-13	3-5	3-6	4-5	4-10	6-9	7-13	8-11	9-10
2831	1	7680	0-11	1-12	2-6	2-13	3-6	3-12	4-5	4-10	5-9	7-13	8-11	9-10
2832	1	7680	0-11	1-12	2-6	2-13	3-5	3-6	4-5	4-10	7-13	8-11	9-10	9-12
2833	1	7680	0-11	1-12	2-6	2-13	3-5	3-12	4-5	4-10	6-9	7-13	8-11	9-10
2834	1	7680	0-11	1-12	2-3	2-13	3-6	4-5	4-9	5-8	6-9	7-13	10-11	10-12
2835	1	7680	0-11	1-12	2-6	2-10	3-6	3-13	4-5	4-9	5-8	7-13	9-12	10-11
2836	1	7680	0-11	1-12	2-6	2-10	3-6	3-13	4-5	4-10	5-8	7-13	9-11	9-12
2837	1	7680	0-11	1-12	2-10	2-13	3-6	3-12	4-5	4-9	5-8	6-9	7-13	10-11
2838	1	7680	0-11	1-12	2-10	2-13	3-6	3-12	4-5	4-10	5-8	6-9	7-13	9-11
2839	1	7680	0-11	1-12	2-4	2-13	3-6	3-9	4-5	5-8	6-9	7-13	10-11	10-12
2840	1	7680	0-11	1-12	2-4	2-13	3-6	3-12	4-5	5-8	6-9	7-13	9-10	10-11
2841	1	7680	0-11	1-12	2-6	2-11	3-6	3-13	4-5	4-10	5-8	7-13	9-10	9-12
2842	1	7680	0-11	1-12	2-11	2-13	3-6	3-12	4-5	4-10	5-8	6-9	7-13	9-10
2843	1	7680	0-11	1-12	2-6	2-12	3-6	3-13	4-5	4-10	5-8	7-13	9-10	9-11
2844	1	7680	0-11	1-12	2-6	2-13	3-6	3-12	4-5	4-10	5-8	7-13	9-10	9-11
2845	1	7680	0-11	1-12	2-6	2-13	3-4	3-6	4-5	5-8	7-13	9-10	9-12	10-11
2846	1	7680	0-11	1-12	2-6	2-13	3-6	3-11	4-5	4-10	5-8	7-13	9-10	9-12
2847	1	7680	0-11	1-12	2-6	2-13	3-4	3-12	4-5	5-8	6-9	7-13	9-10	10-11
2848	1	7680	0-11	1-12	2-6	2-13	3-11	3-12	4-5	4-10	5-8	6-9	7-13	9-10
2849	1	7680	0-11	1-12	2-3	2-13	3-6	4-5	4-9	5-10	6-9	7-13	8-12	10-11
2850	1	7680	0-11	1-12	2-3	2-13	3-6	4-5	4-10	5-10	6-9	7-13	8-12	9-11
2851	1	7680	0-11	1-12	2-6	2-10	3-6	3-13	4-5	4-9	5-9	7-13	8-12	10-11
2852	1	7680	0-11	1-12	2-6	2-10	3-6	3-13	4-5	4-10	5-9	7-13	8-12	9-11
2853	1	7680	0-11	1-12	2-10	2-13	3-5	3-6	4-5	4-9	6-9	7-13	8-12	10-11
2854	1	7680	0-11	1-12	2-10	2-13	3-5	3-6	4-5	4-10	6-9	7-13	8-12	9-11
2855	1	7680	0-11	1-12	2-4	2-13	3-6	3-9	4-5	5-10	6-9	7-13	8-12	10-11
2856	1	7680	0-11	1-12	2-4	2-13	3-5	3-6	4-5	6-9	7-13	8-12	9-10	10-11
2857	1	7680	0-11	1-12	2-11	2-13	3-6	3-9	4-5	4-10	5-10	6-9	7-13	8-12
2858	1	7680	0-11	1-12	2-11	2-13	3-5	3-6	4-5	4-10	6-9	7-13	8-12	9-10
2859	1	7680	0-11	1-12	2-5	2-6	3-6	3-13	4-5	4-10	7-13	8-12	9-10	9-11
2860	1	7680	0-11	1-12	2-6	2-13	3-5	3-6	4-5	4-10	7-13	8-12	9-10	9-11
2861	1	7680	0-11	1-12	2-6	2-13	3-6	3-11	4-5	4-10	5-9	7-13	8-12	9-10
2862	1	7680	0-11	1-12	2-6	2-13	3-4	3-5	4-5	6-9	7-13	8-12	9-10	10-11
2863	1	7680	0-11	1-12	2-6	2-13	3-5	3-11	4-5	4-10	6-9	7-13	8-12	9-10
2864	2	3840	0-11	1-12	2-3	2-13	3-6	4-5	4-9	5-10	6-8	7-13	9-12	10-11
2865	1	7680	0-11	1-12	2-10	2-13	3-6	3-12	4-5	4-9	5-9	6-8	7-13	10-11
2866	1	7680	0-11	1-12	2-10	2-13	3-5	3-6	4-5	4-9	6-8	7-13	9-12	10-11
2867	1	7680	0-11	1-12	2-10	2-13	3-6	3-12	4-5	4-10	5-9	6-8	7-13	9-11
2868	1	7680	0-11	1-12	2-10	2-13	3-5	3-6	4-5	4-10	6-8	7-13	9-11	9-12
2869	2	3840	0-11	1-12	2-4	2-13	3-5	3-6	4-5	6-8	7-13	9-10	9-12	10-11
2870	2	3840	0-11	1-12	2-11	2-13	3-6	3-12	4-5	4-10	5-9	6-8	7-13	9-10
2871	1	7680	0-11	1-12	2-11	2-13	3-5	3-6	4-5	4-10	6-8	7-13	9-10	9-12
2872	1	7680	0-11	1-12	2-11	2-13	3-5	3-12	4-5	4-10	6-8	6-9	7-13	9-10
2873	1	7680	0-11	1-12	2-5	2-13	3-6	3-12	4-5	4-10	6-8	7-13	9-10	9-11
2874	2	3840	0-11	1-12	2-5	2-13	3-4	3-6	4-5	6-8	7-13	9-10	9-12	10-11
2875	1	7680	0-11	1-12	2-5	2-13	3-6	3-11	4-5	4-10	6-8	7-13	9-10	9-12
2876	1	7680	0-11	1-12	2-5	2-13	3-4	3-12	4-5	6-8	6-9	7-13	9-10	10-11
2877	1	7680	0-11	1-12	2-5	2-13	3-11	3-12	4-5	4-10	6-8	6-9	7-13	9-10
2878	1	7680	0-11	1-12	2-5	2-13	3-5	3-6	4-9	4-10	6-8	7-13	9-12	10-11
2879	2	3840	0-11	1-12	2-5	2-13	3-11	3-12	4-9	4-10	5-10	6-8	6-9	7-13
2880	2	3840	0-11	1-12	2-5	2-13	3-5	3-12	4-9	4-10	6-8	6-9	7-13	10-11
2881	1	7680	0-11	1-12	2-5	2-13	3-4	3-6	4-10	5-10	6-8	7-13	9-11	9-12
2882	1	7680	0-11	1-12	2-12	2-13	3-5	3-6	4-5	4-10	6-8	7-13	9-10	9-11
2883	2	3840	0-11	1-12	2-12	2-13	3-6	3-11	4-5	4-10	5-9	6-8	7-13	9-10
2884	1	7680	0-11	1-12	2-12	2-13	3-4	3-5	4-5	6-8	6-9	7-13	9-10	10-11
2885	1	7680	0-11	1-12	2-12	2-13	3-5	3-11	4-5	4-10	6-8	6-9	7-13	9-10
2886	2	3840	0-11	1-12	2-12	2-13	3-6	3-11	4-9	4-10	5-9	5-10	6-8	7-13
2887	1	7680	0-11	1-12	2-12	2-13	3-5	3-6	4-9	4-10	5-9	6-8	7-13	10-11
2888	1	7680	0-11	1-12	2-12	2-13	3-5	3-11	4-9	4-10	5-10	6-8	6-9	7-13
2889	1	7680	0-11	1-12	2-12	2-13	3-4	3-6	4-10	5-9	5-10	6-8	7-13	9-11
2890	4	1920	0-11	1-12	2-12	2-13	3-4	3-5	4-10	5-10	6-8	6-9	7-13	9-11
2891	1	7680	0-11	1-12	2-12	2-13	3-4	3-5	4-10	5-9	6-8	6-9	7-13	10-11
2892	1	7680	0-11	1-6	2-8	2-13	3-9	3-12	4-5	4-6	5-10	7-13	9-12	10-11
2893	1	7680	0-11	1-6	2-8	2-13	3-11	3-12	4-5	4-6	5-10	7-13	9-10	9-12
2894	1	7680	0-11	1-6	2-3	2-13	3-12	4-5	4-6	5-10	7-13	8-9	9-12	10-11
2895	1	7680	0-11	1-6	2-10	2-13	3-11	3-12	4-5	4-6	5-10	7-13	8-9	9-12
2896	1	7680	0-11	1-6	2-12	2-13	3-6	3-8	4-5	4-9	5-10	7-13	9-12	10-11
2897	1	7680	0-11	1-6	2-10	2-12	3-12	3-13	4-5	4-6	5-9	7-13	8-10	9-11
2898	1	7680	0-11	1-6	2-4	2-13	3-6	3-12	4-5	5-9	7-13	8-10	9-12	10-11
2899	1	7680	0-11	1-6	2-11	2-12	3-12	3-13	4-5	4-6	5-9	7-13	8-10	9-10
2900	1	7680	0-11	1-6	2-11	2-13	3-6	3-12	4-5	4-10	5-9	7-13	8-10	9-12
2901	2	3840	0-11	1-6	2-5	2-12	3-6	3-13	4-5	4-9	7-13	8-10	9-12	10-11
2902	1	7680	0-11	1-6	2-5	2-12	3-6	3-13	4-5	4-10	7-13	8-10	9-11	9-12
2903	1	7680	0-11	1-6	2-5	2-13	3-6	3-12	4-5	4-9	7-13	8-10	9-12	10-11
2904	1	7680	0-11	1-6	2-5	2-13	3-6	3-12	4-5	4-10	7-13	8-10	9-11	9-12
2905	1	7680	0-11	1-6	2-12	2-13	3-6	3-12	4-5	4-9	5-9	7-13	8-10	10-11
2906	1	7680	0-11	1-6	2-12	2-13	3-5	3-6	4-5	4-9	7-13	8-10	9-12	10-11
2907	1	7680	0-11	1-6	2-12	2-13	3-6	3-12	4-5	4-10	5-9	7-13	8-10	9-11
2908	1	7680	0-11	1-6	2-12	2-13	3-5	3-6	4-5	4-10	7-13	8-10	9-11	9-12
2909	1	7680	0-11	1-6	2-12	2-13	3-5	3-12	4-5	4-10	6-9	7-13	8-10	9-11
2910	1	7680	0-11	1-6	2-12	2-13	3-4	3-6	4-5	5-9	7-13	8-10	9-12	10-11
2911	1	7680	0-11	1-6	2-12	2-13	3-6	3-11	4-5	4-10	5-9	7-13	8-10	9-12
2912	1	7680	0-11	1-6	2-12	2-13	3-4	3-12	4-5	5-9	6-9	7-13	8-10	10-11
2913	1	7680	0-11	1-6	2-12	2-13	3-11	3-12	4-5	4-10	5-9	6-9	7-13	8-10
2914	1	7680	0-11	1-6	2-12	2-13	3-4	3-5	4-5	6-9	7-13	8-10	9-12	10-11
2915	1	7680	0-11	1-6	2-12	2-13	3-5	3-11	4-5	4-10	6-9	7-13	8-10	9-12
2916	1	7680	0-11	1-6	2-6	2-13	3-5	3-12	4-5	4-10	7-13	8-10	9-11	9-12
2917	1	7680	0-11	1-6	2-6	2-13	3-4	3-12	4-5	5-9	7-13	8-10	9-12	10-11
2918	1	7680	0-11	1-6	2-6	2-13	3-11	3-12	4-5	4-10	5-9	7-13	8-10	9-12
2919	2	3840	0-11	1-6	2-12	2-13	3-5	3-11	4-8	4-10	5-10	6-9	7-13	9-12
2920	1	7680	0-11	1-6	2-10	2-13	3-6	3-12	4-5	4-10	5-9	7-13	8-11	9-12
2921	1	7680	0-11	1-6	2-5	2-13	3-6	3-12	4-5	4-10	7-13	8-11	9-10	9-12
2922	1	7680	0-11	1-6	2-12	2-13	3-5	3-6	4-5	4-10	7-13	8-11	9-10	9-12
2923	1	7680	0-11	1-6	2-12	2-13	3-5	3-12	4-5	4-10	6-9	7-13	8-11	9-10
2924	1	7680	0-11	1-6	2-6	2-13	3-5	3-12	4-5	4-10	7-13	8-11	9-10	9-12
2925	1	7680	0-11	1-6	2-10	2-13	3-6	3-12	4-5	4-9	5-8	7-13	9-12	10-11
2926	1	7680	0-11	1-6	2-10	2-13	3-6	3-12	4-5	4-10	5-8	7-13	9-11	9-12
2927	1	7680	0-11	1-6	2-11	2-12	3-6	3-13	4-5	4-10	5-8	7-13	9-10	9-12
2928	1	7680	0-11	1-6	2-11	2-13	3-6	3-12	4-5	4-10	5-8	7-13	9-10	9-12
2929	1	7680	0-11	1-6	2-12	2-13	3-6	3-12	4-5	4-10	5-8	7-13	9-10	9-11
2930	1	7680	0-11	1-6	2-12	2-13	3-4	3-6	4-5	5-8	7-13	9-10	9-12	10-11
2931	1	7680	0-11	1-6	2-12	2-13	3-6	3-11	4-5	4-10	5-8	7-13	9-10	9-12
2932	1	7680	0-11	1-6	2-12	2-13	3-4	3-12	4-5	5-8	6-9	7-13	9-10	10-11
2933	1	7680	0-11	1-6	2-12	2-13	3-11	3-12	4-5	4-10	5-8	6-9	7-13	9-10
2934	1	7680	0-11	1-6	2-12	2-13	3-5	3-6	4-9	4-10	5-8	7-13	9-12	10-11
2935	1	7680	0-11	1-6	2-12	2-13	3-4	3-5	4-10	5-8	6-9	7-13	9-12	10-11
2936	1	7680	0-11	1-6	2-10	2-12	3-6	3-13	4-5	4-10	5-9	7-13	8-12	9-11
2937	1	7680	0-11	1-6	2-10	2-13	3-6	3-12	4-5	4-9	5-9	7-13	8-12	10-11
2938	1	7680	0-11	1-6	2-10	2-13	3-5	3-6	4-5	4-9	7-13	8-12	9-12	10-11
2939	1	7680	0-11	1-6	2-10	2-13	3-6	3-12	4-5	4-10	5-9	7-13	8-12	9-11
2940	1	7680	0-11	1-6	2-10	2-13	3-5	3-6	4-5	4-10	7-13	8-12	9-11	9-12
2941	1	7680	0-11	1-6	2-11	2-13	3-5	3-6	4-5	4-10	7-13	8-12	9-10	9-12
2942	1	7680	0-11	1-6	2-11	2-13	3-5	3-12	4-5	4-10	6-9	7-13	8-12	9-10
2943	1	7680	0-11	1-6	2-5	2-12	3-6	3-13	4-5	4-10	7-13	8-12	9-10	9-11
2944	1	7680	0-11	1-6	2-5	2-13	3-6	3-12	4-5	4-10	7-13	8-12	9-10	9-11
2945	1	7680	0-11	1-6	2-5	2-13	3-6	3-11	4-5	4-10	7-13	8-12	9-10	9-12
2946	1	7680	0-11	1-6	2-5	2-13	3-4	3-12	4-5	6-9	7-13	8-12	9-10	10-11
2947	1	7680	0-11	1-6	2-5	2-13	3-11	3-12	4-5	4-10	6-9	7-13	8-12	9-10
2948	1	7680	0-11	1-6	2-5	2-13	3-5	3-6	4-9	4-10	7-13	8-12	9-12	10-11
2949	1	7680	0-11	1-6	2-5	2-13	3-4	3-6	4-10	5-10	7-13	8-12	9-11	9-12
2950	1	7680	0-11	1-6	2-12	2-13	3-5	3-6	4-5	4-10	7-13	8-12	9-10	9-11
2951	1	7680	0-11	1-6	2-12	2-13	3-4	3-5	4-5	6-9	7-13	8-12	9-10	10-11
2952	1	7680	0-11	1-6	2-12	2-13	3-5	3-11	4-5	4-10	6-9	7-13	8-12	9-10
2953	1	7680	0-11	1-6	2-12	2-13	3-5	3-6	4-9	4-10	5-9	7-13	8-12	10-11
2954	1	7680	0-11	1-6	2-12	2-13	3-5	3-11	4-9	4-10	5-10	6-9	7-13	8-12
2955	1	7680	0-11	1-6	2-12	2-13	3-4	3-6	4-10	5-9	5-10	7-13	8-12	9-11
2956	1	7680	0-11	1-6	2-12	2-13	3-4	3-5	4-10	5-9	6-9	7-13	8-12	10-11
2957	1	7680	0-11	1-6	2-6	2-13	3-5	3-12	4-5	4-10	7-13	8-12	9-10	9-11
2958	1	7680	0-11	1-6	2-6	2-13	3-11	3-12	4-5	4-10	5-9	7-13	8-12	9-10
2959	1	7680	0-11	1-6	2-6	2-13	3-4	3-5	4-5	7-13	8-12	9-10	9-12	10-11
2960	1	7680	0-11	1-6	2-6	2-13	3-5	3-11	4-5	4-10	7-13	8-12	9-10	9-12
2961	1	7680	0-11	1-6	2-6	2-13	3-4	3-5	4-10	5-9	7-13	8-12	9-12	10-11
2962	1	7680	0-11	1-13	2-6	2-8	3-11	3-12	4-5	4-6	5-10	7-13	9-10	9-12
2963	1	7680	0-11	1-13	2-6	2-10	3-11	3-12	4-5	4-6	5-10	7-13	8-9	9-12
2964	1	7680	0-11	1-13	2-6	2-12	3-6	3-8	4-5	4-9	5-10	7-13	9-12	10-11
2965	1	7680	0-11	1-13	2-10	2-12	3-6	3-12	4-5	4-6	5-9	7-13	8-10	9-11
2966	1	7680	0-11	1-13	2-4	2-6	3-6	3-12	4-5	5-9	7-13	8-10	9-12	10-11
2967	1	7680	0-11	1-13	2-11	2-12	3-6	3-12	4-5	4-6	5-9	7-13	8-10	9-10
2968	1	7680	0-11	1-13	2-6	2-11	3-6	3-12	4-5	4-10	5-9	7-13	8-10	9-12
2969	1	7680	0-11	1-13	2-5	2-6	3-6	3-12	4-5	4-9	7-13	8-10	9-12	10-11
2970	1	7680	0-11	1-13	2-5	2-6	3-6	3-12	4-5	4-10	7-13	8-10	9-11	9-12
2971	1	7680	0-11	1-13	2-6	2-12	3-6	3-12	4-5	4-9	5-9	7-13	8-10	10-11
2972	1	7680	0-11	1-13	2-6	2-12	3-5	3-6	4-5	4-9	7-13	8-10	9-12	10-11
2973	1	7680	0-11	1-13	2-6	2-12	3-6	3-12	4-5	4-10	5-9	7-13	8-10	9-11
2974	1	7680	0-11	1-13	2-6	2-12	3-5	3-6	4-5	4-10	7-13	8-10	9-11	9-12
2975	1	7680	0-11	1-13	2-6	2-12	3-5	3-12	4-5	4-10	6-9	7-13	8-10	9-11
2976	1	7680	0-11	1-13	2-6	2-12	3-4	3-6	4-5	5-9	7-13	8-10	9-12	10-11
2977	1	7680	0-11	1-13	2-6	2-12	3-6	3-11	4-5	4-10	5-9	7-13	8-10	9-12
2978	1	7680	0-11	1-13	2-6	2-12	3-4	3-12	4-5	5-9	6-9	7-13	8-10	10-11
2979	1	7680	0-11	1-13	2-6	2-12	3-11	3-12	4-5	4-10	5-9	6-9	7-13	8-10
2980	2	3840	0-11	1-13	2-6	2-12	3-4	3-5	4-5	6-9	7-13	8-10	9-12	10-11
2981	2	3840	0-11	1-13	2-6	2-12	3-5	3-11	4-5	4-10	6-9	7-13	8-10	9-12
2982	2	3840	0-11	1-13	2-5	2-6	3-6	3-12	4-5	4-10	7-13	8-11	9-10	9-12
2983	1	7680	0-11	1-13	2-6	2-12	3-5	3-6	4-5	4-10	7-13	8-11	9-10	9-12
2984	1	7680	0-11	1-13	2-6	2-12	3-5	3-12	4-5	4-10	6-9	7-13	8-11	9-10
2985	1	7680	0-11	1-13	2-6	2-10	3-6	3-12	4-5	4-9	5-8	7-13	9-12	10-11
2986	1	7680	0-11	1-13	2-6	2-10	3-6	3-12	4-5	4-10	5-8	7-13	9-11	9-12
2987	1	7680	0-11	1-13	2-6	2-11	3-6	3-12	4-5	4-10	5-8	7-13	9-10	9-12
2988	1	7680	0-11	1-13	2-6	2-12	3-6	3-12	4-5	4-10	5-8	7-13	9-10	9-11
2989	1	7680	0-11	1-13	2-6	2-12	3-4	3-6	4-5	5-8	7-13	9-10	9-12	10-11
2990	1	7680	0-11	1-13	2-6	2-12	3-6	3-11	4-5	4-10	5-8	7-13	9-10	9-12
2991	1	7680	0-11	1-13	2-6	2-12	3-4	3-12	4-5	5-8	6-9	7-13	9-10	10-11
2992	1	7680	0-11	1-13	2-6	2-12	3-11	3-12	4-5	4-10	5-8	6-9	7-13	9-10
2993	1	7680	0-11	1-13	2-6	2-12	3-5	3-6	4-9	4-10	5-8	7-13	9-12	10-11
2994	2	3840	0-11	1-13	2-6	2-12	3-4	3-5	4-10	5-8	6-9	7-13	9-12	10-11
2995	1	7680	0-11	1-13	2-6	2-10	3-6	3-12	4-5	4-9	5-9	7-13	8-12	10-11
2996	1	7680	0-11	1-13	2-6	2-10	3-5	3-6	4-5	4-9	7-13	8-12	9-12	10-11
2997	1	7680	0-11	1-13	2-6	2-10	3-6	3-12	4-5	4-10	5-9	7-13	8-12	9-11
2998	1	7680	0-11	1-13	2-6	2-10	3-5	3-6	4-5	4-10	7-13	8-12	9-11	9-12
2999	1	7680	0-11	1-13	2-6	2-11	3-5	3-6	4-5	4-10	7-13	8-12	9-10	9-12
3000	1	7680	0-11	1-13	2-6	2-11	3-5	3-12	4-5	4-10	6-9	7-13	8-12	9-10
3001	1	7680	0-11	1-13	2-5	2-6	3-6	3-12	4-5	4-10	7-13	8-12	9-10	9-11
3002	1	7680	0-11	1-13	2-5	2-6	3-6	3-11	4-5	4-10	7-13	8-12	9-10	9-12
3003	1	7680	0-11	1-13	2-5	2-6	3-4	3-12	4-5	6-9	7-13	8-12	9-10	10-11
3004	1	7680	0-11	1-13	2-5	2-6	3-11	3-12	4-5	4-10	6-9	7-13	8-12	9-10
3005	1	7680	0-11	1-13	2-5	2-6	3-5	3-6	4-9	4-10	7-13	8-12	9-12	10-11
3006	1	7680	0-11	1-13	2-5	2-6	3-4	3-6	4-10	5-10	7-13	8-12	9-11	9-12
3007	1	7680	0-11	1-13	2-6	2-12	3-5	3-6	4-5	4-10	7-13	8-12	9-10	9-11
3008	1	7680	0-11	1-13	2-6	2-12	3-4	3-5	4-5	6-9	7-13	8-12	9-10	10-11
3009	1	7680	0-11	1-13	2-6	2-12	3-5	3-11	4-5	4-10	6-9	7-13	8-12	9-10
3010	1	7680	0-11	1-13	2-6	2-12	3-5	3-6	4-9	4-10	5-9	7-13	8-12	10-11
3011	1	7680	0-11	1-13	2-6	2-12	3-5	3-11	4-9	4-10	5-10	6-9	7-13	8-12
3012	1	7680	0-11	1-13	2-6	2-12	3-4	3-6	4-10	5-9	5-10	7-13	8-12	9-11
3013	1	7680	0-11	1-13	2-6	2-12	3-4	3-5	4-10	5-9	6-9	7-13	8-12	10-11
3014	1	7680	0-11	1-13	2-10	2-12	3-6	3-12	4-5	4-10	5-9	6-8	7-13	9-11
3015	1	7680	0-11	1-13	2-6	2-10	3-5	3-12	4-5	4-10	6-8	7-13	9-11	9-12
3016	1	7680	0-11	1-13	2-6	2-10	3-4	3-12	4-5	5-9	6-8	7-13	9-12	10-11
3017	1	7680	0-11	1-13	2-6	2-10	3-11	3-12	4-5	4-10	5-9	6-8	7-13	9-12
3018	1	7680	0-11	1-13	2-11	2-12	3-5	3-6	4-5	4-10	6-8	7-13	9-10	9-12
3019	1	7680	0-11	1-13	2-6	2-11	3-5	3-12	4-5	4-10	6-8	7-13	9-10	9-12
3020	1	7680	0-11	1-13	2-5	2-12	3-6	3-12	4-5	4-10	6-8	7-13	9-10	9-11
3021	1	7680	0-11	1-13	2-6	2-12	3-5	3-12	4-5	4-10	6-8	7-13	9-10	9-11
3022	1	7680	0-11	1-13	2-6	2-12	3-11	3-12	4-5	4-10	5-9	6-8	7-13	9-10
3023	1	7680	0-11	1-13	2-6	2-12	3-4	3-5	4-5	6-8	7-13	9-10	9-12	10-11
3024	1	7680	0-11	1-13	2-6	2-12	3-5	3-11	4-5	4-10	6-8	7-13	9-10	9-12
3025	1	7680	0-11	1-13	2-6	2-12	3-5	3-11	4-9	4-10	5-10	6-8	7-13	9-12
3026	1	7680	0-11	1-13	2-6	2-12	3-4	3-5	4-10	5-9	6-8	7-13	9-12	10-11
3027	4	1920	0-5	1-4	2-11	2-13	3-12	3-13	4-5	6-9	6-10	7-8	9-12	10-11
3028	4	1920	0-5	1-4	2-12	2-13	3-12	3-13	4-5	6-9	6-10	7-8	9-11	10-11
3029	2	3840	0-5	1-4	2-12	2-13	3-6	3-13	4-5	6-9	7-8	9-11	10-11	10-12
3030	4	1920	0-5	1-4	2-12	2-13	3-6	3-12	4-5	6-10	7-8	9-11	9-13	10-11
3031	4	1920	0-5	1-4	2-12	2-13	3-11	3-13	4-5	6-9	6-10	7-8	9-12	10-11
3032	8	960	0-5	1-4	2-12	2-13	3-6	3-11	4-5	6-10	7-8	9-12	9-13	10-11
3033	8	960	0-5	1-4	2-6	2-13	3-6	3-13	4-5	7-8	9-11	9-12	10-11	10-12
3034	1	7680	0-5	1-4	2-6	2-13	3-6	3-11	4-5	7-8	9-12	9-13	10-11	10-12
3035	32	240	0-5	1-4	2-6	2-13	3-11	3-12	4-5	6-9	7-8	9-13	10-11	10-12
3036	1	7680	0-5	1-11	2-10	2-13	3-11	3-13	4-5	4-6	6-9	7-8	9-12	10-12
3037	1	7680	0-5	1-11	2-11	2-13	3-12	3-13	4-5	4-10	6-9	6-10	7-8	9-12
3038	1	7680	0-5	1-11	2-12	2-13	3-6	3-12	4-5	4-6	7-8	9-10	9-13	10-11
3039	1	7680	0-5	1-11	2-12	2-13	3-6	3-13	4-5	4-9	6-9	7-8	10-11	10-12
3040	1	7680	0-5	1-11	2-12	2-13	3-12	3-13	4-5	4-10	6-9	6-10	7-8	9-11
3041	1	7680	0-5	1-11	2-12	2-13	3-6	3-12	4-5	4-10	6-10	7-8	9-11	9-13
3042	1	7680	0-5	1-11	2-12	2-13	3-11	3-13	4-5	4-10	6-9	6-10	7-8	9-12
3043	2	3840	0-5	1-11	2-12	2-13	3-6	3-13	4-5	4-10	6-9	7-8	9-12	10-11
3044	2	3840	0-5	1-11	2-12	2-13	3-6	3-11	4-5	4-10	6-10	7-8	9-12	9-13
3045	1	7680	0-5	1-11	2-6	2-13	3-11	3-13	4-5	4-6	7-8	9-10	9-12	10-12
3046	1	7680	0-5	1-11	2-6	2-13	3-4	3-6	4-5	7-8	9-12	9-13	10-11	10-12
3047	1	7680	0-5	1-11	2-6	2-13	3-6	3-12	4-5	4-10	7-8	9-12	9-13	10-11
3048	2	3840	0-5	1-11	2-12	2-13	3-6	3-13	4-5	4-7	6-9	8-10	9-12	10-11
3049	1	7680	0-5	1-11	2-6	2-13	3-6	3-12	4-5	4-7	8-10	9-12	9-13	10-11
3050	1	7680	0-5	1-12	2-6	2-13	3-6	3-12	4-5	4-7	8-10	9-11	9-13	10-11
3051	1	7680	0-5	1-12	2-6	2-13	3-6	3-11	4-5	4-7	8-10	9-12	9-13	10-11
3052	8	960	0-5	1-12	2-6	2-13	3-11	3-12	4-5	4-7	6-9	8-10	9-13	10-11
3053	1	7680	0-5	1-6	2-12	2-13	3-6	3-11	4-5	4-7	8-9	9-13	10-11	10-12
3054	1	7680	0-5	1-6	2-12	2-13	3-6	3-8	4-5	4-7	9-11	9-13	10-11	10-12
3055	1	7680	0-5	1-6	2-12	2-13	3-6	3-12	4-5	4-7	8-10	9-11	9-13	10-11
3056	2	3840	0-5	1-6	2-12	2-13	3-6	3-11	4-5	4-7	8-10	9-12	9-13	10-11
3057	1	7680	0-5	1-13	2-8	2-13	3-6	3-11	4-5	4-7	6-9	9-12	10-11	10-12
3058	1	7680	0-5	1-13	2-12	2-13	3-6	3-11	4-5	4-7	6-9	8-9	10-11	10-12
3059	2	3840	0-5	1-13	2-6	2-13	3-11	3-12	4-5	4-7	6-9	8-9	10-11	10-12
3060	1	7680	0-5	1-13	2-12	2-13	3-6	3-8	4-5	4-7	6-9	9-11	10-11	10-12
3061	1	7680	0-5	1-13	2-6	2-13	3-6	3-8	4-5	4-7	9-11	9-12	10-11	10-12
3062	1	7680	0-5	1-13	2-11	2-13	3-6	3-12	4-5	4-7	6-9	8-10	9-12	10-11
3063	1	7680	0-5	1-13	2-6	2-12	3-6	3-13	4-5	4-7	8-10	9-11	9-12	10-11
3064	1	7680	0-5	1-13	2-12	2-13	3-6	3-12	4-5	4-7	6-9	8-10	9-11	10-11
3065	1	7680	0-5	1-13	2-12	2-13	3-6	3-11	4-5	4-7	6-9	8-10	9-12	10-11
3066	1	7680	0-5	1-13	2-6	2-13	3-6	3-12	4-5	4-7	8-10	9-11	9-12	10-11
3067	1	7680	0-5	1-13	2-6	2-13	3-11	3-12	4-5	4-7	6-9	8-10	9-12	10-11
3068	4	1920	0-5	1-10	2-12	2-13	3-6	3-13	4-5	4-8	6-9	7-11	9-12	10-11
3069	2	3840	0-5	1-10	2-6	2-13	3-6	3-12	4-5	4-8	7-11	9-12	9-13	10-11
3070	4	1920	0-5	1-10	2-12	2-13	3-6	3-13	4-5	4-10	6-9	7-11	8-11	9-12
3071	2	3840	0-5	1-10	2-6	2-13	3-6	3-12	4-5	4-10	7-11	8-11	9-12	9-13
3072	2	3840	0-5	1-4	2-12	2-13	3-6	3-13	4-5	6-9	7-11	8-10	9-12	10-11
3073	1	7680	0-5	1-4	2-6	2-13	3-6	3-12	4-5	7-11	8-10	9-12	9-13	10-11
3074	2	3840	0-5	1-11	2-12	2-13	3-6	3-13	4-5	4-10	6-9	7-11	8-10	9-12
3075	1	7680	0-5	1-11	2-6	2-13	3-6	3-12	4-5	4-10	7-11	8-10	9-12	9-13
3076	1	7680	0-5	1-12	2-12	2-13	3-6	3-13	4-5	4-10	6-9	7-11	8-9	10-11
3077	1	7680	0-5	1-12	2-12	2-13	3-6	3-13	4-5	4-9	6-9	7-11	8-10	10-11
3078	1	7680	0-5	1-12	2-12	2-13	3-6	3-13	4-5	4-10	6-9	7-11	8-10	9-11
3079	2	3840	0-5	1-12	2-6	2-13	3-6	3-13	4-5	4-9	7-11	8-10	9-12	10-11
3080	2	3840	0-5	1-12	2-6	2-13	3-6	3-12	4-5	4-9	7-11	8-10	9-13	10-11
3081	1	7680	0-5	1-12	2-6	2-13	3-6	3-12	4-5	4-10	7-11	8-10	9-11	9-13
3082	16	480	0-5	1-12	2-6	2-13	3-4	3-12	4-5	6-9	7-11	8-10	9-13	10-11
3083	16	480	0-5	1-12	2-6	2-13	3-11	3-12	4-5	4-10	6-9	7-11	8-10	9-13
3084	1	7680	0-5	1-12	2-10	2-13	3-11	3-13	4-5	4-8	6-9	6-10	7-11	9-12
3085	1	7680	0-5	1-12	2-12	2-13	3-11	3-13	4-5	4-8	6-9	6-10	7-11	9-10
3086	1	7680	0-5	1-12	2-12	2-13	3-6	3-13	4-5	4-8	6-9	7-11	9-10	10-11
3087	1	7680	0-5	1-12	2-12	2-13	3-6	3-11	4-5	4-8	6-10	7-11	9-10	9-13
3088	2	3840	0-5	1-12	2-6	2-13	3-6	3-9	4-5	4-8	7-11	9-13	10-11	10-12
3089	2	3840	0-5	1-12	2-6	2-13	3-6	3-13	4-5	4-8	7-11	9-10	9-12	10-11
3090	1	7680	0-5	1-12	2-6	2-13	3-6	3-12	4-5	4-8	7-11	9-10	9-13	10-11
3091	1	7680	0-5	1-6	2-12	2-13	3-4	3-6	4-5	7-11	8-9	9-13	10-11	10-12
3092	1	7680	0-5	1-6	2-12	2-13	3-6	3-12	4-5	4-10	7-11	8-9	9-13	10-11
3093	1	7680	0-5	1-6	2-11	2-13	3-8	3-13	4-5	4-6	7-11	9-10	9-12	10-12
3094	1	7680	0-5	1-6	2-12	2-13	3-6	3-8	4-5	4-9	7-11	9-13	10-11	10-12
3095	1	7680	0-5	1-6	2-11	2-13	3-9	3-13	4-5	4-6	7-11	8-10	9-12	10-12
3096	1	7680	0-5	1-6	2-12	2-13	3-6	3-12	4-5	4-9	7-11	8-10	9-13	10-11
3097	1	7680	0-5	1-6	2-12	2-13	3-6	3-12	4-5	4-10	7-11	8-10	9-11	9-13
3098	4	1920	0-5	1-6	2-12	2-13	3-4	3-6	4-5	7-11	8-10	9-12	9-13	10-11
3099	4	1920	0-5	1-6	2-12	2-13	3-6	3-11	4-5	4-10	7-11	8-10	9-12	9-13
3100	1	7680	0-5	1-6	2-12	2-13	3-6	3-12	4-5	4-8	7-11	9-10	9-13	10-11
3101	1	7680	0-5	1-13	2-8	2-13	3-4	3-6	4-5	6-9	7-11	9-12	10-11	10-12
3102	1	7680	0-5	1-13	2-8	2-13	3-6	3-12	4-5	4-10	6-9	7-11	9-12	10-11
3103	1	7680	0-5	1-13	2-12	2-13	3-4	3-6	4-5	6-9	7-11	8-9	10-11	10-12
3104	1	7680	0-5	1-13	2-12	2-13	3-6	3-12	4-5	4-10	6-9	7-11	8-9	10-11
3105	1	7680	0-5	1-13	2-12	2-13	3-6	3-8	4-5	4-9	6-9	7-11	10-11	10-12
3106	1	7680	0-5	1-13	2-4	2-13	3-6	3-12	4-5	6-9	7-11	8-10	9-12	10-11
3107	1	7680	0-5	1-13	2-11	2-13	3-6	3-12	4-5	4-10	6-9	7-11	8-10	9-12
3108	2	3840	0-5	1-13	2-6	2-12	3-12	3-13	4-5	4-6	7-11	8-10	9-10	9-11
3109	1	7680	0-5	1-13	2-6	2-12	3-6	3-13	4-5	4-9	7-11	8-10	9-12	10-11
3110	1	7680	0-5	1-13	2-6	2-12	3-6	3-13	4-5	4-10	7-11	8-10	9-11	9-12
3111	1	7680	0-5	1-13	2-12	2-13	3-6	3-12	4-5	4-9	6-9	7-11	8-10	10-11
3112	1	7680	0-5	1-13	2-12	2-13	3-6	3-12	4-5	4-10	6-9	7-11	8-10	9-11
3113	1	7680	0-5	1-13	2-12	2-13	3-4	3-6	4-5	6-9	7-11	8-10	9-12	10-11
3114	1	7680	0-5	1-13	2-12	2-13	3-6	3-11	4-5	4-10	6-9	7-11	8-10	9-12
3115	1	7680	0-5	1-13	2-6	2-13	3-6	3-12	4-5	4-9	7-11	8-10	9-12	10-11
3116	1	7680	0-5	1-13	2-6	2-13	3-6	3-12	4-5	4-10	7-11	8-10	9-11	9-12
3117	1	7680	0-5	1-13	2-10	2-13	3-6	3-12	4-5	4-8	6-9	7-11	9-12	10-11
3118	1	7680	0-5	1-13	2-12	2-13	3-6	3-12	4-5	4-8	6-9	7-11	9-10	10-11
3119	1	7680	0-5	1-13	2-6	2-13	3-6	3-12	4-5	4-8	7-11	9-10	9-12	10-11
3120	1	7680	0-5	1-9	2-12	2-13	3-6	3-13	4-5	4-10	6-9	7-12	8-11	10-11
3121	1	7680	0-5	1-10	2-6	2-13	3-6	3-12	4-5	4-8	7-12	9-11	9-13	10-11
3122	1	7680	0-5	1-10	2-6	2-13	3-6	3-11	4-5	4-8	7-12	9-12	9-13	10-11
3123	8	960	0-5	1-10	2-6	2-13	3-11	3-12	4-5	4-8	6-9	7-12	9-13	10-11
3124	1	7680	0-5	1-10	2-12	2-13	3-6	3-13	4-5	4-9	6-9	7-12	8-11	10-11
3125	1	7680	0-5	1-10	2-12	2-13	3-6	3-13	4-5	4-10	6-9	7-12	8-11	9-11
3126	2	3840	0-5	1-10	2-6	2-13	3-6	3-13	4-5	4-9	7-12	8-11	9-12	10-11
3127	1	7680	0-5	1-10	2-6	2-13	3-6	3-12	4-5	4-10	7-12	8-11	9-11	9-13
3128	1	7680	0-5	1-4	2-6	2-13	3-6	3-12	4-5	7-12	8-10	9-11	9-13	10-11
3129	1	7680	0-5	1-4	2-6	2-13	3-6	3-11	4-5	7-12	8-10	9-12	9-13	10-11
3130	8	960	0-5	1-4	2-6	2-13	3-11	3-12	4-5	6-9	7-12	8-10	9-13	10-11
3131	2	3840	0-5	1-4	2-10	2-13	3-11	3-13	4-5	6-9	6-10	7-12	8-11	9-12
3132	2	3840	0-5	1-4	2-12	2-13	3-11	3-13	4-5	6-9	6-10	7-12	8-11	9-10
3133	1	7680	0-5	1-4	2-12	2-13	3-6	3-13	4-5	6-9	7-12	8-11	9-10	10-11
3134	2	3840	0-5	1-4	2-12	2-13	3-6	3-11	4-5	6-10	7-12	8-11	9-10	9-13
3135	4	1920	0-5	1-4	2-6	2-13	3-6	3-9	4-5	7-12	8-11	9-13	10-11	10-12
3136	4	1920	0-5	1-4	2-6	2-13	3-6	3-13	4-5	7-12	8-11	9-10	9-12	10-11
3137	2	3840	0-5	1-4	2-6	2-13	3-6	3-12	4-5	7-12	8-11	9-10	9-13	10-11
3138	1	7680	0-5	1-4	2-11	2-13	3-6	3-13	4-5	6-9	7-12	8-12	9-10	10-11
3139	4	1920	0-5	1-4	2-6	2-13	3-6	3-13	4-5	7-12	8-12	9-10	9-11	10-11
3140	2	3840	0-5	1-4	2-6	2-13	3-6	3-11	4-5	7-12	8-12	9-10	9-13	10-11
3141	1	7680	0-5	1-11	2-12	2-13	3-6	3-13	4-5	4-10	6-9	7-12	8-9	10-11
3142	1	7680	0-5	1-11	2-12	2-13	3-6	3-13	4-5	4-9	6-9	7-12	8-10	10-11
3143	1	7680	0-5	1-11	2-12	2-13	3-6	3-13	4-5	4-10	6-9	7-12	8-10	9-11
3144	2	3840	0-5	1-11	2-6	2-13	3-6	3-13	4-5	4-9	7-12	8-10	9-12	10-11
3145	1	7680	0-5	1-11	2-6	2-13	3-6	3-12	4-5	4-9	7-12	8-10	9-13	10-11
3146	1	7680	0-5	1-11	2-6	2-13	3-6	3-12	4-5	4-10	7-12	8-10	9-11	9-13
3147	8	960	0-5	1-11	2-6	2-13	3-4	3-12	4-5	6-9	7-12	8-10	9-13	10-11
3148	8	960	0-5	1-11	2-6	2-13	3-11	3-12	4-5	4-10	6-9	7-12	8-10	9-13
3149	1	7680	0-5	1-11	2-10	2-13	3-11	3-13	4-5	4-8	6-9	6-10	7-12	9-12
3150	1	7680	0-5	1-11	2-12	2-13	3-11	3-13	4-5	4-8	6-9	6-10	7-12	9-10
3151	1	7680	0-5	1-11	2-12	2-13	3-6	3-13	4-5	4-8	6-9	7-12	9-10	10-11
3152	1	7680	0-5	1-11	2-12	2-13	3-6	3-11	4-5	4-8	6-10	7-12	9-10	9-13
3153	2	3840	0-5	1-11	2-6	2-13	3-6	3-9	4-5	4-8	7-12	9-13	10-11	10-12
3154	2	3840	0-5	1-11	2-6	2-13	3-6	3-13	4-5	4-8	7-12	9-10	9-12	10-11
3155	1	7680	0-5	1-11	2-6	2-13	3-6	3-12	4-5	4-8	7-12	9-10	9-13	10-11
3156	1	7680	0-5	1-11	2-10	2-13	3-4	3-13	4-5	6-9	6-10	7-12	8-11	9-12
3157	1	7680	0-5	1-11	2-12	2-13	3-4	3-13	4-5	6-9	6-10	7-12	8-11	9-10
3158	1	7680	0-5	1-11	2-12	2-13	3-6	3-13	4-5	4-10	6-9	7-12	8-11	9-10
3159	1	7680	0-5	1-11	2-12	2-13	3-4	3-6	4-5	6-10	7-12	8-11	9-10	9-13
3160	2	3840	0-5	1-11	2-6	2-13	3-6	3-13	4-5	4-10	7-12	8-11	9-10	9-12
3161	1	7680	0-5	1-11	2-6	2-13	3-6	3-12	4-5	4-10	7-12	8-11	9-10	9-13
3162	1	7680	0-5	1-11	2-11	2-13	3-6	3-13	4-5	4-10	6-9	7-12	8-12	9-10
3163	1	7680	0-5	1-12	2-11	2-13	3-6	3-13	4-5	4-8	6-9	7-12	9-10	10-11
3164	4	1920	0-5	1-12	2-6	2-13	3-6	3-13	4-5	4-8	7-12	9-10	9-11	10-11
3165	2	3840	0-5	1-12	2-6	2-13	3-6	3-11	4-5	4-8	7-12	9-10	9-13	10-11
3166	1	7680	0-5	1-12	2-11	2-13	3-6	3-13	4-5	4-10	6-9	7-12	8-11	9-10
3167	2	3840	0-5	1-6	2-11	2-13	3-6	3-12	4-5	4-10	7-12	8-10	9-11	9-13
3168	1	7680	0-5	1-6	2-11	2-13	3-6	3-9	4-5	4-8	7-12	9-13	10-11	10-12
3169	1	7680	0-5	1-6	2-11	2-13	3-6	3-12	4-5	4-8	7-12	9-10	9-13	10-11
3170	1	7680	0-5	1-6	2-12	2-13	3-6	3-11	4-5	4-8	7-12	9-10	9-13	10-11
3171	1	7680	0-5	1-6	2-4	2-13	3-6	3-9	4-5	7-12	8-11	9-13	10-11	10-12
3172	1	7680	0-5	1-6	2-4	2-13	3-6	3-12	4-5	7-12	8-11	9-10	9-13	10-11
3173	1	7680	0-5	1-6	2-11	2-13	3-6	3-12	4-5	4-10	7-12	8-11	9-10	9-13
3174	1	7680	0-5	1-13	2-6	2-8	3-6	3-13	4-5	4-10	7-12	9-11	9-12	10-11
3175	1	7680	0-5	1-13	2-8	2-13	3-4	3-6	4-5	6-9	7-12	9-11	10-11	10-12
3176	1	7680	0-5	1-13	2-8	2-13	3-6	3-12	4-5	4-10	6-9	7-12	9-11	10-11
3177	1	7680	0-5	1-13	2-11	2-13	3-4	3-6	4-5	6-9	7-12	8-9	10-11	10-12
3178	1	7680	0-5	1-13	2-11	2-13	3-6	3-12	4-5	4-10	6-9	7-12	8-9	10-11
3179	1	7680	0-5	1-13	2-4	2-13	3-6	3-8	4-5	6-9	7-12	9-11	10-11	10-12
3180	1	7680	0-5	1-13	2-11	2-13	3-6	3-8	4-5	4-9	6-9	7-12	10-11	10-12
3181	1	7680	0-5	1-13	2-4	2-6	3-6	3-13	4-5	7-12	8-10	9-11	9-12	10-11
3182	1	7680	0-5	1-13	2-4	2-13	3-6	3-12	4-5	6-9	7-12	8-10	9-11	10-11
3183	1	7680	0-5	1-13	2-6	2-11	3-6	3-13	4-5	4-9	7-12	8-10	9-12	10-11
3184	1	7680	0-5	1-13	2-6	2-11	3-6	3-13	4-5	4-10	7-12	8-10	9-11	9-12
3185	1	7680	0-5	1-13	2-11	2-13	3-6	3-12	4-5	4-9	6-9	7-12	8-10	10-11
3186	1	7680	0-5	1-13	2-11	2-13	3-6	3-12	4-5	4-10	6-9	7-12	8-10	9-11
3187	1	7680	0-5	1-13	2-6	2-12	3-6	3-13	4-5	4-9	7-12	8-10	9-11	10-11
3188	1	7680	0-5	1-13	2-6	2-13	3-6	3-12	4-5	4-9	7-12	8-10	9-11	10-11
3189	1	7680	0-5	1-13	2-6	2-13	3-6	3-11	4-5	4-9	7-12	8-10	9-12	10-11
3190	1	7680	0-5	1-13	2-6	2-13	3-11	3-12	4-5	4-9	6-9	7-12	8-10	10-11
3191	1	7680	0-5	1-13	2-6	2-13	3-4	3-6	4-5	7-12	8-10	9-11	9-12	10-11
3192	1	7680	0-5	1-13	2-6	2-13	3-6	3-11	4-5	4-10	7-12	8-10	9-11	9-12
3193	1	7680	0-5	1-13	2-3	2-13	3-6	4-5	4-8	6-9	7-12	9-11	10-11	10-12
3194	1	7680	0-5	1-13	2-6	2-10	3-6	3-13	4-5	4-8	7-12	9-11	9-12	10-11
3195	1	7680	0-5	1-13	2-10	2-13	3-6	3-12	4-5	4-8	6-9	7-12	9-11	10-11
3196	1	7680	0-5	1-13	2-10	2-13	3-6	3-11	4-5	4-8	6-9	7-12	9-12	10-11
3197	1	7680	0-5	1-13	2-11	2-13	3-6	3-9	4-5	4-8	6-9	7-12	10-11	10-12
3198	1	7680	0-5	1-13	2-11	2-13	3-6	3-12	4-5	4-8	6-9	7-12	9-10	10-11
3199	1	7680	0-5	1-13	2-12	2-13	3-6	3-11	4-5	4-8	6-9	7-12	9-10	10-11
3200	1	7680	0-5	1-13	2-6	2-13	3-6	3-12	4-5	4-8	7-12	9-10	9-11	10-11
3201	1	7680	0-5	1-13	2-6	2-13	3-6	3-11	4-5	4-8	7-12	9-10	9-12	10-11
3202	1	7680	0-5	1-13	2-6	2-13	3-11	3-12	4-5	4-8	6-9	7-12	9-10	10-11
3203	1	7680	0-5	1-13	2-3	2-13	3-6	4-5	4-9	6-9	7-12	8-11	10-11	10-12
3204	1	7680	0-5	1-13	2-6	2-10	3-6	3-13	4-5	4-9	7-12	8-11	9-12	10-11
3205	1	7680	0-5	1-13	2-6	2-10	3-6	3-13	4-5	4-10	7-12	8-11	9-11	9-12
3206	1	7680	0-5	1-13	2-10	2-13	3-6	3-12	4-5	4-9	6-9	7-12	8-11	10-11
3207	1	7680	0-5	1-13	2-10	2-13	3-6	3-12	4-5	4-10	6-9	7-12	8-11	9-11
3208	1	7680	0-5	1-13	2-4	2-13	3-6	3-9	4-5	6-9	7-12	8-11	10-11	10-12
3209	1	7680	0-5	1-13	2-4	2-13	3-6	3-12	4-5	6-9	7-12	8-11	9-10	10-11
3210	1	7680	0-5	1-13	2-6	2-11	3-6	3-13	4-5	4-10	7-12	8-11	9-10	9-12
3211	1	7680	0-5	1-13	2-11	2-13	3-6	3-12	4-5	4-10	6-9	7-12	8-11	9-10
3212	1	7680	0-5	1-13	2-6	2-12	3-6	3-13	4-5	4-10	7-12	8-11	9-10	9-11
3213	1	7680	0-5	1-13	2-6	2-13	3-6	3-12	4-5	4-10	7-12	8-11	9-10	9-11
3214	1	7680	0-5	1-13	2-6	2-13	3-4	3-6	4-5	7-12	8-11	9-10	9-12	10-11
3215	1	7680	0-5	1-13	2-6	2-13	3-6	3-11	4-5	4-10	7-12	8-11	9-10	9-12
3216	1	7680	0-5	1-13	2-6	2-13	3-4	3-12	4-5	6-9	7-12	8-11	9-10	10-11
3217	1	7680	0-5	1-13	2-6	2-13	3-11	3-12	4-5	4-10	6-9	7-12	8-11	9-10
3218	1	7680	0-5	1-13	2-6	2-13	3-5	3-6	4-9	4-10	7-12	8-11	9-12	10-11
3219	1	7680	0-5	1-13	2-6	2-13	3-4	3-5	4-10	6-9	7-12	8-11	9-12	10-11
3220	1	7680	0-5	1-9	2-12	2-13	3-6	3-11	4-5	4-8	6-7	9-13	10-11	10-12
3221	1	7680	0-5	1-9	2-12	2-13	3-4	3-6	4-5	6-7	8-11	9-13	10-11	10-12
3222	1	7680	0-5	1-9	2-12	2-13	3-6	3-12	4-5	4-10	6-7	8-11	9-13	10-11
3223	1	7680	0-5	1-3	2-12	2-13	3-6	4-5	4-8	6-7	9-11	9-13	10-11	10-12
3224	1	7680	0-5	1-3	2-11	2-13	3-13	4-5	4-6	6-7	8-11	9-10	9-12	10-12
3225	1	7680	0-5	1-3	2-12	2-13	3-6	4-5	4-9	6-7	8-11	9-13	10-11	10-12
3226	1	7680	0-5	1-10	2-12	2-13	3-6	3-12	4-5	4-8	6-7	9-11	9-13	10-11
3227	2	3840	0-5	1-10	2-12	2-13	3-6	3-11	4-5	4-8	6-7	9-12	9-13	10-11
3228	1	7680	0-5	1-10	2-11	2-13	3-9	3-13	4-5	4-6	6-7	8-11	9-12	10-12
3229	1	7680	0-5	1-10	2-12	2-13	3-6	3-12	4-5	4-9	6-7	8-11	9-13	10-11
3230	1	7680	0-5	1-10	2-12	2-13	3-6	3-12	4-5	4-10	6-7	8-11	9-11	9-13
3231	2	3840	0-5	1-10	2-11	2-13	3-6	3-12	4-5	4-10	6-7	8-12	9-11	9-13
3232	1	7680	0-5	1-4	2-12	2-13	3-6	3-11	4-5	6-7	8-9	9-13	10-11	10-12
3233	1	7680	0-5	1-4	2-12	2-13	3-6	3-8	4-5	6-7	9-11	9-13	10-11	10-12
3234	1	7680	0-5	1-4	2-12	2-13	3-6	3-12	4-5	6-7	8-10	9-11	9-13	10-11
3235	2	3840	0-5	1-4	2-12	2-13	3-6	3-11	4-5	6-7	8-10	9-12	9-13	10-11
3236	1	7680	0-5	1-4	2-12	2-13	3-6	3-12	4-5	6-7	8-11	9-10	9-13	10-11
3237	1	7680	0-5	1-4	2-11	2-13	3-6	3-9	4-5	6-7	8-12	9-13	10-11	10-12
3238	1	7680	0-5	1-4	2-11	2-13	3-6	3-12	4-5	6-7	8-12	9-10	9-13	10-11
3239	1	7680	0-5	1-4	2-12	2-13	3-6	3-11	4-5	6-7	8-12	9-10	9-13	10-11
3240	1	7680	0-5	1-11	2-12	2-13	3-4	3-6	4-5	6-7	8-9	9-13	10-11	10-12
3241	1	7680	0-5	1-11	2-12	2-13	3-6	3-12	4-5	4-10	6-7	8-9	9-13	10-11
3242	1	7680	0-5	1-11	2-11	2-13	3-8	3-13	4-5	4-6	6-7	9-10	9-12	10-12
3243	1	7680	0-5	1-11	2-12	2-13	3-6	3-8	4-5	4-9	6-7	9-13	10-11	10-12
3244	1	7680	0-5	1-11	2-11	2-13	3-9	3-13	4-5	4-6	6-7	8-10	9-12	10-12
3245	1	7680	0-5	1-11	2-12	2-13	3-6	3-12	4-5	4-9	6-7	8-10	9-13	10-11
3246	1	7680	0-5	1-11	2-12	2-13	3-6	3-12	4-5	4-10	6-7	8-10	9-11	9-13
3247	2	3840	0-5	1-11	2-12	2-13	3-4	3-6	4-5	6-7	8-10	9-12	9-13	10-11
3248	2	3840	0-5	1-11	2-12	2-13	3-6	3-11	4-5	4-10	6-7	8-10	9-12	9-13
3249	1	7680	0-5	1-11	2-12	2-13	3-6	3-12	4-5	4-8	6-7	9-10	9-13	10-11
3250	1	7680	0-5	1-11	2-12	2-13	3-6	3-12	4-5	4-10	6-7	8-11	9-10	9-13
3251	1	7680	0-5	1-11	2-4	2-13	3-6	3-9	4-5	6-7	8-12	9-13	10-11	10-12
3252	1	7680	0-5	1-11	2-4	2-13	3-6	3-12	4-5	6-7	8-12	9-10	9-13	10-11
3253	1	7680	0-5	1-11	2-11	2-13	3-6	3-12	4-5	4-10	6-7	8-12	9-10	9-13
3254	2	3840	0-5	1-12	2-11	2-13	3-6	3-12	4-5	4-10	6-7	8-10	9-11	9-13
3255	1	7680	0-5	1-12	2-11	2-13	3-6	3-9	4-5	4-8	6-7	9-13	10-11	10-12
3256	1	7680	0-5	1-12	2-11	2-13	3-6	3-12	4-5	4-8	6-7	9-10	9-13	10-11
3257	1	7680	0-5	1-12	2-12	2-13	3-6	3-11	4-5	4-8	6-7	9-10	9-13	10-11
3258	1	7680	0-5	1-12	2-4	2-13	3-6	3-9	4-5	6-7	8-11	9-13	10-11	10-12
3259	1	7680	0-5	1-12	2-4	2-13	3-6	3-12	4-5	6-7	8-11	9-10	9-13	10-11
3260	1	7680	0-5	1-12	2-11	2-13	3-6	3-12	4-5	4-10	6-7	8-11	9-10	9-13
3261	1	7680	0-5	1-13	2-8	2-13	3-6	3-12	4-5	4-10	6-7	9-11	9-12	10-11
3262	2	3840	0-5	1-13	2-4	2-13	3-11	3-12	4-5	6-7	6-9	8-9	10-11	10-12
3263	1	7680	0-5	1-13	2-4	2-13	3-6	3-8	4-5	6-7	9-11	9-12	10-11	10-12
3264	1	7680	0-5	1-13	2-4	2-13	3-6	3-12	4-5	6-7	8-10	9-11	9-12	10-11
3265	1	7680	0-5	1-13	2-11	2-13	3-6	3-12	4-5	4-9	6-7	8-10	9-12	10-11
3266	1	7680	0-5	1-13	2-11	2-13	3-6	3-12	4-5	4-10	6-7	8-10	9-11	9-12
3267	1	7680	0-5	1-13	2-12	2-13	3-6	3-12	4-5	4-9	6-7	8-10	9-11	10-11
3268	1	7680	0-5	1-13	2-12	2-13	3-6	3-11	4-5	4-9	6-7	8-10	9-12	10-11
3269	1	7680	0-5	1-13	2-12	2-13	3-11	3-12	4-5	4-9	6-7	6-9	8-10	10-11
3270	1	7680	0-5	1-13	2-12	2-13	3-4	3-6	4-5	6-7	8-10	9-11	9-12	10-11
3271	1	7680	0-5	1-13	2-12	2-13	3-6	3-11	4-5	4-10	6-7	8-10	9-11	9-12
3272	1	7680	0-5	1-13	2-10	2-13	3-6	3-12	4-5	4-8	6-7	9-11	9-12	10-11
3273	1	7680	0-5	1-13	2-11	2-13	3-6	3-12	4-5	4-8	6-7	9-10	9-12	10-11
3274	1	7680	0-5	1-13	2-12	2-13	3-6	3-11	4-5	4-8	6-7	9-10	9-12	10-11
3275	1	7680	0-5	1-13	2-12	2-13	3-11	3-12	4-5	4-8	6-7	6-9	9-10	10-11
3276	1	7680	0-5	1-13	2-10	2-13	3-6	3-12	4-5	4-9	6-7	8-11	9-12	10-11
3277	1	7680	0-5	1-13	2-10	2-13	3-6	3-12	4-5	4-10	6-7	8-11	9-11	9-12
3278	1	7680	0-5	1-13	2-11	2-13	3-6	3-12	4-5	4-10	6-7	8-11	9-10	9-12
3279	1	7680	0-5	1-13	2-12	2-13	3-6	3-12	4-5	4-10	6-7	8-11	9-10	9-11
3280	1	7680	0-5	1-13	2-12	2-13	3-4	3-6	4-5	6-7	8-11	9-10	9-12	10-11
3281	1	7680	0-5	1-13	2-12	2-13	3-6	3-11	4-5	4-10	6-7	8-11	9-10	9-12
3282	1	7680	0-5	1-13	2-12	2-13	3-4	3-12	4-5	6-7	6-9	8-11	9-10	10-11
3283	1	7680	0-5	1-13	2-12	2-13	3-11	3-12	4-5	4-10	6-7	6-9	8-11	9-10
3284	1	7680	0-5	1-13	2-12	2-13	3-5	3-6	4-9	4-10	6-7	8-11	9-12	10-11
3285	1	7680	0-5	1-13	2-12	2-13	3-11	3-12	4-9	4-10	5-10	6-7	6-9	8-11
3286	1	7680	0-5	1-13	2-12	2-13	3-4	3-6	4-10	5-10	6-7	8-11	9-11	9-12
3287	1	7680	0-5	1-13	2-10	2-13	3-6	3-11	4-5	4-9	6-7	8-12	9-12	10-11
3288	1	7680	0-5	1-13	2-4	2-13	3-6	3-11	4-5	6-7	8-12	9-10	9-12	10-11
3289	1	7680	0-5	1-13	2-4	2-13	3-11	3-12	4-5	6-7	6-9	8-12	9-10	10-11
3290	1	7680	0-5	1-13	2-11	2-13	3-6	3-12	4-5	4-10	6-7	8-12	9-10	9-11
3291	1	7680	0-5	1-13	2-12	2-13	3-4	3-5	4-10	6-7	6-9	8-12	9-11	10-11
3292	1	7680	0-5	1-2	2-13	3-6	3-11	4-5	4-8	6-9	7-13	9-12	10-11	10-12
3293	1	7680	0-5	1-2	2-13	3-4	3-6	4-5	6-9	7-13	8-11	9-12	10-11	10-12
3294	1	7680	0-5	1-2	2-13	3-6	3-12	4-5	4-10	6-9	7-13	8-11	9-12	10-11
3295	1	7680	0-5	1-2	2-6	3-6	3-13	4-5	4-10	7-13	8-12	9-11	9-12	10-11
3296	1	7680	0-5	1-2	2-13	3-6	3-12	4-5	4-10	6-9	7-13	8-12	9-11	10-11
3297	1	7680	0-5	1-2	2-13	3-6	3-12	4-5	4-10	6-8	7-13	9-11	9-12	10-11
3298	1	7680	0-5	1-2	2-6	3-6	3-12	4-5	4-10	7-13	8-13	9-11	9-12	10-11
3299	1	7680	0-5	1-9	2-12	2-13	3-6	3-11	4-5	4-8	6-9	7-13	10-11	10-12
3300	1	7680	0-5	1-9	2-12	2-13	3-4	3-6	4-5	6-9	7-13	8-11	10-11	10-12
3301	1	7680	0-5	1-9	2-12	2-13	3-6	3-12	4-5	4-10	6-9	7-13	8-11	10-11
3302	1	7680	0-5	1-9	2-11	2-13	3-6	3-12	4-5	4-10	6-9	7-13	8-12	10-11
3303	2	3840	0-5	1-9	2-4	2-13	3-11	3-12	4-5	6-8	6-9	7-13	10-11	10-12
3304	2	3840	0-5	1-9	2-4	2-6	3-11	3-12	4-5	6-9	7-13	8-13	10-11	10-12
3305	1	7680	0-5	1-3	2-12	2-13	3-6	4-5	4-8	6-9	7-13	9-11	10-11	10-12
3306	1	7680	0-5	1-3	2-6	2-13	3-6	4-5	4-8	7-13	9-11	9-12	10-11	10-12
3307	1	7680	0-5	1-3	2-12	2-13	3-6	4-5	4-9	6-9	7-13	8-11	10-11	10-12
3308	1	7680	0-5	1-3	2-4	2-13	3-6	4-5	6-9	7-13	8-12	9-11	10-11	10-12
3309	1	7680	0-5	1-3	2-11	2-13	3-6	4-5	4-9	6-9	7-13	8-12	10-11	10-12
3310	1	7680	0-5	1-3	2-4	2-13	3-6	4-5	6-8	7-13	9-11	9-12	10-11	10-12
3311	1	7680	0-5	1-3	2-4	2-6	3-6	4-5	7-13	8-13	9-11	9-12	10-11	10-12
3312	1	7680	0-5	1-10	2-11	2-13	3-6	3-12	4-5	4-8	6-9	7-13	9-12	10-11
3313	1	7680	0-5	1-10	2-6	2-12	3-6	3-13	4-5	4-8	7-13	9-11	9-12	10-11
3314	1	7680	0-5	1-10	2-12	2-13	3-6	3-12	4-5	4-8	6-9	7-13	9-11	10-11
3315	1	7680	0-5	1-10	2-12	2-13	3-6	3-11	4-5	4-8	6-9	7-13	9-12	10-11
3316	1	7680	0-5	1-10	2-6	2-13	3-6	3-12	4-5	4-8	7-13	9-11	9-12	10-11
3317	1	7680	0-5	1-10	2-6	2-13	3-11	3-12	4-5	4-8	6-9	7-13	9-12	10-11
3318	1	7680	0-5	1-10	2-4	2-13	3-6	3-12	4-5	6-9	7-13	8-11	9-12	10-11
3319	1	7680	0-5	1-10	2-11	2-13	3-6	3-12	4-5	4-10	6-9	7-13	8-11	9-12
3320	1	7680	0-5	1-10	2-6	2-12	3-6	3-13	4-5	4-9	7-13	8-11	9-12	10-11
3321	1	7680	0-5	1-10	2-6	2-12	3-6	3-13	4-5	4-10	7-13	8-11	9-11	9-12
3322	1	7680	0-5	1-10	2-12	2-13	3-6	3-12	4-5	4-9	6-9	7-13	8-11	10-11
3323	1	7680	0-5	1-10	2-12	2-13	3-6	3-12	4-5	4-10	6-9	7-13	8-11	9-11
3324	1	7680	0-5	1-10	2-12	2-13	3-4	3-6	4-5	6-9	7-13	8-11	9-12	10-11
3325	1	7680	0-5	1-10	2-12	2-13	3-6	3-11	4-5	4-10	6-9	7-13	8-11	9-12
3326	1	7680	0-5	1-10	2-6	2-13	3-6	3-12	4-5	4-9	7-13	8-11	9-12	10-11
3327	1	7680	0-5	1-10	2-6	2-13	3-6	3-12	4-5	4-10	7-13	8-11	9-11	9-12
3328	1	7680	0-5	1-10	2-4	2-6	3-6	3-13	4-5	7-13	8-12	9-11	9-12	10-11
3329	1	7680	0-5	1-10	2-4	2-13	3-6	3-12	4-5	6-9	7-13	8-12	9-11	10-11
3330	1	7680	0-5	1-10	2-6	2-11	3-6	3-13	4-5	4-9	7-13	8-12	9-12	10-11
3331	1	7680	0-5	1-10	2-6	2-11	3-6	3-13	4-5	4-10	7-13	8-12	9-11	9-12
3332	1	7680	0-5	1-10	2-11	2-13	3-6	3-12	4-5	4-9	6-9	7-13	8-12	10-11
3333	1	7680	0-5	1-10	2-11	2-13	3-6	3-12	4-5	4-10	6-9	7-13	8-12	9-11
3334	1	7680	0-5	1-10	2-6	2-12	3-6	3-13	4-5	4-9	7-13	8-12	9-11	10-11
3335	1	7680	0-5	1-10	2-6	2-13	3-6	3-12	4-5	4-9	7-13	8-12	9-11	10-11
3336	1	7680	0-5	1-10	2-6	2-13	3-11	3-12	4-5	4-9	6-9	7-13	8-12	10-11
3337	1	7680	0-5	1-10	2-6	2-13	3-4	3-6	4-5	7-13	8-12	9-11	9-12	10-11
3338	1	7680	0-5	1-10	2-6	2-13	3-6	3-11	4-5	4-10	7-13	8-12	9-11	9-12
3339	1	7680	0-5	1-10	2-4	2-13	3-6	3-12	4-5	6-8	7-13	9-11	9-12	10-11
3340	1	7680	0-5	1-10	2-11	2-12	3-6	3-13	4-5	4-9	6-8	7-13	9-12	10-11
3341	2	3840	0-5	1-10	2-11	2-12	3-6	3-13	4-5	4-10	6-8	7-13	9-11	9-12
3342	1	7680	0-5	1-10	2-11	2-13	3-6	3-12	4-5	4-9	6-8	7-13	9-12	10-11
3343	1	7680	0-5	1-10	2-11	2-13	3-6	3-12	4-5	4-10	6-8	7-13	9-11	9-12
3344	1	7680	0-5	1-10	2-12	2-13	3-6	3-12	4-5	4-9	6-8	7-13	9-11	10-11
3345	1	7680	0-5	1-10	2-12	2-13	3-6	3-11	4-5	4-9	6-8	7-13	9-12	10-11
3346	1	7680	0-5	1-10	2-12	2-13	3-11	3-12	4-5	4-9	6-8	6-9	7-13	10-11
3347	1	7680	0-5	1-10	2-12	2-13	3-4	3-6	4-5	6-8	7-13	9-11	9-12	10-11
3348	1	7680	0-5	1-10	2-12	2-13	3-6	3-11	4-5	4-10	6-8	7-13	9-11	9-12
3349	1	7680	0-5	1-10	2-4	2-6	3-6	3-12	4-5	7-13	8-13	9-11	9-12	10-11
3350	1	7680	0-5	1-10	2-6	2-11	3-6	3-12	4-5	4-9	7-13	8-13	9-12	10-11
3351	1	7680	0-5	1-10	2-6	2-11	3-6	3-12	4-5	4-10	7-13	8-13	9-11	9-12
3352	1	7680	0-5	1-10	2-6	2-12	3-6	3-12	4-5	4-9	7-13	8-13	9-11	10-11
3353	1	7680	0-5	1-10	2-6	2-12	3-6	3-11	4-5	4-9	7-13	8-13	9-12	10-11
3354	1	7680	0-5	1-10	2-6	2-12	3-11	3-12	4-5	4-9	6-9	7-13	8-13	10-11
3355	1	7680	0-5	1-10	2-6	2-12	3-4	3-6	4-5	7-13	8-13	9-11	9-12	10-11
3356	1	7680	0-5	1-10	2-6	2-12	3-6	3-11	4-5	4-10	7-13	8-13	9-11	9-12
3357	1	7680	0-5	1-4	2-8	2-13	3-6	3-11	4-5	6-9	7-13	9-12	10-11	10-12
3358	1	7680	0-5	1-4	2-12	2-13	3-6	3-11	4-5	6-9	7-13	8-9	10-11	10-12
3359	4	1920	0-5	1-4	2-6	2-13	3-11	3-12	4-5	6-9	7-13	8-9	10-11	10-12
3360	1	7680	0-5	1-4	2-12	2-13	3-6	3-8	4-5	6-9	7-13	9-11	10-11	10-12
3361	1	7680	0-5	1-4	2-6	2-13	3-6	3-8	4-5	7-13	9-11	9-12	10-11	10-12
3362	1	7680	0-5	1-4	2-11	2-13	3-6	3-12	4-5	6-9	7-13	8-10	9-12	10-11
3363	1	7680	0-5	1-4	2-6	2-12	3-6	3-13	4-5	7-13	8-10	9-11	9-12	10-11
3364	1	7680	0-5	1-4	2-12	2-13	3-6	3-12	4-5	6-9	7-13	8-10	9-11	10-11
3365	1	7680	0-5	1-4	2-12	2-13	3-6	3-11	4-5	6-9	7-13	8-10	9-12	10-11
3366	1	7680	0-5	1-4	2-6	2-13	3-6	3-12	4-5	7-13	8-10	9-11	9-12	10-11
3367	1	7680	0-5	1-4	2-6	2-13	3-11	3-12	4-5	6-9	7-13	8-10	9-12	10-11
3368	1	7680	0-5	1-4	2-10	2-13	3-6	3-12	4-5	6-9	7-13	8-11	9-12	10-11
3369	1	7680	0-5	1-4	2-12	2-13	3-6	3-12	4-5	6-9	7-13	8-11	9-10	10-11
3370	1	7680	0-5	1-4	2-6	2-13	3-6	3-12	4-5	7-13	8-11	9-10	9-12	10-11
3371	1	7680	0-5	1-4	2-3	2-13	3-6	4-5	6-9	7-13	8-12	9-11	10-11	10-12
3372	1	7680	0-5	1-4	2-6	2-10	3-6	3-13	4-5	7-13	8-12	9-11	9-12	10-11
3373	1	7680	0-5	1-4	2-10	2-13	3-6	3-12	4-5	6-9	7-13	8-12	9-11	10-11
3374	1	7680	0-5	1-4	2-10	2-13	3-6	3-11	4-5	6-9	7-13	8-12	9-12	10-11
3375	1	7680	0-5	1-4	2-11	2-13	3-6	3-9	4-5	6-9	7-13	8-12	10-11	10-12
3376	1	7680	0-5	1-4	2-11	2-13	3-6	3-12	4-5	6-9	7-13	8-12	9-10	10-11
3377	1	7680	0-5	1-4	2-12	2-13	3-6	3-11	4-5	6-9	7-13	8-12	9-10	10-11
3378	1	7680	0-5	1-4	2-6	2-13	3-6	3-12	4-5	7-13	8-12	9-10	9-11	10-11
3379	1	7680	0-5	1-4	2-6	2-13	3-6	3-11	4-5	7-13	8-12	9-10	9-12	10-11
3380	1	7680	0-5	1-4	2-6	2-13	3-11	3-12	4-5	6-9	7-13	8-12	9-10	10-11
3381	2	3840	0-5	1-4	2-3	2-13	3-6	4-5	6-8	7-13	9-11	9-12	10-11	10-12
3382	1	7680	0-5	1-4	2-10	2-13	3-6	3-12	4-5	6-8	7-13	9-11	9-12	10-11
3383	2	3840	0-5	1-4	2-11	2-13	3-6	3-12	4-5	6-8	7-13	9-10	9-12	10-11
3384	1	7680	0-5	1-4	2-12	2-13	3-6	3-12	4-5	6-8	7-13	9-10	9-11	10-11
3385	2	3840	0-5	1-4	2-12	2-13	3-6	3-11	4-5	6-8	7-13	9-10	9-12	10-11
3386	1	7680	0-5	1-4	2-12	2-13	3-11	3-12	4-5	6-8	6-9	7-13	9-10	10-11
3387	1	7680	0-5	1-4	2-6	2-13	3-11	3-12	4-5	6-8	7-13	9-10	9-12	10-11
3388	4	1920	0-5	1-4	2-3	2-6	3-6	4-5	7-13	8-13	9-11	9-12	10-11	10-12
3389	1	7680	0-5	1-4	2-6	2-10	3-6	3-12	4-5	7-13	8-13	9-11	9-12	10-11
3390	2	3840	0-5	1-4	2-6	2-11	3-6	3-12	4-5	7-13	8-13	9-10	9-12	10-11
3391	2	3840	0-5	1-4	2-6	2-12	3-6	3-12	4-5	7-13	8-13	9-10	9-11	10-11
3392	2	3840	0-5	1-4	2-6	2-12	3-6	3-11	4-5	7-13	8-13	9-10	9-12	10-11
3393	1	7680	0-5	1-4	2-6	2-12	3-11	3-12	4-5	6-9	7-13	8-13	9-10	10-11
3394	1	7680	0-5	1-11	2-8	2-13	3-4	3-6	4-5	6-9	7-13	9-12	10-11	10-12
3395	1	7680	0-5	1-11	2-8	2-13	3-6	3-12	4-5	4-10	6-9	7-13	9-12	10-11
3396	1	7680	0-5	1-11	2-12	2-13	3-4	3-6	4-5	6-9	7-13	8-9	10-11	10-12
3397	1	7680	0-5	1-11	2-12	2-13	3-6	3-12	4-5	4-10	6-9	7-13	8-9	10-11
3398	1	7680	0-5	1-11	2-12	2-13	3-6	3-8	4-5	4-9	6-9	7-13	10-11	10-12
3399	1	7680	0-5	1-11	2-4	2-13	3-6	3-12	4-5	6-9	7-13	8-10	9-12	10-11
3400	1	7680	0-5	1-11	2-11	2-13	3-6	3-12	4-5	4-10	6-9	7-13	8-10	9-12
3401	1	7680	0-5	1-11	2-6	2-12	3-12	3-13	4-5	4-6	7-13	8-10	9-10	9-11
3402	1	7680	0-5	1-11	2-6	2-12	3-6	3-13	4-5	4-9	7-13	8-10	9-12	10-11
3403	1	7680	0-5	1-11	2-6	2-12	3-6	3-13	4-5	4-10	7-13	8-10	9-11	9-12
3404	1	7680	0-5	1-11	2-12	2-13	3-6	3-12	4-5	4-9	6-9	7-13	8-10	10-11
3405	1	7680	0-5	1-11	2-12	2-13	3-6	3-12	4-5	4-10	6-9	7-13	8-10	9-11
3406	1	7680	0-5	1-11	2-12	2-13	3-4	3-6	4-5	6-9	7-13	8-10	9-12	10-11
3407	1	7680	0-5	1-11	2-12	2-13	3-6	3-11	4-5	4-10	6-9	7-13	8-10	9-12
3408	1	7680	0-5	1-11	2-6	2-13	3-6	3-12	4-5	4-9	7-13	8-10	9-12	10-11
3409	1	7680	0-5	1-11	2-6	2-13	3-6	3-12	4-5	4-10	7-13	8-10	9-11	9-12
3410	1	7680	0-5	1-11	2-10	2-13	3-6	3-12	4-5	4-8	6-9	7-13	9-12	10-11
3411	1	7680	0-5	1-11	2-12	2-13	3-6	3-12	4-5	4-8	6-9	7-13	9-10	10-11
3412	1	7680	0-5	1-11	2-12	2-13	3-5	3-6	4-8	4-10	6-9	7-13	9-12	10-11
3413	1	7680	0-5	1-11	2-6	2-13	3-6	3-12	4-5	4-8	7-13	9-10	9-12	10-11
3414	1	7680	0-5	1-11	2-10	2-13	3-6	3-12	4-5	4-10	6-9	7-13	8-11	9-12
3415	1	7680	0-5	1-11	2-6	2-12	3-6	3-13	4-5	4-10	7-13	8-11	9-10	9-12
3416	1	7680	0-5	1-11	2-12	2-13	3-6	3-12	4-5	4-10	6-9	7-13	8-11	9-10
3417	1	7680	0-5	1-11	2-6	2-13	3-6	3-12	4-5	4-10	7-13	8-11	9-10	9-12
3418	1	7680	0-5	1-11	2-3	2-13	3-6	4-5	4-9	6-9	7-13	8-12	10-11	10-12
3419	1	7680	0-5	1-11	2-6	2-10	3-6	3-13	4-5	4-9	7-13	8-12	9-12	10-11
3420	1	7680	0-5	1-11	2-6	2-10	3-6	3-13	4-5	4-10	7-13	8-12	9-11	9-12
3421	1	7680	0-5	1-11	2-10	2-13	3-6	3-12	4-5	4-9	6-9	7-13	8-12	10-11
3422	1	7680	0-5	1-11	2-10	2-13	3-6	3-12	4-5	4-10	6-9	7-13	8-12	9-11
3423	1	7680	0-5	1-11	2-4	2-13	3-6	3-9	4-5	6-9	7-13	8-12	10-11	10-12
3424	1	7680	0-5	1-11	2-4	2-13	3-6	3-12	4-5	6-9	7-13	8-12	9-10	10-11
3425	1	7680	0-5	1-11	2-6	2-11	3-6	3-13	4-5	4-10	7-13	8-12	9-10	9-12
3426	1	7680	0-5	1-11	2-11	2-13	3-6	3-12	4-5	4-10	6-9	7-13	8-12	9-10
3427	1	7680	0-5	1-11	2-6	2-12	3-6	3-13	4-5	4-10	7-13	8-12	9-10	9-11
3428	1	7680	0-5	1-11	2-6	2-13	3-6	3-12	4-5	4-10	7-13	8-12	9-10	9-11
3429	1	7680	0-5	1-11	2-6	2-13	3-4	3-6	4-5	7-13	8-12	9-10	9-12	10-11
3430	1	7680	0-5	1-11	2-6	2-13	3-6	3-11	4-5	4-10	7-13	8-12	9-10	9-12
3431	1	7680	0-5	1-11	2-6	2-13	3-4	3-12	4-5	6-9	7-13	8-12	9-10	10-11
3432	1	7680	0-5	1-11	2-6	2-13	3-11	3-12	4-5	4-10	6-9	7-13	8-12	9-10
3433	1	7680	0-5	1-11	2-10	2-13	3-6	3-12	4-5	4-9	6-8	7-13	9-12	10-11
3434	1	7680	0-5	1-11	2-10	2-13	3-6	3-12	4-5	4-10	6-8	7-13	9-11	9-12
3435	1	7680	0-5	1-11	2-11	2-12	3-6	3-13	4-5	4-10	6-8	7-13	9-10	9-12
3436	1	7680	0-5	1-11	2-11	2-13	3-6	3-12	4-5	4-10	6-8	7-13	9-10	9-12
3437	1	7680	0-5	1-11	2-12	2-13	3-6	3-12	4-5	4-10	6-8	7-13	9-10	9-11
3438	1	7680	0-5	1-11	2-12	2-13	3-4	3-6	4-5	6-8	7-13	9-10	9-12	10-11
3439	1	7680	0-5	1-11	2-12	2-13	3-6	3-11	4-5	4-10	6-8	7-13	9-10	9-12
3440	1	7680	0-5	1-11	2-12	2-13	3-4	3-12	4-5	6-8	6-9	7-13	9-10	10-11
3441	1	7680	0-5	1-11	2-12	2-13	3-11	3-12	4-5	4-10	6-8	6-9	7-13	9-10
3442	1	7680	0-5	1-11	2-12	2-13	3-5	3-6	4-9	4-10	6-8	7-13	9-12	10-11
3443	2	3840	0-5	1-11	2-12	2-13	3-11	3-12	4-9	4-10	5-10	6-8	6-9	7-13
3444	2	3840	0-5	1-11	2-12	2-13	3-4	3-6	4-10	5-10	6-8	7-13	9-11	9-12
3445	1	7680	0-5	1-11	2-12	2-13	3-4	3-5	4-10	6-8	6-9	7-13	9-12	10-11
3446	1	7680	0-5	1-11	2-6	2-10	3-6	3-12	4-5	4-9	7-13	8-13	9-12	10-11
3447	1	7680	0-5	1-11	2-6	2-10	3-6	3-12	4-5	4-10	7-13	8-13	9-11	9-12
3448	1	7680	0-5	1-11	2-6	2-11	3-6	3-12	4-5	4-10	7-13	8-13	9-10	9-12
3449	1	7680	0-5	1-11	2-6	2-12	3-6	3-12	4-5	4-10	7-13	8-13	9-10	9-11
3450	1	7680	0-5	1-11	2-6	2-12	3-4	3-6	4-5	7-13	8-13	9-10	9-12	10-11
3451	1	7680	0-5	1-11	2-6	2-12	3-6	3-11	4-5	4-10	7-13	8-13	9-10	9-12
3452	1	7680	0-5	1-11	2-6	2-12	3-4	3-12	4-5	6-9	7-13	8-13	9-10	10-11
3453	1	7680	0-5	1-11	2-6	2-12	3-11	3-12	4-5	4-10	6-9	7-13	8-13	9-10
3454	1	7680	0-5	1-11	2-6	2-12	3-5	3-6	4-9	4-10	7-13	8-13	9-12	10-11
3455	2	3840	0-5	1-11	2-6	2-12	3-11	3-12	4-9	4-10	5-10	6-9	7-13	8-13
3456	2	3840	0-5	1-11	2-6	2-12	3-4	3-6	4-10	5-10	7-13	8-13	9-11	9-12
3457	2	3840	0-5	1-11	2-6	2-12	3-4	3-5	4-10	6-9	7-13	8-13	9-12	10-11
3458	1	7680	0-5	1-12	2-6	2-8	3-6	3-13	4-5	4-10	7-13	9-11	9-12	10-11
3459	2	3840	0-5	1-12	2-8	2-13	3-4	3-6	4-5	6-9	7-13	9-11	10-11	10-12
3460	1	7680	0-5	1-12	2-8	2-13	3-6	3-12	4-5	4-10	6-9	7-13	9-11	10-11
3461	2	3840	0-5	1-12	2-11	2-13	3-4	3-6	4-5	6-9	7-13	8-9	10-11	10-12
3462	1	7680	0-5	1-12	2-11	2-13	3-6	3-12	4-5	4-10	6-9	7-13	8-9	10-11
3463	1	7680	0-5	1-12	2-4	2-13	3-6	3-8	4-5	6-9	7-13	9-11	10-11	10-12
3464	1	7680	0-5	1-12	2-11	2-13	3-6	3-8	4-5	4-9	6-9	7-13	10-11	10-12
3465	1	7680	0-5	1-12	2-4	2-6	3-6	3-13	4-5	7-13	8-10	9-11	9-12	10-11
3466	1	7680	0-5	1-12	2-4	2-13	3-6	3-12	4-5	6-9	7-13	8-10	9-11	10-11
3467	1	7680	0-5	1-12	2-6	2-11	3-6	3-13	4-5	4-9	7-13	8-10	9-12	10-11
3468	1	7680	0-5	1-12	2-6	2-11	3-6	3-13	4-5	4-10	7-13	8-10	9-11	9-12
3469	1	7680	0-5	1-12	2-11	2-13	3-6	3-12	4-5	4-9	6-9	7-13	8-10	10-11
3470	1	7680	0-5	1-12	2-11	2-13	3-6	3-12	4-5	4-10	6-9	7-13	8-10	9-11
3471	1	7680	0-5	1-12	2-6	2-12	3-6	3-13	4-5	4-9	7-13	8-10	9-11	10-11
3472	1	7680	0-5	1-12	2-6	2-13	3-6	3-12	4-5	4-9	7-13	8-10	9-11	10-11
3473	2	3840	0-5	1-12	2-6	2-13	3-6	3-11	4-5	4-9	7-13	8-10	9-12	10-11
3474	1	7680	0-5	1-12	2-6	2-13	3-11	3-12	4-5	4-9	6-9	7-13	8-10	10-11
3475	1	7680	0-5	1-12	2-6	2-13	3-4	3-6	4-5	7-13	8-10	9-11	9-12	10-11
3476	1	7680	0-5	1-12	2-6	2-13	3-6	3-11	4-5	4-10	7-13	8-10	9-11	9-12
3477	1	7680	0-5	1-12	2-3	2-13	3-6	4-5	4-8	6-9	7-13	9-11	10-11	10-12
3478	1	7680	0-5	1-12	2-6	2-10	3-6	3-13	4-5	4-8	7-13	9-11	9-12	10-11
3479	1	7680	0-5	1-12	2-10	2-13	3-6	3-12	4-5	4-8	6-9	7-13	9-11	10-11
3480	1	7680	0-5	1-12	2-10	2-13	3-6	3-11	4-5	4-8	6-9	7-13	9-12	10-11
3481	1	7680	0-5	1-12	2-11	2-13	3-6	3-9	4-5	4-8	6-9	7-13	10-11	10-12
3482	1	7680	0-5	1-12	2-11	2-13	3-6	3-12	4-5	4-8	6-9	7-13	9-10	10-11
3483	1	7680	0-5	1-12	2-12	2-13	3-6	3-11	4-5	4-8	6-9	7-13	9-10	10-11
3484	1	7680	0-5	1-12	2-6	2-13	3-6	3-12	4-5	4-8	7-13	9-10	9-11	10-11
3485	1	7680	0-5	1-12	2-6	2-13	3-6	3-11	4-5	4-8	7-13	9-10	9-12	10-11
3486	1	7680	0-5	1-12	2-6	2-13	3-11	3-12	4-5	4-8	6-9	7-13	9-10	10-11
3487	1	7680	0-5	1-12	2-3	2-13	3-6	4-5	4-9	6-9	7-13	8-11	10-11	10-12
3488	1	7680	0-5	1-12	2-6	2-10	3-6	3-13	4-5	4-9	7-13	8-11	9-12	10-11
3489	1	7680	0-5	1-12	2-6	2-10	3-6	3-13	4-5	4-10	7-13	8-11	9-11	9-12
3490	1	7680	0-5	1-12	2-10	2-13	3-6	3-12	4-5	4-9	6-9	7-13	8-11	10-11
3491	1	7680	0-5	1-12	2-10	2-13	3-6	3-12	4-5	4-10	6-9	7-13	8-11	9-11
3492	1	7680	0-5	1-12	2-4	2-13	3-6	3-9	4-5	6-9	7-13	8-11	10-11	10-12
3493	1	7680	0-5	1-12	2-4	2-13	3-6	3-12	4-5	6-9	7-13	8-11	9-10	10-11
3494	1	7680	0-5	1-12	2-6	2-11	3-6	3-13	4-5	4-10	7-13	8-11	9-10	9-12
3495	1	7680	0-5	1-12	2-11	2-13	3-6	3-12	4-5	4-10	6-9	7-13	8-11	9-10
3496	1	7680	0-5	1-12	2-6	2-12	3-6	3-13	4-5	4-10	7-13	8-11	9-10	9-11
3497	1	7680	0-5	1-12	2-6	2-13	3-6	3-12	4-5	4-10	7-13	8-11	9-10	9-11
3498	1	7680	0-5	1-12	2-6	2-13	3-4	3-6	4-5	7-13	8-11	9-10	9-12	10-11
3499	1	7680	0-5	1-12	2-6	2-13	3-6	3-11	4-5	4-10	7-13	8-11	9-10	9-12
3500	1	7680	0-5	1-12	2-6	2-13	3-4	3-12	4-5	6-9	7-13	8-11	9-10	10-11
3501	1	7680	0-5	1-12	2-6	2-13	3-11	3-12	4-5	4-10	6-9	7-13	8-11	9-10
3502	2	3840	0-5	1-12	2-6	2-13	3-5	3-6	4-9	4-10	7-13	8-11	9-12	10-11
3503	2	3840	0-5	1-12	2-6	2-13	3-4	3-5	4-10	6-9	7-13	8-11	9-12	10-11
3504	1	7680	0-5	1-12	2-6	2-11	3-6	3-13	4-5	4-10	7-13	8-12	9-10	9-11
3505	1	7680	0-5	1-12	2-10	2-13	3-6	3-11	4-5	4-9	6-8	7-13	9-12	10-11
3506	1	7680	0-5	1-12	2-4	2-13	3-6	3-11	4-5	6-8	7-13	9-10	9-12	10-11
3507	1	7680	0-5	1-12	2-4	2-13	3-11	3-12	4-5	6-8	6-9	7-13	9-10	10-11
3508	1	7680	0-5	1-12	2-11	2-13	3-6	3-12	4-5	4-10	6-8	7-13	9-10	9-11
3509	2	3840	0-5	1-12	2-11	2-13	3-4	3-12	4-5	6-8	6-9	7-13	9-10	10-11
3510	2	3840	0-5	1-12	2-11	2-13	3-11	3-12	4-5	4-10	6-8	6-9	7-13	9-10
3511	1	7680	0-5	1-12	2-12	2-13	3-4	3-5	4-10	6-8	6-9	7-13	9-11	10-11
3512	1	7680	0-5	1-6	2-8	2-13	3-6	3-12	4-5	4-10	7-13	9-11	9-12	10-11
3513	2	3840	0-5	1-6	2-4	2-13	3-11	3-12	4-5	6-9	7-13	8-9	10-11	10-12
3514	1	7680	0-5	1-6	2-4	2-13	3-6	3-8	4-5	7-13	9-11	9-12	10-11	10-12
3515	1	7680	0-5	1-6	2-4	2-13	3-6	3-12	4-5	7-13	8-10	9-11	9-12	10-11
3516	1	7680	0-5	1-6	2-11	2-12	3-6	3-13	4-5	4-9	7-13	8-10	9-12	10-11
3517	2	3840	0-5	1-6	2-11	2-12	3-6	3-13	4-5	4-10	7-13	8-10	9-11	9-12
3518	1	7680	0-5	1-6	2-11	2-13	3-6	3-12	4-5	4-9	7-13	8-10	9-12	10-11
3519	1	7680	0-5	1-6	2-11	2-13	3-6	3-12	4-5	4-10	7-13	8-10	9-11	9-12
3520	1	7680	0-5	1-6	2-12	2-13	3-6	3-12	4-5	4-9	7-13	8-10	9-11	10-11
3521	1	7680	0-5	1-6	2-12	2-13	3-6	3-11	4-5	4-9	7-13	8-10	9-12	10-11
3522	1	7680	0-5	1-6	2-12	2-13	3-11	3-12	4-5	4-9	6-9	7-13	8-10	10-11
3523	1	7680	0-5	1-6	2-12	2-13	3-4	3-6	4-5	7-13	8-10	9-11	9-12	10-11
3524	1	7680	0-5	1-6	2-12	2-13	3-6	3-11	4-5	4-10	7-13	8-10	9-11	9-12
3525	1	7680	0-5	1-6	2-3	2-13	3-6	4-5	4-8	7-13	9-11	9-12	10-11	10-12
3526	1	7680	0-5	1-6	2-10	2-13	3-6	3-12	4-5	4-8	7-13	9-11	9-12	10-11
3527	1	7680	0-5	1-6	2-11	2-13	3-6	3-12	4-5	4-8	7-13	9-10	9-12	10-11
3528	1	7680	0-5	1-6	2-12	2-13	3-6	3-12	4-5	4-8	7-13	9-10	9-11	10-11
3529	1	7680	0-5	1-6	2-12	2-13	3-6	3-11	4-5	4-8	7-13	9-10	9-12	10-11
3530	1	7680	0-5	1-6	2-12	2-13	3-11	3-12	4-5	4-8	6-9	7-13	9-10	10-11
3531	1	7680	0-5	1-6	2-6	2-13	3-11	3-12	4-5	4-8	7-13	9-10	9-12	10-11
3532	1	7680	0-5	1-6	2-10	2-13	3-6	3-12	4-5	4-9	7-13	8-11	9-12	10-11
3533	1	7680	0-5	1-6	2-10	2-13	3-6	3-12	4-5	4-10	7-13	8-11	9-11	9-12
3534	1	7680	0-5	1-6	2-11	2-12	3-6	3-13	4-5	4-10	7-13	8-11	9-10	9-12
3535	1	7680	0-5	1-6	2-11	2-13	3-6	3-12	4-5	4-10	7-13	8-11	9-10	9-12
3536	1	7680	0-5	1-6	2-12	2-13	3-6	3-12	4-5	4-10	7-13	8-11	9-10	9-11
3537	1	7680	0-5	1-6	2-12	2-13	3-4	3-6	4-5	7-13	8-11	9-10	9-12	10-11
3538	1	7680	0-5	1-6	2-12	2-13	3-6	3-11	4-5	4-10	7-13	8-11	9-10	9-12
3539	1	7680	0-5	1-6	2-12	2-13	3-4	3-12	4-5	6-9	7-13	8-11	9-10	10-11
3540	1	7680	0-5	1-6	2-12	2-13	3-11	3-12	4-5	4-10	6-9	7-13	8-11	9-10
3541	1	7680	0-5	1-6	2-12	2-13	3-5	3-6	4-9	4-10	7-13	8-11	9-12	10-11
3542	1	7680	0-5	1-6	2-12	2-13	3-11	3-12	4-9	4-10	5-10	6-9	7-13	8-11
3543	1	7680	0-5	1-6	2-12	2-13	3-4	3-6	4-10	5-10	7-13	8-11	9-11	9-12
3544	1	7680	0-5	1-6	2-12	2-13	3-4	3-5	4-10	6-9	7-13	8-11	9-12	10-11
3545	1	7680	0-5	1-6	2-10	2-13	3-6	3-11	4-5	4-9	7-13	8-12	9-12	10-11
3546	2	3840	0-5	1-6	2-10	2-13	3-4	3-6	4-5	7-13	8-12	9-11	9-12	10-11
3547	2	3840	0-5	1-6	2-10	2-13	3-6	3-11	4-5	4-10	7-13	8-12	9-11	9-12
3548	1	7680	0-5	1-6	2-4	2-13	3-6	3-11	4-5	7-13	8-12	9-10	9-12	10-11
3549	1	7680	0-5	1-6	2-4	2-13	3-11	3-12	4-5	6-9	7-13	8-12	9-10	10-11
3550	1	7680	0-5	1-6	2-11	2-12	3-6	3-13	4-5	4-10	7-13	8-12	9-10	9-11
3551	1	7680	0-5	1-6	2-11	2-13	3-6	3-12	4-5	4-10	7-13	8-12	9-10	9-11
3552	2	3840	0-5	1-6	2-11	2-13	3-4	3-6	4-5	7-13	8-12	9-10	9-12	10-11
3553	2	3840	0-5	1-6	2-11	2-13	3-6	3-11	4-5	4-10	7-13	8-12	9-10	9-12
3554	2	3840	0-5	1-6	2-11	2-13	3-5	3-6	4-9	4-10	7-13	8-12	9-12	10-11
3555	2	3840	0-5	1-6	2-12	2-13	3-4	3-6	4-5	7-13	8-12	9-10	9-11	10-11
3556	2	3840	0-5	1-6	2-12	2-13	3-6	3-11	4-5	4-10	7-13	8-12	9-10	9-11
3557	1	7680	0-5	1-6	2-12	2-13	3-4	3-5	4-10	6-9	7-13	8-12	9-11	10-11
3558	1	7680	0-5	1-6	2-6	2-13	3-4	3-5	4-10	7-13	8-12	9-11	9-12	10-11
3559	1	7680	0-5	1-13	2-6	2-8	3-6	3-12	4-5	4-10	7-13	9-11	9-12	10-11
3560	2	3840	0-5	1-13	2-4	2-6	3-11	3-12	4-5	6-9	7-13	8-9	10-11	10-12
3561	1	7680	0-5	1-13	2-4	2-6	3-6	3-8	4-5	7-13	9-11	9-12	10-11	10-12
3562	1	7680	0-5	1-13	2-4	2-6	3-6	3-12	4-5	7-13	8-10	9-11	9-12	10-11
3563	1	7680	0-5	1-13	2-6	2-11	3-6	3-12	4-5	4-9	7-13	8-10	9-12	10-11
3564	1	7680	0-5	1-13	2-6	2-11	3-6	3-12	4-5	4-10	7-13	8-10	9-11	9-12
3565	1	7680	0-5	1-13	2-6	2-12	3-6	3-12	4-5	4-9	7-13	8-10	9-11	10-11
3566	1	7680	0-5	1-13	2-6	2-12	3-6	3-11	4-5	4-9	7-13	8-10	9-12	10-11
3567	1	7680	0-5	1-13	2-6	2-12	3-11	3-12	4-5	4-9	6-9	7-13	8-10	10-11
3568	1	7680	0-5	1-13	2-6	2-12	3-4	3-6	4-5	7-13	8-10	9-11	9-12	10-11
3569	1	7680	0-5	1-13	2-6	2-12	3-6	3-11	4-5	4-10	7-13	8-10	9-11	9-12
3570	2	3840	0-5	1-13	2-3	2-6	3-6	4-5	4-8	7-13	9-11	9-12	10-11	10-12
3571	1	7680	0-5	1-13	2-6	2-10	3-6	3-12	4-5	4-8	7-13	9-11	9-12	10-11
3572	1	7680	0-5	1-13	2-6	2-11	3-6	3-12	4-5	4-8	7-13	9-10	9-12	10-11
3573	2	3840	0-5	1-13	2-6	2-12	3-6	3-12	4-5	4-8	7-13	9-10	9-11	10-11
3574	1	7680	0-5	1-13	2-6	2-12	3-6	3-11	4-5	4-8	7-13	9-10	9-12	10-11
3575	1	7680	0-5	1-13	2-6	2-12	3-11	3-12	4-5	4-8	6-9	7-13	9-10	10-11
3576	1	7680	0-5	1-13	2-6	2-10	3-6	3-12	4-5	4-9	7-13	8-11	9-12	10-11
3577	1	7680	0-5	1-13	2-6	2-10	3-6	3-12	4-5	4-10	7-13	8-11	9-11	9-12
3578	1	7680	0-5	1-13	2-6	2-11	3-6	3-12	4-5	4-10	7-13	8-11	9-10	9-12
3579	1	7680	0-5	1-13	2-6	2-12	3-6	3-12	4-5	4-10	7-13	8-11	9-10	9-11
3580	1	7680	0-5	1-13	2-6	2-12	3-4	3-6	4-5	7-13	8-11	9-10	9-12	10-11
3581	1	7680	0-5	1-13	2-6	2-12	3-6	3-11	4-5	4-10	7-13	8-11	9-10	9-12
3582	1	7680	0-5	1-13	2-6	2-12	3-4	3-12	4-5	6-9	7-13	8-11	9-10	10-11
3583	1	7680	0-5	1-13	2-6	2-12	3-11	3-12	4-5	4-10	6-9	7-13	8-11	9-10
3584	1	7680	0-5	1-13	2-6	2-12	3-5	3-6	4-9	4-10	7-13	8-11	9-12	10-11
3585	1	7680	0-5	1-13	2-6	2-12	3-11	3-12	4-9	4-10	5-10	6-9	7-13	8-11
3586	1	7680	0-5	1-13	2-6	2-12	3-4	3-6	4-10	5-10	7-13	8-11	9-11	9-12
3587	2	3840	0-5	1-13	2-6	2-12	3-4	3-5	4-10	6-9	7-13	8-11	9-12	10-11
3588	1	7680	0-5	1-13	2-6	2-10	3-6	3-11	4-5	4-9	7-13	8-12	9-12	10-11
3589	1	7680	0-5	1-13	2-4	2-6	3-11	3-12	4-5	6-9	7-13	8-12	9-10	10-11
3590	1	7680	0-5	1-13	2-6	2-11	3-6	3-12	4-5	4-10	7-13	8-12	9-10	9-11
3591	1	7680	0-5	1-13	2-6	2-12	3-4	3-6	4-5	7-13	8-12	9-10	9-11	10-11
3592	1	7680	0-5	1-13	2-6	2-12	3-6	3-11	4-5	4-10	7-13	8-12	9-10	9-11
3593	1	7680	0-5	1-13	2-6	2-12	3-4	3-5	4-10	6-9	7-13	8-12	9-11	10-11
3594	1	7680	0-5	1-13	2-4	2-6	3-11	3-12	4-5	6-8	7-13	9-10	9-12	10-11
3595	1	7680	0-5	1-13	2-11	2-12	3-6	3-12	4-5	4-10	6-8	7-13	9-10	9-11
3596	1	7680	0-5	1-13	2-11	2-12	3-6	3-11	4-5	4-10	6-8	7-13	9-10	9-12
3597	2	3840	0-5	1-13	2-11	2-12	3-5	3-6	4-9	4-10	6-8	7-13	9-12	10-11
3598	1	7680	0-5	1-13	2-6	2-12	3-4	3-5	4-10	6-8	7-13	9-11	9-12	10-11
3599	2	3840	0-12	1-3	2-11	2-13	3-13	4-5	4-6	5-10	6-9	7-8	9-12	10-11
3600	2	3840	0-12	1-3	2-12	2-13	3-13	4-6	4-9	5-10	5-11	6-9	7-8	10-11
3601	2	3840	0-12	1-3	2-12	2-13	3-13	4-5	4-6	5-10	6-9	7-8	9-11	10-11
3602	2	3840	0-12	1-3	2-6	2-13	3-12	4-5	4-6	5-10	7-8	9-11	9-13	10-11
3603	1	7680	0-12	1-10	2-4	2-13	3-11	3-13	4-6	5-10	5-11	6-9	7-8	9-12
3604	2	3840	0-12	1-10	2-11	2-13	3-11	3-13	4-5	4-6	5-9	6-9	7-8	10-12
3605	1	7680	0-12	1-10	2-11	2-13	3-11	3-13	4-5	4-6	5-10	6-9	7-8	9-12
3606	1	7680	0-12	1-10	2-12	2-13	3-11	3-13	4-6	4-9	5-10	5-11	6-9	7-8
3607	1	7680	0-12	1-10	2-12	2-13	3-4	3-13	4-6	5-10	5-11	6-9	7-8	9-11
3608	1	7680	0-12	1-10	2-12	2-13	3-11	3-13	4-5	4-6	5-10	6-9	7-8	9-11
3609	1	7680	0-12	1-10	2-12	2-13	3-6	3-11	4-5	4-6	5-10	7-8	9-11	9-13
3610	1	7680	0-12	1-10	2-6	2-13	3-12	3-13	4-5	4-6	5-9	7-8	9-11	10-11
3611	2	3840	0-12	1-10	2-6	2-13	3-11	3-12	4-5	4-6	5-10	7-8	9-11	9-13
3612	2	3840	0-12	1-4	2-10	2-13	3-11	3-13	4-6	5-10	5-11	6-9	7-8	9-12
3613	2	3840	0-12	1-4	2-12	2-13	3-11	3-13	4-6	5-10	5-11	6-9	7-8	9-10
3614	1	7680	0-12	1-4	2-12	2-13	3-6	3-13	4-5	5-10	6-9	7-8	9-11	10-11
3615	4	1920	0-12	1-4	2-6	2-13	3-6	3-9	4-12	5-10	5-11	7-8	9-13	10-11
3616	2	3840	0-12	1-4	2-6	2-13	3-6	3-13	4-5	5-10	7-8	9-11	9-12	10-11
3617	1	7680	0-12	1-4	2-6	2-13	3-6	3-12	4-5	5-10	7-8	9-11	9-13	10-11
3618	1	7680	0-12	1-4	2-6	2-13	3-6	3-11	4-5	5-9	7-8	9-13	10-11	10-12
3619	1	7680	0-12	1-4	2-6	2-13	3-6	3-11	4-5	5-10	7-8	9-12	9-13	10-11
3620	8	960	0-12	1-4	2-6	2-13	3-11	3-12	4-5	5-10	6-9	7-8	9-13	10-11
3621	1	7680	0-12	1-11	2-3	2-13	3-13	4-5	4-6	5-10	6-9	7-8	9-12	10-11
3622	1	7680	0-12	1-11	2-10	2-13	3-12	3-13	4-5	4-6	5-10	6-9	7-8	9-11
3623	1	7680	0-12	1-11	2-10	2-13	3-11	3-13	4-5	4-12	5-9	6-9	6-10	7-8
3624	1	7680	0-12	1-11	2-10	2-13	3-11	3-13	4-5	4-6	5-10	6-9	7-8	9-12
3625	1	7680	0-12	1-11	2-11	2-13	3-6	3-13	4-5	4-6	5-10	7-8	9-10	9-12
3626	1	7680	0-12	1-11	2-11	2-13	3-6	3-13	4-5	4-12	5-10	6-9	7-8	9-10
3627	2	3840	0-12	1-11	2-11	2-13	3-12	3-13	4-5	4-10	5-9	6-9	6-10	7-8
3628	2	3840	0-12	1-11	2-11	2-13	3-5	3-13	4-5	4-10	6-9	6-10	7-8	9-12
3629	1	7680	0-12	1-11	2-5	2-13	3-11	3-13	4-5	4-12	6-9	6-10	7-8	9-10
3630	1	7680	0-12	1-11	2-5	2-13	3-6	3-12	4-5	4-6	7-8	9-10	9-13	10-11
3631	2	3840	0-12	1-11	2-5	2-13	3-6	3-13	4-5	4-9	6-9	7-8	10-11	10-12
3632	2	3840	0-12	1-11	2-5	2-13	3-12	3-13	4-5	4-10	6-9	6-10	7-8	9-11
3633	2	3840	0-12	1-11	2-5	2-13	3-6	3-12	4-5	4-10	6-10	7-8	9-11	9-13
3634	2	3840	0-12	1-11	2-5	2-13	3-11	3-13	4-5	4-10	6-9	6-10	7-8	9-12
3635	1	7680	0-12	1-11	2-12	2-13	3-4	3-13	4-6	5-10	5-11	6-9	7-8	9-10
3636	1	7680	0-12	1-11	2-12	2-13	3-11	3-13	4-5	4-6	5-10	6-9	7-8	9-10
3637	1	7680	0-12	1-11	2-12	2-13	3-4	3-6	4-6	5-10	5-11	7-8	9-10	9-13
3638	1	7680	0-12	1-11	2-12	2-13	3-6	3-11	4-5	4-6	5-10	7-8	9-10	9-13
3639	1	7680	0-12	1-11	2-12	2-13	3-6	3-13	4-5	4-9	5-10	6-9	7-8	10-11
3640	2	3840	0-12	1-11	2-12	2-13	3-5	3-13	4-5	4-10	6-9	6-10	7-8	9-11
3641	2	3840	0-12	1-11	2-12	2-13	3-6	3-13	4-5	4-10	5-10	6-9	7-8	9-11
3642	2	3840	0-12	1-11	2-12	2-13	3-5	3-6	4-5	4-10	6-10	7-8	9-11	9-13
3643	2	3840	0-12	1-11	2-12	2-13	3-11	3-13	4-5	4-10	5-9	6-9	6-10	7-8
3644	1	7680	0-12	1-11	2-12	2-13	3-6	3-13	4-5	4-10	5-9	6-9	7-8	10-11
3645	2	3840	0-12	1-11	2-12	2-13	3-6	3-11	4-5	4-10	5-9	6-10	7-8	9-13
3646	1	7680	0-12	1-11	2-6	2-13	3-9	3-13	4-5	4-6	5-10	7-8	9-12	10-11
3647	4	1920	0-12	1-11	2-6	2-13	3-6	3-9	4-10	4-12	5-10	5-11	7-8	9-13
3648	2	3840	0-12	1-11	2-6	2-13	3-6	3-9	4-5	4-12	5-10	7-8	9-13	10-11
3649	2	3840	0-12	1-11	2-6	2-13	3-6	3-13	4-5	4-12	5-9	7-8	9-10	10-11
3650	1	7680	0-12	1-11	2-6	2-13	3-4	3-13	4-6	5-10	5-11	7-8	9-10	9-12
3651	1	7680	0-12	1-11	2-6	2-13	3-11	3-13	4-5	4-6	5-10	7-8	9-10	9-12
3652	1	7680	0-12	1-11	2-6	2-13	3-5	3-6	4-5	4-12	7-8	9-10	9-13	10-11
3653	4	1920	0-12	1-11	2-6	2-13	3-6	3-13	4-5	4-9	5-10	7-8	9-12	10-11
3654	1	7680	0-12	1-11	2-6	2-13	3-6	3-12	4-5	4-9	5-10	7-8	9-13	10-11
3655	4	1920	0-12	1-11	2-6	2-13	3-6	3-13	4-5	4-10	5-10	7-8	9-11	9-12
3656	4	1920	0-12	1-11	2-6	2-13	3-6	3-13	4-5	4-10	5-9	7-8	9-12	10-11
3657	1	7680	0-12	1-11	2-6	2-13	3-4	3-6	4-5	5-9	7-8	9-13	10-11	10-12
3658	1	7680	0-12	1-11	2-6	2-13	3-6	3-12	4-5	4-10	5-9	7-8	9-13	10-11
3659	1	7680	0-12	1-11	2-6	2-13	3-4	3-6	4-5	5-10	7-8	9-12	9-13	10-11
3660	1	7680	0-12	1-11	2-6	2-13	3-6	3-11	4-5	4-10	5-10	7-8	9-12	9-13
3661	1	7680	0-12	1-11	2-6	2-13	3-5	3-6	4-5	4-10	7-8	9-12	9-13	10-11
3662	16	480	0-12	1-11	2-6	2-13	3-4	3-12	4-5	5-10	6-9	7-8	9-13	10-11
3663	16	480	0-12	1-11	2-6	2-13	3-11	3-12	4-5	4-10	5-10	6-9	7-8	9-13
3664	16	480	0-12	1-11	2-6	2-13	3-5	3-12	4-5	4-10	6-9	7-8	9-13	10-11
3665	1	7680	0-12	1-5	2-11	2-13	3-6	3-13	4-5	4-9	6-9	7-8	10-11	10-12
3666	2	3840	0-12	1-5	2-11	2-13	3-11	3-13	4-5	4-10	6-9	6-10	7-8	9-12
3667	2	3840	0-12	1-5	2-12	2-13	3-11	3-13	4-5	4-10	6-9	6-10	7-8	9-11
3668	1	7680	0-12	1-5	2-12	2-13	3-6	3-13	4-5	4-10	6-9	7-8	9-11	10-11
3669	2	3840	0-12	1-5	2-6	2-13	3-6	3-13	4-5	4-10	7-8	9-11	9-12	10-11
3670	2	3840	0-12	1-5	2-6	2-13	3-4	3-6	4-5	7-8	9-11	9-13	10-11	10-12
3671	1	7680	0-12	1-5	2-6	2-13	3-6	3-12	4-5	4-10	7-8	9-11	9-13	10-11
3672	16	480	0-12	1-5	2-6	2-13	3-11	3-12	4-5	4-10	6-9	7-8	9-13	10-11
3673	4	1920	0-12	1-12	2-10	2-13	3-11	3-13	4-5	4-6	5-10	6-9	7-8	9-11
3674	2	3840	0-12	1-12	2-11	2-13	3-6	3-13	4-5	4-9	5-10	6-9	7-8	10-11
3675	8	960	0-12	1-12	2-11	2-13	3-6	3-13	4-5	4-10	5-10	6-9	7-8	9-11
3676	4	1920	0-12	1-12	2-11	2-13	3-11	3-13	4-5	4-10	5-9	6-9	6-10	7-8
3677	4	1920	0-12	1-12	2-5	2-13	3-11	3-13	4-5	4-10	6-9	6-10	7-8	9-11
3678	2	3840	0-12	1-12	2-5	2-13	3-6	3-13	4-5	4-10	6-9	7-8	9-11	10-11
3679	4	1920	0-12	1-12	2-6	2-13	3-6	3-13	4-5	4-10	5-9	7-8	9-11	10-11
3680	4	1920	0-12	1-12	2-6	2-13	3-4	3-6	4-5	5-10	7-8	9-11	9-13	10-11
3681	4	1920	0-12	1-12	2-6	2-13	3-6	3-11	4-5	4-10	5-10	7-8	9-11	9-13
3682	2	3840	0-12	1-12	2-6	2-13	3-5	3-6	4-5	4-10	7-8	9-11	9-13	10-11
3683	32	240	0-12	1-12	2-6	2-13	3-5	3-11	4-5	4-10	6-9	7-8	9-13	10-11
3684	2	3840	0-12	1-13	2-8	2-13	3-7	3-12	4-5	4-6	5-10	6-9	9-11	10-11
3685	2	3840	0-12	1-13	2-4	2-6	3-7	3-13	4-6	5-10	5-11	8-9	9-12	10-11
3686	2	3840	0-12	1-13	2-6	2-11	3-7	3-13	4-5	4-6	5-10	8-9	9-12	10-11
3687	2	3840	0-12	1-13	2-6	2-8	3-11	3-13	4-5	4-6	5-10	7-10	9-11	9-12
3688	1	7680	0-12	1-13	2-8	2-13	3-6	3-12	4-5	4-6	5-9	7-10	9-11	10-11
3689	1	7680	0-12	1-13	2-8	2-13	3-6	3-11	4-5	4-6	5-10	7-10	9-11	9-12
3690	1	7680	0-12	1-13	2-8	2-13	3-11	3-12	4-5	4-6	5-10	6-9	7-10	9-11
3691	1	7680	0-12	1-13	2-4	2-13	3-6	3-11	4-6	5-10	5-11	7-10	8-9	9-12
3692	1	7680	0-12	1-13	2-6	2-11	3-12	3-13	4-5	4-6	5-9	7-10	8-9	10-11
3693	1	7680	0-12	1-13	2-11	2-13	3-6	3-12	4-5	4-6	5-9	7-10	8-9	10-11
3694	1	7680	0-12	1-13	2-11	2-13	3-6	3-11	4-5	4-6	5-10	7-10	8-9	9-12
3695	2	3840	0-12	1-13	2-11	2-13	3-11	3-12	4-5	4-6	5-10	6-9	7-10	8-9
3696	1	7680	0-12	1-11	2-6	2-13	3-6	3-8	4-5	4-7	5-10	9-12	9-13	10-11
3697	1	7680	0-12	1-11	2-5	2-13	3-11	3-13	4-5	4-7	6-9	6-10	8-10	9-12
3698	1	7680	0-12	1-11	2-12	2-13	3-11	3-13	4-5	4-7	5-9	6-9	6-10	8-10
3699	1	7680	0-12	1-11	2-12	2-13	3-6	3-13	4-5	4-7	5-9	6-9	8-10	10-11
3700	2	3840	0-12	1-11	2-6	2-13	3-6	3-13	4-5	4-7	5-9	8-10	9-12	10-11
3701	1	7680	0-12	1-11	2-6	2-13	3-5	3-6	4-5	4-7	8-10	9-12	9-13	10-11
3702	1	7680	0-12	1-5	2-6	2-13	3-6	3-12	4-5	4-7	8-10	9-11	9-13	10-11
3703	1	7680	0-12	1-5	2-6	2-13	3-6	3-11	4-5	4-7	8-10	9-12	9-13	10-11
3704	8	960	0-12	1-5	2-6	2-13	3-11	3-12	4-5	4-7	6-9	8-10	9-13	10-11
3705	2	3840	0-12	1-6	2-10	2-13	3-11	3-13	4-6	4-7	5-10	5-11	8-9	9-12
3706	1	7680	0-12	1-6	2-11	2-13	3-6	3-12	4-5	4-7	5-10	8-9	9-13	10-11
3707	1	7680	0-12	1-6	2-5	2-13	3-6	3-11	4-5	4-7	8-9	9-13	10-11	10-12
3708	1	7680	0-12	1-6	2-12	2-13	3-6	3-11	4-5	4-7	5-10	8-9	9-13	10-11
3709	1	7680	0-12	1-6	2-12	2-13	3-6	3-8	4-5	4-7	5-10	9-11	9-13	10-11
3710	1	7680	0-12	1-6	2-5	2-13	3-6	3-12	4-5	4-7	8-10	9-11	9-13	10-11
3711	1	7680	0-12	1-6	2-12	2-13	3-5	3-6	4-5	4-7	8-10	9-11	9-13	10-11
3712	1	7680	0-12	1-6	2-12	2-13	3-6	3-11	4-5	4-7	5-9	8-10	9-13	10-11
3713	1	7680	0-12	1-13	2-6	2-8	3-6	3-13	4-5	4-7	5-10	9-11	9-12	10-11
3714	2	3840	0-12	1-13	2-8	2-13	3-6	3-9	4-7	4-12	5-10	5-11	6-9	10-11
3715	1	7680	0-12	1-13	2-8	2-13	3-6	3-12	4-5	4-7	5-10	6-9	9-11	10-11
3716	1	7680	0-12	1-13	2-8	2-13	3-6	3-11	4-5	4-7	5-9	6-9	10-11	10-12
3717	1	7680	0-12	1-13	2-8	2-13	3-6	3-11	4-5	4-7	5-10	6-9	9-12	10-11
3718	1	7680	0-12	1-13	2-10	2-13	3-6	3-11	4-6	4-7	5-10	5-11	8-9	9-12
3719	1	7680	0-12	1-13	2-11	2-13	3-6	3-12	4-5	4-7	5-10	6-9	8-9	10-11
3720	1	7680	0-12	1-13	2-5	2-13	3-6	3-11	4-5	4-7	6-9	8-9	10-11	10-12
3721	1	7680	0-12	1-13	2-12	2-13	3-6	3-11	4-5	4-7	5-10	6-9	8-9	10-11
3722	1	7680	0-12	1-13	2-6	2-13	3-11	3-12	4-5	4-7	5-10	6-9	8-9	10-11
3723	1	7680	0-12	1-13	2-11	2-13	3-6	3-8	4-5	4-7	5-10	6-9	9-12	10-11
3724	1	7680	0-12	1-13	2-5	2-13	3-6	3-8	4-5	4-7	6-9	9-11	10-11	10-12
3725	1	7680	0-12	1-13	2-12	2-13	3-6	3-8	4-5	4-7	5-10	6-9	9-11	10-11
3726	1	7680	0-12	1-13	2-6	2-13	3-6	3-8	4-5	4-7	5-10	9-11	9-12	10-11
3727	1	7680	0-12	1-13	2-6	2-11	3-6	3-13	4-5	4-7	5-9	8-10	9-12	10-11
3728	1	7680	0-12	1-13	2-11	2-13	3-6	3-12	4-5	4-7	5-9	6-9	8-10	10-11
3729	1	7680	0-12	1-13	2-11	2-13	3-5	3-6	4-5	4-7	6-9	8-10	9-12	10-11
3730	1	7680	0-12	1-13	2-5	2-6	3-6	3-13	4-5	4-7	8-10	9-11	9-12	10-11
3731	1	7680	0-12	1-13	2-5	2-13	3-6	3-12	4-5	4-7	6-9	8-10	9-11	10-11
3732	1	7680	0-12	1-13	2-5	2-13	3-6	3-11	4-5	4-7	6-9	8-10	9-12	10-11
3733	1	7680	0-12	1-13	2-6	2-12	3-6	3-13	4-5	4-7	5-9	8-10	9-11	10-11
3734	1	7680	0-12	1-13	2-12	2-13	3-5	3-6	4-5	4-7	6-9	8-10	9-11	10-11
3735	1	7680	0-12	1-13	2-12	2-13	3-6	3-11	4-5	4-7	5-9	6-9	8-10	10-11
3736	1	7680	0-12	1-13	2-6	2-13	3-6	3-12	4-5	4-7	5-9	8-10	9-11	10-11
3737	1	7680	0-12	1-13	2-6	2-13	3-5	3-6	4-5	4-7	8-10	9-11	9-12	10-11
3738	1	7680	0-12	1-13	2-6	2-13	3-6	3-11	4-5	4-7	5-9	8-10	9-12	10-11
3739	1	7680	0-12	1-13	2-6	2-13	3-11	3-12	4-5	4-7	5-9	6-9	8-10	10-11
3740	2	3840	0-12	1-3	2-6	2-13	3-6	4-5	4-8	5-10	7-11	9-12	9-13	10-11
3741	2	3840	0-12	1-10	2-5	2-13	3-11	3-13	4-5	4-8	6-9	6-10	7-11	9-12
3742	2	3840	0-12	1-10	2-12	2-13	3-11	3-13	4-5	4-8	5-9	6-9	6-10	7-11
3743	1	7680	0-12	1-10	2-12	2-13	3-6	3-13	4-5	4-8	5-9	6-9	7-11	10-11
3744	2	3840	0-12	1-10	2-6	2-13	3-6	3-13	4-5	4-8	5-9	7-11	9-12	10-11
3745	1	7680	0-12	1-10	2-6	2-13	3-5	3-6	4-5	4-8	7-11	9-12	9-13	10-11
3746	2	3840	0-12	1-10	2-5	2-13	3-4	3-13	4-5	6-9	6-10	7-11	8-11	9-12
3747	2	3840	0-12	1-10	2-12	2-13	3-4	3-13	4-5	5-9	6-9	6-10	7-11	8-11
3748	1	7680	0-12	1-10	2-12	2-13	3-6	3-13	4-5	4-10	5-9	6-9	7-11	8-11
3749	2	3840	0-12	1-10	2-6	2-13	3-6	3-13	4-5	4-10	5-9	7-11	8-11	9-12
3750	1	7680	0-12	1-10	2-6	2-13	3-6	3-12	4-5	4-10	5-9	7-11	8-11	9-13
3751	1	7680	0-12	1-10	2-6	2-13	3-5	3-6	4-5	4-10	7-11	8-11	9-12	9-13
3752	8	960	0-12	1-10	2-6	2-13	3-5	3-12	4-5	4-10	6-9	7-11	8-11	9-13
3753	1	7680	0-12	1-4	2-6	2-13	3-6	3-8	4-5	5-10	7-11	9-12	9-13	10-11
3754	1	7680	0-12	1-4	2-5	2-13	3-11	3-13	4-5	6-9	6-10	7-11	8-10	9-12
3755	1	7680	0-12	1-4	2-12	2-13	3-11	3-13	4-5	5-9	6-9	6-10	7-11	8-10
3756	1	7680	0-12	1-4	2-12	2-13	3-6	3-13	4-5	5-9	6-9	7-11	8-10	10-11
3757	2	3840	0-12	1-4	2-6	2-13	3-6	3-13	4-5	5-9	7-11	8-10	9-12	10-11
3758	1	7680	0-12	1-4	2-6	2-13	3-5	3-6	4-5	7-11	8-10	9-12	9-13	10-11
3759	1	7680	0-12	1-11	2-5	2-13	3-4	3-13	4-5	6-9	6-10	7-11	8-10	9-12
3760	1	7680	0-12	1-11	2-12	2-13	3-4	3-13	4-5	5-9	6-9	6-10	7-11	8-10
3761	1	7680	0-12	1-11	2-12	2-13	3-6	3-13	4-5	4-10	5-9	6-9	7-11	8-10
3762	2	3840	0-12	1-11	2-6	2-13	3-6	3-13	4-5	4-10	5-9	7-11	8-10	9-12
3763	1	7680	0-12	1-11	2-6	2-13	3-6	3-12	4-5	4-10	5-9	7-11	8-10	9-13
3764	1	7680	0-12	1-11	2-6	2-13	3-5	3-6	4-5	4-10	7-11	8-10	9-12	9-13
3765	8	960	0-12	1-11	2-6	2-13	3-5	3-12	4-5	4-10	6-9	7-11	8-10	9-13
3766	1	7680	0-12	1-5	2-12	2-13	3-6	3-13	4-5	4-10	6-9	7-11	8-9	10-11
3767	1	7680	0-12	1-5	2-12	2-13	3-6	3-13	4-5	4-9	6-9	7-11	8-10	10-11
3768	1	7680	0-12	1-5	2-12	2-13	3-6	3-13	4-5	4-10	6-9	7-11	8-10	9-11
3769	2	3840	0-12	1-5	2-6	2-13	3-6	3-13	4-5	4-9	7-11	8-10	9-12	10-11
3770	2	3840	0-12	1-5	2-6	2-13	3-6	3-12	4-5	4-9	7-11	8-10	9-13	10-11
3771	1	7680	0-12	1-5	2-6	2-13	3-6	3-12	4-5	4-10	7-11	8-10	9-11	9-13
3772	16	480	0-12	1-5	2-6	2-13	3-4	3-12	4-5	6-9	7-11	8-10	9-13	10-11
3773	16	480	0-12	1-5	2-6	2-13	3-11	3-12	4-5	4-10	6-9	7-11	8-10	9-13
3774	1	7680	0-12	1-5	2-10	2-13	3-11	3-13	4-5	4-8	6-9	6-10	7-11	9-12
3775	1	7680	0-12	1-5	2-12	2-13	3-11	3-13	4-5	4-8	6-9	6-10	7-11	9-10
3776	1	7680	0-12	1-5	2-12	2-13	3-6	3-13	4-5	4-8	6-9	7-11	9-10	10-11
3777	1	7680	0-12	1-5	2-12	2-13	3-6	3-11	4-5	4-8	6-10	7-11	9-10	9-13
3778	2	3840	0-12	1-5	2-6	2-13	3-6	3-9	4-5	4-8	7-11	9-13	10-11	10-12
3779	2	3840	0-12	1-5	2-6	2-13	3-6	3-13	4-5	4-8	7-11	9-10	9-12	10-11
3780	1	7680	0-12	1-5	2-6	2-13	3-6	3-12	4-5	4-8	7-11	9-10	9-13	10-11
3781	24	320	0-12	1-5	2-3	2-13	3-13	4-5	4-12	6-9	6-10	7-11	8-11	9-10
3782	24	320	0-12	1-5	2-10	2-13	3-9	3-13	4-5	4-12	6-9	6-10	7-11	8-11
3783	1	7680	0-12	1-5	2-10	2-13	3-4	3-13	4-5	6-9	6-10	7-11	8-11	9-12
3784	1	7680	0-12	1-5	2-12	2-13	3-4	3-13	4-5	6-9	6-10	7-11	8-11	9-10
3785	1	7680	0-12	1-5	2-12	2-13	3-6	3-13	4-5	4-10	6-9	7-11	8-11	9-10
3786	1	7680	0-12	1-5	2-12	2-13	3-4	3-6	4-5	6-10	7-11	8-11	9-10	9-13
3787	2	3840	0-12	1-5	2-6	2-13	3-6	3-13	4-5	4-10	7-11	8-11	9-10	9-12
3788	1	7680	0-12	1-5	2-6	2-13	3-6	3-12	4-5	4-10	7-11	8-11	9-10	9-13
3789	1	7680	0-12	1-12	2-5	2-13	3-6	3-13	4-5	4-10	6-9	7-11	8-9	10-11
3790	2	3840	0-12	1-12	2-6	2-13	3-6	3-8	4-5	4-10	5-10	7-11	9-11	9-13
3791	1	7680	0-12	1-12	2-5	2-13	3-6	3-13	4-5	4-9	6-9	7-11	8-10	10-11
3792	1	7680	0-12	1-12	2-5	2-13	3-6	3-13	4-5	4-10	6-9	7-11	8-10	9-11
3793	2	3840	0-12	1-12	2-6	2-13	3-6	3-13	4-5	4-9	5-9	7-11	8-10	10-11
3794	2	3840	0-12	1-12	2-6	2-13	3-5	3-6	4-5	4-9	7-11	8-10	9-13	10-11
3795	1	7680	0-12	1-12	2-6	2-13	3-5	3-6	4-5	4-10	7-11	8-10	9-11	9-13
3796	16	480	0-12	1-12	2-6	2-13	3-4	3-5	4-5	6-9	7-11	8-10	9-13	10-11
3797	16	480	0-12	1-12	2-6	2-13	3-5	3-11	4-5	4-10	6-9	7-11	8-10	9-13
3798	1	7680	0-12	1-12	2-5	2-13	3-6	3-13	4-5	4-8	6-9	7-11	9-10	10-11
3799	2	3840	0-12	1-12	2-6	2-13	3-6	3-9	4-5	4-8	5-10	7-11	9-13	10-11
3800	2	3840	0-12	1-12	2-10	2-13	3-4	3-13	4-5	5-9	6-9	6-10	7-11	8-11
3801	2	3840	0-12	1-12	2-5	2-13	3-4	3-13	4-5	6-9	6-10	7-11	8-11	9-10
3802	2	3840	0-12	1-12	2-5	2-13	3-6	3-13	4-5	4-10	6-9	7-11	8-11	9-10
3803	2	3840	0-12	1-12	2-5	2-13	3-4	3-6	4-5	6-10	7-11	8-11	9-10	9-13
3804	4	1920	0-12	1-12	2-6	2-13	3-6	3-9	4-5	4-10	5-10	7-11	8-11	9-13
3805	4	1920	0-12	1-12	2-6	2-13	3-6	3-13	4-5	4-10	5-9	7-11	8-11	9-10
3806	2	3840	0-12	1-12	2-6	2-13	3-5	3-6	4-5	4-10	7-11	8-11	9-10	9-13
3807	1	7680	0-12	1-6	2-8	2-13	3-9	3-13	4-5	4-6	5-10	7-11	9-12	10-11
3808	2	3840	0-12	1-6	2-8	2-13	3-4	3-13	4-6	5-10	5-11	7-11	9-10	9-12
3809	1	7680	0-12	1-6	2-8	2-13	3-11	3-13	4-5	4-6	5-10	7-11	9-10	9-12
3810	1	7680	0-12	1-6	2-3	2-13	3-13	4-5	4-6	5-10	7-11	8-9	9-12	10-11
3811	1	7680	0-12	1-6	2-10	2-13	3-12	3-13	4-5	4-6	5-9	7-11	8-9	10-11
3812	1	7680	0-12	1-6	2-10	2-13	3-11	3-13	4-5	4-6	5-10	7-11	8-9	9-12
3813	1	7680	0-12	1-6	2-4	2-13	3-6	3-12	4-5	5-10	7-11	8-9	9-13	10-11
3814	1	7680	0-12	1-6	2-5	2-13	3-4	3-6	4-5	7-11	8-9	9-13	10-11	10-12
3815	1	7680	0-12	1-6	2-5	2-13	3-6	3-12	4-5	4-10	7-11	8-9	9-13	10-11
3816	1	7680	0-12	1-6	2-12	2-13	3-4	3-6	4-5	5-10	7-11	8-9	9-13	10-11
3817	1	7680	0-12	1-6	2-12	2-13	3-6	3-11	4-5	4-10	5-10	7-11	8-9	9-13
3818	1	7680	0-12	1-6	2-12	2-13	3-5	3-6	4-5	4-10	7-11	8-9	9-13	10-11
3819	1	7680	0-12	1-6	2-5	2-13	3-6	3-8	4-5	4-9	7-11	9-13	10-11	10-12
3820	1	7680	0-12	1-6	2-12	2-13	3-6	3-8	4-5	4-9	5-10	7-11	9-13	10-11
3821	1	7680	0-12	1-6	2-12	2-13	3-6	3-8	4-5	4-10	5-10	7-11	9-11	9-13
3822	1	7680	0-12	1-6	2-3	2-13	3-13	4-5	4-6	5-10	7-11	8-10	9-11	9-12
3823	2	3840	0-12	1-6	2-10	2-13	3-12	3-13	4-5	4-6	5-9	7-11	8-10	9-11
3824	1	7680	0-12	1-6	2-11	2-13	3-9	3-13	4-5	4-6	5-10	7-11	8-10	9-12
3825	2	3840	0-12	1-6	2-11	2-13	3-12	3-13	4-5	4-6	5-9	7-11	8-10	9-10
3826	1	7680	0-12	1-6	2-5	2-13	3-6	3-12	4-5	4-9	7-11	8-10	9-13	10-11
3827	1	7680	0-12	1-6	2-5	2-13	3-6	3-12	4-5	4-10	7-11	8-10	9-11	9-13
3828	1	7680	0-12	1-6	2-12	2-13	3-5	3-6	4-5	4-9	7-11	8-10	9-13	10-11
3829	1	7680	0-12	1-6	2-12	2-13	3-5	3-6	4-5	4-10	7-11	8-10	9-11	9-13
3830	1	7680	0-12	1-6	2-5	2-13	3-6	3-12	4-5	4-8	7-11	9-10	9-13	10-11
3831	1	7680	0-12	1-6	2-12	2-13	3-6	3-9	4-5	4-8	5-10	7-11	9-13	10-11
3832	1	7680	0-12	1-6	2-12	2-13	3-5	3-6	4-5	4-8	7-11	9-10	9-13	10-11
3833	1	7680	0-12	1-13	2-6	2-8	3-6	3-13	4-5	4-10	5-10	7-11	9-11	9-12
3834	1	7680	0-12	1-13	2-8	2-13	3-6	3-9	4-10	4-12	5-10	5-11	6-9	7-11
3835	1	7680	0-12	1-13	2-8	2-13	3-6	3-9	4-5	4-12	5-10	6-9	7-11	10-11
3836	1	7680	0-12	1-13	2-8	2-13	3-6	3-12	4-5	4-6	5-9	7-11	9-10	10-11
3837	1	7680	0-12	1-13	2-8	2-13	3-4	3-6	4-6	5-10	5-11	7-11	9-10	9-12
3838	1	7680	0-12	1-13	2-8	2-13	3-6	3-11	4-5	4-6	5-10	7-11	9-10	9-12
3839	1	7680	0-12	1-13	2-8	2-13	3-5	3-6	4-5	4-12	6-9	7-11	9-10	10-11
3840	1	7680	0-12	1-13	2-8	2-13	3-6	3-12	4-5	4-9	5-10	6-9	7-11	10-11
3841	1	7680	0-12	1-13	2-8	2-13	3-4	3-6	4-5	5-9	6-9	7-11	10-11	10-12
3842	1	7680	0-12	1-13	2-8	2-13	3-6	3-12	4-5	4-10	5-9	6-9	7-11	10-11
3843	1	7680	0-12	1-13	2-8	2-13	3-4	3-6	4-5	5-10	6-9	7-11	9-12	10-11
3844	1	7680	0-12	1-13	2-8	2-13	3-6	3-11	4-5	4-10	5-10	6-9	7-11	9-12
3845	1	7680	0-12	1-13	2-8	2-13	3-5	3-6	4-5	4-10	6-9	7-11	9-12	10-11
3846	2	3840	0-12	1-13	2-3	2-13	3-6	4-10	4-12	5-10	5-11	6-9	7-11	8-9
3847	1	7680	0-12	1-13	2-3	2-13	3-6	4-5	4-12	5-10	6-9	7-11	8-9	10-11
3848	1	7680	0-12	1-13	2-10	2-13	3-6	3-12	4-5	4-6	5-9	7-11	8-9	10-11
3849	1	7680	0-12	1-13	2-10	2-13	3-4	3-6	4-6	5-10	5-11	7-11	8-9	9-12
3850	1	7680	0-12	1-13	2-10	2-13	3-6	3-11	4-5	4-6	5-10	7-11	8-9	9-12
3851	1	7680	0-12	1-13	2-10	2-13	3-5	3-6	4-5	4-6	7-11	8-9	9-12	10-11
3852	1	7680	0-12	1-13	2-10	2-13	3-5	3-6	4-5	4-12	6-9	7-11	8-9	10-11
3853	1	7680	0-12	1-13	2-4	2-13	3-6	3-12	4-5	5-10	6-9	7-11	8-9	10-11
3854	1	7680	0-12	1-13	2-5	2-13	3-4	3-6	4-5	6-9	7-11	8-9	10-11	10-12
3855	1	7680	0-12	1-13	2-5	2-13	3-6	3-12	4-5	4-10	6-9	7-11	8-9	10-11
3856	1	7680	0-12	1-13	2-12	2-13	3-4	3-6	4-5	5-10	6-9	7-11	8-9	10-11
3857	1	7680	0-12	1-13	2-12	2-13	3-6	3-11	4-5	4-10	5-10	6-9	7-11	8-9
3858	1	7680	0-12	1-13	2-12	2-13	3-5	3-6	4-5	4-10	6-9	7-11	8-9	10-11
3859	1	7680	0-12	1-13	2-6	2-13	3-4	3-12	4-5	5-10	6-9	7-11	8-9	10-11
3860	1	7680	0-12	1-13	2-6	2-13	3-11	3-12	4-5	4-10	5-10	6-9	7-11	8-9
3861	1	7680	0-12	1-13	2-6	2-13	3-5	3-12	4-5	4-10	6-9	7-11	8-9	10-11
3862	1	7680	0-12	1-13	2-6	2-10	3-8	3-13	4-5	4-6	5-10	7-11	9-11	9-12
3863	1	7680	0-12	1-13	2-4	2-13	3-6	3-8	4-5	5-10	6-9	7-11	9-12	10-11
3864	1	7680	0-12	1-13	2-6	2-11	3-8	3-13	4-5	4-6	5-10	7-11	9-10	9-12
3865	1	7680	0-12	1-13	2-5	2-13	3-6	3-8	4-5	4-9	6-9	7-11	10-11	10-12
3866	1	7680	0-12	1-13	2-12	2-13	3-6	3-8	4-5	4-9	5-10	6-9	7-11	10-11
3867	1	7680	0-12	1-13	2-12	2-13	3-6	3-8	4-5	4-10	5-10	6-9	7-11	9-11
3868	1	7680	0-12	1-13	2-6	2-13	3-6	3-8	4-5	4-9	5-10	7-11	9-12	10-11
3869	1	7680	0-12	1-13	2-6	2-13	3-6	3-8	4-5	4-10	5-10	7-11	9-11	9-12
3870	1	7680	0-12	1-13	2-3	2-6	3-13	4-5	4-6	5-10	7-11	8-10	9-11	9-12
3871	2	3840	0-12	1-13	2-6	2-10	3-6	3-13	4-5	4-12	5-9	7-11	8-10	9-11
3872	1	7680	0-12	1-13	2-10	2-13	3-6	3-12	4-5	4-6	5-9	7-11	8-10	9-11
3873	1	7680	0-12	1-13	2-4	2-6	3-6	3-13	4-5	5-9	7-11	8-10	9-12	10-11
3874	1	7680	0-12	1-13	2-4	2-13	3-6	3-12	4-5	5-9	6-9	7-11	8-10	10-11
3875	1	7680	0-12	1-13	2-4	2-13	3-5	3-6	4-5	6-9	7-11	8-10	9-12	10-11
3876	1	7680	0-12	1-13	2-6	2-11	3-9	3-13	4-5	4-6	5-10	7-11	8-10	9-12
3877	1	7680	0-12	1-13	2-6	2-11	3-12	3-13	4-5	4-6	5-9	7-11	8-10	9-10
3878	2	3840	0-12	1-13	2-6	2-11	3-6	3-13	4-5	4-12	5-9	7-11	8-10	9-10
3879	1	7680	0-12	1-13	2-6	2-11	3-6	3-13	4-5	4-10	5-9	7-11	8-10	9-12
3880	1	7680	0-12	1-13	2-11	2-13	3-6	3-12	4-5	4-6	5-9	7-11	8-10	9-10
3881	2	3840	0-12	1-13	2-11	2-13	3-5	3-6	4-5	4-6	7-11	8-10	9-10	9-12
3882	1	7680	0-12	1-13	2-11	2-13	3-6	3-12	4-5	4-10	5-9	6-9	7-11	8-10
3883	1	7680	0-12	1-13	2-11	2-13	3-5	3-6	4-5	4-10	6-9	7-11	8-10	9-12
3884	2	3840	0-12	1-13	2-5	2-6	3-6	3-13	4-5	4-12	7-11	8-10	9-10	9-11
3885	1	7680	0-12	1-13	2-5	2-6	3-6	3-13	4-5	4-9	7-11	8-10	9-12	10-11
3886	1	7680	0-12	1-13	2-5	2-6	3-6	3-13	4-5	4-10	7-11	8-10	9-11	9-12
3887	1	7680	0-12	1-13	2-5	2-13	3-6	3-12	4-5	4-6	7-11	8-10	9-10	9-11
3888	1	7680	0-12	1-13	2-5	2-13	3-6	3-12	4-5	4-9	6-9	7-11	8-10	10-11
3889	1	7680	0-12	1-13	2-5	2-13	3-6	3-12	4-5	4-10	6-9	7-11	8-10	9-11
3890	2	3840	0-12	1-13	2-5	2-13	3-4	3-6	4-5	6-9	7-11	8-10	9-12	10-11
3891	2	3840	0-12	1-13	2-5	2-13	3-6	3-11	4-5	4-10	6-9	7-11	8-10	9-12
3892	1	7680	0-12	1-13	2-6	2-12	3-6	3-13	4-5	4-9	5-9	7-11	8-10	10-11
3893	1	7680	0-12	1-13	2-6	2-12	3-6	3-13	4-5	4-10	5-9	7-11	8-10	9-11
3894	1	7680	0-12	1-13	2-12	2-13	3-5	3-6	4-5	4-9	6-9	7-11	8-10	10-11
3895	1	7680	0-12	1-13	2-12	2-13	3-5	3-6	4-5	4-10	6-9	7-11	8-10	9-11
3896	2	3840	0-12	1-13	2-12	2-13	3-4	3-6	4-5	5-9	6-9	7-11	8-10	10-11
3897	2	3840	0-12	1-13	2-12	2-13	3-6	3-11	4-5	4-10	5-9	6-9	7-11	8-10
3898	1	7680	0-12	1-13	2-6	2-13	3-6	3-12	4-5	4-9	5-9	7-11	8-10	10-11
3899	1	7680	0-12	1-13	2-6	2-13	3-5	3-6	4-5	4-9	7-11	8-10	9-12	10-11
3900	1	7680	0-12	1-13	2-6	2-13	3-6	3-12	4-5	4-10	5-9	7-11	8-10	9-11
3901	1	7680	0-12	1-13	2-6	2-13	3-5	3-6	4-5	4-10	7-11	8-10	9-11	9-12
3902	1	7680	0-12	1-13	2-6	2-13	3-5	3-12	4-5	4-10	6-9	7-11	8-10	9-11
3903	2	3840	0-12	1-13	2-6	2-13	3-4	3-6	4-5	5-9	7-11	8-10	9-12	10-11
3904	2	3840	0-12	1-13	2-6	2-13	3-6	3-11	4-5	4-10	5-9	7-11	8-10	9-12
3905	1	7680	0-12	1-13	2-6	2-13	3-4	3-12	4-5	5-9	6-9	7-11	8-10	10-11
3906	1	7680	0-12	1-13	2-6	2-13	3-11	3-12	4-5	4-10	5-9	6-9	7-11	8-10
3907	1	7680	0-12	1-13	2-3	2-13	3-6	4-5	4-8	5-10	6-9	7-11	9-12	10-11
3908	1	7680	0-12	1-13	2-10	2-13	3-6	3-12	4-5	4-8	5-9	6-9	7-11	10-11
3909	1	7680	0-12	1-13	2-10	2-13	3-5	3-6	4-5	4-8	6-9	7-11	9-12	10-11
3910	1	7680	0-12	1-13	2-5	2-13	3-6	3-12	4-5	4-8	6-9	7-11	9-10	10-11
3911	1	7680	0-12	1-13	2-12	2-13	3-6	3-9	4-5	4-8	5-10	6-9	7-11	10-11
3912	1	7680	0-12	1-13	2-12	2-13	3-5	3-6	4-5	4-8	6-9	7-11	9-10	10-11
3913	1	7680	0-12	1-13	2-6	2-13	3-5	3-6	4-5	4-8	7-11	9-10	9-12	10-11
3914	1	7680	0-12	1-9	2-12	2-13	3-6	3-13	4-5	4-10	5-7	6-9	8-11	10-11
3915	1	7680	0-12	1-10	2-6	2-13	3-6	3-12	4-5	4-8	5-7	9-11	9-13	10-11
3916	1	7680	0-12	1-10	2-6	2-13	3-6	3-11	4-5	4-8	5-7	9-12	9-13	10-11
3917	8	960	0-12	1-10	2-6	2-13	3-11	3-12	4-5	4-8	5-7	6-9	9-13	10-11
3918	1	7680	0-12	1-10	2-12	2-13	3-6	3-13	4-5	4-9	5-7	6-9	8-11	10-11
3919	1	7680	0-12	1-10	2-12	2-13	3-6	3-13	4-5	4-10	5-7	6-9	8-11	9-11
3920	2	3840	0-12	1-10	2-6	2-13	3-6	3-13	4-5	4-9	5-7	8-11	9-12	10-11
3921	1	7680	0-12	1-10	2-6	2-13	3-6	3-12	4-5	4-10	5-7	8-11	9-11	9-13
3922	1	7680	0-12	1-4	2-6	2-13	3-6	3-12	4-5	5-7	8-10	9-11	9-13	10-11
3923	1	7680	0-12	1-4	2-6	2-13	3-6	3-11	4-5	5-7	8-10	9-12	9-13	10-11
3924	8	960	0-12	1-4	2-6	2-13	3-11	3-12	4-5	5-7	6-9	8-10	9-13	10-11
3925	1	7680	0-12	1-4	2-12	2-13	3-6	3-13	4-5	5-7	6-9	8-11	9-10	10-11
3926	1	7680	0-12	1-11	2-12	2-13	3-6	3-13	4-5	4-10	5-7	6-9	8-9	10-11
3927	1	7680	0-12	1-11	2-12	2-13	3-6	3-13	4-5	4-9	5-7	6-9	8-10	10-11
3928	1	7680	0-12	1-11	2-12	2-13	3-6	3-13	4-5	4-10	5-7	6-9	8-10	9-11
3929	2	3840	0-12	1-11	2-6	2-13	3-6	3-13	4-5	4-9	5-7	8-10	9-12	10-11
3930	1	7680	0-12	1-11	2-6	2-13	3-6	3-12	4-5	4-9	5-7	8-10	9-13	10-11
3931	1	7680	0-12	1-11	2-6	2-13	3-6	3-12	4-5	4-10	5-7	8-10	9-11	9-13
3932	8	960	0-12	1-11	2-6	2-13	3-4	3-12	4-5	5-7	6-9	8-10	9-13	10-11
3933	8	960	0-12	1-11	2-6	2-13	3-11	3-12	4-5	4-10	5-7	6-9	8-10	9-13
3934	2	3840	0-12	1-11	2-10	2-13	3-11	3-13	4-5	4-8	5-7	6-9	6-10	9-12
3935	2	3840	0-12	1-11	2-12	2-13	3-11	3-13	4-5	4-8	5-7	6-9	6-10	9-10
3936	1	7680	0-12	1-11	2-12	2-13	3-6	3-13	4-5	4-8	5-7	6-9	9-10	10-11
3937	2	3840	0-12	1-11	2-12	2-13	3-6	3-11	4-5	4-8	5-7	6-10	9-10	9-13
3938	4	1920	0-12	1-11	2-6	2-13	3-6	3-9	4-5	4-8	5-7	9-13	10-11	10-12
3939	4	1920	0-12	1-11	2-6	2-13	3-6	3-13	4-5	4-8	5-7	9-10	9-12	10-11
3940	2	3840	0-12	1-11	2-6	2-13	3-6	3-12	4-5	4-8	5-7	9-10	9-13	10-11
3941	12	640	0-12	1-11	2-3	2-13	3-13	4-5	4-12	5-7	6-9	6-10	8-11	9-10
3942	12	640	0-12	1-11	2-10	2-13	3-9	3-13	4-5	4-12	5-7	6-9	6-10	8-11
3943	1	7680	0-12	1-11	2-10	2-13	3-4	3-13	4-5	5-7	6-9	6-10	8-11	9-12
3944	1	7680	0-12	1-11	2-12	2-13	3-4	3-13	4-5	5-7	6-9	6-10	8-11	9-10
3945	1	7680	0-12	1-11	2-12	2-13	3-6	3-13	4-5	4-10	5-7	6-9	8-11	9-10
3946	1	7680	0-12	1-11	2-12	2-13	3-4	3-6	4-5	5-7	6-10	8-11	9-10	9-13
3947	2	3840	0-12	1-11	2-6	2-13	3-6	3-13	4-5	4-10	5-7	8-11	9-10	9-12
3948	1	7680	0-12	1-11	2-6	2-13	3-6	3-12	4-5	4-10	5-7	8-11	9-10	9-13
3949	1	7680	0-12	1-12	2-11	2-13	3-6	3-13	4-5	4-8	5-7	6-9	9-10	10-11
3950	4	1920	0-12	1-12	2-6	2-13	3-6	3-13	4-5	4-8	5-7	9-10	9-11	10-11
3951	2	3840	0-12	1-12	2-6	2-13	3-6	3-11	4-5	4-8	5-7	9-10	9-13	10-11
3952	1	7680	0-12	1-12	2-11	2-13	3-6	3-13	4-5	4-10	5-7	6-9	8-11	9-10
3953	2	3840	0-12	1-6	2-11	2-13	3-6	3-12	4-5	4-10	5-7	8-10	9-11	9-13
3954	1	7680	0-12	1-6	2-11	2-13	3-6	3-9	4-5	4-8	5-7	9-13	10-11	10-12
3955	1	7680	0-12	1-6	2-11	2-13	3-6	3-12	4-5	4-8	5-7	9-10	9-13	10-11
3956	1	7680	0-12	1-6	2-12	2-13	3-6	3-11	4-5	4-8	5-7	9-10	9-13	10-11
3957	1	7680	0-12	1-6	2-4	2-13	3-6	3-9	4-5	5-7	8-11	9-13	10-11	10-12
3958	1	7680	0-12	1-6	2-4	2-13	3-6	3-12	4-5	5-7	8-11	9-10	9-13	10-11
3959	1	7680	0-12	1-6	2-11	2-13	3-6	3-12	4-5	4-10	5-7	8-11	9-10	9-13
3960	1	7680	0-12	1-13	2-6	2-8	3-6	3-13	4-5	4-10	5-7	9-11	9-12	10-11
3961	1	7680	0-12	1-13	2-8	2-13	3-4	3-6	4-5	5-7	6-9	9-11	10-11	10-12
3962	1	7680	0-12	1-13	2-8	2-13	3-6	3-12	4-5	4-10	5-7	6-9	9-11	10-11
3963	1	7680	0-12	1-13	2-11	2-13	3-4	3-6	4-5	5-7	6-9	8-9	10-11	10-12
3964	1	7680	0-12	1-13	2-11	2-13	3-6	3-12	4-5	4-10	5-7	6-9	8-9	10-11
3965	1	7680	0-12	1-13	2-6	2-13	3-11	3-12	4-5	4-10	5-7	6-9	8-9	10-11
3966	1	7680	0-12	1-13	2-4	2-13	3-6	3-8	4-5	5-7	6-9	9-11	10-11	10-12
3967	1	7680	0-12	1-13	2-11	2-13	3-6	3-8	4-5	4-9	5-7	6-9	10-11	10-12
3968	1	7680	0-12	1-13	2-4	2-6	3-6	3-13	4-5	5-7	8-10	9-11	9-12	10-11
3969	1	7680	0-12	1-13	2-4	2-13	3-6	3-12	4-5	5-7	6-9	8-10	9-11	10-11
3970	1	7680	0-12	1-13	2-6	2-11	3-6	3-13	4-5	4-9	5-7	8-10	9-12	10-11
3971	1	7680	0-12	1-13	2-6	2-11	3-6	3-13	4-5	4-10	5-7	8-10	9-11	9-12
3972	1	7680	0-12	1-13	2-11	2-13	3-6	3-12	4-5	4-9	5-7	6-9	8-10	10-11
3973	1	7680	0-12	1-13	2-11	2-13	3-6	3-12	4-5	4-10	5-7	6-9	8-10	9-11
3974	1	7680	0-12	1-13	2-6	2-12	3-6	3-13	4-5	4-9	5-7	8-10	9-11	10-11
3975	1	7680	0-12	1-13	2-6	2-13	3-6	3-12	4-5	4-9	5-7	8-10	9-11	10-11
3976	1	7680	0-12	1-13	2-6	2-13	3-6	3-11	4-5	4-9	5-7	8-10	9-12	10-11
3977	1	7680	0-12	1-13	2-6	2-13	3-11	3-12	4-5	4-9	5-7	6-9	8-10	10-11
3978	1	7680	0-12	1-13	2-6	2-13	3-4	3-6	4-5	5-7	8-10	9-11	9-12	10-11
3979	1	7680	0-12	1-13	2-6	2-13	3-6	3-11	4-5	4-10	5-7	8-10	9-11	9-12
3980	1	7680	0-12	1-13	2-3	2-13	3-6	4-5	4-8	5-7	6-9	9-11	10-11	10-12
3981	1	7680	0-12	1-13	2-6	2-10	3-6	3-13	4-5	4-8	5-7	9-11	9-12	10-11
3982	1	7680	0-12	1-13	2-10	2-13	3-6	3-12	4-5	4-8	5-7	6-9	9-11	10-11
3983	1	7680	0-12	1-13	2-10	2-13	3-6	3-11	4-5	4-8	5-7	6-9	9-12	10-11
3984	1	7680	0-12	1-13	2-11	2-13	3-6	3-9	4-5	4-8	5-7	6-9	10-11	10-12
3985	1	7680	0-12	1-13	2-11	2-13	3-6	3-12	4-5	4-8	5-7	6-9	9-10	10-11
3986	1	7680	0-12	1-13	2-12	2-13	3-6	3-11	4-5	4-8	5-7	6-9	9-10	10-11
3987	1	7680	0-12	1-13	2-6	2-13	3-6	3-12	4-5	4-8	5-7	9-10	9-11	10-11
3988	1	7680	0-12	1-13	2-6	2-13	3-6	3-11	4-5	4-8	5-7	9-10	9-12	10-11
3989	1	7680	0-12	1-13	2-6	2-13	3-11	3-12	4-5	4-8	5-7	6-9	9-10	10-11
3990	1	7680	0-12	1-13	2-3	2-13	3-6	4-5	4-9	5-7	6-9	8-11	10-11	10-12
3991	1	7680	0-12	1-13	2-6	2-10	3-6	3-13	4-5	4-9	5-7	8-11	9-12	10-11
3992	1	7680	0-12	1-13	2-6	2-10	3-6	3-13	4-5	4-10	5-7	8-11	9-11	9-12
3993	1	7680	0-12	1-13	2-10	2-13	3-6	3-12	4-5	4-9	5-7	6-9	8-11	10-11
3994	1	7680	0-12	1-13	2-10	2-13	3-6	3-12	4-5	4-10	5-7	6-9	8-11	9-11
3995	1	7680	0-12	1-13	2-4	2-13	3-6	3-9	4-5	5-7	6-9	8-11	10-11	10-12
3996	1	7680	0-12	1-13	2-4	2-13	3-6	3-12	4-5	5-7	6-9	8-11	9-10	10-11
3997	1	7680	0-12	1-13	2-6	2-11	3-6	3-13	4-5	4-10	5-7	8-11	9-10	9-12
3998	1	7680	0-12	1-13	2-11	2-13	3-6	3-12	4-5	4-10	5-7	6-9	8-11	9-10
3999	1	7680	0-12	1-13	2-6	2-12	3-6	3-13	4-5	4-10	5-7	8-11	9-10	9-11
4000	1	7680	0-12	1-13	2-6	2-13	3-6	3-12	4-5	4-10	5-7	8-11	9-10	9-11
4001	1	7680	0-12	1-13	2-6	2-13	3-4	3-6	4-5	5-7	8-11	9-10	9-12	10-11
4002	1	7680	0-12	1-13	2-6	2-13	3-6	3-11	4-5	4-10	5-7	8-11	9-10	9-12
4003	1	7680	0-12	1-13	2-6	2-13	3-4	3-12	4-5	5-7	6-9	8-11	9-10	10-11
4004	1	7680	0-12	1-13	2-6	2-13	3-11	3-12	4-5	4-10	5-7	6-9	8-11	9-10
4005	1	7680	0-12	1-13	2-6	2-13	3-5	3-6	4-9	4-10	5-7	8-11	9-12	10-11
4006	1	7680	0-12	1-13	2-6	2-13	3-4	3-5	4-10	5-7	6-9	8-11	9-12	10-11
4007	1	7680	0-12	1-9	2-5	2-13	3-6	3-13	4-5	4-10	6-9	7-12	8-11	10-11
4008	1	7680	0-12	1-10	2-5	2-13	3-6	3-13	4-5	4-9	6-9	7-12	8-11	10-11
4009	1	7680	0-12	1-10	2-5	2-13	3-6	3-13	4-5	4-10	6-9	7-12	8-11	9-11
4010	2	3840	0-12	1-10	2-6	2-13	3-6	3-13	4-5	4-9	5-9	7-12	8-11	10-11
4011	1	7680	0-12	1-10	2-6	2-13	3-5	3-6	4-5	4-10	7-12	8-11	9-11	9-13
4012	1	7680	0-12	1-4	2-5	2-13	3-6	3-13	4-5	6-9	7-12	8-11	9-10	10-11
4013	2	3840	0-12	1-4	2-6	2-13	3-6	3-9	4-5	5-10	7-12	8-11	9-13	10-11
4014	1	7680	0-12	1-4	2-11	2-13	3-6	3-13	4-5	5-8	6-9	7-12	9-10	10-11
4015	4	1920	0-12	1-4	2-6	2-13	3-6	3-13	4-5	5-8	7-12	9-10	9-11	10-11
4016	2	3840	0-12	1-4	2-6	2-13	3-6	3-11	4-5	5-8	7-12	9-10	9-13	10-11
4017	1	7680	0-12	1-11	2-5	2-13	3-6	3-13	4-5	4-10	6-9	7-12	8-9	10-11
4018	1	7680	0-12	1-11	2-6	2-13	3-6	3-8	4-5	4-10	5-10	7-12	9-11	9-13
4019	1	7680	0-12	1-11	2-5	2-13	3-6	3-13	4-5	4-9	6-9	7-12	8-10	10-11
4020	1	7680	0-12	1-11	2-5	2-13	3-6	3-13	4-5	4-10	6-9	7-12	8-10	9-11
4021	2	3840	0-12	1-11	2-6	2-13	3-6	3-13	4-5	4-9	5-9	7-12	8-10	10-11
4022	1	7680	0-12	1-11	2-6	2-13	3-5	3-6	4-5	4-9	7-12	8-10	9-13	10-11
4023	1	7680	0-12	1-11	2-6	2-13	3-5	3-6	4-5	4-10	7-12	8-10	9-11	9-13
4024	8	960	0-12	1-11	2-6	2-13	3-4	3-5	4-5	6-9	7-12	8-10	9-13	10-11
4025	8	960	0-12	1-11	2-6	2-13	3-5	3-11	4-5	4-10	6-9	7-12	8-10	9-13
4026	1	7680	0-12	1-11	2-5	2-13	3-6	3-13	4-5	4-8	6-9	7-12	9-10	10-11
4027	2	3840	0-12	1-11	2-6	2-13	3-6	3-9	4-5	4-8	5-10	7-12	9-13	10-11
4028	2	3840	0-12	1-11	2-10	2-13	3-4	3-13	4-5	5-9	6-9	6-10	7-12	8-11
4029	2	3840	0-12	1-11	2-5	2-13	3-4	3-13	4-5	6-9	6-10	7-12	8-11	9-10
4030	1	7680	0-12	1-11	2-5	2-13	3-6	3-13	4-5	4-10	6-9	7-12	8-11	9-10
4031	2	3840	0-12	1-11	2-5	2-13	3-4	3-6	4-5	6-10	7-12	8-11	9-10	9-13
4032	4	1920	0-12	1-11	2-6	2-13	3-6	3-9	4-5	4-10	5-10	7-12	8-11	9-13
4033	4	1920	0-12	1-11	2-6	2-13	3-6	3-13	4-5	4-10	5-9	7-12	8-11	9-10
4034	2	3840	0-12	1-11	2-6	2-13	3-5	3-6	4-5	4-10	7-12	8-11	9-10	9-13
4035	1	7680	0-12	1-11	2-11	2-13	3-6	3-13	4-5	4-10	5-8	6-9	7-12	9-10
4036	1	7680	0-12	1-5	2-11	2-13	3-6	3-13	4-5	4-8	6-9	7-12	9-10	10-11
4037	4	1920	0-12	1-5	2-6	2-13	3-6	3-13	4-5	4-8	7-12	9-10	9-11	10-11
4038	2	3840	0-12	1-5	2-6	2-13	3-6	3-11	4-5	4-8	7-12	9-10	9-13	10-11
4039	1	7680	0-12	1-5	2-11	2-13	3-6	3-13	4-5	4-10	6-9	7-12	8-11	9-10
4040	2	3840	0-12	1-6	2-11	2-13	3-5	3-6	4-5	4-10	7-12	8-10	9-11	9-13
4041	1	7680	0-12	1-6	2-11	2-13	3-6	3-9	4-5	4-8	5-10	7-12	9-13	10-11
4042	1	7680	0-12	1-6	2-11	2-13	3-5	3-6	4-5	4-8	7-12	9-10	9-13	10-11
4043	1	7680	0-12	1-6	2-5	2-13	3-6	3-11	4-5	4-8	7-12	9-10	9-13	10-11
4044	1	7680	0-12	1-6	2-4	2-13	3-6	3-9	4-5	5-10	7-12	8-11	9-13	10-11
4045	1	7680	0-12	1-6	2-4	2-13	3-5	3-6	4-5	7-12	8-11	9-10	9-13	10-11
4046	1	7680	0-12	1-6	2-11	2-13	3-6	3-9	4-5	4-10	5-10	7-12	8-11	9-13
4047	1	7680	0-12	1-6	2-11	2-13	3-5	3-6	4-5	4-10	7-12	8-11	9-10	9-13
4048	1	7680	0-12	1-13	2-6	2-8	3-6	3-13	4-5	4-10	5-9	7-12	9-11	10-11
4049	1	7680	0-12	1-13	2-8	2-13	3-4	3-6	4-5	5-10	6-9	7-12	9-11	10-11
4050	1	7680	0-12	1-13	2-8	2-13	3-6	3-11	4-5	4-10	5-10	6-9	7-12	9-11
4051	1	7680	0-12	1-13	2-8	2-13	3-5	3-6	4-5	4-10	6-9	7-12	9-11	10-11
4052	1	7680	0-12	1-13	2-11	2-13	3-4	3-6	4-5	5-10	6-9	7-12	8-9	10-11
4053	1	7680	0-12	1-13	2-11	2-13	3-6	3-11	4-5	4-10	5-10	6-9	7-12	8-9
4054	1	7680	0-12	1-13	2-11	2-13	3-5	3-6	4-5	4-10	6-9	7-12	8-9	10-11
4055	2	3840	0-12	1-13	2-6	2-13	3-5	3-11	4-5	4-10	6-9	7-12	8-9	10-11
4056	1	7680	0-12	1-13	2-4	2-13	3-6	3-8	4-5	5-10	6-9	7-12	9-11	10-11
4057	1	7680	0-12	1-13	2-11	2-13	3-6	3-8	4-5	4-9	5-10	6-9	7-12	10-11
4058	1	7680	0-12	1-13	2-11	2-13	3-6	3-8	4-5	4-10	5-10	6-9	7-12	9-11
4059	1	7680	0-12	1-13	2-4	2-6	3-6	3-13	4-5	5-9	7-12	8-10	9-11	10-11
4060	1	7680	0-12	1-13	2-4	2-13	3-5	3-6	4-5	6-9	7-12	8-10	9-11	10-11
4061	1	7680	0-12	1-13	2-6	2-11	3-6	3-13	4-5	4-9	5-9	7-12	8-10	10-11
4062	1	7680	0-12	1-13	2-6	2-11	3-6	3-13	4-5	4-10	5-9	7-12	8-10	9-11
4063	1	7680	0-12	1-13	2-11	2-13	3-5	3-6	4-5	4-9	6-9	7-12	8-10	10-11
4064	1	7680	0-12	1-13	2-11	2-13	3-5	3-6	4-5	4-10	6-9	7-12	8-10	9-11
4065	1	7680	0-12	1-13	2-5	2-6	3-6	3-13	4-5	4-9	7-12	8-10	9-11	10-11
4066	1	7680	0-12	1-13	2-6	2-13	3-5	3-6	4-5	4-9	7-12	8-10	9-11	10-11
4067	1	7680	0-12	1-13	2-6	2-13	3-6	3-11	4-5	4-9	5-9	7-12	8-10	10-11
4068	1	7680	0-12	1-13	2-6	2-13	3-4	3-6	4-5	5-9	7-12	8-10	9-11	10-11
4069	1	7680	0-12	1-13	2-6	2-13	3-6	3-11	4-5	4-10	5-9	7-12	8-10	9-11
4070	1	7680	0-12	1-13	2-3	2-13	3-6	4-5	4-8	5-10	6-9	7-12	9-11	10-11
4071	1	7680	0-12	1-13	2-6	2-10	3-6	3-13	4-5	4-8	5-9	7-12	9-11	10-11
4072	1	7680	0-12	1-13	2-10	2-13	3-5	3-6	4-5	4-8	6-9	7-12	9-11	10-11
4073	1	7680	0-12	1-13	2-10	2-13	3-6	3-11	4-5	4-8	5-9	6-9	7-12	10-11
4074	1	7680	0-12	1-13	2-11	2-13	3-6	3-9	4-5	4-8	5-10	6-9	7-12	10-11
4075	1	7680	0-12	1-13	2-11	2-13	3-5	3-6	4-5	4-8	6-9	7-12	9-10	10-11
4076	1	7680	0-12	1-13	2-5	2-13	3-6	3-11	4-5	4-8	6-9	7-12	9-10	10-11
4077	1	7680	0-12	1-13	2-6	2-13	3-5	3-6	4-5	4-8	7-12	9-10	9-11	10-11
4078	1	7680	0-12	1-13	2-3	2-13	3-6	4-5	4-9	5-10	6-9	7-12	8-11	10-11
4079	1	7680	0-12	1-13	2-3	2-13	3-6	4-5	4-10	5-10	6-9	7-12	8-11	9-11
4080	1	7680	0-12	1-13	2-6	2-10	3-6	3-13	4-5	4-9	5-9	7-12	8-11	10-11
4081	1	7680	0-12	1-13	2-6	2-10	3-6	3-13	4-5	4-10	5-9	7-12	8-11	9-11
4082	1	7680	0-12	1-13	2-10	2-13	3-5	3-6	4-5	4-9	6-9	7-12	8-11	10-11
4083	1	7680	0-12	1-13	2-10	2-13	3-5	3-6	4-5	4-10	6-9	7-12	8-11	9-11
4084	1	7680	0-12	1-13	2-4	2-13	3-6	3-9	4-5	5-10	6-9	7-12	8-11	10-11
4085	1	7680	0-12	1-13	2-4	2-13	3-5	3-6	4-5	6-9	7-12	8-11	9-10	10-11
4086	1	7680	0-12	1-13	2-11	2-13	3-6	3-9	4-5	4-10	5-10	6-9	7-12	8-11
4087	1	7680	0-12	1-13	2-11	2-13	3-5	3-6	4-5	4-10	6-9	7-12	8-11	9-10
4088	1	7680	0-12	1-13	2-5	2-6	3-6	3-13	4-5	4-10	7-12	8-11	9-10	9-11
4089	1	7680	0-12	1-13	2-6	2-13	3-5	3-6	4-5	4-10	7-12	8-11	9-10	9-11
4090	1	7680	0-12	1-13	2-6	2-13	3-6	3-11	4-5	4-10	5-9	7-12	8-11	9-10
4091	1	7680	0-12	1-13	2-6	2-13	3-4	3-5	4-5	6-9	7-12	8-11	9-10	10-11
4092	1	7680	0-12	1-13	2-6	2-13	3-5	3-11	4-5	4-10	6-9	7-12	8-11	9-10
4093	1	7680	0-12	1-13	2-6	2-13	3-5	3-6	4-9	4-10	5-9	7-12	8-11	10-11
4094	1	7680	0-12	1-13	2-6	2-13	3-4	3-5	4-10	5-9	6-9	7-12	8-11	10-11
4095	1	7680	0-12	1-13	2-6	2-11	3-6	3-13	4-5	4-10	5-8	7-12	9-10	9-11
4096	1	7680	0-12	1-2	2-13	3-9	3-13	4-5	4-6	5-10	6-7	8-11	9-12	10-11
4097	1	7680	0-12	1-2	2-13	3-11	3-13	4-5	4-6	5-10	6-7	8-11	9-10	9-12
4098	1	7680	0-12	1-9	2-11	2-13	3-6	3-12	4-5	4-8	5-10	6-7	9-13	10-11
4099	1	7680	0-12	1-9	2-5	2-13	3-6	3-11	4-5	4-8	6-7	9-13	10-11	10-12
4100	1	7680	0-12	1-9	2-12	2-13	3-6	3-11	4-5	4-8	5-10	6-7	9-13	10-11
4101	1	7680	0-12	1-9	2-3	2-13	3-13	4-5	4-6	5-10	6-7	8-11	9-12	10-11
4102	1	7680	0-12	1-9	2-10	2-13	3-11	3-13	4-5	4-6	5-10	6-7	8-11	9-12
4103	1	7680	0-12	1-9	2-4	2-13	3-6	3-12	4-5	5-10	6-7	8-11	9-13	10-11
4104	1	7680	0-12	1-9	2-5	2-13	3-4	3-6	4-5	6-7	8-11	9-13	10-11	10-12
4105	1	7680	0-12	1-9	2-5	2-13	3-6	3-12	4-5	4-10	6-7	8-11	9-13	10-11
4106	1	7680	0-12	1-9	2-12	2-13	3-4	3-6	4-5	5-10	6-7	8-11	9-13	10-11
4107	1	7680	0-12	1-9	2-12	2-13	3-6	3-11	4-5	4-10	5-10	6-7	8-11	9-13
4108	1	7680	0-12	1-9	2-12	2-13	3-5	3-6	4-5	4-10	6-7	8-11	9-13	10-11
4109	1	7680	0-12	1-3	2-12	2-13	3-6	4-5	4-8	5-10	6-7	9-11	9-13	10-11
4110	1	7680	0-12	1-3	2-5	2-13	3-6	4-5	4-9	6-7	8-11	9-13	10-11	10-12
4111	1	7680	0-12	1-3	2-12	2-13	3-6	4-5	4-9	5-10	6-7	8-11	9-13	10-11
4112	1	7680	0-12	1-3	2-12	2-13	3-6	4-5	4-10	5-10	6-7	8-11	9-11	9-13
4113	1	7680	0-12	1-10	2-5	2-13	3-6	3-12	4-5	4-8	6-7	9-11	9-13	10-11
4114	1	7680	0-12	1-10	2-12	2-13	3-5	3-6	4-5	4-8	6-7	9-11	9-13	10-11
4115	1	7680	0-12	1-10	2-12	2-13	3-6	3-11	4-5	4-8	5-9	6-7	9-13	10-11
4116	1	7680	0-12	1-10	2-5	2-13	3-6	3-12	4-5	4-9	6-7	8-11	9-13	10-11
4117	1	7680	0-12	1-10	2-5	2-13	3-6	3-12	4-5	4-10	6-7	8-11	9-11	9-13
4118	1	7680	0-12	1-10	2-12	2-13	3-5	3-6	4-5	4-9	6-7	8-11	9-13	10-11
4119	1	7680	0-12	1-10	2-12	2-13	3-5	3-6	4-5	4-10	6-7	8-11	9-11	9-13
4120	2	3840	0-12	1-10	2-11	2-13	3-6	3-12	4-5	4-10	5-8	6-7	9-11	9-13
4121	2	3840	0-12	1-10	2-11	2-13	3-5	3-6	4-5	4-10	6-7	8-12	9-11	9-13
4122	2	3840	0-12	1-4	2-10	2-13	3-11	3-13	4-6	5-10	5-11	6-7	8-9	9-12
4123	1	7680	0-12	1-4	2-11	2-13	3-6	3-12	4-5	5-10	6-7	8-9	9-13	10-11
4124	1	7680	0-12	1-4	2-5	2-13	3-6	3-11	4-5	6-7	8-9	9-13	10-11	10-12
4125	1	7680	0-12	1-4	2-12	2-13	3-6	3-11	4-5	5-10	6-7	8-9	9-13	10-11
4126	1	7680	0-12	1-4	2-12	2-13	3-6	3-8	4-5	5-10	6-7	9-11	9-13	10-11
4127	1	7680	0-12	1-4	2-5	2-13	3-6	3-12	4-5	6-7	8-10	9-11	9-13	10-11
4128	1	7680	0-12	1-4	2-12	2-13	3-5	3-6	4-5	6-7	8-10	9-11	9-13	10-11
4129	1	7680	0-12	1-4	2-12	2-13	3-6	3-11	4-5	5-9	6-7	8-10	9-13	10-11
4130	1	7680	0-12	1-4	2-5	2-13	3-6	3-12	4-5	6-7	8-11	9-10	9-13	10-11
4131	1	7680	0-12	1-4	2-12	2-13	3-6	3-9	4-5	5-10	6-7	8-11	9-13	10-11
4132	1	7680	0-12	1-4	2-12	2-13	3-5	3-6	4-5	6-7	8-11	9-10	9-13	10-11
4133	1	7680	0-12	1-4	2-11	2-13	3-6	3-9	4-5	5-8	6-7	9-13	10-11	10-12
4134	1	7680	0-12	1-4	2-11	2-13	3-6	3-12	4-5	5-8	6-7	9-10	9-13	10-11
4135	1	7680	0-12	1-4	2-12	2-13	3-6	3-11	4-5	5-8	6-7	9-10	9-13	10-11
4136	1	7680	0-12	1-4	2-11	2-13	3-6	3-9	4-5	5-10	6-7	8-12	9-13	10-11
4137	1	7680	0-12	1-4	2-11	2-13	3-5	3-6	4-5	6-7	8-12	9-10	9-13	10-11
4138	1	7680	0-12	1-4	2-5	2-13	3-6	3-11	4-5	6-7	8-12	9-10	9-13	10-11
4139	1	7680	0-12	1-11	2-8	2-13	3-9	3-13	4-5	4-6	5-10	6-7	9-12	10-11
4140	1	7680	0-12	1-11	2-8	2-13	3-4	3-13	4-6	5-10	5-11	6-7	9-10	9-12
4141	1	7680	0-12	1-11	2-8	2-13	3-11	3-13	4-5	4-6	5-10	6-7	9-10	9-12
4142	1	7680	0-12	1-11	2-3	2-13	3-13	4-5	4-6	5-10	6-7	8-9	9-12	10-11
4143	2	3840	0-12	1-11	2-10	2-13	3-12	3-13	4-5	4-6	5-9	6-7	8-9	10-11
4144	1	7680	0-12	1-11	2-10	2-13	3-11	3-13	4-5	4-6	5-10	6-7	8-9	9-12
4145	1	7680	0-12	1-11	2-4	2-13	3-6	3-12	4-5	5-10	6-7	8-9	9-13	10-11
4146	1	7680	0-12	1-11	2-5	2-13	3-4	3-6	4-5	6-7	8-9	9-13	10-11	10-12
4147	1	7680	0-12	1-11	2-5	2-13	3-6	3-12	4-5	4-10	6-7	8-9	9-13	10-11
4148	1	7680	0-12	1-11	2-12	2-13	3-4	3-6	4-5	5-10	6-7	8-9	9-13	10-11
4149	1	7680	0-12	1-11	2-12	2-13	3-6	3-11	4-5	4-10	5-10	6-7	8-9	9-13
4150	1	7680	0-12	1-11	2-12	2-13	3-5	3-6	4-5	4-10	6-7	8-9	9-13	10-11
4151	1	7680	0-12	1-11	2-5	2-13	3-6	3-8	4-5	4-9	6-7	9-13	10-11	10-12
4152	1	7680	0-12	1-11	2-12	2-13	3-6	3-8	4-5	4-9	5-10	6-7	9-13	10-11
4153	1	7680	0-12	1-11	2-12	2-13	3-6	3-8	4-5	4-10	5-10	6-7	9-11	9-13
4154	2	3840	0-12	1-11	2-3	2-13	3-13	4-5	4-6	5-10	6-7	8-10	9-11	9-12
4155	1	7680	0-12	1-11	2-10	2-13	3-12	3-13	4-5	4-6	5-9	6-7	8-10	9-11
4156	2	3840	0-12	1-11	2-11	2-13	3-9	3-13	4-5	4-6	5-10	6-7	8-10	9-12
4157	1	7680	0-12	1-11	2-11	2-13	3-12	3-13	4-5	4-6	5-9	6-7	8-10	9-10
4158	1	7680	0-12	1-11	2-5	2-13	3-6	3-12	4-5	4-9	6-7	8-10	9-13	10-11
4159	1	7680	0-12	1-11	2-5	2-13	3-6	3-12	4-5	4-10	6-7	8-10	9-11	9-13
4160	1	7680	0-12	1-11	2-12	2-13	3-5	3-6	4-5	4-9	6-7	8-10	9-13	10-11
4161	1	7680	0-12	1-11	2-12	2-13	3-5	3-6	4-5	4-10	6-7	8-10	9-11	9-13
4162	1	7680	0-12	1-11	2-5	2-13	3-6	3-12	4-5	4-8	6-7	9-10	9-13	10-11
4163	1	7680	0-12	1-11	2-12	2-13	3-6	3-9	4-5	4-8	5-10	6-7	9-13	10-11
4164	1	7680	0-12	1-11	2-12	2-13	3-5	3-6	4-5	4-8	6-7	9-10	9-13	10-11
4165	1	7680	0-12	1-11	2-3	2-13	3-13	4-5	4-6	5-10	6-7	8-11	9-10	9-12
4166	1	7680	0-12	1-11	2-5	2-13	3-6	3-12	4-5	4-10	6-7	8-11	9-10	9-13
4167	1	7680	0-12	1-11	2-12	2-13	3-5	3-6	4-5	4-10	6-7	8-11	9-10	9-13
4168	1	7680	0-12	1-11	2-4	2-13	3-6	3-9	4-5	5-8	6-7	9-13	10-11	10-12
4169	1	7680	0-12	1-11	2-4	2-13	3-6	3-12	4-5	5-8	6-7	9-10	9-13	10-11
4170	1	7680	0-12	1-11	2-11	2-13	3-6	3-12	4-5	4-10	5-8	6-7	9-10	9-13
4171	1	7680	0-12	1-11	2-4	2-13	3-6	3-9	4-5	5-10	6-7	8-12	9-13	10-11
4172	1	7680	0-12	1-11	2-4	2-13	3-5	3-6	4-5	6-7	8-12	9-10	9-13	10-11
4173	1	7680	0-12	1-11	2-11	2-13	3-6	3-9	4-5	4-10	5-10	6-7	8-12	9-13
4174	1	7680	0-12	1-11	2-11	2-13	3-5	3-6	4-5	4-10	6-7	8-12	9-10	9-13
4175	2	3840	0-12	1-5	2-11	2-13	3-6	3-12	4-5	4-10	6-7	8-10	9-11	9-13
4176	1	7680	0-12	1-5	2-11	2-13	3-6	3-9	4-5	4-8	6-7	9-13	10-11	10-12
4177	1	7680	0-12	1-5	2-11	2-13	3-6	3-12	4-5	4-8	6-7	9-10	9-13	10-11
4178	1	7680	0-12	1-5	2-12	2-13	3-6	3-11	4-5	4-8	6-7	9-10	9-13	10-11
4179	1	7680	0-12	1-5	2-4	2-13	3-6	3-9	4-5	6-7	8-11	9-13	10-11	10-12
4180	1	7680	0-12	1-5	2-4	2-13	3-6	3-12	4-5	6-7	8-11	9-10	9-13	10-11
4181	1	7680	0-12	1-5	2-11	2-13	3-6	3-12	4-5	4-10	6-7	8-11	9-10	9-13
4182	2	3840	0-12	1-12	2-11	2-13	3-5	3-6	4-5	4-10	6-7	8-10	9-11	9-13
4183	1	7680	0-12	1-12	2-11	2-13	3-6	3-9	4-5	4-8	5-10	6-7	9-13	10-11
4184	1	7680	0-12	1-12	2-11	2-13	3-5	3-6	4-5	4-8	6-7	9-10	9-13	10-11
4185	1	7680	0-12	1-12	2-5	2-13	3-6	3-11	4-5	4-8	6-7	9-10	9-13	10-11
4186	1	7680	0-12	1-12	2-4	2-13	3-6	3-9	4-5	5-10	6-7	8-11	9-13	10-11
4187	1	7680	0-12	1-12	2-4	2-13	3-5	3-6	4-5	6-7	8-11	9-10	9-13	10-11
4188	1	7680	0-12	1-12	2-11	2-13	3-6	3-9	4-5	4-10	5-10	6-7	8-11	9-13
4189	1	7680	0-12	1-12	2-11	2-13	3-5	3-6	4-5	4-10	6-7	8-11	9-10	9-13
4190	1	7680	0-12	1-13	2-8	2-13	3-6	3-12	4-5	4-10	5-9	6-7	9-11	10-11
4191	1	7680	0-12	1-13	2-8	2-13	3-4	3-6	4-5	5-10	6-7	9-11	9-12	10-11
4192	1	7680	0-12	1-13	2-8	2-13	3-6	3-11	4-5	4-10	5-10	6-7	9-11	9-12
4193	1	7680	0-12	1-13	2-8	2-13	3-5	3-6	4-5	4-10	6-7	9-11	9-12	10-11
4194	1	7680	0-12	1-13	2-4	2-13	3-11	3-12	4-5	5-10	6-7	6-9	8-9	10-11
4195	1	7680	0-12	1-13	2-11	2-13	3-4	3-12	4-5	5-10	6-7	6-9	8-9	10-11
4196	1	7680	0-12	1-13	2-11	2-13	3-11	3-12	4-5	4-10	5-10	6-7	6-9	8-9
4197	1	7680	0-12	1-13	2-11	2-13	3-5	3-12	4-5	4-10	6-7	6-9	8-9	10-11
4198	1	7680	0-12	1-13	2-5	2-13	3-11	3-12	4-5	4-10	6-7	6-9	8-9	10-11
4199	2	3840	0-12	1-13	2-12	2-13	3-5	3-11	4-5	4-10	6-7	6-9	8-9	10-11
4200	1	7680	0-12	1-13	2-4	2-13	3-6	3-8	4-5	5-10	6-7	9-11	9-12	10-11
4201	1	7680	0-12	1-13	2-11	2-13	3-6	3-8	4-5	4-9	5-10	6-7	9-12	10-11
4202	1	7680	0-12	1-13	2-11	2-13	3-6	3-8	4-5	4-10	5-10	6-7	9-11	9-12
4203	1	7680	0-12	1-13	2-4	2-13	3-6	3-12	4-5	5-9	6-7	8-10	9-11	10-11
4204	1	7680	0-12	1-13	2-4	2-13	3-5	3-6	4-5	6-7	8-10	9-11	9-12	10-11
4205	1	7680	0-12	1-13	2-4	2-13	3-6	3-11	4-5	5-9	6-7	8-10	9-12	10-11
4206	1	7680	0-12	1-13	2-11	2-13	3-6	3-12	4-5	4-9	5-9	6-7	8-10	10-11
4207	1	7680	0-12	1-13	2-11	2-13	3-5	3-6	4-5	4-9	6-7	8-10	9-12	10-11
4208	1	7680	0-12	1-13	2-11	2-13	3-6	3-12	4-5	4-10	5-9	6-7	8-10	9-11
4209	1	7680	0-12	1-13	2-11	2-13	3-5	3-6	4-5	4-10	6-7	8-10	9-11	9-12
4210	1	7680	0-12	1-13	2-5	2-13	3-6	3-12	4-5	4-9	6-7	8-10	9-11	10-11
4211	1	7680	0-12	1-13	2-5	2-13	3-6	3-11	4-5	4-9	6-7	8-10	9-12	10-11
4212	1	7680	0-12	1-13	2-5	2-13	3-11	3-12	4-5	4-9	6-7	6-9	8-10	10-11
4213	1	7680	0-12	1-13	2-5	2-13	3-4	3-6	4-5	6-7	8-10	9-11	9-12	10-11
4214	1	7680	0-12	1-13	2-5	2-13	3-6	3-11	4-5	4-10	6-7	8-10	9-11	9-12
4215	1	7680	0-12	1-13	2-12	2-13	3-5	3-6	4-5	4-9	6-7	8-10	9-11	10-11
4216	1	7680	0-12	1-13	2-12	2-13	3-6	3-11	4-5	4-9	5-9	6-7	8-10	10-11
4217	1	7680	0-12	1-13	2-12	2-13	3-4	3-6	4-5	5-9	6-7	8-10	9-11	10-11
4218	1	7680	0-12	1-13	2-12	2-13	3-6	3-11	4-5	4-10	5-9	6-7	8-10	9-11
4219	1	7680	0-12	1-13	2-3	2-13	3-6	4-5	4-8	5-10	6-7	9-11	9-12	10-11
4220	1	7680	0-12	1-13	2-10	2-13	3-6	3-12	4-5	4-8	5-9	6-7	9-11	10-11
4221	1	7680	0-12	1-13	2-10	2-13	3-5	3-6	4-5	4-8	6-7	9-11	9-12	10-11
4222	1	7680	0-12	1-13	2-10	2-13	3-6	3-11	4-5	4-8	5-9	6-7	9-12	10-11
4223	1	7680	0-12	1-13	2-11	2-13	3-5	3-6	4-5	4-8	6-7	9-10	9-12	10-11
4224	1	7680	0-12	1-13	2-5	2-13	3-11	3-12	4-5	4-8	6-7	6-9	9-10	10-11
4225	1	7680	0-12	1-13	2-5	2-13	3-6	3-11	4-8	4-10	5-10	6-7	9-11	9-12
4226	1	7680	0-12	1-13	2-12	2-13	3-5	3-6	4-5	4-8	6-7	9-10	9-11	10-11
4227	1	7680	0-12	1-13	2-12	2-13	3-6	3-11	4-8	4-10	5-9	5-10	6-7	9-11
4228	1	7680	0-12	1-13	2-3	2-13	3-6	4-5	4-9	5-10	6-7	8-11	9-12	10-11
4229	1	7680	0-12	1-13	2-3	2-13	3-6	4-5	4-10	5-10	6-7	8-11	9-11	9-12
4230	1	7680	0-12	1-13	2-10	2-13	3-6	3-12	4-5	4-9	5-9	6-7	8-11	10-11
4231	1	7680	0-12	1-13	2-10	2-13	3-5	3-6	4-5	4-9	6-7	8-11	9-12	10-11
4232	1	7680	0-12	1-13	2-10	2-13	3-6	3-12	4-5	4-10	5-9	6-7	8-11	9-11
4233	1	7680	0-12	1-13	2-10	2-13	3-5	3-6	4-5	4-10	6-7	8-11	9-11	9-12
4234	1	7680	0-12	1-13	2-4	2-13	3-5	3-6	4-5	6-7	8-11	9-10	9-12	10-11
4235	1	7680	0-12	1-13	2-11	2-13	3-6	3-12	4-5	4-10	5-9	6-7	8-11	9-10
4236	1	7680	0-12	1-13	2-11	2-13	3-5	3-6	4-5	4-10	6-7	8-11	9-10	9-12
4237	1	7680	0-12	1-13	2-11	2-13	3-5	3-12	4-5	4-10	6-7	6-9	8-11	9-10
4238	1	7680	0-12	1-13	2-5	2-13	3-6	3-12	4-5	4-10	6-7	8-11	9-10	9-11
4239	1	7680	0-12	1-13	2-5	2-13	3-4	3-6	4-5	6-7	8-11	9-10	9-12	10-11
4240	1	7680	0-12	1-13	2-5	2-13	3-6	3-11	4-5	4-10	6-7	8-11	9-10	9-12
4241	1	7680	0-12	1-13	2-5	2-13	3-4	3-12	4-5	6-7	6-9	8-11	9-10	10-11
4242	1	7680	0-12	1-13	2-5	2-13	3-11	3-12	4-5	4-10	6-7	6-9	8-11	9-10
4243	1	7680	0-12	1-13	2-5	2-13	3-5	3-6	4-9	4-10	6-7	8-11	9-12	10-11
4244	1	7680	0-12	1-13	2-5	2-13	3-11	3-12	4-9	4-10	5-10	6-7	6-9	8-11
4245	1	7680	0-12	1-13	2-5	2-13	3-5	3-12	4-9	4-10	6-7	6-9	8-11	10-11
4246	1	7680	0-12	1-13	2-5	2-13	3-4	3-6	4-10	5-10	6-7	8-11	9-11	9-12
4247	1	7680	0-12	1-13	2-12	2-13	3-5	3-6	4-5	4-10	6-7	8-11	9-10	9-11
4248	1	7680	0-12	1-13	2-12	2-13	3-6	3-11	4-5	4-10	5-9	6-7	8-11	9-10
4249	1	7680	0-12	1-13	2-12	2-13	3-4	3-5	4-5	6-7	6-9	8-11	9-10	10-11
4250	1	7680	0-12	1-13	2-12	2-13	3-5	3-11	4-5	4-10	6-7	6-9	8-11	9-10
4251	1	7680	0-12	1-13	2-12	2-13	3-6	3-11	4-9	4-10	5-9	5-10	6-7	8-11
4252	1	7680	0-12	1-13	2-12	2-13	3-5	3-6	4-9	4-10	5-9	6-7	8-11	10-11
4253	1	7680	0-12	1-13	2-12	2-13	3-5	3-11	4-9	4-10	5-10	6-7	6-9	8-11
4254	1	7680	0-12	1-13	2-12	2-13	3-4	3-6	4-10	5-9	5-10	6-7	8-11	9-11
4255	2	3840	0-12	1-13	2-12	2-13	3-4	3-5	4-10	5-10	6-7	6-9	8-11	9-11
4256	1	7680	0-12	1-13	2-12	2-13	3-4	3-5	4-10	5-9	6-7	6-9	8-11	10-11
4257	1	7680	0-12	1-13	2-10	2-13	3-6	3-11	4-5	4-9	5-8	6-7	9-12	10-11
4258	2	3840	0-12	1-13	2-10	2-13	3-4	3-6	4-5	5-8	6-7	9-11	9-12	10-11
4259	2	3840	0-12	1-13	2-10	2-13	3-6	3-11	4-5	4-10	5-8	6-7	9-11	9-12
4260	1	7680	0-12	1-13	2-4	2-13	3-6	3-11	4-5	5-8	6-7	9-10	9-12	10-11
4261	1	7680	0-12	1-13	2-4	2-13	3-11	3-12	4-5	5-8	6-7	6-9	9-10	10-11
4262	2	3840	0-12	1-13	2-4	2-13	3-6	3-11	4-10	5-8	5-10	6-7	9-11	9-12
4263	1	7680	0-12	1-13	2-11	2-13	3-6	3-12	4-5	4-10	5-8	6-7	9-10	9-11
4264	2	3840	0-12	1-13	2-11	2-13	3-4	3-6	4-5	5-8	6-7	9-10	9-12	10-11
4265	2	3840	0-12	1-13	2-11	2-13	3-6	3-11	4-5	4-10	5-8	6-7	9-10	9-12
4266	1	7680	0-12	1-13	2-11	2-13	3-4	3-12	4-5	5-8	6-7	6-9	9-10	10-11
4267	1	7680	0-12	1-13	2-11	2-13	3-11	3-12	4-5	4-10	5-8	6-7	6-9	9-10
4268	2	3840	0-12	1-13	2-11	2-13	3-6	3-11	4-9	4-10	5-8	5-10	6-7	9-12
4269	2	3840	0-12	1-13	2-11	2-13	3-5	3-6	4-9	4-10	5-8	6-7	9-12	10-11
4270	2	3840	0-12	1-13	2-11	2-13	3-11	3-12	4-9	4-10	5-8	5-10	6-7	6-9
4271	2	3840	0-12	1-13	2-11	2-13	3-4	3-6	4-10	5-8	5-10	6-7	9-11	9-12
4272	2	3840	0-12	1-13	2-12	2-13	3-4	3-6	4-5	5-8	6-7	9-10	9-11	10-11
4273	2	3840	0-12	1-13	2-12	2-13	3-6	3-11	4-5	4-10	5-8	6-7	9-10	9-11
4274	4	1920	0-12	1-13	2-12	2-13	3-5	3-6	4-9	4-10	5-8	6-7	9-11	10-11
4275	1	7680	0-12	1-13	2-12	2-13	3-4	3-5	4-10	5-8	6-7	6-9	9-11	10-11
4276	16	480	0-12	1-13	2-12	2-13	3-4	3-11	4-10	5-8	5-9	6-7	6-9	10-11
4277	1	7680	0-12	1-13	2-10	2-13	3-6	3-11	4-5	4-9	5-9	6-7	8-12	10-11
4278	1	7680	0-12	1-13	2-10	2-13	3-4	3-6	4-5	5-9	6-7	8-12	9-11	10-11
4279	1	7680	0-12	1-13	2-10	2-13	3-6	3-11	4-5	4-10	5-9	6-7	8-12	9-11
4280	1	7680	0-12	1-13	2-11	2-13	3-5	3-6	4-5	4-10	6-7	8-12	9-10	9-11
4281	1	7680	0-12	1-13	2-11	2-13	3-6	3-11	4-5	4-10	5-9	6-7	8-12	9-10
4282	1	7680	0-12	1-13	2-11	2-13	3-5	3-6	4-9	4-10	5-9	6-7	8-12	10-11
4283	1	7680	0-12	1-13	2-5	2-13	3-4	3-5	4-10	6-7	6-9	8-12	9-11	10-11
4284	1	7680	0-12	1-2	2-13	3-6	3-12	4-5	4-6	5-9	7-13	8-10	9-11	10-11
4285	1	7680	0-12	1-2	2-13	3-6	3-11	4-5	4-6	5-10	7-13	8-10	9-11	9-12
4286	1	7680	0-12	1-2	2-6	3-6	3-13	4-5	4-8	5-10	7-13	9-11	9-12	10-11
4287	1	7680	0-12	1-2	2-13	3-6	3-12	4-5	4-8	5-10	6-9	7-13	9-11	10-11
4288	1	7680	0-12	1-2	2-13	3-6	3-11	4-5	4-8	5-9	6-9	7-13	10-11	10-12
4289	1	7680	0-12	1-2	2-13	3-6	3-11	4-5	4-8	5-10	6-9	7-13	9-12	10-11
4290	1	7680	0-12	1-2	2-6	3-6	3-13	4-5	4-10	5-10	7-13	8-11	9-11	9-12
4291	1	7680	0-12	1-2	2-13	3-4	3-6	4-6	5-10	5-11	7-13	8-11	9-10	9-12
4292	1	7680	0-12	1-2	2-13	3-6	3-11	4-5	4-6	5-10	7-13	8-11	9-10	9-12
4293	1	7680	0-12	1-2	2-13	3-5	3-6	4-5	4-12	6-9	7-13	8-11	9-10	10-11
4294	1	7680	0-12	1-2	2-13	3-6	3-12	4-5	4-9	5-10	6-9	7-13	8-11	10-11
4295	1	7680	0-12	1-2	2-13	3-4	3-6	4-5	5-9	6-9	7-13	8-11	10-11	10-12
4296	1	7680	0-12	1-2	2-13	3-6	3-12	4-5	4-10	5-9	6-9	7-13	8-11	10-11
4297	1	7680	0-12	1-2	2-13	3-4	3-6	4-5	5-10	6-9	7-13	8-11	9-12	10-11
4298	1	7680	0-12	1-2	2-13	3-6	3-11	4-5	4-10	5-10	6-9	7-13	8-11	9-12
4299	1	7680	0-12	1-2	2-13	3-5	3-6	4-5	4-10	6-9	7-13	8-11	9-12	10-11
4300	1	7680	0-12	1-2	2-6	3-6	3-13	4-5	4-10	5-8	7-13	9-11	9-12	10-11
4301	1	7680	0-12	1-2	2-13	3-6	3-12	4-5	4-10	5-8	6-9	7-13	9-11	10-11
4302	1	7680	0-12	1-2	2-6	3-6	3-13	4-5	4-10	5-9	7-13	8-12	9-11	10-11
4303	1	7680	0-12	1-2	2-13	3-5	3-6	4-5	4-10	6-9	7-13	8-12	9-11	10-11
4304	1	7680	0-12	1-2	2-13	3-6	3-12	4-5	4-10	5-9	6-8	7-13	9-11	10-11
4305	1	7680	0-12	1-2	2-13	3-4	3-6	4-5	5-10	6-8	7-13	9-11	9-12	10-11
4306	1	7680	0-12	1-2	2-13	3-6	3-11	4-5	4-10	5-10	6-8	7-13	9-11	9-12
4307	1	7680	0-12	1-2	2-13	3-5	3-6	4-5	4-10	6-8	7-13	9-11	9-12	10-11
4308	1	7680	0-12	1-2	2-6	3-6	3-12	4-5	4-10	5-9	7-13	8-13	9-11	10-11
4309	1	7680	0-12	1-2	2-6	3-4	3-6	4-5	5-10	7-13	8-13	9-11	9-12	10-11
4310	1	7680	0-12	1-2	2-6	3-6	3-11	4-5	4-10	5-10	7-13	8-13	9-11	9-12
4311	1	7680	0-12	1-2	2-6	3-5	3-6	4-5	4-10	7-13	8-13	9-11	9-12	10-11
4312	2	3840	0-12	1-9	2-4	2-13	3-6	3-11	4-6	5-10	5-11	7-13	8-10	9-12
4313	1	7680	0-12	1-9	2-6	2-11	3-12	3-13	4-5	4-6	5-9	7-13	8-10	10-11
4314	1	7680	0-12	1-9	2-11	2-13	3-6	3-12	4-5	4-6	5-9	7-13	8-10	10-11
4315	2	3840	0-12	1-9	2-11	2-13	3-6	3-11	4-5	4-6	5-10	7-13	8-10	9-12
4316	1	7680	0-12	1-9	2-10	2-13	3-6	3-11	4-6	4-8	5-10	5-11	7-13	9-12
4317	1	7680	0-12	1-9	2-11	2-13	3-6	3-12	4-5	4-8	5-10	6-9	7-13	10-11
4318	1	7680	0-12	1-9	2-5	2-13	3-6	3-11	4-5	4-8	6-9	7-13	10-11	10-12
4319	1	7680	0-12	1-9	2-12	2-13	3-6	3-11	4-5	4-8	5-10	6-9	7-13	10-11
4320	1	7680	0-12	1-9	2-10	2-13	3-6	3-12	4-5	4-6	5-9	7-13	8-11	10-11
4321	2	3840	0-12	1-9	2-10	2-13	3-4	3-6	4-6	5-10	5-11	7-13	8-11	9-12
4322	1	7680	0-12	1-9	2-10	2-13	3-6	3-11	4-5	4-6	5-10	7-13	8-11	9-12
4323	1	7680	0-12	1-9	2-10	2-13	3-5	3-6	4-5	4-6	7-13	8-11	9-12	10-11
4324	1	7680	0-12	1-9	2-10	2-13	3-5	3-6	4-5	4-12	6-9	7-13	8-11	10-11
4325	1	7680	0-12	1-9	2-4	2-13	3-6	3-12	4-5	5-10	6-9	7-13	8-11	10-11
4326	1	7680	0-12	1-9	2-5	2-13	3-4	3-6	4-5	6-9	7-13	8-11	10-11	10-12
4327	1	7680	0-12	1-9	2-5	2-13	3-6	3-12	4-5	4-10	6-9	7-13	8-11	10-11
4328	1	7680	0-12	1-9	2-12	2-13	3-4	3-6	4-5	5-10	6-9	7-13	8-11	10-11
4329	1	7680	0-12	1-9	2-12	2-13	3-6	3-11	4-5	4-10	5-10	6-9	7-13	8-11
4330	1	7680	0-12	1-9	2-12	2-13	3-5	3-6	4-5	4-10	6-9	7-13	8-11	10-11
4331	1	7680	0-12	1-9	2-11	2-13	3-6	3-12	4-5	4-10	5-8	6-9	7-13	10-11
4332	1	7680	0-12	1-9	2-11	2-13	3-5	3-6	4-5	4-10	6-9	7-13	8-12	10-11
4333	1	7680	0-12	1-9	2-4	2-13	3-11	3-12	4-5	5-10	6-8	6-9	7-13	10-11
4334	1	7680	0-12	1-9	2-11	2-13	3-4	3-12	4-5	5-10	6-8	6-9	7-13	10-11
4335	1	7680	0-12	1-9	2-11	2-13	3-11	3-12	4-5	4-10	5-10	6-8	6-9	7-13
4336	1	7680	0-12	1-9	2-11	2-13	3-5	3-12	4-5	4-10	6-8	6-9	7-13	10-11
4337	1	7680	0-12	1-9	2-5	2-13	3-11	3-12	4-5	4-10	6-8	6-9	7-13	10-11
4338	2	3840	0-12	1-9	2-12	2-13	3-5	3-11	4-5	4-10	6-8	6-9	7-13	10-11
4339	1	7680	0-12	1-9	2-4	2-6	3-11	3-12	4-5	5-10	6-9	7-13	8-13	10-11
4340	1	7680	0-12	1-9	2-6	2-11	3-4	3-12	4-5	5-10	6-9	7-13	8-13	10-11
4341	1	7680	0-12	1-9	2-6	2-11	3-11	3-12	4-5	4-10	5-10	6-9	7-13	8-13
4342	1	7680	0-12	1-9	2-6	2-11	3-5	3-12	4-5	4-10	6-9	7-13	8-13	10-11
4343	1	7680	0-12	1-9	2-5	2-6	3-11	3-12	4-5	4-10	6-9	7-13	8-13	10-11
4344	2	3840	0-12	1-9	2-6	2-12	3-5	3-11	4-5	4-10	6-9	7-13	8-13	10-11
4345	2	3840	0-12	1-3	2-8	2-13	3-12	4-5	4-6	5-10	6-9	7-13	9-11	10-11
4346	2	3840	0-12	1-3	2-4	2-6	3-13	4-6	5-10	5-11	7-13	8-9	9-12	10-11
4347	2	3840	0-12	1-3	2-6	2-11	3-13	4-5	4-6	5-10	7-13	8-9	9-12	10-11
4348	1	7680	0-12	1-3	2-11	2-13	3-6	4-5	4-8	5-10	6-9	7-13	9-12	10-11
4349	1	7680	0-12	1-3	2-5	2-13	3-6	4-5	4-8	6-9	7-13	9-11	10-11	10-12
4350	1	7680	0-12	1-3	2-12	2-13	3-6	4-5	4-8	5-10	6-9	7-13	9-11	10-11
4351	1	7680	0-12	1-3	2-6	2-13	3-6	4-5	4-8	5-10	7-13	9-11	9-12	10-11
4352	1	7680	0-12	1-3	2-4	2-13	3-6	4-5	5-10	6-9	7-13	8-11	9-12	10-11
4353	1	7680	0-12	1-3	2-5	2-13	3-6	4-5	4-9	6-9	7-13	8-11	10-11	10-12
4354	1	7680	0-12	1-3	2-12	2-13	3-6	4-5	4-9	5-10	6-9	7-13	8-11	10-11
4355	1	7680	0-12	1-3	2-12	2-13	3-6	4-5	4-10	5-10	6-9	7-13	8-11	9-11
4356	1	7680	0-12	1-3	2-6	2-13	3-6	4-5	4-9	5-10	7-13	8-11	9-12	10-11
4357	1	7680	0-12	1-3	2-6	2-13	3-6	4-5	4-10	5-10	7-13	8-11	9-11	9-12
4358	1	7680	0-12	1-3	2-4	2-13	3-6	4-5	5-8	6-9	7-13	9-11	10-11	10-12
4359	1	7680	0-12	1-3	2-11	2-13	3-6	4-5	4-9	5-8	6-9	7-13	10-11	10-12
4360	1	7680	0-12	1-3	2-4	2-13	3-6	4-5	5-10	6-9	7-13	8-12	9-11	10-11
4361	1	7680	0-12	1-3	2-11	2-13	3-6	4-5	4-9	5-10	6-9	7-13	8-12	10-11
4362	1	7680	0-12	1-3	2-11	2-13	3-6	4-5	4-10	5-10	6-9	7-13	8-12	9-11
4363	1	7680	0-12	1-3	2-4	2-13	3-6	4-5	5-10	6-8	7-13	9-11	9-12	10-11
4364	1	7680	0-12	1-3	2-11	2-13	3-6	4-5	4-9	5-10	6-8	7-13	9-12	10-11
4365	1	7680	0-12	1-3	2-11	2-13	3-6	4-5	4-10	5-10	6-8	7-13	9-11	9-12
4366	1	7680	0-12	1-3	2-4	2-6	3-6	4-5	5-10	7-13	8-13	9-11	9-12	10-11
4367	1	7680	0-12	1-3	2-6	2-11	3-6	4-5	4-9	5-10	7-13	8-13	9-12	10-11
4368	1	7680	0-12	1-3	2-6	2-11	3-6	4-5	4-10	5-10	7-13	8-13	9-11	9-12
4369	1	7680	0-12	1-10	2-8	2-13	3-6	3-12	4-5	4-6	5-9	7-13	9-11	10-11
4370	1	7680	0-12	1-10	2-8	2-13	3-6	3-11	4-5	4-6	5-10	7-13	9-11	9-12
4371	2	3840	0-12	1-10	2-8	2-13	3-11	3-12	4-5	4-6	5-10	6-9	7-13	9-11
4372	1	7680	0-12	1-10	2-4	2-13	3-6	3-11	4-6	5-10	5-11	7-13	8-9	9-12
4373	1	7680	0-12	1-10	2-6	2-11	3-12	3-13	4-5	4-6	5-9	7-13	8-9	10-11
4374	1	7680	0-12	1-10	2-11	2-13	3-6	3-12	4-5	4-6	5-9	7-13	8-9	10-11
4375	1	7680	0-12	1-10	2-11	2-13	3-6	3-11	4-5	4-6	5-10	7-13	8-9	9-12
4376	2	3840	0-12	1-10	2-11	2-13	3-11	3-12	4-5	4-6	5-10	6-9	7-13	8-9
4377	1	7680	0-12	1-10	2-6	2-11	3-6	3-13	4-5	4-8	5-9	7-13	9-12	10-11
4378	1	7680	0-12	1-10	2-11	2-13	3-6	3-12	4-5	4-8	5-9	6-9	7-13	10-11
4379	1	7680	0-12	1-10	2-11	2-13	3-5	3-6	4-5	4-8	6-9	7-13	9-12	10-11
4380	1	7680	0-12	1-10	2-5	2-6	3-6	3-13	4-5	4-8	7-13	9-11	9-12	10-11
4381	1	7680	0-12	1-10	2-5	2-13	3-6	3-12	4-5	4-8	6-9	7-13	9-11	10-11
4382	1	7680	0-12	1-10	2-5	2-13	3-6	3-11	4-5	4-8	6-9	7-13	9-12	10-11
4383	1	7680	0-12	1-10	2-6	2-12	3-6	3-13	4-5	4-8	5-9	7-13	9-11	10-11
4384	1	7680	0-12	1-10	2-12	2-13	3-5	3-6	4-5	4-8	6-9	7-13	9-11	10-11
4385	1	7680	0-12	1-10	2-12	2-13	3-6	3-11	4-5	4-8	5-9	6-9	7-13	10-11
4386	1	7680	0-12	1-10	2-6	2-13	3-6	3-12	4-5	4-8	5-9	7-13	9-11	10-11
4387	1	7680	0-12	1-10	2-6	2-13	3-5	3-6	4-5	4-8	7-13	9-11	9-12	10-11
4388	1	7680	0-12	1-10	2-6	2-13	3-6	3-11	4-5	4-8	5-9	7-13	9-12	10-11
4389	1	7680	0-12	1-10	2-6	2-13	3-11	3-12	4-5	4-8	5-9	6-9	7-13	10-11
4390	1	7680	0-12	1-10	2-3	2-6	3-13	4-5	4-6	5-10	7-13	8-11	9-11	9-12
4391	1	7680	0-12	1-10	2-10	2-13	3-6	3-12	4-5	4-6	5-9	7-13	8-11	9-11
4392	1	7680	0-12	1-10	2-4	2-6	3-6	3-13	4-5	5-9	7-13	8-11	9-12	10-11
4393	1	7680	0-12	1-10	2-4	2-13	3-6	3-12	4-5	5-9	6-9	7-13	8-11	10-11
4394	1	7680	0-12	1-10	2-4	2-13	3-5	3-6	4-5	6-9	7-13	8-11	9-12	10-11
4395	1	7680	0-12	1-10	2-6	2-11	3-9	3-13	4-5	4-6	5-10	7-13	8-11	9-12
4396	1	7680	0-12	1-10	2-6	2-11	3-12	3-13	4-5	4-6	5-9	7-13	8-11	9-10
4397	1	7680	0-12	1-10	2-6	2-11	3-6	3-13	4-5	4-10	5-9	7-13	8-11	9-12
4398	1	7680	0-12	1-10	2-11	2-13	3-6	3-12	4-5	4-6	5-9	7-13	8-11	9-10
4399	1	7680	0-12	1-10	2-11	2-13	3-6	3-12	4-5	4-10	5-9	6-9	7-13	8-11
4400	1	7680	0-12	1-10	2-11	2-13	3-5	3-6	4-5	4-10	6-9	7-13	8-11	9-12
4401	1	7680	0-12	1-10	2-5	2-6	3-6	3-13	4-5	4-9	7-13	8-11	9-12	10-11
4402	1	7680	0-12	1-10	2-5	2-6	3-6	3-13	4-5	4-10	7-13	8-11	9-11	9-12
4403	1	7680	0-12	1-10	2-5	2-13	3-6	3-12	4-5	4-6	7-13	8-11	9-10	9-11
4404	1	7680	0-12	1-10	2-5	2-13	3-6	3-12	4-5	4-9	6-9	7-13	8-11	10-11
4405	1	7680	0-12	1-10	2-5	2-13	3-6	3-12	4-5	4-10	6-9	7-13	8-11	9-11
4406	1	7680	0-12	1-10	2-6	2-12	3-6	3-13	4-5	4-9	5-9	7-13	8-11	10-11
4407	1	7680	0-12	1-10	2-6	2-12	3-6	3-13	4-5	4-10	5-9	7-13	8-11	9-11
4408	1	7680	0-12	1-10	2-12	2-13	3-5	3-6	4-5	4-9	6-9	7-13	8-11	10-11
4409	1	7680	0-12	1-10	2-12	2-13	3-5	3-6	4-5	4-10	6-9	7-13	8-11	9-11
4410	1	7680	0-12	1-10	2-6	2-13	3-6	3-12	4-5	4-9	5-9	7-13	8-11	10-11
4411	1	7680	0-12	1-10	2-6	2-13	3-5	3-6	4-5	4-9	7-13	8-11	9-12	10-11
4412	1	7680	0-12	1-10	2-6	2-13	3-6	3-12	4-5	4-10	5-9	7-13	8-11	9-11
4413	1	7680	0-12	1-10	2-6	2-13	3-5	3-6	4-5	4-10	7-13	8-11	9-11	9-12
4414	1	7680	0-12	1-10	2-6	2-13	3-5	3-12	4-5	4-10	6-9	7-13	8-11	9-11
4415	1	7680	0-12	1-10	2-6	2-13	3-4	3-12	4-5	5-9	6-9	7-13	8-11	10-11
4416	1	7680	0-12	1-10	2-6	2-13	3-11	3-12	4-5	4-10	5-9	6-9	7-13	8-11
4417	1	7680	0-12	1-10	2-4	2-6	3-6	3-13	4-5	5-8	7-13	9-11	9-12	10-11
4418	1	7680	0-12	1-10	2-4	2-13	3-6	3-12	4-5	5-8	6-9	7-13	9-11	10-11
4419	1	7680	0-12	1-10	2-6	2-11	3-6	3-13	4-5	4-9	5-8	7-13	9-12	10-11
4420	1	7680	0-12	1-10	2-6	2-11	3-6	3-13	4-5	4-10	5-8	7-13	9-11	9-12
4421	1	7680	0-12	1-10	2-11	2-13	3-6	3-12	4-5	4-9	5-8	6-9	7-13	10-11
4422	1	7680	0-12	1-10	2-11	2-13	3-6	3-12	4-5	4-10	5-8	6-9	7-13	9-11
4423	1	7680	0-12	1-10	2-6	2-12	3-6	3-13	4-5	4-9	5-8	7-13	9-11	10-11
4424	1	7680	0-12	1-10	2-6	2-13	3-6	3-12	4-5	4-9	5-8	7-13	9-11	10-11
4425	1	7680	0-12	1-10	2-6	2-13	3-11	3-12	4-5	4-9	5-8	6-9	7-13	10-11
4426	1	7680	0-12	1-10	2-6	2-13	3-4	3-6	4-5	5-8	7-13	9-11	9-12	10-11
4427	1	7680	0-12	1-10	2-6	2-13	3-6	3-11	4-5	4-10	5-8	7-13	9-11	9-12
4428	1	7680	0-12	1-10	2-4	2-6	3-6	3-13	4-5	5-9	7-13	8-12	9-11	10-11
4429	1	7680	0-12	1-10	2-4	2-13	3-5	3-6	4-5	6-9	7-13	8-12	9-11	10-11
4430	1	7680	0-12	1-10	2-6	2-11	3-6	3-13	4-5	4-9	5-9	7-13	8-12	10-11
4431	1	7680	0-12	1-10	2-6	2-11	3-6	3-13	4-5	4-10	5-9	7-13	8-12	9-11
4432	1	7680	0-12	1-10	2-11	2-13	3-5	3-6	4-5	4-9	6-9	7-13	8-12	10-11
4433	1	7680	0-12	1-10	2-11	2-13	3-5	3-6	4-5	4-10	6-9	7-13	8-12	9-11
4434	1	7680	0-12	1-10	2-5	2-6	3-6	3-13	4-5	4-9	7-13	8-12	9-11	10-11
4435	1	7680	0-12	1-10	2-6	2-13	3-5	3-6	4-5	4-9	7-13	8-12	9-11	10-11
4436	1	7680	0-12	1-10	2-6	2-13	3-4	3-6	4-5	5-9	7-13	8-12	9-11	10-11
4437	1	7680	0-12	1-10	2-6	2-13	3-6	3-11	4-5	4-10	5-9	7-13	8-12	9-11
4438	1	7680	0-12	1-10	2-4	2-12	3-6	3-13	4-5	5-9	6-8	7-13	9-11	10-11
4439	1	7680	0-12	1-10	2-4	2-13	3-6	3-12	4-5	5-9	6-8	7-13	9-11	10-11
4440	1	7680	0-12	1-10	2-4	2-13	3-5	3-6	4-5	6-8	7-13	9-11	9-12	10-11
4441	1	7680	0-12	1-10	2-4	2-13	3-6	3-11	4-5	5-9	6-8	7-13	9-12	10-11
4442	1	7680	0-12	1-10	2-11	2-12	3-6	3-13	4-5	4-9	5-9	6-8	7-13	10-11
4443	1	7680	0-12	1-10	2-11	2-12	3-6	3-13	4-5	4-10	5-9	6-8	7-13	9-11
4444	1	7680	0-12	1-10	2-11	2-13	3-6	3-12	4-5	4-9	5-9	6-8	7-13	10-11
4445	1	7680	0-12	1-10	2-11	2-13	3-5	3-6	4-5	4-9	6-8	7-13	9-12	10-11
4446	1	7680	0-12	1-10	2-11	2-13	3-6	3-12	4-5	4-10	5-9	6-8	7-13	9-11
4447	1	7680	0-12	1-10	2-11	2-13	3-5	3-6	4-5	4-10	6-8	7-13	9-11	9-12
4448	1	7680	0-12	1-10	2-11	2-13	3-5	3-12	4-5	4-10	6-8	6-9	7-13	9-11
4449	1	7680	0-12	1-10	2-5	2-12	3-6	3-13	4-5	4-9	6-8	7-13	9-11	10-11
4450	1	7680	0-12	1-10	2-5	2-13	3-6	3-12	4-5	4-9	6-8	7-13	9-11	10-11
4451	1	7680	0-12	1-10	2-5	2-13	3-6	3-11	4-5	4-9	6-8	7-13	9-12	10-11
4452	1	7680	0-12	1-10	2-5	2-13	3-11	3-12	4-5	4-9	6-8	6-9	7-13	10-11
4453	1	7680	0-12	1-10	2-5	2-13	3-4	3-6	4-5	6-8	7-13	9-11	9-12	10-11
4454	1	7680	0-12	1-10	2-5	2-13	3-6	3-11	4-5	4-10	6-8	7-13	9-11	9-12
4455	1	7680	0-12	1-10	2-12	2-13	3-5	3-6	4-5	4-9	6-8	7-13	9-11	10-11
4456	1	7680	0-12	1-10	2-12	2-13	3-6	3-11	4-5	4-9	5-9	6-8	7-13	10-11
4457	1	7680	0-12	1-10	2-12	2-13	3-4	3-6	4-5	5-9	6-8	7-13	9-11	10-11
4458	1	7680	0-12	1-10	2-12	2-13	3-6	3-11	4-5	4-10	5-9	6-8	7-13	9-11
4459	1	7680	0-12	1-10	2-6	2-13	3-11	3-12	4-5	4-9	5-9	6-8	7-13	10-11
4460	1	7680	0-12	1-10	2-6	2-13	3-4	3-12	4-5	5-9	6-8	7-13	9-11	10-11
4461	1	7680	0-12	1-10	2-6	2-13	3-11	3-12	4-5	4-10	5-9	6-8	7-13	9-11
4462	1	7680	0-12	1-10	2-4	2-6	3-6	3-12	4-5	5-9	7-13	8-13	9-11	10-11
4463	1	7680	0-12	1-10	2-4	2-6	3-5	3-6	4-5	7-13	8-13	9-11	9-12	10-11
4464	1	7680	0-12	1-10	2-6	2-11	3-6	3-12	4-5	4-9	5-9	7-13	8-13	10-11
4465	1	7680	0-12	1-10	2-6	2-11	3-5	3-6	4-5	4-9	7-13	8-13	9-12	10-11
4466	1	7680	0-12	1-10	2-6	2-11	3-6	3-12	4-5	4-10	5-9	7-13	8-13	9-11
4467	1	7680	0-12	1-10	2-6	2-11	3-5	3-6	4-5	4-10	7-13	8-13	9-11	9-12
4468	2	3840	0-12	1-10	2-6	2-11	3-5	3-12	4-5	4-10	6-9	7-13	8-13	9-11
4469	1	7680	0-12	1-10	2-5	2-6	3-6	3-12	4-5	4-9	7-13	8-13	9-11	10-11
4470	1	7680	0-12	1-10	2-5	2-6	3-6	3-11	4-5	4-9	7-13	8-13	9-12	10-11
4471	1	7680	0-12	1-10	2-5	2-6	3-11	3-12	4-5	4-9	6-9	7-13	8-13	10-11
4472	1	7680	0-12	1-10	2-5	2-6	3-4	3-6	4-5	7-13	8-13	9-11	9-12	10-11
4473	1	7680	0-12	1-10	2-5	2-6	3-6	3-11	4-5	4-10	7-13	8-13	9-11	9-12
4474	1	7680	0-12	1-10	2-6	2-12	3-5	3-6	4-5	4-9	7-13	8-13	9-11	10-11
4475	1	7680	0-12	1-10	2-6	2-12	3-6	3-11	4-5	4-9	5-9	7-13	8-13	10-11
4476	1	7680	0-12	1-10	2-6	2-12	3-4	3-6	4-5	5-9	7-13	8-13	9-11	10-11
4477	1	7680	0-12	1-10	2-6	2-12	3-6	3-11	4-5	4-10	5-9	7-13	8-13	9-11
4478	1	7680	0-12	1-4	2-6	2-8	3-6	3-13	4-5	5-10	7-13	9-11	9-12	10-11
4479	2	3840	0-12	1-4	2-8	2-13	3-6	3-9	4-12	5-10	5-11	6-9	7-13	10-11
4480	1	7680	0-12	1-4	2-8	2-13	3-6	3-12	4-5	5-10	6-9	7-13	9-11	10-11
4481	1	7680	0-12	1-4	2-8	2-13	3-6	3-11	4-5	5-9	6-9	7-13	10-11	10-12
4482	1	7680	0-12	1-4	2-8	2-13	3-6	3-11	4-5	5-10	6-9	7-13	9-12	10-11
4483	1	7680	0-12	1-4	2-10	2-13	3-6	3-11	4-6	5-10	5-11	7-13	8-9	9-12
4484	1	7680	0-12	1-4	2-11	2-13	3-6	3-12	4-5	5-10	6-9	7-13	8-9	10-11
4485	1	7680	0-12	1-4	2-5	2-13	3-6	3-11	4-5	6-9	7-13	8-9	10-11	10-12
4486	1	7680	0-12	1-4	2-12	2-13	3-6	3-11	4-5	5-10	6-9	7-13	8-9	10-11
4487	1	7680	0-12	1-4	2-6	2-13	3-11	3-12	4-5	5-10	6-9	7-13	8-9	10-11
4488	1	7680	0-12	1-4	2-11	2-13	3-6	3-8	4-5	5-10	6-9	7-13	9-12	10-11
4489	1	7680	0-12	1-4	2-5	2-13	3-6	3-8	4-5	6-9	7-13	9-11	10-11	10-12
4490	1	7680	0-12	1-4	2-12	2-13	3-6	3-8	4-5	5-10	6-9	7-13	9-11	10-11
4491	1	7680	0-12	1-4	2-6	2-13	3-6	3-8	4-5	5-10	7-13	9-11	9-12	10-11
4492	1	7680	0-12	1-4	2-6	2-11	3-6	3-13	4-5	5-9	7-13	8-10	9-12	10-11
4493	1	7680	0-12	1-4	2-11	2-13	3-6	3-12	4-5	5-9	6-9	7-13	8-10	10-11
4494	1	7680	0-12	1-4	2-11	2-13	3-5	3-6	4-5	6-9	7-13	8-10	9-12	10-11
4495	1	7680	0-12	1-4	2-5	2-6	3-6	3-13	4-5	7-13	8-10	9-11	9-12	10-11
4496	1	7680	0-12	1-4	2-5	2-13	3-6	3-12	4-5	6-9	7-13	8-10	9-11	10-11
4497	1	7680	0-12	1-4	2-5	2-13	3-6	3-11	4-5	6-9	7-13	8-10	9-12	10-11
4498	1	7680	0-12	1-4	2-6	2-12	3-6	3-13	4-5	5-9	7-13	8-10	9-11	10-11
4499	1	7680	0-12	1-4	2-12	2-13	3-5	3-6	4-5	6-9	7-13	8-10	9-11	10-11
4500	1	7680	0-12	1-4	2-12	2-13	3-6	3-11	4-5	5-9	6-9	7-13	8-10	10-11
4501	1	7680	0-12	1-4	2-6	2-13	3-6	3-12	4-5	5-9	7-13	8-10	9-11	10-11
4502	1	7680	0-12	1-4	2-6	2-13	3-5	3-6	4-5	7-13	8-10	9-11	9-12	10-11
4503	1	7680	0-12	1-4	2-6	2-13	3-6	3-11	4-5	5-9	7-13	8-10	9-12	10-11
4504	1	7680	0-12	1-4	2-6	2-13	3-11	3-12	4-5	5-9	6-9	7-13	8-10	10-11
4505	1	7680	0-12	1-4	2-3	2-13	3-6	4-5	5-10	6-9	7-13	8-11	9-12	10-11
4506	1	7680	0-12	1-4	2-10	2-13	3-6	3-12	4-5	5-9	6-9	7-13	8-11	10-11
4507	1	7680	0-12	1-4	2-10	2-13	3-5	3-6	4-5	6-9	7-13	8-11	9-12	10-11
4508	1	7680	0-12	1-4	2-5	2-13	3-6	3-12	4-5	6-9	7-13	8-11	9-10	10-11
4509	1	7680	0-12	1-4	2-12	2-13	3-6	3-9	4-5	5-10	6-9	7-13	8-11	10-11
4510	1	7680	0-12	1-4	2-12	2-13	3-5	3-6	4-5	6-9	7-13	8-11	9-10	10-11
4511	1	7680	0-12	1-4	2-6	2-13	3-5	3-6	4-5	7-13	8-11	9-10	9-12	10-11
4512	1	7680	0-12	1-4	2-3	2-13	3-6	4-5	5-8	6-9	7-13	9-11	10-11	10-12
4513	1	7680	0-12	1-4	2-6	2-10	3-6	3-13	4-5	5-8	7-13	9-11	9-12	10-11
4514	1	7680	0-12	1-4	2-10	2-13	3-6	3-12	4-5	5-8	6-9	7-13	9-11	10-11
4515	1	7680	0-12	1-4	2-10	2-13	3-6	3-11	4-5	5-8	6-9	7-13	9-12	10-11
4516	1	7680	0-12	1-4	2-11	2-13	3-6	3-9	4-5	5-8	6-9	7-13	10-11	10-12
4517	1	7680	0-12	1-4	2-11	2-13	3-6	3-12	4-5	5-8	6-9	7-13	9-10	10-11
4518	1	7680	0-12	1-4	2-12	2-13	3-6	3-11	4-5	5-8	6-9	7-13	9-10	10-11
4519	1	7680	0-12	1-4	2-6	2-13	3-6	3-12	4-5	5-8	7-13	9-10	9-11	10-11
4520	1	7680	0-12	1-4	2-6	2-13	3-6	3-11	4-5	5-8	7-13	9-10	9-12	10-11
4521	1	7680	0-12	1-4	2-6	2-13	3-11	3-12	4-5	5-8	6-9	7-13	9-10	10-11
4522	1	7680	0-12	1-4	2-3	2-13	3-6	4-5	5-10	6-9	7-13	8-12	9-11	10-11
4523	1	7680	0-12	1-4	2-6	2-10	3-6	3-13	4-5	5-9	7-13	8-12	9-11	10-11
4524	1	7680	0-12	1-4	2-10	2-13	3-5	3-6	4-5	6-9	7-13	8-12	9-11	10-11
4525	1	7680	0-12	1-4	2-10	2-13	3-6	3-11	4-5	5-9	6-9	7-13	8-12	10-11
4526	1	7680	0-12	1-4	2-11	2-13	3-6	3-9	4-5	5-10	6-9	7-13	8-12	10-11
4527	1	7680	0-12	1-4	2-11	2-13	3-5	3-6	4-5	6-9	7-13	8-12	9-10	10-11
4528	1	7680	0-12	1-4	2-5	2-13	3-6	3-11	4-5	6-9	7-13	8-12	9-10	10-11
4529	1	7680	0-12	1-4	2-6	2-13	3-5	3-6	4-5	7-13	8-12	9-10	9-11	10-11
4530	1	7680	0-12	1-4	2-3	2-13	3-6	4-5	5-10	6-8	7-13	9-11	9-12	10-11
4531	1	7680	0-12	1-4	2-10	2-13	3-6	3-12	4-5	5-9	6-8	7-13	9-11	10-11
4532	1	7680	0-12	1-4	2-10	2-13	3-5	3-6	4-5	6-8	7-13	9-11	9-12	10-11
4533	1	7680	0-12	1-4	2-10	2-13	3-6	3-11	4-5	5-9	6-8	7-13	9-12	10-11
4534	1	7680	0-12	1-4	2-11	2-13	3-5	3-6	4-5	6-8	7-13	9-10	9-12	10-11
4535	1	7680	0-12	1-4	2-5	2-13	3-11	3-12	4-5	6-8	6-9	7-13	9-10	10-11
4536	2	3840	0-12	1-4	2-5	2-13	3-6	3-11	4-10	5-10	6-8	7-13	9-11	9-12
4537	1	7680	0-12	1-4	2-12	2-13	3-5	3-6	4-5	6-8	7-13	9-10	9-11	10-11
4538	1	7680	0-12	1-4	2-12	2-13	3-6	3-11	4-10	5-9	5-10	6-8	7-13	9-11
4539	1	7680	0-12	1-4	2-3	2-6	3-6	4-5	5-10	7-13	8-13	9-11	9-12	10-11
4540	1	7680	0-12	1-4	2-6	2-10	3-6	3-12	4-5	5-9	7-13	8-13	9-11	10-11
4541	1	7680	0-12	1-4	2-6	2-10	3-5	3-6	4-5	7-13	8-13	9-11	9-12	10-11
4542	1	7680	0-12	1-4	2-6	2-10	3-6	3-11	4-5	5-9	7-13	8-13	9-12	10-11
4543	1	7680	0-12	1-4	2-6	2-11	3-5	3-6	4-5	7-13	8-13	9-10	9-12	10-11
4544	1	7680	0-12	1-4	2-5	2-6	3-11	3-12	4-5	6-9	7-13	8-13	9-10	10-11
4545	2	3840	0-12	1-4	2-5	2-6	3-6	3-11	4-10	5-10	7-13	8-13	9-11	9-12
4546	1	7680	0-12	1-4	2-6	2-12	3-5	3-6	4-5	7-13	8-13	9-10	9-11	10-11
4547	1	7680	0-12	1-4	2-6	2-12	3-6	3-11	4-10	5-9	5-10	7-13	8-13	9-11
4548	1	7680	0-12	1-11	2-6	2-8	3-6	3-13	4-5	4-10	5-10	7-13	9-11	9-12
4549	2	3840	0-12	1-11	2-8	2-13	3-6	3-9	4-10	4-12	5-10	5-11	6-9	7-13
4550	1	7680	0-12	1-11	2-8	2-13	3-6	3-9	4-5	4-12	5-10	6-9	7-13	10-11
4551	2	3840	0-12	1-11	2-8	2-13	3-6	3-12	4-5	4-6	5-9	7-13	9-10	10-11
4552	1	7680	0-12	1-11	2-8	2-13	3-4	3-6	4-6	5-10	5-11	7-13	9-10	9-12
4553	1	7680	0-12	1-11	2-8	2-13	3-6	3-11	4-5	4-6	5-10	7-13	9-10	9-12
4554	1	7680	0-12	1-11	2-8	2-13	3-5	3-6	4-5	4-12	6-9	7-13	9-10	10-11
4555	1	7680	0-12	1-11	2-8	2-13	3-6	3-12	4-5	4-9	5-10	6-9	7-13	10-11
4556	1	7680	0-12	1-11	2-8	2-13	3-4	3-6	4-5	5-9	6-9	7-13	10-11	10-12
4557	1	7680	0-12	1-11	2-8	2-13	3-6	3-12	4-5	4-10	5-9	6-9	7-13	10-11
4558	1	7680	0-12	1-11	2-8	2-13	3-4	3-6	4-5	5-10	6-9	7-13	9-12	10-11
4559	1	7680	0-12	1-11	2-8	2-13	3-6	3-11	4-5	4-10	5-10	6-9	7-13	9-12
4560	1	7680	0-12	1-11	2-8	2-13	3-5	3-6	4-5	4-10	6-9	7-13	9-12	10-11
4561	2	3840	0-12	1-11	2-3	2-13	3-6	4-10	4-12	5-10	5-11	6-9	7-13	8-9
4562	1	7680	0-12	1-11	2-3	2-13	3-6	4-5	4-12	5-10	6-9	7-13	8-9	10-11
4563	1	7680	0-12	1-11	2-10	2-13	3-6	3-12	4-5	4-6	5-9	7-13	8-9	10-11
4564	1	7680	0-12	1-11	2-10	2-13	3-4	3-6	4-6	5-10	5-11	7-13	8-9	9-12
4565	1	7680	0-12	1-11	2-10	2-13	3-6	3-11	4-5	4-6	5-10	7-13	8-9	9-12
4566	1	7680	0-12	1-11	2-10	2-13	3-5	3-6	4-5	4-6	7-13	8-9	9-12	10-11
4567	1	7680	0-12	1-11	2-10	2-13	3-5	3-6	4-5	4-12	6-9	7-13	8-9	10-11
4568	1	7680	0-12	1-11	2-4	2-13	3-6	3-12	4-5	5-10	6-9	7-13	8-9	10-11
4569	1	7680	0-12	1-11	2-5	2-13	3-4	3-6	4-5	6-9	7-13	8-9	10-11	10-12
4570	1	7680	0-12	1-11	2-5	2-13	3-6	3-12	4-5	4-10	6-9	7-13	8-9	10-11
4571	1	7680	0-12	1-11	2-12	2-13	3-4	3-6	4-5	5-10	6-9	7-13	8-9	10-11
4572	1	7680	0-12	1-11	2-12	2-13	3-6	3-11	4-5	4-10	5-10	6-9	7-13	8-9
4573	1	7680	0-12	1-11	2-12	2-13	3-5	3-6	4-5	4-10	6-9	7-13	8-9	10-11
4574	2	3840	0-12	1-11	2-6	2-13	3-4	3-12	4-5	5-10	6-9	7-13	8-9	10-11
4575	2	3840	0-12	1-11	2-6	2-13	3-11	3-12	4-5	4-10	5-10	6-9	7-13	8-9
4576	2	3840	0-12	1-11	2-6	2-13	3-5	3-12	4-5	4-10	6-9	7-13	8-9	10-11
4577	2	3840	0-12	1-11	2-6	2-10	3-8	3-13	4-5	4-6	5-10	7-13	9-11	9-12
4578	1	7680	0-12	1-11	2-4	2-13	3-6	3-8	4-5	5-10	6-9	7-13	9-12	10-11
4579	2	3840	0-12	1-11	2-6	2-11	3-8	3-13	4-5	4-6	5-10	7-13	9-10	9-12
4580	1	7680	0-12	1-11	2-5	2-13	3-6	3-8	4-5	4-9	6-9	7-13	10-11	10-12
4581	1	7680	0-12	1-11	2-12	2-13	3-6	3-8	4-5	4-9	5-10	6-9	7-13	10-11
4582	1	7680	0-12	1-11	2-12	2-13	3-6	3-8	4-5	4-10	5-10	6-9	7-13	9-11
4583	1	7680	0-12	1-11	2-6	2-13	3-6	3-8	4-5	4-9	5-10	7-13	9-12	10-11
4584	1	7680	0-12	1-11	2-6	2-13	3-6	3-8	4-5	4-10	5-10	7-13	9-11	9-12
4585	1	7680	0-12	1-11	2-3	2-6	3-13	4-5	4-6	5-10	7-13	8-10	9-11	9-12
4586	1	7680	0-12	1-11	2-6	2-10	3-6	3-13	4-5	4-12	5-9	7-13	8-10	9-11
4587	1	7680	0-12	1-11	2-10	2-13	3-6	3-12	4-5	4-6	5-9	7-13	8-10	9-11
4588	1	7680	0-12	1-11	2-4	2-6	3-6	3-13	4-5	5-9	7-13	8-10	9-12	10-11
4589	1	7680	0-12	1-11	2-4	2-13	3-6	3-12	4-5	5-9	6-9	7-13	8-10	10-11
4590	1	7680	0-12	1-11	2-4	2-13	3-5	3-6	4-5	6-9	7-13	8-10	9-12	10-11
4591	1	7680	0-12	1-11	2-6	2-11	3-9	3-13	4-5	4-6	5-10	7-13	8-10	9-12
4592	1	7680	0-12	1-11	2-6	2-11	3-12	3-13	4-5	4-6	5-9	7-13	8-10	9-10
4593	1	7680	0-12	1-11	2-6	2-11	3-6	3-13	4-5	4-12	5-9	7-13	8-10	9-10
4594	1	7680	0-12	1-11	2-6	2-11	3-6	3-13	4-5	4-10	5-9	7-13	8-10	9-12
4595	1	7680	0-12	1-11	2-11	2-13	3-6	3-12	4-5	4-6	5-9	7-13	8-10	9-10
4596	2	3840	0-12	1-11	2-11	2-13	3-5	3-6	4-5	4-6	7-13	8-10	9-10	9-12
4597	1	7680	0-12	1-11	2-11	2-13	3-6	3-12	4-5	4-10	5-9	6-9	7-13	8-10
4598	1	7680	0-12	1-11	2-11	2-13	3-5	3-6	4-5	4-10	6-9	7-13	8-10	9-12
4599	1	7680	0-12	1-11	2-5	2-6	3-6	3-13	4-5	4-12	7-13	8-10	9-10	9-11
4600	1	7680	0-12	1-11	2-5	2-6	3-6	3-13	4-5	4-9	7-13	8-10	9-12	10-11
4601	1	7680	0-12	1-11	2-5	2-6	3-6	3-13	4-5	4-10	7-13	8-10	9-11	9-12
4602	1	7680	0-12	1-11	2-5	2-13	3-6	3-12	4-5	4-6	7-13	8-10	9-10	9-11
4603	1	7680	0-12	1-11	2-5	2-13	3-6	3-12	4-5	4-9	6-9	7-13	8-10	10-11
4604	1	7680	0-12	1-11	2-5	2-13	3-6	3-12	4-5	4-10	6-9	7-13	8-10	9-11
4605	1	7680	0-12	1-11	2-5	2-13	3-4	3-6	4-5	6-9	7-13	8-10	9-12	10-11
4606	1	7680	0-12	1-11	2-5	2-13	3-6	3-11	4-5	4-10	6-9	7-13	8-10	9-12
4607	1	7680	0-12	1-11	2-6	2-12	3-6	3-13	4-5	4-9	5-9	7-13	8-10	10-11
4608	1	7680	0-12	1-11	2-6	2-12	3-6	3-13	4-5	4-10	5-9	7-13	8-10	9-11
4609	1	7680	0-12	1-11	2-12	2-13	3-5	3-6	4-5	4-9	6-9	7-13	8-10	10-11
4610	1	7680	0-12	1-11	2-12	2-13	3-5	3-6	4-5	4-10	6-9	7-13	8-10	9-11
4611	1	7680	0-12	1-11	2-12	2-13	3-4	3-6	4-5	5-9	6-9	7-13	8-10	10-11
4612	1	7680	0-12	1-11	2-12	2-13	3-6	3-11	4-5	4-10	5-9	6-9	7-13	8-10
4613	1	7680	0-12	1-11	2-6	2-13	3-6	3-12	4-5	4-9	5-9	7-13	8-10	10-11
4614	1	7680	0-12	1-11	2-6	2-13	3-5	3-6	4-5	4-9	7-13	8-10	9-12	10-11
4615	1	7680	0-12	1-11	2-6	2-13	3-6	3-12	4-5	4-10	5-9	7-13	8-10	9-11
4616	1	7680	0-12	1-11	2-6	2-13	3-5	3-6	4-5	4-10	7-13	8-10	9-11	9-12
4617	1	7680	0-12	1-11	2-6	2-13	3-5	3-12	4-5	4-10	6-9	7-13	8-10	9-11
4618	1	7680	0-12	1-11	2-6	2-13	3-4	3-6	4-5	5-9	7-13	8-10	9-12	10-11
4619	1	7680	0-12	1-11	2-6	2-13	3-6	3-11	4-5	4-10	5-9	7-13	8-10	9-12
4620	1	7680	0-12	1-11	2-6	2-13	3-4	3-12	4-5	5-9	6-9	7-13	8-10	10-11
4621	1	7680	0-12	1-11	2-6	2-13	3-11	3-12	4-5	4-10	5-9	6-9	7-13	8-10
4622	1	7680	0-12	1-11	2-6	2-13	3-4	3-5	4-5	6-9	7-13	8-10	9-12	10-11
4623	1	7680	0-12	1-11	2-6	2-13	3-5	3-11	4-5	4-10	6-9	7-13	8-10	9-12
4624	1	7680	0-12	1-11	2-3	2-13	3-6	4-5	4-8	5-10	6-9	7-13	9-12	10-11
4625	1	7680	0-12	1-11	2-10	2-13	3-6	3-12	4-5	4-8	5-9	6-9	7-13	10-11
4626	1	7680	0-12	1-11	2-10	2-13	3-5	3-6	4-5	4-8	6-9	7-13	9-12	10-11
4627	1	7680	0-12	1-11	2-5	2-13	3-6	3-12	4-5	4-8	6-9	7-13	9-10	10-11
4628	1	7680	0-12	1-11	2-12	2-13	3-6	3-9	4-5	4-8	5-10	6-9	7-13	10-11
4629	1	7680	0-12	1-11	2-12	2-13	3-5	3-6	4-5	4-8	6-9	7-13	9-10	10-11
4630	1	7680	0-12	1-11	2-6	2-13	3-5	3-6	4-5	4-8	7-13	9-10	9-12	10-11
4631	1	7680	0-12	1-11	2-6	2-10	3-6	3-13	4-5	4-10	5-9	7-13	8-11	9-12
4632	1	7680	0-12	1-11	2-10	2-13	3-6	3-12	4-5	4-10	5-9	6-9	7-13	8-11
4633	1	7680	0-12	1-11	2-10	2-13	3-5	3-6	4-5	4-10	6-9	7-13	8-11	9-12
4634	1	7680	0-12	1-11	2-5	2-6	3-6	3-13	4-5	4-10	7-13	8-11	9-10	9-12
4635	1	7680	0-12	1-11	2-5	2-13	3-6	3-12	4-5	4-10	6-9	7-13	8-11	9-10
4636	1	7680	0-12	1-11	2-12	2-13	3-5	3-6	4-5	4-10	6-9	7-13	8-11	9-10
4637	1	7680	0-12	1-11	2-6	2-13	3-6	3-12	4-5	4-10	5-9	7-13	8-11	9-10
4638	1	7680	0-12	1-11	2-6	2-13	3-5	3-6	4-5	4-10	7-13	8-11	9-10	9-12
4639	1	7680	0-12	1-11	2-6	2-13	3-5	3-12	4-5	4-10	6-9	7-13	8-11	9-10
4640	1	7680	0-12	1-11	2-3	2-13	3-6	4-5	4-9	5-8	6-9	7-13	10-11	10-12
4641	1	7680	0-12	1-11	2-6	2-10	3-6	3-13	4-5	4-9	5-8	7-13	9-12	10-11
4642	1	7680	0-12	1-11	2-6	2-10	3-6	3-13	4-5	4-10	5-8	7-13	9-11	9-12
4643	1	7680	0-12	1-11	2-10	2-13	3-6	3-12	4-5	4-9	5-8	6-9	7-13	10-11
4644	1	7680	0-12	1-11	2-10	2-13	3-6	3-12	4-5	4-10	5-8	6-9	7-13	9-11
4645	1	7680	0-12	1-11	2-4	2-13	3-6	3-9	4-5	5-8	6-9	7-13	10-11	10-12
4646	1	7680	0-12	1-11	2-4	2-13	3-6	3-12	4-5	5-8	6-9	7-13	9-10	10-11
4647	1	7680	0-12	1-11	2-6	2-11	3-6	3-13	4-5	4-10	5-8	7-13	9-10	9-12
4648	1	7680	0-12	1-11	2-11	2-13	3-6	3-12	4-5	4-10	5-8	6-9	7-13	9-10
4649	1	7680	0-12	1-11	2-6	2-12	3-6	3-13	4-5	4-10	5-8	7-13	9-10	9-11
4650	1	7680	0-12	1-11	2-6	2-13	3-6	3-12	4-5	4-10	5-8	7-13	9-10	9-11
4651	1	7680	0-12	1-11	2-6	2-13	3-4	3-6	4-5	5-8	7-13	9-10	9-12	10-11
4652	1	7680	0-12	1-11	2-6	2-13	3-6	3-11	4-5	4-10	5-8	7-13	9-10	9-12
4653	1	7680	0-12	1-11	2-6	2-13	3-4	3-12	4-5	5-8	6-9	7-13	9-10	10-11
4654	1	7680	0-12	1-11	2-6	2-13	3-11	3-12	4-5	4-10	5-8	6-9	7-13	9-10
4655	1	7680	0-12	1-11	2-3	2-13	3-6	4-5	4-9	5-10	6-9	7-13	8-12	10-11
4656	1	7680	0-12	1-11	2-3	2-13	3-6	4-5	4-10	5-10	6-9	7-13	8-12	9-11
4657	1	7680	0-12	1-11	2-6	2-10	3-6	3-13	4-5	4-9	5-9	7-13	8-12	10-11
4658	1	7680	0-12	1-11	2-6	2-10	3-6	3-13	4-5	4-10	5-9	7-13	8-12	9-11
4659	1	7680	0-12	1-11	2-10	2-13	3-5	3-6	4-5	4-9	6-9	7-13	8-12	10-11
4660	1	7680	0-12	1-11	2-10	2-13	3-5	3-6	4-5	4-10	6-9	7-13	8-12	9-11
4661	1	7680	0-12	1-11	2-4	2-13	3-6	3-9	4-5	5-10	6-9	7-13	8-12	10-11
4662	1	7680	0-12	1-11	2-4	2-13	3-5	3-6	4-5	6-9	7-13	8-12	9-10	10-11
4663	1	7680	0-12	1-11	2-11	2-13	3-6	3-9	4-5	4-10	5-10	6-9	7-13	8-12
4664	1	7680	0-12	1-11	2-11	2-13	3-5	3-6	4-5	4-10	6-9	7-13	8-12	9-10
4665	1	7680	0-12	1-11	2-5	2-6	3-6	3-13	4-5	4-10	7-13	8-12	9-10	9-11
4666	1	7680	0-12	1-11	2-6	2-13	3-5	3-6	4-5	4-10	7-13	8-12	9-10	9-11
4667	1	7680	0-12	1-11	2-6	2-13	3-6	3-11	4-5	4-10	5-9	7-13	8-12	9-10
4668	1	7680	0-12	1-11	2-6	2-13	3-4	3-5	4-5	6-9	7-13	8-12	9-10	10-11
4669	1	7680	0-12	1-11	2-6	2-13	3-5	3-11	4-5	4-10	6-9	7-13	8-12	9-10
4670	2	3840	0-12	1-11	2-3	2-13	3-6	4-5	4-9	5-10	6-8	7-13	9-12	10-11
4671	1	7680	0-12	1-11	2-3	2-13	3-6	4-5	4-10	5-10	6-8	7-13	9-11	9-12
4672	1	7680	0-12	1-11	2-10	2-12	3-6	3-13	4-5	4-10	5-9	6-8	7-13	9-11
4673	1	7680	0-12	1-11	2-10	2-13	3-6	3-12	4-5	4-9	5-9	6-8	7-13	10-11
4674	1	7680	0-12	1-11	2-10	2-13	3-5	3-6	4-5	4-9	6-8	7-13	9-12	10-11
4675	1	7680	0-12	1-11	2-10	2-13	3-6	3-12	4-5	4-10	5-9	6-8	7-13	9-11
4676	1	7680	0-12	1-11	2-10	2-13	3-5	3-6	4-5	4-10	6-8	7-13	9-11	9-12
4677	2	3840	0-12	1-11	2-4	2-13	3-5	3-6	4-5	6-8	7-13	9-10	9-12	10-11
4678	2	3840	0-12	1-11	2-11	2-13	3-6	3-12	4-5	4-10	5-9	6-8	7-13	9-10
4679	1	7680	0-12	1-11	2-11	2-13	3-5	3-6	4-5	4-10	6-8	7-13	9-10	9-12
4680	1	7680	0-12	1-11	2-11	2-13	3-5	3-12	4-5	4-10	6-8	6-9	7-13	9-10
4681	1	7680	0-12	1-11	2-5	2-12	3-6	3-13	4-5	4-10	6-8	7-13	9-10	9-11
4682	1	7680	0-12	1-11	2-5	2-13	3-6	3-12	4-5	4-10	6-8	7-13	9-10	9-11
4683	2	3840	0-12	1-11	2-5	2-13	3-4	3-6	4-5	6-8	7-13	9-10	9-12	10-11
4684	1	7680	0-12	1-11	2-5	2-13	3-6	3-11	4-5	4-10	6-8	7-13	9-10	9-12
4685	1	7680	0-12	1-11	2-5	2-13	3-4	3-12	4-5	6-8	6-9	7-13	9-10	10-11
4686	1	7680	0-12	1-11	2-5	2-13	3-11	3-12	4-5	4-10	6-8	6-9	7-13	9-10
4687	1	7680	0-12	1-11	2-5	2-13	3-5	3-6	4-9	4-10	6-8	7-13	9-12	10-11
4688	2	3840	0-12	1-11	2-5	2-13	3-11	3-12	4-9	4-10	5-10	6-8	6-9	7-13
4689	2	3840	0-12	1-11	2-5	2-13	3-5	3-12	4-9	4-10	6-8	6-9	7-13	10-11
4690	1	7680	0-12	1-11	2-5	2-13	3-4	3-6	4-10	5-10	6-8	7-13	9-11	9-12
4691	1	7680	0-12	1-11	2-12	2-13	3-5	3-6	4-5	4-10	6-8	7-13	9-10	9-11
4692	2	3840	0-12	1-11	2-12	2-13	3-6	3-11	4-5	4-10	5-9	6-8	7-13	9-10
4693	1	7680	0-12	1-11	2-12	2-13	3-4	3-5	4-5	6-8	6-9	7-13	9-10	10-11
4694	1	7680	0-12	1-11	2-12	2-13	3-5	3-11	4-5	4-10	6-8	6-9	7-13	9-10
4695	2	3840	0-12	1-11	2-12	2-13	3-6	3-11	4-9	4-10	5-9	5-10	6-8	7-13
4696	1	7680	0-12	1-11	2-12	2-13	3-5	3-6	4-9	4-10	5-9	6-8	7-13	10-11
4697	1	7680	0-12	1-11	2-12	2-13	3-5	3-11	4-9	4-10	5-10	6-8	6-9	7-13
4698	1	7680	0-12	1-11	2-12	2-13	3-4	3-6	4-10	5-9	5-10	6-8	7-13	9-11
4699	4	1920	0-12	1-11	2-12	2-13	3-4	3-5	4-10	5-10	6-8	6-9	7-13	9-11
4700	1	7680	0-12	1-11	2-12	2-13	3-4	3-5	4-10	5-9	6-8	6-9	7-13	10-11
4701	1	7680	0-12	1-11	2-6	2-13	3-5	3-12	4-5	4-10	6-8	7-13	9-10	9-11
4702	1	7680	0-12	1-11	2-6	2-13	3-11	3-12	4-5	4-10	5-9	6-8	7-13	9-10
4703	1	7680	0-12	1-11	2-6	2-13	3-4	3-5	4-5	6-8	7-13	9-10	9-12	10-11
4704	1	7680	0-12	1-11	2-6	2-13	3-5	3-11	4-5	4-10	6-8	7-13	9-10	9-12
4705	2	3840	0-12	1-11	2-6	2-13	3-5	3-12	4-9	4-10	5-9	6-8	7-13	10-11
4706	1	7680	0-12	1-11	2-6	2-13	3-4	3-5	4-10	5-9	6-8	7-13	9-12	10-11
4707	2	3840	0-12	1-11	2-3	2-6	3-6	4-5	4-9	5-10	7-13	8-13	9-12	10-11
4708	2	3840	0-12	1-11	2-3	2-6	3-6	4-5	4-10	5-10	7-13	8-13	9-11	9-12
4709	1	7680	0-12	1-11	2-6	2-10	3-6	3-12	4-5	4-9	5-9	7-13	8-13	10-11
4710	1	7680	0-12	1-11	2-6	2-10	3-5	3-6	4-5	4-9	7-13	8-13	9-12	10-11
4711	1	7680	0-12	1-11	2-6	2-10	3-6	3-12	4-5	4-10	5-9	7-13	8-13	9-11
4712	1	7680	0-12	1-11	2-6	2-10	3-5	3-6	4-5	4-10	7-13	8-13	9-11	9-12
4713	2	3840	0-12	1-11	2-4	2-6	3-5	3-6	4-5	7-13	8-13	9-10	9-12	10-11
4714	2	3840	0-12	1-11	2-6	2-11	3-6	3-12	4-5	4-10	5-9	7-13	8-13	9-10
4715	1	7680	0-12	1-11	2-6	2-11	3-5	3-6	4-5	4-10	7-13	8-13	9-10	9-12
4716	1	7680	0-12	1-11	2-6	2-11	3-5	3-12	4-5	4-10	6-9	7-13	8-13	9-10
4717	1	7680	0-12	1-11	2-5	2-6	3-6	3-12	4-5	4-10	7-13	8-13	9-10	9-11
4718	2	3840	0-12	1-11	2-5	2-6	3-4	3-6	4-5	7-13	8-13	9-10	9-12	10-11
4719	1	7680	0-12	1-11	2-5	2-6	3-6	3-11	4-5	4-10	7-13	8-13	9-10	9-12
4720	1	7680	0-12	1-11	2-5	2-6	3-4	3-12	4-5	6-9	7-13	8-13	9-10	10-11
4721	1	7680	0-12	1-11	2-5	2-6	3-11	3-12	4-5	4-10	6-9	7-13	8-13	9-10
4722	1	7680	0-12	1-11	2-5	2-6	3-5	3-6	4-9	4-10	7-13	8-13	9-12	10-11
4723	2	3840	0-12	1-11	2-5	2-6	3-11	3-12	4-9	4-10	5-10	6-9	7-13	8-13
4724	2	3840	0-12	1-11	2-5	2-6	3-5	3-12	4-9	4-10	6-9	7-13	8-13	10-11
4725	1	7680	0-12	1-11	2-5	2-6	3-4	3-6	4-10	5-10	7-13	8-13	9-11	9-12
4726	1	7680	0-12	1-11	2-6	2-12	3-5	3-6	4-5	4-10	7-13	8-13	9-10	9-11
4727	2	3840	0-12	1-11	2-6	2-12	3-6	3-11	4-5	4-10	5-9	7-13	8-13	9-10
4728	1	7680	0-12	1-11	2-6	2-12	3-4	3-5	4-5	6-9	7-13	8-13	9-10	10-11
4729	1	7680	0-12	1-11	2-6	2-12	3-5	3-11	4-5	4-10	6-9	7-13	8-13	9-10
4730	2	3840	0-12	1-11	2-6	2-12	3-6	3-11	4-9	4-10	5-9	5-10	7-13	8-13
4731	1	7680	0-12	1-11	2-6	2-12	3-5	3-6	4-9	4-10	5-9	7-13	8-13	10-11
4732	1	7680	0-12	1-11	2-6	2-12	3-5	3-11	4-9	4-10	5-10	6-9	7-13	8-13
4733	1	7680	0-12	1-11	2-6	2-12	3-4	3-6	4-10	5-9	5-10	7-13	8-13	9-11
4734	4	1920	0-12	1-11	2-6	2-12	3-4	3-5	4-10	5-10	6-9	7-13	8-13	9-11
4735	1	7680	0-12	1-11	2-6	2-12	3-4	3-5	4-10	5-9	6-9	7-13	8-13	10-11
4736	1	7680	0-12	1-5	2-6	2-8	3-6	3-13	4-5	4-10	7-13	9-11	9-12	10-11
4737	2	3840	0-12	1-5	2-8	2-13	3-4	3-6	4-5	6-9	7-13	9-11	10-11	10-12
4738	1	7680	0-12	1-5	2-8	2-13	3-6	3-12	4-5	4-10	6-9	7-13	9-11	10-11
4739	2	3840	0-12	1-5	2-11	2-13	3-4	3-6	4-5	6-9	7-13	8-9	10-11	10-12
4740	1	7680	0-12	1-5	2-11	2-13	3-6	3-12	4-5	4-10	6-9	7-13	8-9	10-11
4741	2	3840	0-12	1-5	2-6	2-13	3-11	3-12	4-5	4-10	6-9	7-13	8-9	10-11
4742	1	7680	0-12	1-5	2-4	2-13	3-6	3-8	4-5	6-9	7-13	9-11	10-11	10-12
4743	1	7680	0-12	1-5	2-11	2-13	3-6	3-8	4-5	4-9	6-9	7-13	10-11	10-12
4744	1	7680	0-12	1-5	2-4	2-6	3-6	3-13	4-5	7-13	8-10	9-11	9-12	10-11
4745	1	7680	0-12	1-5	2-4	2-13	3-6	3-12	4-5	6-9	7-13	8-10	9-11	10-11
4746	1	7680	0-12	1-5	2-6	2-11	3-6	3-13	4-5	4-9	7-13	8-10	9-12	10-11
4747	1	7680	0-12	1-5	2-6	2-11	3-6	3-13	4-5	4-10	7-13	8-10	9-11	9-12
4748	1	7680	0-12	1-5	2-11	2-13	3-6	3-12	4-5	4-9	6-9	7-13	8-10	10-11
4749	1	7680	0-12	1-5	2-11	2-13	3-6	3-12	4-5	4-10	6-9	7-13	8-10	9-11
4750	1	7680	0-12	1-5	2-6	2-12	3-6	3-13	4-5	4-9	7-13	8-10	9-11	10-11
4751	1	7680	0-12	1-5	2-6	2-13	3-6	3-12	4-5	4-9	7-13	8-10	9-11	10-11
4752	2	3840	0-12	1-5	2-6	2-13	3-6	3-11	4-5	4-9	7-13	8-10	9-12	10-11
4753	1	7680	0-12	1-5	2-6	2-13	3-11	3-12	4-5	4-9	6-9	7-13	8-10	10-11
4754	1	7680	0-12	1-5	2-6	2-13	3-4	3-6	4-5	7-13	8-10	9-11	9-12	10-11
4755	1	7680	0-12	1-5	2-6	2-13	3-6	3-11	4-5	4-10	7-13	8-10	9-11	9-12
4756	1	7680	0-12	1-5	2-3	2-13	3-6	4-5	4-8	6-9	7-13	9-11	10-11	10-12
4757	1	7680	0-12	1-5	2-6	2-10	3-6	3-13	4-5	4-8	7-13	9-11	9-12	10-11
4758	1	7680	0-12	1-5	2-10	2-13	3-6	3-12	4-5	4-8	6-9	7-13	9-11	10-11
4759	1	7680	0-12	1-5	2-10	2-13	3-6	3-11	4-5	4-8	6-9	7-13	9-12	10-11
4760	1	7680	0-12	1-5	2-11	2-13	3-6	3-9	4-5	4-8	6-9	7-13	10-11	10-12
4761	1	7680	0-12	1-5	2-11	2-13	3-6	3-12	4-5	4-8	6-9	7-13	9-10	10-11
4762	1	7680	0-12	1-5	2-12	2-13	3-6	3-11	4-5	4-8	6-9	7-13	9-10	10-11
4763	1	7680	0-12	1-5	2-6	2-13	3-6	3-12	4-5	4-8	7-13	9-10	9-11	10-11
4764	1	7680	0-12	1-5	2-6	2-13	3-6	3-11	4-5	4-8	7-13	9-10	9-12	10-11
4765	1	7680	0-12	1-5	2-6	2-13	3-11	3-12	4-5	4-8	6-9	7-13	9-10	10-11
4766	1	7680	0-12	1-5	2-3	2-13	3-6	4-5	4-9	6-9	7-13	8-11	10-11	10-12
4767	1	7680	0-12	1-5	2-6	2-10	3-6	3-13	4-5	4-9	7-13	8-11	9-12	10-11
4768	1	7680	0-12	1-5	2-6	2-10	3-6	3-13	4-5	4-10	7-13	8-11	9-11	9-12
4769	1	7680	0-12	1-5	2-10	2-13	3-6	3-12	4-5	4-9	6-9	7-13	8-11	10-11
4770	1	7680	0-12	1-5	2-10	2-13	3-6	3-12	4-5	4-10	6-9	7-13	8-11	9-11
4771	1	7680	0-12	1-5	2-4	2-13	3-6	3-9	4-5	6-9	7-13	8-11	10-11	10-12
4772	1	7680	0-12	1-5	2-4	2-13	3-6	3-12	4-5	6-9	7-13	8-11	9-10	10-11
4773	1	7680	0-12	1-5	2-6	2-11	3-6	3-13	4-5	4-10	7-13	8-11	9-10	9-12
4774	1	7680	0-12	1-5	2-11	2-13	3-6	3-12	4-5	4-10	6-9	7-13	8-11	9-10
4775	1	7680	0-12	1-5	2-6	2-12	3-6	3-13	4-5	4-10	7-13	8-11	9-10	9-11
4776	1	7680	0-12	1-5	2-6	2-13	3-6	3-12	4-5	4-10	7-13	8-11	9-10	9-11
4777	1	7680	0-12	1-5	2-6	2-13	3-4	3-6	4-5	7-13	8-11	9-10	9-12	10-11
4778	1	7680	0-12	1-5	2-6	2-13	3-6	3-11	4-5	4-10	7-13	8-11	9-10	9-12
4779	1	7680	0-12	1-5	2-6	2-13	3-4	3-12	4-5	6-9	7-13	8-11	9-10	10-11
4780	1	7680	0-12	1-5	2-6	2-13	3-11	3-12	4-5	4-10	6-9	7-13	8-11	9-10
4781	2	3840	0-12	1-5	2-6	2-13	3-5	3-6	4-9	4-10	7-13	8-11	9-12	10-11
4782	2	3840	0-12	1-5	2-6	2-13	3-4	3-5	4-10	6-9	7-13	8-11	9-12	10-11
4783	1	7680	0-12	1-5	2-6	2-11	3-6	3-13	4-5	4-10	7-13	8-12	9-10	9-11
4784	1	7680	0-12	1-5	2-10	2-13	3-6	3-11	4-5	4-9	6-8	7-13	9-12	10-11
4785	1	7680	0-12	1-5	2-4	2-13	3-6	3-11	4-5	6-8	7-13	9-10	9-12	10-11
4786	1	7680	0-12	1-5	2-4	2-13	3-11	3-12	4-5	6-8	6-9	7-13	9-10	10-11
4787	1	7680	0-12	1-5	2-11	2-12	3-6	3-13	4-5	4-10	6-8	7-13	9-10	9-11
4788	1	7680	0-12	1-5	2-11	2-13	3-6	3-12	4-5	4-10	6-8	7-13	9-10	9-11
4789	2	3840	0-12	1-5	2-11	2-13	3-4	3-12	4-5	6-8	6-9	7-13	9-10	10-11
4790	2	3840	0-12	1-5	2-11	2-13	3-11	3-12	4-5	4-10	6-8	6-9	7-13	9-10
4791	2	3840	0-12	1-5	2-11	2-13	3-5	3-12	4-9	4-10	6-8	6-9	7-13	10-11
4792	1	7680	0-12	1-5	2-12	2-13	3-4	3-5	4-10	6-8	6-9	7-13	9-11	10-11
4793	2	3840	0-12	1-5	2-6	2-13	3-4	3-12	4-5	6-8	7-13	9-10	9-11	10-11
4794	2	3840	0-12	1-5	2-6	2-13	3-11	3-12	4-5	4-10	6-8	7-13	9-10	9-11
4795	1	7680	0-12	1-5	2-6	2-13	3-4	3-5	4-10	6-8	7-13	9-11	9-12	10-11
4796	1	7680	0-12	1-5	2-6	2-10	3-6	3-11	4-5	4-9	7-13	8-13	9-12	10-11
4797	1	7680	0-12	1-5	2-4	2-6	3-11	3-12	4-5	6-9	7-13	8-13	9-10	10-11
4798	1	7680	0-12	1-5	2-6	2-11	3-6	3-12	4-5	4-10	7-13	8-13	9-10	9-11
4799	2	3840	0-12	1-5	2-6	2-11	3-4	3-12	4-5	6-9	7-13	8-13	9-10	10-11
4800	2	3840	0-12	1-5	2-6	2-11	3-11	3-12	4-5	4-10	6-9	7-13	8-13	9-10
4801	4	1920	0-12	1-5	2-6	2-11	3-5	3-12	4-9	4-10	6-9	7-13	8-13	10-11
4802	1	7680	0-12	1-5	2-6	2-12	3-4	3-6	4-5	7-13	8-13	9-10	9-11	10-11
4803	1	7680	0-12	1-5	2-6	2-12	3-6	3-11	4-5	4-10	7-13	8-13	9-10	9-11
4804	4	1920	0-12	1-5	2-6	2-12	3-5	3-6	4-9	4-10	7-13	8-13	9-11	10-11
4805	1	7680	0-12	1-5	2-6	2-12	3-4	3-5	4-10	6-9	7-13	8-13	9-11	10-11
4806	16	480	0-12	1-5	2-6	2-12	3-4	3-11	4-10	5-9	6-9	7-13	8-13	10-11
4807	1	7680	0-12	1-12	2-6	2-8	3-6	3-13	4-5	4-10	5-9	7-13	9-11	10-11
4808	2	3840	0-12	1-12	2-8	2-13	3-4	3-6	4-5	5-10	6-9	7-13	9-11	10-11
4809	2	3840	0-12	1-12	2-8	2-13	3-6	3-11	4-5	4-10	5-10	6-9	7-13	9-11
4810	1	7680	0-12	1-12	2-8	2-13	3-5	3-6	4-5	4-10	6-9	7-13	9-11	10-11
4811	2	3840	0-12	1-12	2-11	2-13	3-4	3-6	4-5	5-10	6-9	7-13	8-9	10-11
4812	2	3840	0-12	1-12	2-11	2-13	3-6	3-11	4-5	4-10	5-10	6-9	7-13	8-9
4813	1	7680	0-12	1-12	2-11	2-13	3-5	3-6	4-5	4-10	6-9	7-13	8-9	10-11
4814	4	1920	0-12	1-12	2-6	2-13	3-5	3-11	4-5	4-10	6-9	7-13	8-9	10-11
4815	1	7680	0-12	1-12	2-4	2-13	3-6	3-8	4-5	5-10	6-9	7-13	9-11	10-11
4816	1	7680	0-12	1-12	2-11	2-13	3-6	3-8	4-5	4-9	5-10	6-9	7-13	10-11
4817	1	7680	0-12	1-12	2-11	2-13	3-6	3-8	4-5	4-10	5-10	6-9	7-13	9-11
4818	1	7680	0-12	1-12	2-4	2-6	3-6	3-13	4-5	5-9	7-13	8-10	9-11	10-11
4819	1	7680	0-12	1-12	2-4	2-13	3-5	3-6	4-5	6-9	7-13	8-10	9-11	10-11
4820	1	7680	0-12	1-12	2-6	2-11	3-6	3-13	4-5	4-9	5-9	7-13	8-10	10-11
4821	1	7680	0-12	1-12	2-6	2-11	3-6	3-13	4-5	4-10	5-9	7-13	8-10	9-11
4822	1	7680	0-12	1-12	2-11	2-13	3-5	3-6	4-5	4-9	6-9	7-13	8-10	10-11
4823	1	7680	0-12	1-12	2-11	2-13	3-5	3-6	4-5	4-10	6-9	7-13	8-10	9-11
4824	1	7680	0-12	1-12	2-5	2-6	3-6	3-13	4-5	4-9	7-13	8-10	9-11	10-11
4825	1	7680	0-12	1-12	2-6	2-13	3-5	3-6	4-5	4-9	7-13	8-10	9-11	10-11
4826	2	3840	0-12	1-12	2-6	2-13	3-6	3-11	4-5	4-9	5-9	7-13	8-10	10-11
4827	1	7680	0-12	1-12	2-6	2-13	3-4	3-6	4-5	5-9	7-13	8-10	9-11	10-11
4828	1	7680	0-12	1-12	2-6	2-13	3-6	3-11	4-5	4-10	5-9	7-13	8-10	9-11
4829	1	7680	0-12	1-12	2-3	2-13	3-6	4-5	4-8	5-10	6-9	7-13	9-11	10-11
4830	1	7680	0-12	1-12	2-6	2-10	3-6	3-13	4-5	4-8	5-9	7-13	9-11	10-11
4831	1	7680	0-12	1-12	2-10	2-13	3-5	3-6	4-5	4-8	6-9	7-13	9-11	10-11
4832	1	7680	0-12	1-12	2-10	2-13	3-6	3-11	4-5	4-8	5-9	6-9	7-13	10-11
4833	1	7680	0-12	1-12	2-11	2-13	3-6	3-9	4-5	4-8	5-10	6-9	7-13	10-11
4834	1	7680	0-12	1-12	2-11	2-13	3-5	3-6	4-5	4-8	6-9	7-13	9-10	10-11
4835	1	7680	0-12	1-12	2-5	2-13	3-6	3-11	4-5	4-8	6-9	7-13	9-10	10-11
4836	1	7680	0-12	1-12	2-6	2-13	3-5	3-6	4-5	4-8	7-13	9-10	9-11	10-11
4837	1	7680	0-12	1-12	2-3	2-13	3-6	4-5	4-9	5-10	6-9	7-13	8-11	10-11
4838	1	7680	0-12	1-12	2-3	2-13	3-6	4-5	4-10	5-10	6-9	7-13	8-11	9-11
4839	1	7680	0-12	1-12	2-6	2-10	3-6	3-13	4-5	4-9	5-9	7-13	8-11	10-11
4840	1	7680	0-12	1-12	2-6	2-10	3-6	3-13	4-5	4-10	5-9	7-13	8-11	9-11
4841	1	7680	0-12	1-12	2-10	2-13	3-5	3-6	4-5	4-9	6-9	7-13	8-11	10-11
4842	1	7680	0-12	1-12	2-10	2-13	3-5	3-6	4-5	4-10	6-9	7-13	8-11	9-11
4843	1	7680	0-12	1-12	2-4	2-13	3-6	3-9	4-5	5-10	6-9	7-13	8-11	10-11
4844	1	7680	0-12	1-12	2-4	2-13	3-5	3-6	4-5	6-9	7-13	8-11	9-10	10-11
4845	1	7680	0-12	1-12	2-11	2-13	3-6	3-9	4-5	4-10	5-10	6-9	7-13	8-11
4846	1	7680	0-12	1-12	2-11	2-13	3-5	3-6	4-5	4-10	6-9	7-13	8-11	9-10
4847	1	7680	0-12	1-12	2-5	2-6	3-6	3-13	4-5	4-10	7-13	8-11	9-10	9-11
4848	1	7680	0-12	1-12	2-6	2-13	3-5	3-6	4-5	4-10	7-13	8-11	9-10	9-11
4849	1	7680	0-12	1-12	2-6	2-13	3-6	3-11	4-5	4-10	5-9	7-13	8-11	9-10
4850	1	7680	0-12	1-12	2-6	2-13	3-4	3-5	4-5	6-9	7-13	8-11	9-10	10-11
4851	1	7680	0-12	1-12	2-6	2-13	3-5	3-11	4-5	4-10	6-9	7-13	8-11	9-10
4852	2	3840	0-12	1-12	2-6	2-13	3-5	3-6	4-9	4-10	5-9	7-13	8-11	10-11
4853	2	3840	0-12	1-12	2-6	2-13	3-4	3-5	4-10	5-9	6-9	7-13	8-11	10-11
4854	1	7680	0-12	1-12	2-6	2-11	3-6	3-13	4-5	4-10	5-8	7-13	9-10	9-11
4855	1	7680	0-12	1-12	2-10	2-13	3-6	3-11	4-5	4-9	5-9	6-8	7-13	10-11
4856	1	7680	0-12	1-12	2-10	2-13	3-4	3-6	4-5	5-9	6-8	7-13	9-11	10-11
4857	1	7680	0-12	1-12	2-10	2-13	3-6	3-11	4-5	4-10	5-9	6-8	7-13	9-11
4858	2	3840	0-12	1-12	2-4	2-13	3-6	3-11	4-10	5-9	5-10	6-8	7-13	9-11
4859	1	7680	0-12	1-12	2-11	2-13	3-5	3-6	4-5	4-10	6-8	7-13	9-10	9-11
4860	1	7680	0-12	1-12	2-11	2-13	3-6	3-11	4-5	4-10	5-9	6-8	7-13	9-10
4861	2	3840	0-12	1-12	2-11	2-13	3-4	3-5	4-5	6-8	6-9	7-13	9-10	10-11
4862	2	3840	0-12	1-12	2-11	2-13	3-5	3-11	4-5	4-10	6-8	6-9	7-13	9-10
4863	2	3840	0-12	1-12	2-11	2-13	3-6	3-11	4-9	4-10	5-9	5-10	6-8	7-13
4864	1	7680	0-12	1-12	2-11	2-13	3-5	3-6	4-9	4-10	5-9	6-8	7-13	10-11
4865	2	3840	0-12	1-12	2-11	2-13	3-5	3-11	4-9	4-10	5-10	6-8	6-9	7-13
4866	2	3840	0-12	1-12	2-11	2-13	3-4	3-6	4-10	5-9	5-10	6-8	7-13	9-11
4867	4	1920	0-12	1-12	2-11	2-13	3-4	3-5	4-10	5-10	6-8	6-9	7-13	9-11
4868	1	7680	0-12	1-12	2-5	2-13	3-4	3-5	4-10	6-8	6-9	7-13	9-11	10-11
4869	4	1920	0-12	1-12	2-6	2-13	3-4	3-5	4-5	6-8	7-13	9-10	9-11	10-11
4870	4	1920	0-12	1-12	2-6	2-13	3-5	3-11	4-5	4-10	6-8	7-13	9-10	9-11
4871	2	3840	0-12	1-12	2-6	2-13	3-4	3-5	4-10	5-9	6-8	7-13	9-11	10-11
4872	2	3840	0-12	1-12	2-6	2-10	3-6	3-11	4-5	4-9	5-9	7-13	8-13	10-11
4873	2	3840	0-12	1-12	2-6	2-11	3-5	3-6	4-5	4-10	7-13	8-13	9-10	9-11
4874	4	1920	0-12	1-12	2-6	2-11	3-4	3-5	4-5	6-9	7-13	8-13	9-10	10-11
4875	4	1920	0-12	1-12	2-6	2-11	3-5	3-11	4-5	4-10	6-9	7-13	8-13	9-10
4876	2	3840	0-12	1-12	2-5	2-6	3-4	3-5	4-10	6-9	7-13	8-13	9-11	10-11
4877	1	7680	0-12	1-6	2-8	2-13	3-6	3-12	4-5	4-10	5-9	7-13	9-11	10-11
4878	1	7680	0-12	1-6	2-8	2-13	3-4	3-6	4-5	5-10	7-13	9-11	9-12	10-11
4879	1	7680	0-12	1-6	2-8	2-13	3-6	3-11	4-5	4-10	5-10	7-13	9-11	9-12
4880	1	7680	0-12	1-6	2-8	2-13	3-5	3-6	4-5	4-10	7-13	9-11	9-12	10-11
4881	1	7680	0-12	1-6	2-4	2-13	3-11	3-12	4-5	5-10	6-9	7-13	8-9	10-11
4882	1	7680	0-12	1-6	2-11	2-13	3-4	3-12	4-5	5-10	6-9	7-13	8-9	10-11
4883	1	7680	0-12	1-6	2-11	2-13	3-11	3-12	4-5	4-10	5-10	6-9	7-13	8-9
4884	1	7680	0-12	1-6	2-11	2-13	3-5	3-12	4-5	4-10	6-9	7-13	8-9	10-11
4885	1	7680	0-12	1-6	2-5	2-13	3-11	3-12	4-5	4-10	6-9	7-13	8-9	10-11
4886	2	3840	0-12	1-6	2-12	2-13	3-5	3-11	4-5	4-10	6-9	7-13	8-9	10-11
4887	1	7680	0-12	1-6	2-4	2-13	3-6	3-8	4-5	5-10	7-13	9-11	9-12	10-11
4888	1	7680	0-12	1-6	2-11	2-13	3-6	3-8	4-5	4-9	5-10	7-13	9-12	10-11
4889	1	7680	0-12	1-6	2-11	2-13	3-6	3-8	4-5	4-10	5-10	7-13	9-11	9-12
4890	1	7680	0-12	1-6	2-4	2-12	3-6	3-13	4-5	5-9	7-13	8-10	9-11	10-11
4891	1	7680	0-12	1-6	2-4	2-13	3-6	3-12	4-5	5-9	7-13	8-10	9-11	10-11
4892	1	7680	0-12	1-6	2-4	2-13	3-5	3-6	4-5	7-13	8-10	9-11	9-12	10-11
4893	1	7680	0-12	1-6	2-4	2-13	3-6	3-11	4-5	5-9	7-13	8-10	9-12	10-11
4894	1	7680	0-12	1-6	2-11	2-12	3-6	3-13	4-5	4-9	5-9	7-13	8-10	10-11
4895	1	7680	0-12	1-6	2-11	2-12	3-6	3-13	4-5	4-10	5-9	7-13	8-10	9-11
4896	1	7680	0-12	1-6	2-11	2-13	3-6	3-12	4-5	4-9	5-9	7-13	8-10	10-11
4897	1	7680	0-12	1-6	2-11	2-13	3-5	3-6	4-5	4-9	7-13	8-10	9-12	10-11
4898	1	7680	0-12	1-6	2-11	2-13	3-6	3-12	4-5	4-10	5-9	7-13	8-10	9-11
4899	1	7680	0-12	1-6	2-11	2-13	3-5	3-6	4-5	4-10	7-13	8-10	9-11	9-12
4900	1	7680	0-12	1-6	2-11	2-13	3-5	3-12	4-5	4-10	6-9	7-13	8-10	9-11
4901	1	7680	0-12	1-6	2-5	2-12	3-6	3-13	4-5	4-9	7-13	8-10	9-11	10-11
4902	1	7680	0-12	1-6	2-5	2-13	3-6	3-12	4-5	4-9	7-13	8-10	9-11	10-11
4903	1	7680	0-12	1-6	2-5	2-13	3-6	3-11	4-5	4-9	7-13	8-10	9-12	10-11
4904	1	7680	0-12	1-6	2-5	2-13	3-11	3-12	4-5	4-9	6-9	7-13	8-10	10-11
4905	1	7680	0-12	1-6	2-5	2-13	3-4	3-6	4-5	7-13	8-10	9-11	9-12	10-11
4906	1	7680	0-12	1-6	2-5	2-13	3-6	3-11	4-5	4-10	7-13	8-10	9-11	9-12
4907	1	7680	0-12	1-6	2-12	2-13	3-5	3-6	4-5	4-9	7-13	8-10	9-11	10-11
4908	1	7680	0-12	1-6	2-12	2-13	3-6	3-11	4-5	4-9	5-9	7-13	8-10	10-11
4909	1	7680	0-12	1-6	2-12	2-13	3-4	3-6	4-5	5-9	7-13	8-10	9-11	10-11
4910	1	7680	0-12	1-6	2-12	2-13	3-6	3-11	4-5	4-10	5-9	7-13	8-10	9-11
4911	1	7680	0-12	1-6	2-6	2-13	3-11	3-12	4-5	4-9	5-9	7-13	8-10	10-11
4912	1	7680	0-12	1-6	2-6	2-13	3-4	3-12	4-5	5-9	7-13	8-10	9-11	10-11
4913	1	7680	0-12	1-6	2-6	2-13	3-11	3-12	4-5	4-10	5-9	7-13	8-10	9-11
4914	1	7680	0-12	1-6	2-3	2-13	3-6	4-5	4-8	5-10	7-13	9-11	9-12	10-11
4915	1	7680	0-12	1-6	2-10	2-13	3-6	3-12	4-5	4-8	5-9	7-13	9-11	10-11
4916	1	7680	0-12	1-6	2-10	2-13	3-5	3-6	4-5	4-8	7-13	9-11	9-12	10-11
4917	1	7680	0-12	1-6	2-10	2-13	3-6	3-11	4-5	4-8	5-9	7-13	9-12	10-11
4918	1	7680	0-12	1-6	2-11	2-13	3-5	3-6	4-5	4-8	7-13	9-10	9-12	10-11
4919	1	7680	0-12	1-6	2-5	2-13	3-11	3-12	4-5	4-8	6-9	7-13	9-10	10-11
4920	1	7680	0-12	1-6	2-5	2-13	3-6	3-11	4-8	4-10	5-10	7-13	9-11	9-12
4921	1	7680	0-12	1-6	2-12	2-13	3-5	3-6	4-5	4-8	7-13	9-10	9-11	10-11
4922	1	7680	0-12	1-6	2-12	2-13	3-6	3-11	4-8	4-10	5-9	5-10	7-13	9-11
4923	1	7680	0-12	1-6	2-3	2-13	3-6	4-5	4-9	5-10	7-13	8-11	9-12	10-11
4924	1	7680	0-12	1-6	2-3	2-13	3-6	4-5	4-10	5-10	7-13	8-11	9-11	9-12
4925	1	7680	0-12	1-6	2-10	2-12	3-6	3-13	4-5	4-10	5-9	7-13	8-11	9-11
4926	1	7680	0-12	1-6	2-10	2-13	3-6	3-12	4-5	4-9	5-9	7-13	8-11	10-11
4927	1	7680	0-12	1-6	2-10	2-13	3-5	3-6	4-5	4-9	7-13	8-11	9-12	10-11
4928	1	7680	0-12	1-6	2-10	2-13	3-6	3-12	4-5	4-10	5-9	7-13	8-11	9-11
4929	1	7680	0-12	1-6	2-10	2-13	3-5	3-6	4-5	4-10	7-13	8-11	9-11	9-12
4930	1	7680	0-12	1-6	2-4	2-13	3-5	3-6	4-5	7-13	8-11	9-10	9-12	10-11
4931	1	7680	0-12	1-6	2-11	2-13	3-6	3-12	4-5	4-10	5-9	7-13	8-11	9-10
4932	1	7680	0-12	1-6	2-11	2-13	3-5	3-6	4-5	4-10	7-13	8-11	9-10	9-12
4933	1	7680	0-12	1-6	2-11	2-13	3-5	3-12	4-5	4-10	6-9	7-13	8-11	9-10
4934	1	7680	0-12	1-6	2-5	2-12	3-6	3-13	4-5	4-10	7-13	8-11	9-10	9-11
4935	1	7680	0-12	1-6	2-5	2-13	3-6	3-12	4-5	4-10	7-13	8-11	9-10	9-11
4936	1	7680	0-12	1-6	2-5	2-13	3-4	3-6	4-5	7-13	8-11	9-10	9-12	10-11
4937	1	7680	0-12	1-6	2-5	2-13	3-6	3-11	4-5	4-10	7-13	8-11	9-10	9-12
4938	1	7680	0-12	1-6	2-5	2-13	3-4	3-12	4-5	6-9	7-13	8-11	9-10	10-11
4939	1	7680	0-12	1-6	2-5	2-13	3-11	3-12	4-5	4-10	6-9	7-13	8-11	9-10
4940	1	7680	0-12	1-6	2-5	2-13	3-5	3-6	4-9	4-10	7-13	8-11	9-12	10-11
4941	1	7680	0-12	1-6	2-5	2-13	3-11	3-12	4-9	4-10	5-10	6-9	7-13	8-11
4942	1	7680	0-12	1-6	2-5	2-13	3-5	3-12	4-9	4-10	6-9	7-13	8-11	10-11
4943	1	7680	0-12	1-6	2-5	2-13	3-4	3-6	4-10	5-10	7-13	8-11	9-11	9-12
4944	1	7680	0-12	1-6	2-12	2-13	3-5	3-6	4-5	4-10	7-13	8-11	9-10	9-11
4945	1	7680	0-12	1-6	2-12	2-13	3-6	3-11	4-5	4-10	5-9	7-13	8-11	9-10
4946	1	7680	0-12	1-6	2-12	2-13	3-4	3-5	4-5	6-9	7-13	8-11	9-10	10-11
4947	1	7680	0-12	1-6	2-12	2-13	3-5	3-11	4-5	4-10	6-9	7-13	8-11	9-10
4948	1	7680	0-12	1-6	2-12	2-13	3-6	3-11	4-9	4-10	5-9	5-10	7-13	8-11
4949	1	7680	0-12	1-6	2-12	2-13	3-5	3-6	4-9	4-10	5-9	7-13	8-11	10-11
4950	1	7680	0-12	1-6	2-12	2-13	3-5	3-11	4-9	4-10	5-10	6-9	7-13	8-11
4951	1	7680	0-12	1-6	2-12	2-13	3-4	3-6	4-10	5-9	5-10	7-13	8-11	9-11
4952	2	3840	0-12	1-6	2-12	2-13	3-4	3-5	4-10	5-10	6-9	7-13	8-11	9-11
4953	1	7680	0-12	1-6	2-12	2-13	3-4	3-5	4-10	5-9	6-9	7-13	8-11	10-11
4954	1	7680	0-12	1-6	2-6	2-13	3-5	3-12	4-5	4-10	7-13	8-11	9-10	9-11
4955	1	7680	0-12	1-6	2-6	2-13	3-11	3-12	4-5	4-10	5-9	7-13	8-11	9-10
4956	1	7680	0-12	1-6	2-6	2-13	3-4	3-5	4-5	7-13	8-11	9-10	9-12	10-11
4957	1	7680	0-12	1-6	2-6	2-13	3-5	3-11	4-5	4-10	7-13	8-11	9-10	9-12
4958	1	7680	0-12	1-6	2-6	2-13	3-5	3-12	4-9	4-10	5-9	7-13	8-11	10-11
4959	1	7680	0-12	1-6	2-6	2-13	3-4	3-5	4-10	5-9	7-13	8-11	9-12	10-11
4960	1	7680	0-12	1-6	2-10	2-13	3-6	3-11	4-5	4-9	5-8	7-13	9-12	10-11
4961	1	7680	0-12	1-6	2-10	2-13	3-4	3-6	4-5	5-8	7-13	9-11	9-12	10-11
4962	1	7680	0-12	1-6	2-10	2-13	3-6	3-11	4-5	4-10	5-8	7-13	9-11	9-12
4963	1	7680	0-12	1-6	2-4	2-13	3-6	3-11	4-5	5-8	7-13	9-10	9-12	10-11
4964	1	7680	0-12	1-6	2-4	2-13	3-11	3-12	4-5	5-8	6-9	7-13	9-10	10-11
4965	2	3840	0-12	1-6	2-4	2-13	3-6	3-11	4-10	5-8	5-10	7-13	9-11	9-12
4966	1	7680	0-12	1-6	2-11	2-12	3-6	3-13	4-5	4-10	5-8	7-13	9-10	9-11
4967	1	7680	0-12	1-6	2-11	2-13	3-6	3-12	4-5	4-10	5-8	7-13	9-10	9-11
4968	1	7680	0-12	1-6	2-11	2-13	3-4	3-6	4-5	5-8	7-13	9-10	9-12	10-11
4969	1	7680	0-12	1-6	2-11	2-13	3-6	3-11	4-5	4-10	5-8	7-13	9-10	9-12
4970	1	7680	0-12	1-6	2-11	2-13	3-4	3-12	4-5	5-8	6-9	7-13	9-10	10-11
4971	1	7680	0-12	1-6	2-11	2-13	3-11	3-12	4-5	4-10	5-8	6-9	7-13	9-10
4972	2	3840	0-12	1-6	2-11	2-13	3-6	3-11	4-9	4-10	5-8	5-10	7-13	9-12
4973	1	7680	0-12	1-6	2-11	2-13	3-5	3-6	4-9	4-10	5-8	7-13	9-12	10-11
4974	2	3840	0-12	1-6	2-11	2-13	3-11	3-12	4-9	4-10	5-8	5-10	6-9	7-13
4975	1	7680	0-12	1-6	2-11	2-13	3-5	3-12	4-9	4-10	5-8	6-9	7-13	10-11
4976	2	3840	0-12	1-6	2-11	2-13	3-4	3-6	4-10	5-8	5-10	7-13	9-11	9-12
4977	1	7680	0-12	1-6	2-12	2-13	3-4	3-6	4-5	5-8	7-13	9-10	9-11	10-11
4978	1	7680	0-12	1-6	2-12	2-13	3-6	3-11	4-5	4-10	5-8	7-13	9-10	9-11
4979	4	1920	0-12	1-6	2-12	2-13	3-5	3-6	4-9	4-10	5-8	7-13	9-11	10-11
4980	1	7680	0-12	1-6	2-12	2-13	3-4	3-5	4-10	5-8	6-9	7-13	9-11	10-11
4981	16	480	0-12	1-6	2-12	2-13	3-4	3-11	4-10	5-8	5-9	6-9	7-13	10-11
4982	1	7680	0-12	1-6	2-6	2-13	3-4	3-12	4-5	5-8	7-13	9-10	9-11	10-11
4983	1	7680	0-12	1-6	2-6	2-13	3-11	3-12	4-5	4-10	5-8	7-13	9-10	9-11
4984	4	1920	0-12	1-6	2-6	2-13	3-5	3-12	4-9	4-10	5-8	7-13	9-11	10-11
4985	1	7680	0-12	1-6	2-6	2-13	3-4	3-5	4-10	5-8	7-13	9-11	9-12	10-11
4986	16	480	0-12	1-6	2-6	2-13	3-4	3-11	4-10	5-8	5-9	7-13	9-12	10-11
4987	1	7680	0-12	1-6	2-10	2-13	3-6	3-11	4-5	4-9	5-9	7-13	8-12	10-11
4988	1	7680	0-12	1-6	2-10	2-13	3-4	3-6	4-5	5-9	7-13	8-12	9-11	10-11
4989	1	7680	0-12	1-6	2-10	2-13	3-6	3-11	4-5	4-10	5-9	7-13	8-12	9-11
4990	1	7680	0-12	1-6	2-4	2-13	3-6	3-11	4-10	5-9	5-10	7-13	8-12	9-11
4991	1	7680	0-12	1-6	2-11	2-13	3-5	3-6	4-5	4-10	7-13	8-12	9-10	9-11
4992	1	7680	0-12	1-6	2-11	2-13	3-6	3-11	4-5	4-10	5-9	7-13	8-12	9-10
4993	1	7680	0-12	1-6	2-11	2-13	3-4	3-5	4-5	6-9	7-13	8-12	9-10	10-11
4994	1	7680	0-12	1-6	2-11	2-13	3-5	3-11	4-5	4-10	6-9	7-13	8-12	9-10
4995	1	7680	0-12	1-6	2-11	2-13	3-6	3-11	4-9	4-10	5-9	5-10	7-13	8-12
4996	1	7680	0-12	1-6	2-11	2-13	3-5	3-6	4-9	4-10	5-9	7-13	8-12	10-11
4997	1	7680	0-12	1-6	2-11	2-13	3-5	3-11	4-9	4-10	5-10	6-9	7-13	8-12
4998	1	7680	0-12	1-6	2-11	2-13	3-4	3-6	4-10	5-9	5-10	7-13	8-12	9-11
4999	2	3840	0-12	1-6	2-11	2-13	3-4	3-5	4-10	5-10	6-9	7-13	8-12	9-11
5000	1	7680	0-12	1-6	2-5	2-13	3-4	3-5	4-10	6-9	7-13	8-12	9-11	10-11
5001	2	3840	0-12	1-6	2-6	2-13	3-4	3-5	4-5	7-13	8-12	9-10	9-11	10-11
5002	2	3840	0-12	1-6	2-6	2-13	3-5	3-11	4-5	4-10	7-13	8-12	9-10	9-11
5003	1	7680	0-12	1-6	2-6	2-13	3-4	3-5	4-10	5-9	7-13	8-12	9-11	10-11
5004	1	7680	0-12	1-13	2-6	2-8	3-6	3-12	4-5	4-10	5-9	7-13	9-11	10-11
5005	1	7680	0-12	1-13	2-6	2-8	3-4	3-6	4-5	5-10	7-13	9-11	9-12	10-11
5006	1	7680	0-12	1-13	2-6	2-8	3-6	3-11	4-5	4-10	5-10	7-13	9-11	9-12
5007	1	7680	0-12	1-13	2-6	2-8	3-5	3-6	4-5	4-10	7-13	9-11	9-12	10-11
5008	1	7680	0-12	1-13	2-4	2-6	3-11	3-12	4-5	5-10	6-9	7-13	8-9	10-11
5009	1	7680	0-12	1-13	2-6	2-11	3-4	3-12	4-5	5-10	6-9	7-13	8-9	10-11
5010	1	7680	0-12	1-13	2-6	2-11	3-11	3-12	4-5	4-10	5-10	6-9	7-13	8-9
5011	1	7680	0-12	1-13	2-6	2-11	3-5	3-12	4-5	4-10	6-9	7-13	8-9	10-11
5012	1	7680	0-12	1-13	2-5	2-6	3-11	3-12	4-5	4-10	6-9	7-13	8-9	10-11
5013	2	3840	0-12	1-13	2-6	2-12	3-5	3-11	4-5	4-10	6-9	7-13	8-9	10-11
5014	1	7680	0-12	1-13	2-4	2-6	3-6	3-8	4-5	5-10	7-13	9-11	9-12	10-11
5015	1	7680	0-12	1-13	2-6	2-11	3-6	3-8	4-5	4-9	5-10	7-13	9-12	10-11
5016	1	7680	0-12	1-13	2-6	2-11	3-6	3-8	4-5	4-10	5-10	7-13	9-11	9-12
5017	1	7680	0-12	1-13	2-4	2-6	3-6	3-12	4-5	5-9	7-13	8-10	9-11	10-11
5018	1	7680	0-12	1-13	2-4	2-6	3-5	3-6	4-5	7-13	8-10	9-11	9-12	10-11
5019	1	7680	0-12	1-13	2-6	2-11	3-6	3-12	4-5	4-9	5-9	7-13	8-10	10-11
5020	1	7680	0-12	1-13	2-6	2-11	3-5	3-6	4-5	4-9	7-13	8-10	9-12	10-11
5021	1	7680	0-12	1-13	2-6	2-11	3-6	3-12	4-5	4-10	5-9	7-13	8-10	9-11
5022	1	7680	0-12	1-13	2-6	2-11	3-5	3-6	4-5	4-10	7-13	8-10	9-11	9-12
5023	2	3840	0-12	1-13	2-6	2-11	3-5	3-12	4-5	4-10	6-9	7-13	8-10	9-11
5024	1	7680	0-12	1-13	2-5	2-6	3-6	3-12	4-5	4-9	7-13	8-10	9-11	10-11
5025	1	7680	0-12	1-13	2-5	2-6	3-6	3-11	4-5	4-9	7-13	8-10	9-12	10-11
5026	1	7680	0-12	1-13	2-5	2-6	3-11	3-12	4-5	4-9	6-9	7-13	8-10	10-11
5027	1	7680	0-12	1-13	2-5	2-6	3-4	3-6	4-5	7-13	8-10	9-11	9-12	10-11
5028	1	7680	0-12	1-13	2-5	2-6	3-6	3-11	4-5	4-10	7-13	8-10	9-11	9-12
5029	1	7680	0-12	1-13	2-6	2-12	3-5	3-6	4-5	4-9	7-13	8-10	9-11	10-11
5030	1	7680	0-12	1-13	2-6	2-12	3-6	3-11	4-5	4-9	5-9	7-13	8-10	10-11
5031	1	7680	0-12	1-13	2-6	2-12	3-4	3-6	4-5	5-9	7-13	8-10	9-11	10-11
5032	1	7680	0-12	1-13	2-6	2-12	3-6	3-11	4-5	4-10	5-9	7-13	8-10	9-11
5033	1	7680	0-12	1-13	2-3	2-6	3-6	4-5	4-8	5-10	7-13	9-11	9-12	10-11
5034	1	7680	0-12	1-13	2-6	2-10	3-6	3-12	4-5	4-8	5-9	7-13	9-11	10-11
5035	1	7680	0-12	1-13	2-6	2-10	3-5	3-6	4-5	4-8	7-13	9-11	9-12	10-11
5036	1	7680	0-12	1-13	2-6	2-10	3-6	3-11	4-5	4-8	5-9	7-13	9-12	10-11
5037	1	7680	0-12	1-13	2-6	2-11	3-5	3-6	4-5	4-8	7-13	9-10	9-12	10-11
5038	1	7680	0-12	1-13	2-5	2-6	3-11	3-12	4-5	4-8	6-9	7-13	9-10	10-11
5039	1	7680	0-12	1-13	2-5	2-6	3-6	3-11	4-8	4-10	5-10	7-13	9-11	9-12
5040	1	7680	0-12	1-13	2-6	2-12	3-5	3-6	4-5	4-8	7-13	9-10	9-11	10-11
5041	1	7680	0-12	1-13	2-6	2-12	3-6	3-11	4-8	4-10	5-9	5-10	7-13	9-11
5042	1	7680	0-12	1-13	2-3	2-6	3-6	4-5	4-9	5-10	7-13	8-11	9-12	10-11
5043	1	7680	0-12	1-13	2-3	2-6	3-6	4-5	4-10	5-10	7-13	8-11	9-11	9-12
5044	1	7680	0-12	1-13	2-6	2-10	3-6	3-12	4-5	4-9	5-9	7-13	8-11	10-11
5045	1	7680	0-12	1-13	2-6	2-10	3-5	3-6	4-5	4-9	7-13	8-11	9-12	10-11
5046	1	7680	0-12	1-13	2-6	2-10	3-6	3-12	4-5	4-10	5-9	7-13	8-11	9-11
5047	1	7680	0-12	1-13	2-6	2-10	3-5	3-6	4-5	4-10	7-13	8-11	9-11	9-12
5048	1	7680	0-12	1-13	2-4	2-6	3-5	3-6	4-5	7-13	8-11	9-10	9-12	10-11
5049	1	7680	0-12	1-13	2-6	2-11	3-6	3-12	4-5	4-10	5-9	7-13	8-11	9-10
5050	1	7680	0-12	1-13	2-6	2-11	3-5	3-6	4-5	4-10	7-13	8-11	9-10	9-12
5051	1	7680	0-12	1-13	2-6	2-11	3-5	3-12	4-5	4-10	6-9	7-13	8-11	9-10
5052	1	7680	0-12	1-13	2-5	2-6	3-6	3-12	4-5	4-10	7-13	8-11	9-10	9-11
5053	1	7680	0-12	1-13	2-5	2-6	3-4	3-6	4-5	7-13	8-11	9-10	9-12	10-11
5054	1	7680	0-12	1-13	2-5	2-6	3-6	3-11	4-5	4-10	7-13	8-11	9-10	9-12
5055	1	7680	0-12	1-13	2-5	2-6	3-4	3-12	4-5	6-9	7-13	8-11	9-10	10-11
5056	1	7680	0-12	1-13	2-5	2-6	3-11	3-12	4-5	4-10	6-9	7-13	8-11	9-10
5057	1	7680	0-12	1-13	2-5	2-6	3-5	3-6	4-9	4-10	7-13	8-11	9-12	10-11
5058	1	7680	0-12	1-13	2-5	2-6	3-11	3-12	4-9	4-10	5-10	6-9	7-13	8-11
5059	1	7680	0-12	1-13	2-5	2-6	3-5	3-12	4-9	4-10	6-9	7-13	8-11	10-11
5060	1	7680	0-12	1-13	2-5	2-6	3-4	3-6	4-10	5-10	7-13	8-11	9-11	9-12
5061	1	7680	0-12	1-13	2-6	2-12	3-5	3-6	4-5	4-10	7-13	8-11	9-10	9-11
5062	1	7680	0-12	1-13	2-6	2-12	3-6	3-11	4-5	4-10	5-9	7-13	8-11	9-10
5063	1	7680	0-12	1-13	2-6	2-12	3-4	3-5	4-5	6-9	7-13	8-11	9-10	10-11
5064	1	7680	0-12	1-13	2-6	2-12	3-5	3-11	4-5	4-10	6-9	7-13	8-11	9-10
5065	1	7680	0-12	1-13	2-6	2-12	3-6	3-11	4-9	4-10	5-9	5-10	7-13	8-11
5066	1	7680	0-12	1-13	2-6	2-12	3-5	3-6	4-9	4-10	5-9	7-13	8-11	10-11
5067	1	7680	0-12	1-13	2-6	2-12	3-5	3-11	4-9	4-10	5-10	6-9	7-13	8-11
5068	1	7680	0-12	1-13	2-6	2-12	3-4	3-6	4-10	5-9	5-10	7-13	8-11	9-11
5069	2	3840	0-12	1-13	2-6	2-12	3-4	3-5	4-10	5-10	6-9	7-13	8-11	9-11
5070	1	7680	0-12	1-13	2-6	2-12	3-4	3-5	4-10	5-9	6-9	7-13	8-11	10-11
5071	1	7680	0-12	1-13	2-6	2-10	3-6	3-11	4-5	4-9	5-8	7-13	9-12	10-11
5072	1	7680	0-12	1-13	2-4	2-6	3-11	3-12	4-5	5-8	6-9	7-13	9-10	10-11
5073	1	7680	0-12	1-13	2-6	2-11	3-6	3-12	4-5	4-10	5-8	7-13	9-10	9-11
5074	1	7680	0-12	1-13	2-6	2-11	3-4	3-12	4-5	5-8	6-9	7-13	9-10	10-11
5075	1	7680	0-12	1-13	2-6	2-11	3-11	3-12	4-5	4-10	5-8	6-9	7-13	9-10
5076	2	3840	0-12	1-13	2-6	2-11	3-5	3-12	4-9	4-10	5-8	6-9	7-13	10-11
5077	1	7680	0-12	1-13	2-6	2-12	3-4	3-6	4-5	5-8	7-13	9-10	9-11	10-11
5078	1	7680	0-12	1-13	2-6	2-12	3-6	3-11	4-5	4-10	5-8	7-13	9-10	9-11
5079	2	3840	0-12	1-13	2-6	2-12	3-5	3-6	4-9	4-10	5-8	7-13	9-11	10-11
5080	1	7680	0-12	1-13	2-6	2-12	3-4	3-5	4-10	5-8	6-9	7-13	9-11	10-11
5081	8	960	0-12	1-13	2-6	2-12	3-4	3-11	4-10	5-8	5-9	6-9	7-13	10-11
5082	1	7680	0-12	1-13	2-6	2-10	3-6	3-11	4-5	4-9	5-9	7-13	8-12	10-11
5083	2	3840	0-12	1-13	2-6	2-10	3-4	3-6	4-5	5-9	7-13	8-12	9-11	10-11
5084	2	3840	0-12	1-13	2-6	2-10	3-6	3-11	4-5	4-10	5-9	7-13	8-12	9-11
5085	4	1920	0-12	1-13	2-4	2-6	3-6	3-11	4-10	5-9	5-10	7-13	8-12	9-11
5086	1	7680	0-12	1-13	2-6	2-11	3-5	3-6	4-5	4-10	7-13	8-12	9-10	9-11
5087	2	3840	0-12	1-13	2-6	2-11	3-6	3-11	4-5	4-10	5-9	7-13	8-12	9-10
5088	2	3840	0-12	1-13	2-6	2-11	3-4	3-5	4-5	6-9	7-13	8-12	9-10	10-11
5089	2	3840	0-12	1-13	2-6	2-11	3-5	3-11	4-5	4-10	6-9	7-13	8-12	9-10
5090	4	1920	0-12	1-13	2-6	2-11	3-6	3-11	4-9	4-10	5-9	5-10	7-13	8-12
5091	2	3840	0-12	1-13	2-6	2-11	3-5	3-6	4-9	4-10	5-9	7-13	8-12	10-11
5092	4	1920	0-12	1-13	2-6	2-11	3-5	3-11	4-9	4-10	5-10	6-9	7-13	8-12
5093	4	1920	0-12	1-13	2-6	2-11	3-4	3-6	4-10	5-9	5-10	7-13	8-12	9-11
5094	8	960	0-12	1-13	2-6	2-11	3-4	3-5	4-10	5-10	6-9	7-13	8-12	9-11
5095	2	3840	0-12	1-13	2-5	2-6	3-4	3-6	4-5	7-13	8-12	9-10	9-11	10-11
5096	2	3840	0-12	1-13	2-5	2-6	3-6	3-11	4-5	4-10	7-13	8-12	9-10	9-11
5097	8	960	0-12	1-13	2-5	2-6	3-5	3-6	4-9	4-10	7-13	8-12	9-11	10-11
5098	1	7680	0-12	1-13	2-5	2-6	3-4	3-5	4-10	6-9	7-13	8-12	9-11	10-11
5099	32	240	0-12	1-13	2-5	2-6	3-4	3-11	4-10	5-9	6-9	7-13	8-12	10-11
5100	1	7680	0-12	1-13	2-10	2-12	3-6	3-11	4-5	4-10	5-9	6-8	7-13	9-11
5101	1	7680	0-12	1-13	2-6	2-10	3-11	3-12	4-5	4-9	5-9	6-8	7-13	10-11
5102	1	7680	0-12	1-13	2-6	2-10	3-4	3-12	4-5	5-9	6-8	7-13	9-11	10-11
5103	1	7680	0-12	1-13	2-6	2-10	3-11	3-12	4-5	4-10	5-9	6-8	7-13	9-11
5104	1	7680	0-12	1-13	2-4	2-6	3-11	3-12	4-10	5-9	5-10	6-8	7-13	9-11
5105	1	7680	0-12	1-13	2-11	2-12	3-5	3-6	4-5	4-10	6-8	7-13	9-10	9-11
5106	1	7680	0-12	1-13	2-11	2-12	3-5	3-6	4-9	4-10	5-9	6-8	7-13	10-11
5107	1	7680	0-12	1-13	2-6	2-11	3-5	3-12	4-5	4-10	6-8	7-13	9-10	9-11
5108	1	7680	0-12	1-13	2-6	2-11	3-11	3-12	4-5	4-10	5-9	6-8	7-13	9-10
5109	1	7680	0-12	1-13	2-6	2-11	3-4	3-5	4-5	6-8	7-13	9-10	9-12	10-11
5110	1	7680	0-12	1-13	2-6	2-11	3-5	3-11	4-5	4-10	6-8	7-13	9-10	9-12
5111	1	7680	0-12	1-13	2-6	2-11	3-11	3-12	4-9	4-10	5-9	5-10	6-8	7-13
5112	1	7680	0-12	1-13	2-6	2-11	3-5	3-12	4-9	4-10	5-9	6-8	7-13	10-11
5113	1	7680	0-12	1-13	2-6	2-11	3-5	3-11	4-9	4-10	5-10	6-8	7-13	9-12
5114	2	3840	0-12	1-13	2-6	2-11	3-4	3-5	4-10	5-10	6-8	7-13	9-11	9-12
5115	1	7680	0-12	1-13	2-6	2-11	3-4	3-5	4-10	5-9	6-8	7-13	9-12	10-11
5116	1	7680	0-12	1-13	2-5	2-12	3-6	3-11	4-5	4-10	6-8	7-13	9-10	9-11
5117	1	7680	0-12	1-13	2-5	2-6	3-4	3-12	4-5	6-8	7-13	9-10	9-11	10-11
5118	1	7680	0-12	1-13	2-5	2-6	3-11	3-12	4-5	4-10	6-8	7-13	9-10	9-11
5119	2	3840	0-12	1-13	2-5	2-6	3-5	3-12	4-9	4-10	6-8	7-13	9-11	10-11
5120	1	7680	0-12	1-13	2-5	2-6	3-4	3-5	4-10	6-8	7-13	9-11	9-12	10-11
5121	8	960	0-12	1-13	2-5	2-6	3-4	3-11	4-10	5-9	6-8	7-13	9-12	10-11
5122	2	3840	0-12	1-13	2-6	2-12	3-4	3-5	4-5	6-8	7-13	9-10	9-11	10-11
5123	2	3840	0-12	1-13	2-6	2-12	3-5	3-11	4-5	4-10	6-8	7-13	9-10	9-11
5124	1	7680	0-12	1-13	2-6	2-12	3-4	3-5	4-10	5-9	6-8	7-13	9-11	10-11
5125	2	3840	0-6	1-3	2-12	2-13	3-6	4-9	4-12	5-10	5-11	7-8	9-13	10-11
5126	2	3840	0-6	1-3	2-12	2-13	3-6	4-10	4-12	5-10	5-11	7-8	9-11	9-13
5127	1	7680	0-6	1-3	2-12	2-13	3-6	4-5	4-12	5-10	7-8	9-11	9-13	10-11
5128	2	3840	0-6	1-10	2-12	2-13	3-12	3-13	4-5	4-6	5-9	7-8	9-11	10-11
5129	1	7680	0-6	1-10	2-12	2-13	3-6	3-11	4-5	4-12	5-10	7-8	9-11	9-13
5130	1	7680	0-6	1-10	2-12	2-13	3-5	3-6	4-5	4-12	7-8	9-11	9-13	10-11
5131	2	3840	0-6	1-4	2-10	2-13	3-12	3-13	4-6	5-10	5-11	7-8	9-11	9-12
5132	2	3840	0-6	1-4	2-11	2-13	3-12	3-13	4-6	5-10	5-11	7-8	9-10	9-12
5133	1	7680	0-6	1-4	2-12	2-13	3-9	3-13	4-6	5-10	5-11	7-8	9-12	10-11
5134	1	7680	0-6	1-4	2-12	2-13	3-11	3-13	4-6	5-10	5-11	7-8	9-10	9-12
5135	1	7680	0-6	1-4	2-12	2-13	3-6	3-12	4-5	5-10	7-8	9-11	9-13	10-11
5136	1	7680	0-6	1-4	2-12	2-13	3-6	3-11	4-5	5-9	7-8	9-13	10-11	10-12
5137	2	3840	0-6	1-4	2-12	2-13	3-6	3-11	4-5	5-10	7-8	9-12	9-13	10-11
5138	1	7680	0-6	1-11	2-10	2-13	3-12	3-13	4-5	4-6	5-10	7-8	9-11	9-12
5139	1	7680	0-6	1-11	2-10	2-13	3-11	3-13	4-5	4-6	5-9	7-8	9-12	10-12
5140	1	7680	0-6	1-11	2-11	2-13	3-12	3-13	4-5	4-6	5-10	7-8	9-10	9-12
5141	1	7680	0-6	1-11	2-5	2-13	3-11	3-13	4-5	4-6	7-8	9-10	9-12	10-12
5142	1	7680	0-6	1-11	2-12	2-13	3-9	3-13	4-5	4-6	5-10	7-8	9-12	10-11
5143	1	7680	0-6	1-11	2-12	2-13	3-9	3-12	4-5	4-6	5-10	7-8	9-13	10-11
5144	2	3840	0-6	1-11	2-12	2-13	3-6	3-9	4-5	4-12	5-10	7-8	9-13	10-11
5145	1	7680	0-6	1-11	2-12	2-13	3-12	3-13	4-5	4-6	5-9	7-8	9-10	10-11
5146	1	7680	0-6	1-11	2-12	2-13	3-4	3-13	4-6	5-10	5-11	7-8	9-10	9-12
5147	1	7680	0-6	1-11	2-12	2-13	3-11	3-13	4-5	4-6	5-10	7-8	9-10	9-12
5148	1	7680	0-6	1-11	2-12	2-13	3-11	3-12	4-5	4-6	5-10	7-8	9-10	9-13
5149	2	3840	0-6	1-11	2-12	2-13	3-6	3-11	4-5	4-12	5-10	7-8	9-10	9-13
5150	2	3840	0-6	1-11	2-12	2-13	3-5	3-6	4-5	4-12	7-8	9-10	9-13	10-11
5151	1	7680	0-6	1-11	2-12	2-13	3-6	3-12	4-5	4-9	5-10	7-8	9-13	10-11
5152	1	7680	0-6	1-11	2-12	2-13	3-4	3-6	4-5	5-9	7-8	9-13	10-11	10-12
5153	1	7680	0-6	1-11	2-12	2-13	3-6	3-12	4-5	4-10	5-9	7-8	9-13	10-11
5154	2	3840	0-6	1-11	2-12	2-13	3-4	3-6	4-5	5-10	7-8	9-12	9-13	10-11
5155	2	3840	0-6	1-11	2-12	2-13	3-6	3-11	4-5	4-10	5-10	7-8	9-12	9-13
5156	2	3840	0-6	1-11	2-12	2-13	3-5	3-6	4-5	4-10	7-8	9-12	9-13	10-11
5157	2	3840	0-6	1-5	2-10	2-13	3-11	3-13	4-5	4-6	7-8	9-11	9-12	10-12
5158	2	3840	0-6	1-5	2-11	2-13	3-11	3-13	4-5	4-6	7-8	9-10	9-12	10-12
5159	1	7680	0-6	1-5	2-12	2-13	3-6	3-11	4-5	4-9	7-8	9-13	10-11	10-12
5160	1	7680	0-6	1-5	2-12	2-13	3-4	3-6	4-5	7-8	9-11	9-13	10-11	10-12
5161	1	7680	0-6	1-5	2-12	2-13	3-6	3-12	4-5	4-10	7-8	9-11	9-13	10-11
5162	4	1920	0-6	1-5	2-12	2-13	3-6	3-11	4-5	4-10	7-8	9-12	9-13	10-11
5163	1	7680	0-6	1-12	2-3	2-13	3-13	4-5	4-6	5-10	7-8	9-11	9-12	10-11
5164	2	3840	0-6	1-12	2-10	2-13	3-11	3-13	4-6	4-9	5-10	5-11	7-8	9-12
5165	2	3840	0-6	1-12	2-10	2-13	3-12	3-13	4-5	4-6	5-9	7-8	9-11	10-11
5166	1	7680	0-6	1-12	2-10	2-13	3-11	3-13	4-5	4-6	5-10	7-8	9-11	9-12
5167	1	7680	0-6	1-12	2-11	2-13	3-9	3-13	4-5	4-6	5-10	7-8	9-12	10-11
5168	2	3840	0-6	1-12	2-11	2-13	3-12	3-13	4-5	4-6	5-9	7-8	9-10	10-11
5169	2	3840	0-6	1-12	2-11	2-13	3-4	3-13	4-6	5-10	5-11	7-8	9-10	9-12
5170	1	7680	0-6	1-12	2-11	2-13	3-11	3-13	4-5	4-6	5-10	7-8	9-10	9-12
5171	1	7680	0-6	1-12	2-11	2-13	3-5	3-6	4-5	4-12	7-8	9-10	9-13	10-11
5172	1	7680	0-6	1-12	2-11	2-13	3-6	3-12	4-5	4-9	5-10	7-8	9-13	10-11
5173	1	7680	0-6	1-12	2-5	2-13	3-6	3-11	4-5	4-9	7-8	9-13	10-11	10-12
5174	1	7680	0-6	1-12	2-5	2-13	3-4	3-6	4-5	7-8	9-11	9-13	10-11	10-12
5175	1	7680	0-6	1-12	2-5	2-13	3-6	3-12	4-5	4-10	7-8	9-11	9-13	10-11
5176	1	7680	0-6	1-12	2-12	2-13	3-6	3-11	4-5	4-9	5-10	7-8	9-13	10-11
5177	1	7680	0-6	1-12	2-12	2-13	3-4	3-6	4-5	5-10	7-8	9-11	9-13	10-11
5178	1	7680	0-6	1-12	2-12	2-13	3-6	3-11	4-5	4-10	5-10	7-8	9-11	9-13
5179	1	7680	0-6	1-12	2-12	2-13	3-5	3-6	4-5	4-10	7-8	9-11	9-13	10-11
5180	24	320	0-6	1-13	2-8	2-13	3-4	3-12	4-12	5-10	5-11	6-9	7-9	10-11
5181	24	320	0-6	1-13	2-8	2-13	3-11	3-12	4-10	4-12	5-10	5-11	6-9	7-9
5182	8	960	0-6	1-13	2-8	2-13	3-11	3-12	4-5	4-12	5-10	6-9	7-9	10-11
5183	4	1920	0-6	1-13	2-8	2-13	3-6	3-7	4-9	4-12	5-10	5-11	9-12	10-11
5184	4	1920	0-6	1-13	2-8	2-13	3-6	3-7	4-10	4-12	5-10	5-11	9-11	9-12
5185	2	3840	0-6	1-13	2-8	2-13	3-6	3-7	4-5	4-12	5-10	9-11	9-12	10-11
5186	1	7680	0-6	1-13	2-8	2-13	3-6	3-11	4-5	4-12	5-10	7-10	9-11	9-12
5187	1	7680	0-6	1-13	2-8	2-13	3-5	3-6	4-5	4-12	7-10	9-11	9-12	10-11
5188	2	3840	0-6	1-13	2-11	2-13	3-6	3-11	4-5	4-12	5-10	7-10	8-9	9-12
5189	1	7680	0-6	1-13	2-11	2-13	3-5	3-6	4-5	4-12	7-10	8-9	9-12	10-11
5190	2	3840	0-6	1-13	2-12	2-13	3-5	3-6	4-5	4-12	7-10	8-9	9-11	10-11
5191	1	7680	0-6	1-11	2-12	2-13	3-6	3-12	4-5	4-7	5-9	8-10	9-13	10-11
5192	2	3840	0-6	1-11	2-12	2-13	3-5	3-6	4-5	4-7	8-10	9-12	9-13	10-11
5193	1	7680	0-6	1-5	2-12	2-13	3-6	3-11	4-5	4-7	8-9	9-13	10-11	10-12
5194	1	7680	0-6	1-5	2-12	2-13	3-6	3-12	4-5	4-7	8-10	9-11	9-13	10-11
5195	2	3840	0-6	1-5	2-12	2-13	3-6	3-11	4-5	4-7	8-10	9-12	9-13	10-11
5196	2	3840	0-6	1-12	2-10	2-13	3-11	3-13	4-6	4-7	5-10	5-11	8-9	9-12
5197	1	7680	0-6	1-12	2-11	2-13	3-6	3-12	4-5	4-7	5-10	8-9	9-13	10-11
5198	1	7680	0-6	1-12	2-5	2-13	3-6	3-11	4-5	4-7	8-9	9-13	10-11	10-12
5199	1	7680	0-6	1-12	2-12	2-13	3-6	3-11	4-5	4-7	5-10	8-9	9-13	10-11
5200	1	7680	0-6	1-12	2-12	2-13	3-6	3-8	4-5	4-7	5-10	9-11	9-13	10-11
5201	1	7680	0-6	1-12	2-5	2-13	3-6	3-12	4-5	4-7	8-10	9-11	9-13	10-11
5202	1	7680	0-6	1-12	2-12	2-13	3-5	3-6	4-5	4-7	8-10	9-11	9-13	10-11
5203	1	7680	0-6	1-12	2-12	2-13	3-6	3-11	4-5	4-7	5-9	8-10	9-13	10-11
5204	1	7680	0-6	1-13	2-8	2-13	3-6	3-12	4-5	4-7	5-10	9-11	9-12	10-11
5205	1	7680	0-6	1-13	2-12	2-13	3-11	3-12	4-5	4-7	5-10	6-9	8-9	10-11
5206	1	7680	0-6	1-13	2-12	2-13	3-6	3-8	4-5	4-7	5-10	9-11	9-12	10-11
5207	1	7680	0-6	1-13	2-11	2-13	3-6	3-12	4-5	4-7	5-9	8-10	9-12	10-11
5208	1	7680	0-6	1-13	2-5	2-13	3-6	3-12	4-5	4-7	8-10	9-11	9-12	10-11
5209	1	7680	0-6	1-13	2-12	2-13	3-6	3-12	4-5	4-7	5-9	8-10	9-11	10-11
5210	1	7680	0-6	1-13	2-12	2-13	3-5	3-6	4-5	4-7	8-10	9-11	9-12	10-11
5211	1	7680	0-6	1-13	2-12	2-13	3-6	3-11	4-5	4-7	5-9	8-10	9-12	10-11
5212	1	7680	0-6	1-13	2-12	2-13	3-11	3-12	4-5	4-7	5-9	6-9	8-10	10-11
5213	1	7680	0-6	1-10	2-12	2-13	3-6	3-12	4-5	4-8	5-9	7-11	9-13	10-11
5214	2	3840	0-6	1-10	2-12	2-13	3-5	3-6	4-5	4-8	7-11	9-12	9-13	10-11
5215	1	7680	0-6	1-10	2-12	2-13	3-6	3-12	4-5	4-10	5-9	7-11	8-11	9-13
5216	2	3840	0-6	1-10	2-12	2-13	3-5	3-6	4-5	4-10	7-11	8-11	9-12	9-13
5217	1	7680	0-6	1-4	2-12	2-13	3-6	3-12	4-5	5-9	7-11	8-10	9-13	10-11
5218	2	3840	0-6	1-4	2-12	2-13	3-5	3-6	4-5	7-11	8-10	9-12	9-13	10-11
5219	1	7680	0-6	1-11	2-12	2-13	3-6	3-12	4-5	4-10	5-9	7-11	8-10	9-13
5220	2	3840	0-6	1-11	2-12	2-13	3-5	3-6	4-5	4-10	7-11	8-10	9-12	9-13
5221	1	7680	0-6	1-5	2-12	2-13	3-4	3-6	4-5	7-11	8-9	9-13	10-11	10-12
5222	1	7680	0-6	1-5	2-12	2-13	3-6	3-12	4-5	4-10	7-11	8-9	9-13	10-11
5223	1	7680	0-6	1-5	2-11	2-13	3-8	3-13	4-5	4-6	7-11	9-10	9-12	10-12
5224	1	7680	0-6	1-5	2-12	2-13	3-6	3-8	4-5	4-9	7-11	9-13	10-11	10-12
5225	1	7680	0-6	1-5	2-11	2-13	3-9	3-13	4-5	4-6	7-11	8-10	9-12	10-12
5226	1	7680	0-6	1-5	2-12	2-13	3-6	3-12	4-5	4-9	7-11	8-10	9-13	10-11
5227	1	7680	0-6	1-5	2-12	2-13	3-6	3-12	4-5	4-10	7-11	8-10	9-11	9-13
5228	4	1920	0-6	1-5	2-12	2-13	3-4	3-6	4-5	7-11	8-10	9-12	9-13	10-11
5229	4	1920	0-6	1-5	2-12	2-13	3-6	3-11	4-5	4-10	7-11	8-10	9-12	9-13
5230	1	7680	0-6	1-5	2-12	2-13	3-6	3-12	4-5	4-8	7-11	9-10	9-13	10-11
5231	4	1920	0-6	1-5	2-12	2-13	3-5	3-6	4-8	4-10	7-11	9-12	9-13	10-11
5232	4	1920	0-6	1-5	2-3	2-13	3-13	4-5	4-6	7-11	8-11	9-10	9-12	10-12
5233	4	1920	0-6	1-5	2-10	2-13	3-9	3-13	4-5	4-6	7-11	8-11	9-12	10-12
5234	1	7680	0-6	1-5	2-12	2-13	3-6	3-12	4-5	4-10	7-11	8-11	9-10	9-13
5235	1	7680	0-6	1-12	2-8	2-13	3-9	3-13	4-5	4-6	5-10	7-11	9-12	10-11
5236	2	3840	0-6	1-12	2-8	2-13	3-4	3-13	4-6	5-10	5-11	7-11	9-10	9-12
5237	1	7680	0-6	1-12	2-8	2-13	3-11	3-13	4-5	4-6	5-10	7-11	9-10	9-12
5238	1	7680	0-6	1-12	2-3	2-13	3-13	4-5	4-6	5-10	7-11	8-9	9-12	10-11
5239	1	7680	0-6	1-12	2-10	2-13	3-12	3-13	4-5	4-6	5-9	7-11	8-9	10-11
5240	1	7680	0-6	1-12	2-10	2-13	3-11	3-13	4-5	4-6	5-10	7-11	8-9	9-12
5241	1	7680	0-6	1-12	2-4	2-13	3-6	3-12	4-5	5-10	7-11	8-9	9-13	10-11
5242	1	7680	0-6	1-12	2-5	2-13	3-4	3-6	4-5	7-11	8-9	9-13	10-11	10-12
5243	1	7680	0-6	1-12	2-5	2-13	3-6	3-12	4-5	4-10	7-11	8-9	9-13	10-11
5244	1	7680	0-6	1-12	2-12	2-13	3-4	3-6	4-5	5-10	7-11	8-9	9-13	10-11
5245	1	7680	0-6	1-12	2-12	2-13	3-6	3-11	4-5	4-10	5-10	7-11	8-9	9-13
5246	1	7680	0-6	1-12	2-12	2-13	3-5	3-6	4-5	4-10	7-11	8-9	9-13	10-11
5247	1	7680	0-6	1-12	2-12	2-13	3-6	3-8	4-5	4-9	5-10	7-11	9-13	10-11
5248	1	7680	0-6	1-12	2-3	2-13	3-13	4-5	4-6	5-10	7-11	8-10	9-11	9-12
5249	2	3840	0-6	1-12	2-10	2-13	3-12	3-13	4-5	4-6	5-9	7-11	8-10	9-11
5250	1	7680	0-6	1-12	2-11	2-13	3-9	3-13	4-5	4-6	5-10	7-11	8-10	9-12
5251	2	3840	0-6	1-12	2-11	2-13	3-12	3-13	4-5	4-6	5-9	7-11	8-10	9-10
5252	1	7680	0-6	1-12	2-5	2-13	3-6	3-12	4-5	4-9	7-11	8-10	9-13	10-11
5253	1	7680	0-6	1-12	2-5	2-13	3-6	3-12	4-5	4-10	7-11	8-10	9-11	9-13
5254	1	7680	0-6	1-12	2-12	2-13	3-5	3-6	4-5	4-9	7-11	8-10	9-13	10-11
5255	1	7680	0-6	1-12	2-12	2-13	3-5	3-6	4-5	4-10	7-11	8-10	9-11	9-13
5256	1	7680	0-6	1-12	2-5	2-13	3-6	3-12	4-5	4-8	7-11	9-10	9-13	10-11
5257	1	7680	0-6	1-12	2-12	2-13	3-6	3-9	4-5	4-8	5-10	7-11	9-13	10-11
5258	1	7680	0-6	1-12	2-12	2-13	3-5	3-6	4-5	4-8	7-11	9-10	9-13	10-11
5259	1	7680	0-6	1-12	2-3	2-13	3-13	4-5	4-6	5-10	7-11	8-11	9-10	9-12
5260	1	7680	0-6	1-12	2-5	2-13	3-6	3-12	4-5	4-10	7-11	8-11	9-10	9-13
5261	1	7680	0-6	1-12	2-12	2-13	3-5	3-6	4-5	4-10	7-11	8-11	9-10	9-13
5262	1	7680	0-6	1-13	2-8	2-13	3-9	3-12	4-5	4-6	5-10	7-11	9-12	10-11
5263	1	7680	0-6	1-13	2-8	2-13	3-11	3-12	4-5	4-6	5-10	7-11	9-10	9-12
5264	2	3840	0-6	1-13	2-3	2-13	3-12	4-5	4-6	5-10	7-11	8-9	9-12	10-11
5265	2	3840	0-6	1-13	2-10	2-13	3-11	3-12	4-5	4-6	5-10	7-11	8-9	9-12
5266	1	7680	0-6	1-13	2-12	2-13	3-6	3-8	4-5	4-9	5-10	7-11	9-12	10-11
5267	2	3840	0-6	1-13	2-10	2-12	3-12	3-13	4-5	4-6	5-9	7-11	8-10	9-11
5268	1	7680	0-6	1-13	2-4	2-13	3-6	3-12	4-5	5-9	7-11	8-10	9-12	10-11
5269	2	3840	0-6	1-13	2-11	2-12	3-12	3-13	4-5	4-6	5-9	7-11	8-10	9-10
5270	1	7680	0-6	1-13	2-11	2-13	3-6	3-12	4-5	4-10	5-9	7-11	8-10	9-12
5271	1	7680	0-6	1-13	2-5	2-13	3-6	3-12	4-5	4-9	7-11	8-10	9-12	10-11
5272	1	7680	0-6	1-13	2-5	2-13	3-6	3-12	4-5	4-10	7-11	8-10	9-11	9-12
5273	1	7680	0-6	1-13	2-12	2-13	3-6	3-12	4-5	4-9	5-9	7-11	8-10	10-11
5274	1	7680	0-6	1-13	2-12	2-13	3-5	3-6	4-5	4-9	7-11	8-10	9-12	10-11
5275	1	7680	0-6	1-13	2-12	2-13	3-6	3-12	4-5	4-10	5-9	7-11	8-10	9-11
5276	1	7680	0-6	1-13	2-12	2-13	3-5	3-6	4-5	4-10	7-11	8-10	9-11	9-12
5277	1	7680	0-6	1-13	2-12	2-13	3-5	3-12	4-5	4-10	6-9	7-11	8-10	9-11
5278	1	7680	0-6	1-13	2-12	2-13	3-4	3-6	4-5	5-9	7-11	8-10	9-12	10-11
5279	1	7680	0-6	1-13	2-12	2-13	3-6	3-11	4-5	4-10	5-9	7-11	8-10	9-12
5280	2	3840	0-6	1-13	2-12	2-13	3-4	3-12	4-5	5-9	6-9	7-11	8-10	10-11
5281	2	3840	0-6	1-13	2-12	2-13	3-11	3-12	4-5	4-10	5-9	6-9	7-11	8-10
5282	1	7680	0-6	1-9	2-12	2-13	3-6	3-11	4-5	4-8	5-7	9-13	10-11	10-12
5283	1	7680	0-6	1-9	2-12	2-13	3-4	3-6	4-5	5-7	8-11	9-13	10-11	10-12
5284	1	7680	0-6	1-9	2-12	2-13	3-6	3-12	4-5	4-10	5-7	8-11	9-13	10-11
5285	1	7680	0-6	1-3	2-12	2-13	3-6	4-5	4-8	5-7	9-11	9-13	10-11	10-12
5286	1	7680	0-6	1-3	2-11	2-13	3-13	4-5	4-6	5-7	8-11	9-10	9-12	10-12
5287	1	7680	0-6	1-3	2-12	2-13	3-6	4-5	4-9	5-7	8-11	9-13	10-11	10-12
5288	1	7680	0-6	1-10	2-12	2-13	3-6	3-12	4-5	4-8	5-7	9-11	9-13	10-11
5289	2	3840	0-6	1-10	2-12	2-13	3-6	3-11	4-5	4-8	5-7	9-12	9-13	10-11
5290	1	7680	0-6	1-10	2-11	2-13	3-9	3-13	4-5	4-6	5-7	8-11	9-12	10-12
5291	1	7680	0-6	1-10	2-12	2-13	3-6	3-12	4-5	4-9	5-7	8-11	9-13	10-11
5292	1	7680	0-6	1-10	2-12	2-13	3-6	3-12	4-5	4-10	5-7	8-11	9-11	9-13
5293	1	7680	0-6	1-4	2-12	2-13	3-6	3-11	4-5	5-7	8-9	9-13	10-11	10-12
5294	1	7680	0-6	1-4	2-12	2-13	3-6	3-8	4-5	5-7	9-11	9-13	10-11	10-12
5295	1	7680	0-6	1-4	2-12	2-13	3-6	3-12	4-5	5-7	8-10	9-11	9-13	10-11
5296	2	3840	0-6	1-4	2-12	2-13	3-6	3-11	4-5	5-7	8-10	9-12	9-13	10-11
5297	1	7680	0-6	1-4	2-12	2-13	3-6	3-12	4-5	5-7	8-11	9-10	9-13	10-11
5298	1	7680	0-6	1-11	2-12	2-13	3-4	3-6	4-5	5-7	8-9	9-13	10-11	10-12
5299	1	7680	0-6	1-11	2-12	2-13	3-6	3-12	4-5	4-10	5-7	8-9	9-13	10-11
5300	1	7680	0-6	1-11	2-11	2-13	3-8	3-13	4-5	4-6	5-7	9-10	9-12	10-12
5301	1	7680	0-6	1-11	2-12	2-13	3-6	3-8	4-5	4-9	5-7	9-13	10-11	10-12
5302	1	7680	0-6	1-11	2-11	2-13	3-9	3-13	4-5	4-6	5-7	8-10	9-12	10-12
5303	1	7680	0-6	1-11	2-12	2-13	3-6	3-12	4-5	4-9	5-7	8-10	9-13	10-11
5304	1	7680	0-6	1-11	2-12	2-13	3-6	3-12	4-5	4-10	5-7	8-10	9-11	9-13
5305	2	3840	0-6	1-11	2-12	2-13	3-4	3-6	4-5	5-7	8-10	9-12	9-13	10-11
5306	2	3840	0-6	1-11	2-12	2-13	3-6	3-11	4-5	4-10	5-7	8-10	9-12	9-13
5307	1	7680	0-6	1-11	2-12	2-13	3-6	3-12	4-5	4-8	5-7	9-10	9-13	10-11
5308	2	3840	0-6	1-11	2-12	2-13	3-5	3-6	4-8	4-10	5-7	9-12	9-13	10-11
5309	2	3840	0-6	1-11	2-3	2-13	3-13	4-5	4-6	5-7	8-11	9-10	9-12	10-12
5310	2	3840	0-6	1-11	2-10	2-13	3-9	3-13	4-5	4-6	5-7	8-11	9-12	10-12
5311	1	7680	0-6	1-11	2-12	2-13	3-6	3-12	4-5	4-10	5-7	8-11	9-10	9-13
5312	2	3840	0-6	1-12	2-11	2-13	3-6	3-12	4-5	4-10	5-7	8-10	9-11	9-13
5313	1	7680	0-6	1-12	2-11	2-13	3-6	3-9	4-5	4-8	5-7	9-13	10-11	10-12
5314	1	7680	0-6	1-12	2-11	2-13	3-6	3-12	4-5	4-8	5-7	9-10	9-13	10-11
5315	1	7680	0-6	1-12	2-12	2-13	3-6	3-11	4-5	4-8	5-7	9-10	9-13	10-11
5316	1	7680	0-6	1-12	2-4	2-13	3-6	3-9	4-5	5-7	8-11	9-13	10-11	10-12
5317	1	7680	0-6	1-12	2-4	2-13	3-6	3-12	4-5	5-7	8-11	9-10	9-13	10-11
5318	1	7680	0-6	1-12	2-11	2-13	3-6	3-12	4-5	4-10	5-7	8-11	9-10	9-13
5319	1	7680	0-6	1-13	2-8	2-13	3-6	3-12	4-5	4-10	5-7	9-11	9-12	10-11
5320	2	3840	0-6	1-13	2-4	2-13	3-11	3-12	4-5	5-7	6-9	8-9	10-11	10-12
5321	1	7680	0-6	1-13	2-4	2-13	3-6	3-8	4-5	5-7	9-11	9-12	10-11	10-12
5322	1	7680	0-6	1-13	2-4	2-13	3-6	3-12	4-5	5-7	8-10	9-11	9-12	10-11
5323	1	7680	0-6	1-13	2-11	2-13	3-6	3-12	4-5	4-9	5-7	8-10	9-12	10-11
5324	1	7680	0-6	1-13	2-11	2-13	3-6	3-12	4-5	4-10	5-7	8-10	9-11	9-12
5325	1	7680	0-6	1-13	2-12	2-13	3-6	3-12	4-5	4-9	5-7	8-10	9-11	10-11
5326	1	7680	0-6	1-13	2-12	2-13	3-6	3-11	4-5	4-9	5-7	8-10	9-12	10-11
5327	1	7680	0-6	1-13	2-12	2-13	3-11	3-12	4-5	4-9	5-7	6-9	8-10	10-11
5328	1	7680	0-6	1-13	2-12	2-13	3-4	3-6	4-5	5-7	8-10	9-11	9-12	10-11
5329	1	7680	0-6	1-13	2-12	2-13	3-6	3-11	4-5	4-10	5-7	8-10	9-11	9-12
5330	1	7680	0-6	1-13	2-10	2-13	3-6	3-12	4-5	4-8	5-7	9-11	9-12	10-11
5331	2	3840	0-6	1-13	2-11	2-13	3-6	3-12	4-5	4-8	5-7	9-10	9-12	10-11
5332	2	3840	0-6	1-13	2-12	2-13	3-6	3-11	4-5	4-8	5-7	9-10	9-12	10-11
5333	1	7680	0-6	1-13	2-12	2-13	3-11	3-12	4-5	4-8	5-7	6-9	9-10	10-11
5334	1	7680	0-6	1-13	2-10	2-13	3-6	3-12	4-5	4-9	5-7	8-11	9-12	10-11
5335	1	7680	0-6	1-13	2-10	2-13	3-6	3-12	4-5	4-10	5-7	8-11	9-11	9-12
5336	1	7680	0-6	1-13	2-11	2-13	3-6	3-12	4-5	4-10	5-7	8-11	9-10	9-12
5337	1	7680	0-6	1-13	2-12	2-13	3-6	3-12	4-5	4-10	5-7	8-11	9-10	9-11
5338	1	7680	0-6	1-13	2-12	2-13	3-4	3-6	4-5	5-7	8-11	9-10	9-12	10-11
5339	1	7680	0-6	1-13	2-12	2-13	3-6	3-11	4-5	4-10	5-7	8-11	9-10	9-12
5340	1	7680	0-6	1-13	2-12	2-13	3-4	3-12	4-5	5-7	6-9	8-11	9-10	10-11
5341	1	7680	0-6	1-13	2-12	2-13	3-11	3-12	4-5	4-10	5-7	6-9	8-11	9-10
5342	1	7680	0-6	1-13	2-12	2-13	3-5	3-6	4-9	4-10	5-7	8-11	9-12	10-11
5343	2	3840	0-6	1-13	2-12	2-13	3-11	3-12	4-9	4-10	5-7	5-10	6-9	8-11
5344	2	3840	0-6	1-13	2-12	2-13	3-4	3-6	4-10	5-7	5-10	8-11	9-11	9-12
5345	1	7680	0-6	1-2	2-13	3-9	3-13	4-5	4-6	5-10	7-12	8-11	9-12	10-11
5346	1	7680	0-6	1-2	2-13	3-11	3-13	4-5	4-6	5-10	7-12	8-11	9-10	9-12
5347	1	7680	0-6	1-9	2-11	2-13	3-6	3-12	4-5	4-8	5-10	7-12	9-13	10-11
5348	1	7680	0-6	1-9	2-5	2-13	3-6	3-11	4-5	4-8	7-12	9-13	10-11	10-12
5349	1	7680	0-6	1-9	2-12	2-13	3-6	3-11	4-5	4-8	5-10	7-12	9-13	10-11
5350	1	7680	0-6	1-9	2-3	2-13	3-13	4-5	4-6	5-10	7-12	8-11	9-12	10-11
5351	2	3840	0-6	1-9	2-10	2-13	3-12	3-13	4-5	4-6	5-9	7-12	8-11	10-11
5352	1	7680	0-6	1-9	2-10	2-13	3-11	3-13	4-5	4-6	5-10	7-12	8-11	9-12
5353	1	7680	0-6	1-9	2-4	2-13	3-6	3-12	4-5	5-10	7-12	8-11	9-13	10-11
5354	1	7680	0-6	1-9	2-5	2-13	3-4	3-6	4-5	7-12	8-11	9-13	10-11	10-12
5355	1	7680	0-6	1-9	2-5	2-13	3-6	3-12	4-5	4-10	7-12	8-11	9-13	10-11
5356	1	7680	0-6	1-9	2-12	2-13	3-4	3-6	4-5	5-10	7-12	8-11	9-13	10-11
5357	1	7680	0-6	1-9	2-12	2-13	3-6	3-11	4-5	4-10	5-10	7-12	8-11	9-13
5358	1	7680	0-6	1-9	2-12	2-13	3-5	3-6	4-5	4-10	7-12	8-11	9-13	10-11
5359	1	7680	0-6	1-3	2-12	2-13	3-6	4-5	4-8	5-10	7-12	9-11	9-13	10-11
5360	1	7680	0-6	1-3	2-5	2-13	3-6	4-5	4-9	7-12	8-11	9-13	10-11	10-12
5361	1	7680	0-6	1-3	2-12	2-13	3-6	4-5	4-9	5-10	7-12	8-11	9-13	10-11
5362	1	7680	0-6	1-3	2-12	2-13	3-6	4-5	4-10	5-10	7-12	8-11	9-11	9-13
5363	1	7680	0-6	1-10	2-5	2-13	3-6	3-12	4-5	4-8	7-12	9-11	9-13	10-11
5364	1	7680	0-6	1-10	2-12	2-13	3-5	3-6	4-5	4-8	7-12	9-11	9-13	10-11
5365	1	7680	0-6	1-10	2-12	2-13	3-6	3-11	4-5	4-8	5-9	7-12	9-13	10-11
5366	2	3840	0-6	1-10	2-3	2-13	3-13	4-5	4-6	5-10	7-12	8-11	9-11	9-12
5367	2	3840	0-6	1-10	2-11	2-13	3-9	3-13	4-5	4-6	5-10	7-12	8-11	9-12
5368	1	7680	0-6	1-10	2-5	2-13	3-6	3-12	4-5	4-9	7-12	8-11	9-13	10-11
5369	1	7680	0-6	1-10	2-5	2-13	3-6	3-12	4-5	4-10	7-12	8-11	9-11	9-13
5370	1	7680	0-6	1-10	2-12	2-13	3-5	3-6	4-5	4-9	7-12	8-11	9-13	10-11
5371	1	7680	0-6	1-10	2-12	2-13	3-5	3-6	4-5	4-10	7-12	8-11	9-11	9-13
5372	2	3840	0-6	1-10	2-11	2-13	3-6	3-12	4-5	4-10	5-8	7-12	9-11	9-13
5373	2	3840	0-6	1-10	2-11	2-13	3-5	3-6	4-5	4-10	7-12	8-12	9-11	9-13
5374	2	3840	0-6	1-4	2-10	2-13	3-11	3-13	4-6	5-10	5-11	7-12	8-9	9-12
5375	1	7680	0-6	1-4	2-11	2-13	3-6	3-12	4-5	5-10	7-12	8-9	9-13	10-11
5376	1	7680	0-6	1-4	2-5	2-13	3-6	3-11	4-5	7-12	8-9	9-13	10-11	10-12
5377	1	7680	0-6	1-4	2-12	2-13	3-6	3-11	4-5	5-10	7-12	8-9	9-13	10-11
5378	1	7680	0-6	1-4	2-12	2-13	3-6	3-8	4-5	5-10	7-12	9-11	9-13	10-11
5379	1	7680	0-6	1-4	2-5	2-13	3-6	3-12	4-5	7-12	8-10	9-11	9-13	10-11
5380	1	7680	0-6	1-4	2-12	2-13	3-5	3-6	4-5	7-12	8-10	9-11	9-13	10-11
5381	1	7680	0-6	1-4	2-12	2-13	3-6	3-11	4-5	5-9	7-12	8-10	9-13	10-11
5382	1	7680	0-6	1-4	2-5	2-13	3-6	3-12	4-5	7-12	8-11	9-10	9-13	10-11
5383	1	7680	0-6	1-4	2-12	2-13	3-6	3-9	4-5	5-10	7-12	8-11	9-13	10-11
5384	1	7680	0-6	1-4	2-12	2-13	3-5	3-6	4-5	7-12	8-11	9-10	9-13	10-11
5385	1	7680	0-6	1-4	2-11	2-13	3-6	3-9	4-5	5-8	7-12	9-13	10-11	10-12
5386	1	7680	0-6	1-4	2-11	2-13	3-6	3-12	4-5	5-8	7-12	9-10	9-13	10-11
5387	1	7680	0-6	1-4	2-12	2-13	3-6	3-11	4-5	5-8	7-12	9-10	9-13	10-11
5388	1	7680	0-6	1-4	2-11	2-13	3-6	3-9	4-5	5-10	7-12	8-12	9-13	10-11
5389	1	7680	0-6	1-4	2-11	2-13	3-5	3-6	4-5	7-12	8-12	9-10	9-13	10-11
5390	1	7680	0-6	1-4	2-5	2-13	3-6	3-11	4-5	7-12	8-12	9-10	9-13	10-11
5391	1	7680	0-6	1-11	2-8	2-13	3-9	3-13	4-5	4-6	5-10	7-12	9-12	10-11
5392	1	7680	0-6	1-11	2-8	2-13	3-4	3-13	4-6	5-10	5-11	7-12	9-10	9-12
5393	1	7680	0-6	1-11	2-8	2-13	3-11	3-13	4-5	4-6	5-10	7-12	9-10	9-12
5394	1	7680	0-6	1-11	2-3	2-13	3-13	4-5	4-6	5-10	7-12	8-9	9-12	10-11
5395	1	7680	0-6	1-11	2-10	2-13	3-12	3-13	4-5	4-6	5-9	7-12	8-9	10-11
5396	1	7680	0-6	1-11	2-10	2-13	3-11	3-13	4-5	4-6	5-10	7-12	8-9	9-12
5397	1	7680	0-6	1-11	2-4	2-13	3-6	3-12	4-5	5-10	7-12	8-9	9-13	10-11
5398	1	7680	0-6	1-11	2-5	2-13	3-4	3-6	4-5	7-12	8-9	9-13	10-11	10-12
5399	1	7680	0-6	1-11	2-5	2-13	3-6	3-12	4-5	4-10	7-12	8-9	9-13	10-11
5400	1	7680	0-6	1-11	2-12	2-13	3-4	3-6	4-5	5-10	7-12	8-9	9-13	10-11
5401	1	7680	0-6	1-11	2-12	2-13	3-6	3-11	4-5	4-10	5-10	7-12	8-9	9-13
5402	1	7680	0-6	1-11	2-12	2-13	3-5	3-6	4-5	4-10	7-12	8-9	9-13	10-11
5403	1	7680	0-6	1-11	2-5	2-13	3-6	3-8	4-5	4-9	7-12	9-13	10-11	10-12
5404	1	7680	0-6	1-11	2-12	2-13	3-6	3-8	4-5	4-9	5-10	7-12	9-13	10-11
5405	1	7680	0-6	1-11	2-12	2-13	3-6	3-8	4-5	4-10	5-10	7-12	9-11	9-13
5406	1	7680	0-6	1-11	2-3	2-13	3-13	4-5	4-6	5-10	7-12	8-10	9-11	9-12
5407	1	7680	0-6	1-11	2-10	2-13	3-12	3-13	4-5	4-6	5-9	7-12	8-10	9-11
5408	1	7680	0-6	1-11	2-11	2-13	3-9	3-13	4-5	4-6	5-10	7-12	8-10	9-12
5409	1	7680	0-6	1-11	2-11	2-13	3-12	3-13	4-5	4-6	5-9	7-12	8-10	9-10
5410	1	7680	0-6	1-11	2-5	2-13	3-6	3-12	4-5	4-9	7-12	8-10	9-13	10-11
5411	1	7680	0-6	1-11	2-5	2-13	3-6	3-12	4-5	4-10	7-12	8-10	9-11	9-13
5412	1	7680	0-6	1-11	2-12	2-13	3-5	3-6	4-5	4-9	7-12	8-10	9-13	10-11
5413	1	7680	0-6	1-11	2-12	2-13	3-5	3-6	4-5	4-10	7-12	8-10	9-11	9-13
5414	1	7680	0-6	1-11	2-5	2-13	3-6	3-12	4-5	4-8	7-12	9-10	9-13	10-11
5415	1	7680	0-6	1-11	2-12	2-13	3-6	3-9	4-5	4-8	5-10	7-12	9-13	10-11
5416	1	7680	0-6	1-11	2-12	2-13	3-5	3-6	4-5	4-8	7-12	9-10	9-13	10-11
5417	1	7680	0-6	1-11	2-3	2-13	3-13	4-5	4-6	5-10	7-12	8-11	9-10	9-12
5418	1	7680	0-6	1-11	2-5	2-13	3-6	3-12	4-5	4-10	7-12	8-11	9-10	9-13
5419	1	7680	0-6	1-11	2-12	2-13	3-5	3-6	4-5	4-10	7-12	8-11	9-10	9-13
5420	1	7680	0-6	1-11	2-4	2-13	3-6	3-9	4-5	5-8	7-12	9-13	10-11	10-12
5421	1	7680	0-6	1-11	2-4	2-13	3-6	3-12	4-5	5-8	7-12	9-10	9-13	10-11
5422	1	7680	0-6	1-11	2-11	2-13	3-6	3-12	4-5	4-10	5-8	7-12	9-10	9-13
5423	1	7680	0-6	1-11	2-4	2-13	3-6	3-9	4-5	5-10	7-12	8-12	9-13	10-11
5424	1	7680	0-6	1-11	2-4	2-13	3-5	3-6	4-5	7-12	8-12	9-10	9-13	10-11
5425	1	7680	0-6	1-11	2-11	2-13	3-6	3-9	4-5	4-10	5-10	7-12	8-12	9-13
5426	1	7680	0-6	1-11	2-11	2-13	3-5	3-6	4-5	4-10	7-12	8-12	9-10	9-13
5427	2	3840	0-6	1-5	2-11	2-13	3-6	3-12	4-5	4-10	7-12	8-10	9-11	9-13
5428	1	7680	0-6	1-5	2-11	2-13	3-6	3-9	4-5	4-8	7-12	9-13	10-11	10-12
5429	1	7680	0-6	1-5	2-11	2-13	3-6	3-12	4-5	4-8	7-12	9-10	9-13	10-11
5430	1	7680	0-6	1-5	2-12	2-13	3-6	3-11	4-5	4-8	7-12	9-10	9-13	10-11
5431	1	7680	0-6	1-5	2-4	2-13	3-6	3-9	4-5	7-12	8-11	9-13	10-11	10-12
5432	1	7680	0-6	1-5	2-4	2-13	3-6	3-12	4-5	7-12	8-11	9-10	9-13	10-11
5433	1	7680	0-6	1-5	2-11	2-13	3-6	3-12	4-5	4-10	7-12	8-11	9-10	9-13
5434	2	3840	0-6	1-12	2-11	2-13	3-5	3-6	4-5	4-10	7-12	8-10	9-11	9-13
5435	1	7680	0-6	1-12	2-11	2-13	3-6	3-9	4-5	4-8	5-10	7-12	9-13	10-11
5436	1	7680	0-6	1-12	2-11	2-13	3-5	3-6	4-5	4-8	7-12	9-10	9-13	10-11
5437	1	7680	0-6	1-12	2-5	2-13	3-6	3-11	4-5	4-8	7-12	9-10	9-13	10-11
5438	1	7680	0-6	1-12	2-4	2-13	3-6	3-9	4-5	5-10	7-12	8-11	9-13	10-11
5439	1	7680	0-6	1-12	2-4	2-13	3-5	3-6	4-5	7-12	8-11	9-10	9-13	10-11
5440	1	7680	0-6	1-12	2-11	2-13	3-6	3-9	4-5	4-10	5-10	7-12	8-11	9-13
5441	1	7680	0-6	1-12	2-11	2-13	3-5	3-6	4-5	4-10	7-12	8-11	9-10	9-13
5442	1	7680	0-6	1-13	2-8	2-13	3-6	3-12	4-5	4-10	5-9	7-12	9-11	10-11
5443	1	7680	0-6	1-13	2-8	2-13	3-4	3-6	4-5	5-10	7-12	9-11	9-12	10-11
5444	1	7680	0-6	1-13	2-8	2-13	3-6	3-11	4-5	4-10	5-10	7-12	9-11	9-12
5445	1	7680	0-6	1-13	2-8	2-13	3-5	3-6	4-5	4-10	7-12	9-11	9-12	10-11
5446	1	7680	0-6	1-13	2-4	2-13	3-11	3-12	4-5	5-10	6-9	7-12	8-9	10-11
5447	1	7680	0-6	1-13	2-11	2-13	3-4	3-12	4-5	5-10	6-9	7-12	8-9	10-11
5448	1	7680	0-6	1-13	2-11	2-13	3-11	3-12	4-5	4-10	5-10	6-9	7-12	8-9
5449	1	7680	0-6	1-13	2-11	2-13	3-5	3-12	4-5	4-10	6-9	7-12	8-9	10-11
5450	1	7680	0-6	1-13	2-5	2-13	3-11	3-12	4-5	4-10	6-9	7-12	8-9	10-11
5451	2	3840	0-6	1-13	2-12	2-13	3-5	3-11	4-5	4-10	6-9	7-12	8-9	10-11
5452	1	7680	0-6	1-13	2-4	2-13	3-6	3-8	4-5	5-10	7-12	9-11	9-12	10-11
5453	1	7680	0-6	1-13	2-11	2-13	3-6	3-8	4-5	4-9	5-10	7-12	9-12	10-11
5454	1	7680	0-6	1-13	2-11	2-13	3-6	3-8	4-5	4-10	5-10	7-12	9-11	9-12
5455	1	7680	0-6	1-13	2-4	2-13	3-6	3-12	4-5	5-9	7-12	8-10	9-11	10-11
5456	1	7680	0-6	1-13	2-4	2-13	3-5	3-6	4-5	7-12	8-10	9-11	9-12	10-11
5457	1	7680	0-6	1-13	2-4	2-13	3-6	3-11	4-5	5-9	7-12	8-10	9-12	10-11
5458	1	7680	0-6	1-13	2-11	2-13	3-6	3-12	4-5	4-9	5-9	7-12	8-10	10-11
5459	1	7680	0-6	1-13	2-11	2-13	3-5	3-6	4-5	4-9	7-12	8-10	9-12	10-11
5460	1	7680	0-6	1-13	2-11	2-13	3-6	3-12	4-5	4-10	5-9	7-12	8-10	9-11
5461	1	7680	0-6	1-13	2-11	2-13	3-5	3-6	4-5	4-10	7-12	8-10	9-11	9-12
5462	1	7680	0-6	1-13	2-5	2-13	3-6	3-12	4-5	4-9	7-12	8-10	9-11	10-11
5463	1	7680	0-6	1-13	2-5	2-13	3-6	3-11	4-5	4-9	7-12	8-10	9-12	10-11
5464	1	7680	0-6	1-13	2-5	2-13	3-11	3-12	4-5	4-9	6-9	7-12	8-10	10-11
5465	1	7680	0-6	1-13	2-5	2-13	3-4	3-6	4-5	7-12	8-10	9-11	9-12	10-11
5466	1	7680	0-6	1-13	2-5	2-13	3-6	3-11	4-5	4-10	7-12	8-10	9-11	9-12
5467	1	7680	0-6	1-13	2-12	2-13	3-5	3-6	4-5	4-9	7-12	8-10	9-11	10-11
5468	1	7680	0-6	1-13	2-12	2-13	3-6	3-11	4-5	4-9	5-9	7-12	8-10	10-11
5469	1	7680	0-6	1-13	2-12	2-13	3-4	3-6	4-5	5-9	7-12	8-10	9-11	10-11
5470	1	7680	0-6	1-13	2-12	2-13	3-6	3-11	4-5	4-10	5-9	7-12	8-10	9-11
5471	1	7680	0-6	1-13	2-3	2-13	3-6	4-5	4-8	5-10	7-12	9-11	9-12	10-11
5472	1	7680	0-6	1-13	2-10	2-13	3-6	3-12	4-5	4-8	5-9	7-12	9-11	10-11
5473	1	7680	0-6	1-13	2-10	2-13	3-5	3-6	4-5	4-8	7-12	9-11	9-12	10-11
5474	1	7680	0-6	1-13	2-10	2-13	3-6	3-11	4-5	4-8	5-9	7-12	9-12	10-11
5475	1	7680	0-6	1-13	2-11	2-13	3-5	3-6	4-5	4-8	7-12	9-10	9-12	10-11
5476	1	7680	0-6	1-13	2-5	2-13	3-11	3-12	4-5	4-8	6-9	7-12	9-10	10-11
5477	2	3840	0-6	1-13	2-5	2-13	3-6	3-11	4-8	4-10	5-10	7-12	9-11	9-12
5478	1	7680	0-6	1-13	2-12	2-13	3-5	3-6	4-5	4-8	7-12	9-10	9-11	10-11
5479	1	7680	0-6	1-13	2-12	2-13	3-6	3-11	4-8	4-10	5-9	5-10	7-12	9-11
5480	2	3840	0-6	1-13	2-3	2-13	3-6	4-5	4-9	5-10	7-12	8-11	9-12	10-11
5481	1	7680	0-6	1-13	2-10	2-13	3-6	3-12	4-5	4-9	5-9	7-12	8-11	10-11
5482	1	7680	0-6	1-13	2-10	2-13	3-5	3-6	4-5	4-9	7-12	8-11	9-12	10-11
5483	1	7680	0-6	1-13	2-10	2-13	3-6	3-12	4-5	4-10	5-9	7-12	8-11	9-11
5484	1	7680	0-6	1-13	2-10	2-13	3-5	3-6	4-5	4-10	7-12	8-11	9-11	9-12
5485	2	3840	0-6	1-13	2-4	2-13	3-5	3-6	4-5	7-12	8-11	9-10	9-12	10-11
5486	2	3840	0-6	1-13	2-11	2-13	3-6	3-12	4-5	4-10	5-9	7-12	8-11	9-10
5487	1	7680	0-6	1-13	2-11	2-13	3-5	3-6	4-5	4-10	7-12	8-11	9-10	9-12
5488	1	7680	0-6	1-13	2-11	2-13	3-5	3-12	4-5	4-10	6-9	7-12	8-11	9-10
5489	1	7680	0-6	1-13	2-5	2-13	3-6	3-12	4-5	4-10	7-12	8-11	9-10	9-11
5490	2	3840	0-6	1-13	2-5	2-13	3-4	3-6	4-5	7-12	8-11	9-10	9-12	10-11
5491	1	7680	0-6	1-13	2-5	2-13	3-6	3-11	4-5	4-10	7-12	8-11	9-10	9-12
5492	1	7680	0-6	1-13	2-5	2-13	3-4	3-12	4-5	6-9	7-12	8-11	9-10	10-11
5493	1	7680	0-6	1-13	2-5	2-13	3-11	3-12	4-5	4-10	6-9	7-12	8-11	9-10
5494	1	7680	0-6	1-13	2-5	2-13	3-5	3-6	4-9	4-10	7-12	8-11	9-12	10-11
5495	2	3840	0-6	1-13	2-5	2-13	3-11	3-12	4-9	4-10	5-10	6-9	7-12	8-11
5496	2	3840	0-6	1-13	2-5	2-13	3-5	3-12	4-9	4-10	6-9	7-12	8-11	10-11
5497	1	7680	0-6	1-13	2-5	2-13	3-4	3-6	4-10	5-10	7-12	8-11	9-11	9-12
5498	1	7680	0-6	1-13	2-12	2-13	3-5	3-6	4-5	4-10	7-12	8-11	9-10	9-11
5499	2	3840	0-6	1-13	2-12	2-13	3-6	3-11	4-5	4-10	5-9	7-12	8-11	9-10
5500	1	7680	0-6	1-13	2-12	2-13	3-4	3-5	4-5	6-9	7-12	8-11	9-10	10-11
5501	1	7680	0-6	1-13	2-12	2-13	3-5	3-11	4-5	4-10	6-9	7-12	8-11	9-10
5502	2	3840	0-6	1-13	2-12	2-13	3-6	3-11	4-9	4-10	5-9	5-10	7-12	8-11
5503	1	7680	0-6	1-13	2-12	2-13	3-5	3-6	4-9	4-10	5-9	7-12	8-11	10-11
5504	1	7680	0-6	1-13	2-12	2-13	3-5	3-11	4-9	4-10	5-10	6-9	7-12	8-11
5505	1	7680	0-6	1-13	2-12	2-13	3-4	3-6	4-10	5-9	5-10	7-12	8-11	9-11
5506	4	1920	0-6	1-13	2-12	2-13	3-4	3-5	4-10	5-10	6-9	7-12	8-11	9-11
5507	1	7680	0-6	1-13	2-12	2-13	3-4	3-5	4-10	5-9	6-9	7-12	8-11	10-11
5508	1	7680	0-6	1-13	2-10	2-13	3-6	3-11	4-5	4-9	5-8	7-12	9-12	10-11
5509	1	7680	0-6	1-13	2-10	2-13	3-4	3-6	4-5	5-8	7-12	9-11	9-12	10-11
5510	1	7680	0-6	1-13	2-10	2-13	3-6	3-11	4-5	4-10	5-8	7-12	9-11	9-12
5511	1	7680	0-6	1-13	2-4	2-13	3-6	3-11	4-5	5-8	7-12	9-10	9-12	10-11
5512	1	7680	0-6	1-13	2-4	2-13	3-11	3-12	4-5	5-8	6-9	7-12	9-10	10-11
5513	2	3840	0-6	1-13	2-4	2-13	3-6	3-11	4-10	5-8	5-10	7-12	9-11	9-12
5514	1	7680	0-6	1-13	2-11	2-13	3-6	3-12	4-5	4-10	5-8	7-12	9-10	9-11
5515	1	7680	0-6	1-13	2-11	2-13	3-4	3-6	4-5	5-8	7-12	9-10	9-12	10-11
5516	1	7680	0-6	1-13	2-11	2-13	3-6	3-11	4-5	4-10	5-8	7-12	9-10	9-12
5517	2	3840	0-6	1-13	2-11	2-13	3-4	3-12	4-5	5-8	6-9	7-12	9-10	10-11
5518	2	3840	0-6	1-13	2-11	2-13	3-11	3-12	4-5	4-10	5-8	6-9	7-12	9-10
5519	2	3840	0-6	1-13	2-11	2-13	3-6	3-11	4-9	4-10	5-8	5-10	7-12	9-12
5520	1	7680	0-6	1-13	2-11	2-13	3-5	3-6	4-9	4-10	5-8	7-12	9-12	10-11
5521	2	3840	0-6	1-13	2-11	2-13	3-11	3-12	4-9	4-10	5-8	5-10	6-9	7-12
5522	2	3840	0-6	1-13	2-11	2-13	3-4	3-6	4-10	5-8	5-10	7-12	9-11	9-12
5523	1	7680	0-6	1-13	2-12	2-13	3-4	3-6	4-5	5-8	7-12	9-10	9-11	10-11
5524	1	7680	0-6	1-13	2-12	2-13	3-6	3-11	4-5	4-10	5-8	7-12	9-10	9-11
5525	4	1920	0-6	1-13	2-12	2-13	3-5	3-6	4-9	4-10	5-8	7-12	9-11	10-11
5526	1	7680	0-6	1-13	2-12	2-13	3-4	3-5	4-10	5-8	6-9	7-12	9-11	10-11
5527	16	480	0-6	1-13	2-12	2-13	3-4	3-11	4-10	5-8	5-9	6-9	7-12	10-11
5528	1	7680	0-6	1-2	2-13	3-6	3-11	4-5	4-12	5-10	7-13	8-10	9-11	9-12
5529	1	7680	0-6	1-2	2-13	3-5	3-6	4-5	4-12	7-13	8-10	9-11	9-12	10-11
5530	1	7680	0-6	1-2	2-13	3-6	3-12	4-5	4-8	5-10	7-13	9-11	9-12	10-11
5531	1	7680	0-6	1-2	2-13	3-9	3-12	4-5	4-6	5-10	7-13	8-11	9-12	10-11
5532	1	7680	0-6	1-2	2-13	3-11	3-12	4-5	4-6	5-10	7-13	8-11	9-10	9-12
5533	1	7680	0-6	1-2	2-13	3-6	3-12	4-5	4-10	5-8	7-13	9-11	9-12	10-11
5534	1	7680	0-6	1-2	2-13	3-6	3-12	4-5	4-10	5-9	7-13	8-12	9-11	10-11
5535	1	7680	0-6	1-2	2-13	3-4	3-6	4-5	5-10	7-13	8-12	9-11	9-12	10-11
5536	1	7680	0-6	1-2	2-13	3-6	3-11	4-5	4-10	5-10	7-13	8-12	9-11	9-12
5537	1	7680	0-6	1-2	2-13	3-5	3-6	4-5	4-10	7-13	8-12	9-11	9-12	10-11
5538	2	3840	0-6	1-2	2-6	3-4	3-12	4-5	5-10	7-13	8-13	9-11	9-12	10-11
5539	2	3840	0-6	1-2	2-6	3-11	3-12	4-5	4-10	5-10	7-13	8-13	9-11	9-12
5540	2	3840	0-6	1-2	2-6	3-5	3-12	4-5	4-10	7-13	8-13	9-11	9-12	10-11
5541	24	320	0-6	1-9	2-8	2-13	3-4	3-12	4-12	5-10	5-11	6-9	7-13	10-11
5542	24	320	0-6	1-9	2-8	2-13	3-11	3-12	4-10	4-12	5-10	5-11	6-9	7-13
5543	8	960	0-6	1-9	2-8	2-13	3-11	3-12	4-5	4-12	5-10	6-9	7-13	10-11
5544	1	7680	0-6	1-9	2-11	2-13	3-5	3-6	4-5	4-12	7-13	8-10	9-12	10-11
5545	1	7680	0-6	1-9	2-12	2-13	3-11	3-12	4-5	4-8	5-10	6-9	7-13	10-11
5546	2	3840	0-6	1-9	2-4	2-13	3-11	3-12	4-5	5-8	6-9	7-13	10-11	10-12
5547	1	7680	0-6	1-9	2-4	2-13	3-11	3-12	4-5	5-10	6-9	7-13	8-12	10-11
5548	1	7680	0-6	1-9	2-11	2-13	3-4	3-12	4-5	5-10	6-9	7-13	8-12	10-11
5549	1	7680	0-6	1-9	2-11	2-13	3-11	3-12	4-5	4-10	5-10	6-9	7-13	8-12
5550	1	7680	0-6	1-9	2-11	2-13	3-5	3-12	4-5	4-10	6-9	7-13	8-12	10-11
5551	1	7680	0-6	1-9	2-5	2-13	3-11	3-12	4-5	4-10	6-9	7-13	8-12	10-11
5552	2	3840	0-6	1-9	2-12	2-13	3-5	3-11	4-5	4-10	6-9	7-13	8-12	10-11
5553	2	3840	0-6	1-3	2-8	2-13	3-6	4-9	4-12	5-10	5-11	7-13	9-12	10-11
5554	2	3840	0-6	1-3	2-8	2-13	3-6	4-10	4-12	5-10	5-11	7-13	9-11	9-12
5555	1	7680	0-6	1-3	2-8	2-13	3-6	4-5	4-12	5-10	7-13	9-11	9-12	10-11
5556	1	7680	0-6	1-3	2-12	2-13	3-6	4-5	4-8	5-10	7-13	9-11	9-12	10-11
5557	1	7680	0-6	1-3	2-12	2-13	3-6	4-5	4-9	5-10	7-13	8-11	9-12	10-11
5558	1	7680	0-6	1-3	2-4	2-13	3-6	4-5	5-8	7-13	9-11	9-12	10-11	10-12
5559	1	7680	0-6	1-3	2-4	2-13	3-6	4-5	5-10	7-13	8-12	9-11	9-12	10-11
5560	1	7680	0-6	1-3	2-11	2-13	3-6	4-5	4-9	5-10	7-13	8-12	9-12	10-11
5561	1	7680	0-6	1-3	2-11	2-13	3-6	4-5	4-10	5-10	7-13	8-12	9-11	9-12
5562	1	7680	0-6	1-10	2-8	2-13	3-6	3-11	4-5	4-12	5-10	7-13	9-11	9-12
5563	1	7680	0-6	1-10	2-8	2-13	3-5	3-6	4-5	4-12	7-13	9-11	9-12	10-11
5564	1	7680	0-6	1-10	2-11	2-13	3-6	3-11	4-5	4-12	5-10	7-13	8-9	9-12
5565	1	7680	0-6	1-10	2-11	2-13	3-5	3-6	4-5	4-12	7-13	8-9	9-12	10-11
5566	1	7680	0-6	1-10	2-12	2-13	3-5	3-6	4-5	4-12	7-13	8-9	9-11	10-11
5567	1	7680	0-6	1-10	2-11	2-13	3-6	3-12	4-5	4-8	5-9	7-13	9-12	10-11
5568	1	7680	0-6	1-10	2-5	2-13	3-6	3-12	4-5	4-8	7-13	9-11	9-12	10-11
5569	1	7680	0-6	1-10	2-12	2-13	3-6	3-12	4-5	4-8	5-9	7-13	9-11	10-11
5570	1	7680	0-6	1-10	2-12	2-13	3-5	3-6	4-5	4-8	7-13	9-11	9-12	10-11
5571	1	7680	0-6	1-10	2-12	2-13	3-6	3-11	4-5	4-8	5-9	7-13	9-12	10-11
5572	1	7680	0-6	1-10	2-12	2-13	3-11	3-12	4-5	4-8	5-9	6-9	7-13	10-11
5573	1	7680	0-6	1-10	2-4	2-13	3-6	3-12	4-5	5-9	7-13	8-11	9-12	10-11
5574	1	7680	0-6	1-10	2-11	2-13	3-6	3-12	4-5	4-10	5-9	7-13	8-11	9-12
5575	1	7680	0-6	1-10	2-5	2-13	3-6	3-12	4-5	4-9	7-13	8-11	9-12	10-11
5576	1	7680	0-6	1-10	2-5	2-13	3-6	3-12	4-5	4-10	7-13	8-11	9-11	9-12
5577	1	7680	0-6	1-10	2-12	2-13	3-6	3-12	4-5	4-9	5-9	7-13	8-11	10-11
5578	1	7680	0-6	1-10	2-12	2-13	3-5	3-6	4-5	4-9	7-13	8-11	9-12	10-11
5579	1	7680	0-6	1-10	2-12	2-13	3-6	3-12	4-5	4-10	5-9	7-13	8-11	9-11
5580	1	7680	0-6	1-10	2-12	2-13	3-5	3-6	4-5	4-10	7-13	8-11	9-11	9-12
5581	1	7680	0-6	1-10	2-12	2-13	3-5	3-12	4-5	4-10	6-9	7-13	8-11	9-11
5582	1	7680	0-6	1-10	2-12	2-13	3-4	3-6	4-5	5-9	7-13	8-11	9-12	10-11
5583	1	7680	0-6	1-10	2-12	2-13	3-6	3-11	4-5	4-10	5-9	7-13	8-11	9-12
5584	1	7680	0-6	1-10	2-4	2-13	3-6	3-12	4-5	5-8	7-13	9-11	9-12	10-11
5585	1	7680	0-6	1-10	2-11	2-13	3-6	3-12	4-5	4-9	5-8	7-13	9-12	10-11
5586	1	7680	0-6	1-10	2-11	2-13	3-6	3-12	4-5	4-10	5-8	7-13	9-11	9-12
5587	1	7680	0-6	1-10	2-12	2-13	3-6	3-12	4-5	4-9	5-8	7-13	9-11	10-11
5588	1	7680	0-6	1-10	2-12	2-13	3-6	3-11	4-5	4-9	5-8	7-13	9-12	10-11
5589	1	7680	0-6	1-10	2-12	2-13	3-11	3-12	4-5	4-9	5-8	6-9	7-13	10-11
5590	1	7680	0-6	1-10	2-12	2-13	3-4	3-6	4-5	5-8	7-13	9-11	9-12	10-11
5591	1	7680	0-6	1-10	2-12	2-13	3-6	3-11	4-5	4-10	5-8	7-13	9-11	9-12
5592	1	7680	0-6	1-10	2-4	2-13	3-6	3-12	4-5	5-9	7-13	8-12	9-11	10-11
5593	1	7680	0-6	1-10	2-4	2-13	3-5	3-6	4-5	7-13	8-12	9-11	9-12	10-11
5594	1	7680	0-6	1-10	2-4	2-13	3-6	3-11	4-5	5-9	7-13	8-12	9-12	10-11
5595	1	7680	0-6	1-10	2-11	2-13	3-6	3-12	4-5	4-9	5-9	7-13	8-12	10-11
5596	1	7680	0-6	1-10	2-11	2-13	3-5	3-6	4-5	4-9	7-13	8-12	9-12	10-11
5597	1	7680	0-6	1-10	2-11	2-13	3-6	3-12	4-5	4-10	5-9	7-13	8-12	9-11
5598	1	7680	0-6	1-10	2-11	2-13	3-5	3-6	4-5	4-10	7-13	8-12	9-11	9-12
5599	1	7680	0-6	1-10	2-5	2-13	3-6	3-12	4-5	4-9	7-13	8-12	9-11	10-11
5600	1	7680	0-6	1-10	2-5	2-13	3-6	3-11	4-5	4-9	7-13	8-12	9-12	10-11
5601	1	7680	0-6	1-10	2-5	2-13	3-11	3-12	4-5	4-9	6-9	7-13	8-12	10-11
5602	1	7680	0-6	1-10	2-5	2-13	3-4	3-6	4-5	7-13	8-12	9-11	9-12	10-11
5603	1	7680	0-6	1-10	2-5	2-13	3-6	3-11	4-5	4-10	7-13	8-12	9-11	9-12
5604	1	7680	0-6	1-10	2-12	2-13	3-5	3-6	4-5	4-9	7-13	8-12	9-11	10-11
5605	1	7680	0-6	1-10	2-12	2-13	3-6	3-11	4-5	4-9	5-9	7-13	8-12	10-11
5606	1	7680	0-6	1-10	2-12	2-13	3-4	3-6	4-5	5-9	7-13	8-12	9-11	10-11
5607	1	7680	0-6	1-10	2-12	2-13	3-6	3-11	4-5	4-10	5-9	7-13	8-12	9-11
5608	1	7680	0-6	1-10	2-4	2-12	3-6	3-12	4-5	5-9	7-13	8-13	9-11	10-11
5609	1	7680	0-6	1-10	2-11	2-12	3-6	3-12	4-5	4-9	5-9	7-13	8-13	10-11
5610	1	7680	0-6	1-10	2-11	2-12	3-6	3-12	4-5	4-10	5-9	7-13	8-13	9-11
5611	2	3840	0-6	1-10	2-11	2-12	3-5	3-6	4-5	4-10	7-13	8-13	9-11	9-12
5612	1	7680	0-6	1-10	2-6	2-11	3-5	3-12	4-5	4-10	7-13	8-13	9-11	9-12
5613	1	7680	0-6	1-10	2-5	2-12	3-6	3-12	4-5	4-9	7-13	8-13	9-11	10-11
5614	2	3840	0-6	1-10	2-5	2-12	3-6	3-11	4-5	4-9	7-13	8-13	9-12	10-11
5615	1	7680	0-6	1-10	2-5	2-12	3-6	3-11	4-5	4-10	7-13	8-13	9-11	9-12
5616	1	7680	0-6	1-10	2-6	2-12	3-11	3-12	4-5	4-9	5-9	7-13	8-13	10-11
5617	1	7680	0-6	1-10	2-6	2-12	3-4	3-12	4-5	5-9	7-13	8-13	9-11	10-11
5618	1	7680	0-6	1-10	2-6	2-12	3-11	3-12	4-5	4-10	5-9	7-13	8-13	9-11
5619	1	7680	0-6	1-4	2-8	2-13	3-6	3-12	4-5	5-10	7-13	9-11	9-12	10-11
5620	1	7680	0-6	1-4	2-12	2-13	3-11	3-12	4-5	5-10	6-9	7-13	8-9	10-11
5621	1	7680	0-6	1-4	2-12	2-13	3-6	3-8	4-5	5-10	7-13	9-11	9-12	10-11
5622	1	7680	0-6	1-4	2-11	2-13	3-6	3-12	4-5	5-9	7-13	8-10	9-12	10-11
5623	1	7680	0-6	1-4	2-5	2-13	3-6	3-12	4-5	7-13	8-10	9-11	9-12	10-11
5624	1	7680	0-6	1-4	2-12	2-13	3-6	3-12	4-5	5-9	7-13	8-10	9-11	10-11
5625	1	7680	0-6	1-4	2-12	2-13	3-5	3-6	4-5	7-13	8-10	9-11	9-12	10-11
5626	1	7680	0-6	1-4	2-12	2-13	3-6	3-11	4-5	5-9	7-13	8-10	9-12	10-11
5627	1	7680	0-6	1-4	2-12	2-13	3-11	3-12	4-5	5-9	6-9	7-13	8-10	10-11
5628	1	7680	0-6	1-4	2-10	2-13	3-6	3-12	4-5	5-8	7-13	9-11	9-12	10-11
5629	1	7680	0-6	1-4	2-12	2-13	3-11	3-12	4-5	5-8	6-9	7-13	9-10	10-11
5630	1	7680	0-6	1-4	2-3	2-13	3-6	4-5	5-10	7-13	8-12	9-11	9-12	10-11
5631	1	7680	0-6	1-4	2-10	2-13	3-6	3-12	4-5	5-9	7-13	8-12	9-11	10-11
5632	1	7680	0-6	1-4	2-10	2-13	3-5	3-6	4-5	7-13	8-12	9-11	9-12	10-11
5633	1	7680	0-6	1-4	2-10	2-13	3-6	3-11	4-5	5-9	7-13	8-12	9-12	10-11
5634	1	7680	0-6	1-4	2-11	2-13	3-5	3-6	4-5	7-13	8-12	9-10	9-12	10-11
5635	1	7680	0-6	1-4	2-5	2-13	3-11	3-12	4-5	6-9	7-13	8-12	9-10	10-11
5636	1	7680	0-6	1-4	2-12	2-13	3-5	3-6	4-5	7-13	8-12	9-10	9-11	10-11
5637	1	7680	0-6	1-4	2-12	2-13	3-6	3-11	4-10	5-9	5-10	7-13	8-12	9-11
5638	1	7680	0-6	1-4	2-6	2-10	3-11	3-12	4-5	5-9	7-13	8-13	9-12	10-11
5639	1	7680	0-6	1-4	2-5	2-6	3-11	3-12	4-5	7-13	8-13	9-10	9-12	10-11
5640	1	7680	0-6	1-11	2-8	2-13	3-9	3-12	4-5	4-6	5-10	7-13	9-12	10-11
5641	1	7680	0-6	1-11	2-8	2-13	3-11	3-12	4-5	4-6	5-10	7-13	9-10	9-12
5642	1	7680	0-6	1-11	2-3	2-13	3-12	4-5	4-6	5-10	7-13	8-9	9-12	10-11
5643	1	7680	0-6	1-11	2-10	2-13	3-11	3-12	4-5	4-6	5-10	7-13	8-9	9-12
5644	1	7680	0-6	1-11	2-12	2-13	3-6	3-8	4-5	4-9	5-10	7-13	9-12	10-11
5645	1	7680	0-6	1-11	2-10	2-12	3-12	3-13	4-5	4-6	5-9	7-13	8-10	9-11
5646	1	7680	0-6	1-11	2-4	2-13	3-6	3-12	4-5	5-9	7-13	8-10	9-12	10-11
5647	1	7680	0-6	1-11	2-11	2-12	3-12	3-13	4-5	4-6	5-9	7-13	8-10	9-10
5648	1	7680	0-6	1-11	2-11	2-13	3-6	3-12	4-5	4-10	5-9	7-13	8-10	9-12
5649	1	7680	0-6	1-11	2-5	2-13	3-6	3-12	4-5	4-9	7-13	8-10	9-12	10-11
5650	1	7680	0-6	1-11	2-5	2-13	3-6	3-12	4-5	4-10	7-13	8-10	9-11	9-12
5651	1	7680	0-6	1-11	2-12	2-13	3-6	3-12	4-5	4-9	5-9	7-13	8-10	10-11
5652	1	7680	0-6	1-11	2-12	2-13	3-5	3-6	4-5	4-9	7-13	8-10	9-12	10-11
5653	1	7680	0-6	1-11	2-12	2-13	3-6	3-12	4-5	4-10	5-9	7-13	8-10	9-11
5654	1	7680	0-6	1-11	2-12	2-13	3-5	3-6	4-5	4-10	7-13	8-10	9-11	9-12
5655	1	7680	0-6	1-11	2-12	2-13	3-5	3-12	4-5	4-10	6-9	7-13	8-10	9-11
5656	1	7680	0-6	1-11	2-12	2-13	3-4	3-6	4-5	5-9	7-13	8-10	9-12	10-11
5657	1	7680	0-6	1-11	2-12	2-13	3-6	3-11	4-5	4-10	5-9	7-13	8-10	9-12
5658	1	7680	0-6	1-11	2-12	2-13	3-4	3-12	4-5	5-9	6-9	7-13	8-10	10-11
5659	1	7680	0-6	1-11	2-12	2-13	3-11	3-12	4-5	4-10	5-9	6-9	7-13	8-10
5660	1	7680	0-6	1-11	2-10	2-13	3-6	3-12	4-5	4-10	5-9	7-13	8-11	9-12
5661	1	7680	0-6	1-11	2-5	2-13	3-6	3-12	4-5	4-10	7-13	8-11	9-10	9-12
5662	1	7680	0-6	1-11	2-12	2-13	3-5	3-6	4-5	4-10	7-13	8-11	9-10	9-12
5663	1	7680	0-6	1-11	2-12	2-13	3-5	3-12	4-5	4-10	6-9	7-13	8-11	9-10
5664	1	7680	0-6	1-11	2-10	2-13	3-6	3-12	4-5	4-9	5-8	7-13	9-12	10-11
5665	1	7680	0-6	1-11	2-10	2-13	3-6	3-12	4-5	4-10	5-8	7-13	9-11	9-12
5666	1	7680	0-6	1-11	2-11	2-13	3-6	3-12	4-5	4-10	5-8	7-13	9-10	9-12
5667	1	7680	0-6	1-11	2-12	2-13	3-6	3-12	4-5	4-10	5-8	7-13	9-10	9-11
5668	1	7680	0-6	1-11	2-12	2-13	3-4	3-6	4-5	5-8	7-13	9-10	9-12	10-11
5669	1	7680	0-6	1-11	2-12	2-13	3-6	3-11	4-5	4-10	5-8	7-13	9-10	9-12
5670	1	7680	0-6	1-11	2-12	2-13	3-4	3-12	4-5	5-8	6-9	7-13	9-10	10-11
5671	1	7680	0-6	1-11	2-12	2-13	3-11	3-12	4-5	4-10	5-8	6-9	7-13	9-10
5672	1	7680	0-6	1-11	2-12	2-13	3-5	3-6	4-9	4-10	5-8	7-13	9-12	10-11
5673	1	7680	0-6	1-11	2-10	2-13	3-6	3-12	4-5	4-9	5-9	7-13	8-12	10-11
5674	1	7680	0-6	1-11	2-10	2-13	3-5	3-6	4-5	4-9	7-13	8-12	9-12	10-11
5675	1	7680	0-6	1-11	2-10	2-13	3-6	3-12	4-5	4-10	5-9	7-13	8-12	9-11
5676	1	7680	0-6	1-11	2-10	2-13	3-5	3-6	4-5	4-10	7-13	8-12	9-11	9-12
5677	1	7680	0-6	1-11	2-11	2-13	3-5	3-6	4-5	4-10	7-13	8-12	9-10	9-12
5678	1	7680	0-6	1-11	2-11	2-13	3-5	3-12	4-5	4-10	6-9	7-13	8-12	9-10
5679	1	7680	0-6	1-11	2-5	2-13	3-6	3-12	4-5	4-10	7-13	8-12	9-10	9-11
5680	1	7680	0-6	1-11	2-5	2-13	3-6	3-11	4-5	4-10	7-13	8-12	9-10	9-12
5681	1	7680	0-6	1-11	2-5	2-13	3-4	3-12	4-5	6-9	7-13	8-12	9-10	10-11
5682	1	7680	0-6	1-11	2-5	2-13	3-11	3-12	4-5	4-10	6-9	7-13	8-12	9-10
5683	1	7680	0-6	1-11	2-5	2-13	3-5	3-6	4-9	4-10	7-13	8-12	9-12	10-11
5684	1	7680	0-6	1-11	2-5	2-13	3-4	3-6	4-10	5-10	7-13	8-12	9-11	9-12
5685	1	7680	0-6	1-11	2-12	2-13	3-5	3-6	4-5	4-10	7-13	8-12	9-10	9-11
5686	1	7680	0-6	1-11	2-12	2-13	3-4	3-5	4-5	6-9	7-13	8-12	9-10	10-11
5687	1	7680	0-6	1-11	2-12	2-13	3-5	3-11	4-5	4-10	6-9	7-13	8-12	9-10
5688	1	7680	0-6	1-11	2-12	2-13	3-5	3-6	4-9	4-10	5-9	7-13	8-12	10-11
5689	1	7680	0-6	1-11	2-12	2-13	3-5	3-11	4-9	4-10	5-10	6-9	7-13	8-12
5690	1	7680	0-6	1-11	2-12	2-13	3-4	3-6	4-10	5-9	5-10	7-13	8-12	9-11
5691	1	7680	0-6	1-11	2-12	2-13	3-4	3-5	4-10	5-9	6-9	7-13	8-12	10-11
5692	1	7680	0-6	1-11	2-10	2-12	3-6	3-12	4-5	4-10	5-9	7-13	8-13	9-11
5693	1	7680	0-6	1-11	2-6	2-10	3-5	3-12	4-5	4-10	7-13	8-13	9-11	9-12
5694	1	7680	0-6	1-11	2-6	2-10	3-4	3-12	4-5	5-9	7-13	8-13	9-12	10-11
5695	1	7680	0-6	1-11	2-6	2-10	3-11	3-12	4-5	4-10	5-9	7-13	8-13	9-12
5696	1	7680	0-6	1-11	2-11	2-12	3-5	3-6	4-5	4-10	7-13	8-13	9-10	9-12
5697	1	7680	0-6	1-11	2-6	2-11	3-5	3-12	4-5	4-10	7-13	8-13	9-10	9-12
5698	1	7680	0-6	1-11	2-5	2-12	3-6	3-12	4-5	4-10	7-13	8-13	9-10	9-11
5699	1	7680	0-6	1-11	2-6	2-12	3-5	3-12	4-5	4-10	7-13	8-13	9-10	9-11
5700	1	7680	0-6	1-11	2-6	2-12	3-11	3-12	4-5	4-10	5-9	7-13	8-13	9-10
5701	1	7680	0-6	1-11	2-6	2-12	3-4	3-5	4-5	7-13	8-13	9-10	9-12	10-11
5702	1	7680	0-6	1-11	2-6	2-12	3-5	3-11	4-5	4-10	7-13	8-13	9-10	9-12
5703	1	7680	0-6	1-11	2-6	2-12	3-5	3-11	4-9	4-10	5-10	7-13	8-13	9-12
5704	1	7680	0-6	1-11	2-6	2-12	3-4	3-5	4-10	5-9	7-13	8-13	9-12	10-11
5705	1	7680	0-6	1-5	2-8	2-13	3-6	3-12	4-5	4-10	7-13	9-11	9-12	10-11
5706	2	3840	0-6	1-5	2-4	2-13	3-11	3-12	4-5	6-9	7-13	8-9	10-11	10-12
5707	1	7680	0-6	1-5	2-4	2-13	3-6	3-8	4-5	7-13	9-11	9-12	10-11	10-12
5708	1	7680	0-6	1-5	2-4	2-13	3-6	3-12	4-5	7-13	8-10	9-11	9-12	10-11
5709	1	7680	0-6	1-5	2-11	2-13	3-6	3-12	4-5	4-9	7-13	8-10	9-12	10-11
5710	1	7680	0-6	1-5	2-11	2-13	3-6	3-12	4-5	4-10	7-13	8-10	9-11	9-12
5711	1	7680	0-6	1-5	2-12	2-13	3-6	3-12	4-5	4-9	7-13	8-10	9-11	10-11
5712	1	7680	0-6	1-5	2-12	2-13	3-6	3-11	4-5	4-9	7-13	8-10	9-12	10-11
5713	1	7680	0-6	1-5	2-12	2-13	3-11	3-12	4-5	4-9	6-9	7-13	8-10	10-11
5714	1	7680	0-6	1-5	2-12	2-13	3-4	3-6	4-5	7-13	8-10	9-11	9-12	10-11
5715	1	7680	0-6	1-5	2-12	2-13	3-6	3-11	4-5	4-10	7-13	8-10	9-11	9-12
5716	1	7680	0-6	1-5	2-10	2-13	3-6	3-12	4-5	4-8	7-13	9-11	9-12	10-11
5717	1	7680	0-6	1-5	2-11	2-13	3-6	3-12	4-5	4-8	7-13	9-10	9-12	10-11
5718	1	7680	0-6	1-5	2-12	2-13	3-6	3-11	4-5	4-8	7-13	9-10	9-12	10-11
5719	1	7680	0-6	1-5	2-12	2-13	3-11	3-12	4-5	4-8	6-9	7-13	9-10	10-11
5720	1	7680	0-6	1-5	2-10	2-13	3-6	3-12	4-5	4-9	7-13	8-11	9-12	10-11
5721	1	7680	0-6	1-5	2-10	2-13	3-6	3-12	4-5	4-10	7-13	8-11	9-11	9-12
5722	1	7680	0-6	1-5	2-11	2-13	3-6	3-12	4-5	4-10	7-13	8-11	9-10	9-12
5723	1	7680	0-6	1-5	2-12	2-13	3-6	3-12	4-5	4-10	7-13	8-11	9-10	9-11
5724	1	7680	0-6	1-5	2-12	2-13	3-4	3-6	4-5	7-13	8-11	9-10	9-12	10-11
5725	1	7680	0-6	1-5	2-12	2-13	3-6	3-11	4-5	4-10	7-13	8-11	9-10	9-12
5726	1	7680	0-6	1-5	2-12	2-13	3-4	3-12	4-5	6-9	7-13	8-11	9-10	10-11
5727	1	7680	0-6	1-5	2-12	2-13	3-11	3-12	4-5	4-10	6-9	7-13	8-11	9-10
5728	1	7680	0-6	1-5	2-12	2-13	3-5	3-6	4-9	4-10	7-13	8-11	9-12	10-11
5729	1	7680	0-6	1-5	2-12	2-13	3-11	3-12	4-9	4-10	5-10	6-9	7-13	8-11
5730	1	7680	0-6	1-5	2-12	2-13	3-4	3-6	4-10	5-10	7-13	8-11	9-11	9-12
5731	1	7680	0-6	1-5	2-10	2-13	3-6	3-11	4-5	4-9	7-13	8-12	9-12	10-11
5732	2	3840	0-6	1-5	2-10	2-13	3-4	3-6	4-5	7-13	8-12	9-11	9-12	10-11
5733	2	3840	0-6	1-5	2-10	2-13	3-6	3-11	4-5	4-10	7-13	8-12	9-11	9-12
5734	1	7680	0-6	1-5	2-4	2-13	3-6	3-11	4-5	7-13	8-12	9-10	9-12	10-11
5735	1	7680	0-6	1-5	2-4	2-13	3-11	3-12	4-5	6-9	7-13	8-12	9-10	10-11
5736	1	7680	0-6	1-5	2-11	2-13	3-6	3-12	4-5	4-10	7-13	8-12	9-10	9-11
5737	2	3840	0-6	1-5	2-11	2-13	3-4	3-6	4-5	7-13	8-12	9-10	9-12	10-11
5738	2	3840	0-6	1-5	2-11	2-13	3-6	3-11	4-5	4-10	7-13	8-12	9-10	9-12
5739	2	3840	0-6	1-5	2-11	2-13	3-5	3-6	4-9	4-10	7-13	8-12	9-12	10-11
5740	2	3840	0-6	1-5	2-12	2-13	3-4	3-6	4-5	7-13	8-12	9-10	9-11	10-11
5741	2	3840	0-6	1-5	2-12	2-13	3-6	3-11	4-5	4-10	7-13	8-12	9-10	9-11
5742	1	7680	0-6	1-5	2-12	2-13	3-4	3-5	4-10	6-9	7-13	8-12	9-11	10-11
5743	1	7680	0-6	1-5	2-4	2-6	3-11	3-12	4-5	7-13	8-13	9-10	9-12	10-11
5744	1	7680	0-6	1-5	2-11	2-12	3-6	3-12	4-5	4-10	7-13	8-13	9-10	9-11
5745	1	7680	0-6	1-5	2-11	2-12	3-6	3-11	4-5	4-10	7-13	8-13	9-10	9-12
5746	2	3840	0-6	1-5	2-11	2-12	3-5	3-6	4-9	4-10	7-13	8-13	9-12	10-11
5747	1	7680	0-6	1-5	2-6	2-12	3-4	3-5	4-10	7-13	8-13	9-11	9-12	10-11
5748	1	7680	0-6	1-12	2-8	2-13	3-6	3-12	4-5	4-10	5-9	7-13	9-11	10-11
5749	1	7680	0-6	1-12	2-8	2-13	3-4	3-6	4-5	5-10	7-13	9-11	9-12	10-11
5750	1	7680	0-6	1-12	2-8	2-13	3-6	3-11	4-5	4-10	5-10	7-13	9-11	9-12
5751	1	7680	0-6	1-12	2-8	2-13	3-5	3-6	4-5	4-10	7-13	9-11	9-12	10-11
5752	1	7680	0-6	1-12	2-4	2-13	3-11	3-12	4-5	5-10	6-9	7-13	8-9	10-11
5753	1	7680	0-6	1-12	2-11	2-13	3-4	3-12	4-5	5-10	6-9	7-13	8-9	10-11
5754	1	7680	0-6	1-12	2-11	2-13	3-11	3-12	4-5	4-10	5-10	6-9	7-13	8-9
5755	1	7680	0-6	1-12	2-11	2-13	3-5	3-12	4-5	4-10	6-9	7-13	8-9	10-11
5756	1	7680	0-6	1-12	2-5	2-13	3-11	3-12	4-5	4-10	6-9	7-13	8-9	10-11
5757	2	3840	0-6	1-12	2-12	2-13	3-5	3-11	4-5	4-10	6-9	7-13	8-9	10-11
5758	1	7680	0-6	1-12	2-4	2-13	3-6	3-8	4-5	5-10	7-13	9-11	9-12	10-11
5759	1	7680	0-6	1-12	2-11	2-13	3-6	3-8	4-5	4-9	5-10	7-13	9-12	10-11
5760	1	7680	0-6	1-12	2-11	2-13	3-6	3-8	4-5	4-10	5-10	7-13	9-11	9-12
5761	1	7680	0-6	1-12	2-4	2-13	3-6	3-12	4-5	5-9	7-13	8-10	9-11	10-11
5762	1	7680	0-6	1-12	2-4	2-13	3-5	3-6	4-5	7-13	8-10	9-11	9-12	10-11
5763	1	7680	0-6	1-12	2-4	2-13	3-6	3-11	4-5	5-9	7-13	8-10	9-12	10-11
5764	1	7680	0-6	1-12	2-11	2-13	3-6	3-12	4-5	4-9	5-9	7-13	8-10	10-11
5765	1	7680	0-6	1-12	2-11	2-13	3-5	3-6	4-5	4-9	7-13	8-10	9-12	10-11
5766	1	7680	0-6	1-12	2-11	2-13	3-6	3-12	4-5	4-10	5-9	7-13	8-10	9-11
5767	1	7680	0-6	1-12	2-11	2-13	3-5	3-6	4-5	4-10	7-13	8-10	9-11	9-12
5768	1	7680	0-6	1-12	2-5	2-13	3-6	3-12	4-5	4-9	7-13	8-10	9-11	10-11
5769	1	7680	0-6	1-12	2-5	2-13	3-6	3-11	4-5	4-9	7-13	8-10	9-12	10-11
5770	1	7680	0-6	1-12	2-5	2-13	3-11	3-12	4-5	4-9	6-9	7-13	8-10	10-11
5771	1	7680	0-6	1-12	2-5	2-13	3-4	3-6	4-5	7-13	8-10	9-11	9-12	10-11
5772	1	7680	0-6	1-12	2-5	2-13	3-6	3-11	4-5	4-10	7-13	8-10	9-11	9-12
5773	1	7680	0-6	1-12	2-12	2-13	3-5	3-6	4-5	4-9	7-13	8-10	9-11	10-11
5774	1	7680	0-6	1-12	2-12	2-13	3-6	3-11	4-5	4-9	5-9	7-13	8-10	10-11
5775	1	7680	0-6	1-12	2-12	2-13	3-4	3-6	4-5	5-9	7-13	8-10	9-11	10-11
5776	1	7680	0-6	1-12	2-12	2-13	3-6	3-11	4-5	4-10	5-9	7-13	8-10	9-11
5777	1	7680	0-6	1-12	2-3	2-13	3-6	4-5	4-8	5-10	7-13	9-11	9-12	10-11
5778	1	7680	0-6	1-12	2-10	2-13	3-6	3-12	4-5	4-8	5-9	7-13	9-11	10-11
5779	1	7680	0-6	1-12	2-10	2-13	3-5	3-6	4-5	4-8	7-13	9-11	9-12	10-11
5780	1	7680	0-6	1-12	2-10	2-13	3-6	3-11	4-5	4-8	5-9	7-13	9-12	10-11
5781	1	7680	0-6	1-12	2-11	2-13	3-5	3-6	4-5	4-8	7-13	9-10	9-12	10-11
5782	1	7680	0-6	1-12	2-5	2-13	3-11	3-12	4-5	4-8	6-9	7-13	9-10	10-11
5783	1	7680	0-6	1-12	2-5	2-13	3-6	3-11	4-8	4-10	5-10	7-13	9-11	9-12
5784	1	7680	0-6	1-12	2-12	2-13	3-5	3-6	4-5	4-8	7-13	9-10	9-11	10-11
5785	1	7680	0-6	1-12	2-12	2-13	3-6	3-11	4-8	4-10	5-9	5-10	7-13	9-11
5786	1	7680	0-6	1-12	2-3	2-13	3-6	4-5	4-9	5-10	7-13	8-11	9-12	10-11
5787	1	7680	0-6	1-12	2-3	2-13	3-6	4-5	4-10	5-10	7-13	8-11	9-11	9-12
5788	1	7680	0-6	1-12	2-10	2-13	3-6	3-12	4-5	4-9	5-9	7-13	8-11	10-11
5789	1	7680	0-6	1-12	2-10	2-13	3-5	3-6	4-5	4-9	7-13	8-11	9-12	10-11
5790	1	7680	0-6	1-12	2-10	2-13	3-6	3-12	4-5	4-10	5-9	7-13	8-11	9-11
5791	1	7680	0-6	1-12	2-10	2-13	3-5	3-6	4-5	4-10	7-13	8-11	9-11	9-12
5792	1	7680	0-6	1-12	2-4	2-13	3-5	3-6	4-5	7-13	8-11	9-10	9-12	10-11
5793	1	7680	0-6	1-12	2-11	2-13	3-6	3-12	4-5	4-10	5-9	7-13	8-11	9-10
5794	1	7680	0-6	1-12	2-11	2-13	3-5	3-6	4-5	4-10	7-13	8-11	9-10	9-12
5795	1	7680	0-6	1-12	2-11	2-13	3-5	3-12	4-5	4-10	6-9	7-13	8-11	9-10
5796	1	7680	0-6	1-12	2-5	2-13	3-6	3-12	4-5	4-10	7-13	8-11	9-10	9-11
5797	1	7680	0-6	1-12	2-5	2-13	3-4	3-6	4-5	7-13	8-11	9-10	9-12	10-11
5798	1	7680	0-6	1-12	2-5	2-13	3-6	3-11	4-5	4-10	7-13	8-11	9-10	9-12
5799	1	7680	0-6	1-12	2-5	2-13	3-4	3-12	4-5	6-9	7-13	8-11	9-10	10-11
5800	1	7680	0-6	1-12	2-5	2-13	3-11	3-12	4-5	4-10	6-9	7-13	8-11	9-10
5801	1	7680	0-6	1-12	2-5	2-13	3-5	3-6	4-9	4-10	7-13	8-11	9-12	10-11
5802	1	7680	0-6	1-12	2-5	2-13	3-11	3-12	4-9	4-10	5-10	6-9	7-13	8-11
5803	1	7680	0-6	1-12	2-5	2-13	3-5	3-12	4-9	4-10	6-9	7-13	8-11	10-11
5804	1	7680	0-6	1-12	2-5	2-13	3-4	3-6	4-10	5-10	7-13	8-11	9-11	9-12
5805	1	7680	0-6	1-12	2-12	2-13	3-5	3-6	4-5	4-10	7-13	8-11	9-10	9-11
5806	1	7680	0-6	1-12	2-12	2-13	3-6	3-11	4-5	4-10	5-9	7-13	8-11	9-10
5807	1	7680	0-6	1-12	2-12	2-13	3-4	3-5	4-5	6-9	7-13	8-11	9-10	10-11
5808	1	7680	0-6	1-12	2-12	2-13	3-5	3-11	4-5	4-10	6-9	7-13	8-11	9-10
5809	1	7680	0-6	1-12	2-12	2-13	3-6	3-11	4-9	4-10	5-9	5-10	7-13	8-11
5810	1	7680	0-6	1-12	2-12	2-13	3-5	3-6	4-9	4-10	5-9	7-13	8-11	10-11
5811	1	7680	0-6	1-12	2-12	2-13	3-5	3-11	4-9	4-10	5-10	6-9	7-13	8-11
5812	1	7680	0-6	1-12	2-12	2-13	3-4	3-6	4-10	5-9	5-10	7-13	8-11	9-11
5813	2	3840	0-6	1-12	2-12	2-13	3-4	3-5	4-10	5-10	6-9	7-13	8-11	9-11
5814	1	7680	0-6	1-12	2-12	2-13	3-4	3-5	4-10	5-9	6-9	7-13	8-11	10-11
5815	1	7680	0-6	1-12	2-10	2-13	3-6	3-11	4-5	4-9	5-8	7-13	9-12	10-11
5816	1	7680	0-6	1-12	2-10	2-13	3-4	3-6	4-5	5-8	7-13	9-11	9-12	10-11
5817	1	7680	0-6	1-12	2-10	2-13	3-6	3-11	4-5	4-10	5-8	7-13	9-11	9-12
5818	1	7680	0-6	1-12	2-4	2-13	3-6	3-11	4-5	5-8	7-13	9-10	9-12	10-11
5819	1	7680	0-6	1-12	2-4	2-13	3-11	3-12	4-5	5-8	6-9	7-13	9-10	10-11
5820	2	3840	0-6	1-12	2-4	2-13	3-6	3-11	4-10	5-8	5-10	7-13	9-11	9-12
5821	1	7680	0-6	1-12	2-11	2-13	3-6	3-12	4-5	4-10	5-8	7-13	9-10	9-11
5822	1	7680	0-6	1-12	2-11	2-13	3-4	3-6	4-5	5-8	7-13	9-10	9-12	10-11
5823	1	7680	0-6	1-12	2-11	2-13	3-6	3-11	4-5	4-10	5-8	7-13	9-10	9-12
5824	1	7680	0-6	1-12	2-11	2-13	3-4	3-12	4-5	5-8	6-9	7-13	9-10	10-11
5825	1	7680	0-6	1-12	2-11	2-13	3-11	3-12	4-5	4-10	5-8	6-9	7-13	9-10
5826	2	3840	0-6	1-12	2-11	2-13	3-6	3-11	4-9	4-10	5-8	5-10	7-13	9-12
5827	1	7680	0-6	1-12	2-11	2-13	3-5	3-6	4-9	4-10	5-8	7-13	9-12	10-11
5828	2	3840	0-6	1-12	2-11	2-13	3-11	3-12	4-9	4-10	5-8	5-10	6-9	7-13
5829	2	3840	0-6	1-12	2-11	2-13	3-4	3-6	4-10	5-8	5-10	7-13	9-11	9-12
5830	1	7680	0-6	1-12	2-12	2-13	3-4	3-6	4-5	5-8	7-13	9-10	9-11	10-11
5831	1	7680	0-6	1-12	2-12	2-13	3-6	3-11	4-5	4-10	5-8	7-13	9-10	9-11
5832	4	1920	0-6	1-12	2-12	2-13	3-5	3-6	4-9	4-10	5-8	7-13	9-11	10-11
5833	1	7680	0-6	1-12	2-12	2-13	3-4	3-5	4-10	5-8	6-9	7-13	9-11	10-11
5834	16	480	0-6	1-12	2-12	2-13	3-4	3-11	4-10	5-8	5-9	6-9	7-13	10-11
5835	1	7680	0-6	1-12	2-10	2-13	3-6	3-11	4-5	4-9	5-9	7-13	8-12	10-11
5836	1	7680	0-6	1-12	2-10	2-13	3-4	3-6	4-5	5-9	7-13	8-12	9-11	10-11
5837	1	7680	0-6	1-12	2-10	2-13	3-6	3-11	4-5	4-10	5-9	7-13	8-12	9-11
5838	1	7680	0-6	1-12	2-11	2-13	3-5	3-6	4-5	4-10	7-13	8-12	9-10	9-11
5839	1	7680	0-6	1-12	2-11	2-13	3-6	3-11	4-5	4-10	5-9	7-13	8-12	9-10
5840	1	7680	0-6	1-12	2-11	2-13	3-5	3-6	4-9	4-10	5-9	7-13	8-12	10-11
5841	1	7680	0-6	1-12	2-5	2-13	3-4	3-5	4-10	6-9	7-13	8-12	9-11	10-11
5842	1	7680	0-6	1-12	2-10	2-12	3-6	3-11	4-5	4-10	5-9	7-13	8-13	9-11
5843	1	7680	0-6	1-12	2-6	2-10	3-11	3-12	4-5	4-9	5-9	7-13	8-13	10-11
5844	1	7680	0-6	1-12	2-6	2-10	3-4	3-12	4-5	5-9	7-13	8-13	9-11	10-11
5845	1	7680	0-6	1-12	2-6	2-10	3-11	3-12	4-5	4-10	5-9	7-13	8-13	9-11
5846	1	7680	0-6	1-12	2-4	2-6	3-11	3-12	4-10	5-9	5-10	7-13	8-13	9-11
5847	1	7680	0-6	1-12	2-11	2-12	3-5	3-6	4-5	4-10	7-13	8-13	9-10	9-11
5848	1	7680	0-6	1-12	2-11	2-12	3-5	3-6	4-9	4-10	5-9	7-13	8-13	10-11
5849	1	7680	0-6	1-12	2-6	2-11	3-5	3-12	4-5	4-10	7-13	8-13	9-10	9-11
5850	1	7680	0-6	1-12	2-6	2-11	3-11	3-12	4-5	4-10	5-9	7-13	8-13	9-10
5851	1	7680	0-6	1-12	2-6	2-11	3-4	3-5	4-5	7-13	8-13	9-10	9-12	10-11
5852	1	7680	0-6	1-12	2-6	2-11	3-5	3-11	4-5	4-10	7-13	8-13	9-10	9-12
5853	1	7680	0-6	1-12	2-6	2-11	3-11	3-12	4-9	4-10	5-9	5-10	7-13	8-13
5854	1	7680	0-6	1-12	2-6	2-11	3-5	3-12	4-9	4-10	5-9	7-13	8-13	10-11
5855	1	7680	0-6	1-12	2-6	2-11	3-5	3-11	4-9	4-10	5-10	7-13	8-13	9-12
5856	2	3840	0-6	1-12	2-6	2-11	3-4	3-5	4-10	5-10	7-13	8-13	9-11	9-12
5857	1	7680	0-6	1-12	2-6	2-11	3-4	3-5	4-10	5-9	7-13	8-13	9-12	10-11
5858	1	7680	0-6	1-12	2-5	2-12	3-6	3-11	4-5	4-10	7-13	8-13	9-10	9-11
5859	1	7680	0-6	1-12	2-5	2-6	3-4	3-12	4-5	7-13	8-13	9-10	9-11	10-11
5860	1	7680	0-6	1-12	2-5	2-6	3-11	3-12	4-5	4-10	7-13	8-13	9-10	9-11
5861	2	3840	0-6	1-12	2-5	2-6	3-5	3-12	4-9	4-10	7-13	8-13	9-11	10-11
5862	1	7680	0-6	1-12	2-5	2-6	3-4	3-5	4-10	7-13	8-13	9-11	9-12	10-11
5863	8	960	0-6	1-12	2-5	2-6	3-4	3-11	4-10	5-9	7-13	8-13	9-12	10-11
5864	2	3840	0-6	1-12	2-6	2-12	3-4	3-5	4-5	7-13	8-13	9-10	9-11	10-11
5865	2	3840	0-6	1-12	2-6	2-12	3-5	3-11	4-5	4-10	7-13	8-13	9-10	9-11
5866	1	7680	0-6	1-12	2-6	2-12	3-4	3-5	4-10	5-9	7-13	8-13	9-11	10-11
5867	2	3840	0-6	1-13	2-6	2-8	3-4	3-12	4-5	5-10	7-13	9-11	9-12	10-11
5868	2	3840	0-6	1-13	2-6	2-8	3-11	3-12	4-5	4-10	5-10	7-13	9-11	9-12
5869	2	3840	0-6	1-13	2-6	2-8	3-5	3-12	4-5	4-10	7-13	9-11	9-12	10-11
5870	1	7680	0-6	1-13	2-4	2-12	3-6	3-12	4-5	5-9	7-13	8-10	9-11	10-11
5871	1	7680	0-6	1-13	2-11	2-12	3-6	3-12	4-5	4-9	5-9	7-13	8-10	10-11
5872	1	7680	0-6	1-13	2-11	2-12	3-6	3-12	4-5	4-10	5-9	7-13	8-10	9-11
5873	2	3840	0-6	1-13	2-11	2-12	3-5	3-6	4-5	4-10	7-13	8-10	9-11	9-12
5874	1	7680	0-6	1-13	2-6	2-11	3-5	3-12	4-5	4-10	7-13	8-10	9-11	9-12
5875	1	7680	0-6	1-13	2-5	2-12	3-6	3-12	4-5	4-9	7-13	8-10	9-11	10-11
5876	2	3840	0-6	1-13	2-5	2-12	3-6	3-11	4-5	4-9	7-13	8-10	9-12	10-11
5877	1	7680	0-6	1-13	2-5	2-12	3-6	3-11	4-5	4-10	7-13	8-10	9-11	9-12
5878	1	7680	0-6	1-13	2-6	2-12	3-11	3-12	4-5	4-9	5-9	7-13	8-10	10-11
5879	1	7680	0-6	1-13	2-6	2-12	3-4	3-12	4-5	5-9	7-13	8-10	9-11	10-11
5880	1	7680	0-6	1-13	2-6	2-12	3-11	3-12	4-5	4-10	5-9	7-13	8-10	9-11
5881	1	7680	0-6	1-13	2-6	2-10	3-11	3-12	4-5	4-8	5-9	7-13	9-12	10-11
5882	1	7680	0-6	1-13	2-5	2-6	3-11	3-12	4-5	4-8	7-13	9-10	9-12	10-11
5883	1	7680	0-6	1-13	2-10	2-12	3-6	3-12	4-5	4-10	5-9	7-13	8-11	9-11
5884	1	7680	0-6	1-13	2-6	2-10	3-5	3-12	4-5	4-10	7-13	8-11	9-11	9-12
5885	1	7680	0-6	1-13	2-6	2-10	3-4	3-12	4-5	5-9	7-13	8-11	9-12	10-11
5886	1	7680	0-6	1-13	2-6	2-10	3-11	3-12	4-5	4-10	5-9	7-13	8-11	9-12
5887	1	7680	0-6	1-13	2-11	2-12	3-5	3-6	4-5	4-10	7-13	8-11	9-10	9-12
5888	1	7680	0-6	1-13	2-6	2-11	3-5	3-12	4-5	4-10	7-13	8-11	9-10	9-12
5889	1	7680	0-6	1-13	2-5	2-12	3-6	3-12	4-5	4-10	7-13	8-11	9-10	9-11
5890	1	7680	0-6	1-13	2-6	2-12	3-5	3-12	4-5	4-10	7-13	8-11	9-10	9-11
5891	1	7680	0-6	1-13	2-6	2-12	3-11	3-12	4-5	4-10	5-9	7-13	8-11	9-10
5892	1	7680	0-6	1-13	2-6	2-12	3-4	3-5	4-5	7-13	8-11	9-10	9-12	10-11
5893	1	7680	0-6	1-13	2-6	2-12	3-5	3-11	4-5	4-10	7-13	8-11	9-10	9-12
5894	1	7680	0-6	1-13	2-6	2-12	3-5	3-11	4-9	4-10	5-10	7-13	8-11	9-12
5895	1	7680	0-6	1-13	2-6	2-12	3-4	3-5	4-10	5-9	7-13	8-11	9-12	10-11
5896	1	7680	0-6	1-13	2-4	2-6	3-11	3-12	4-5	5-8	7-13	9-10	9-12	10-11
5897	1	7680	0-6	1-13	2-11	2-12	3-6	3-12	4-5	4-10	5-8	7-13	9-10	9-11
5898	1	7680	0-6	1-13	2-11	2-12	3-6	3-11	4-5	4-10	5-8	7-13	9-10	9-12
5899	2	3840	0-6	1-13	2-11	2-12	3-5	3-6	4-9	4-10	5-8	7-13	9-12	10-11
5900	1	7680	0-6	1-13	2-6	2-12	3-4	3-5	4-10	5-8	7-13	9-11	9-12	10-11
5901	1	7680	0-6	1-13	2-10	2-12	3-6	3-11	4-5	4-10	5-9	7-13	8-12	9-11
5902	1	7680	0-6	1-13	2-6	2-10	3-11	3-12	4-5	4-9	5-9	7-13	8-12	10-11
5903	1	7680	0-6	1-13	2-6	2-10	3-4	3-12	4-5	5-9	7-13	8-12	9-11	10-11
5904	1	7680	0-6	1-13	2-6	2-10	3-11	3-12	4-5	4-10	5-9	7-13	8-12	9-11
5905	1	7680	0-6	1-13	2-4	2-6	3-11	3-12	4-10	5-9	5-10	7-13	8-12	9-11
5906	1	7680	0-6	1-13	2-11	2-12	3-5	3-6	4-5	4-10	7-13	8-12	9-10	9-11
5907	1	7680	0-6	1-13	2-11	2-12	3-5	3-6	4-9	4-10	5-9	7-13	8-12	10-11
5908	1	7680	0-6	1-13	2-6	2-11	3-5	3-12	4-5	4-10	7-13	8-12	9-10	9-11
5909	1	7680	0-6	1-13	2-6	2-11	3-11	3-12	4-5	4-10	5-9	7-13	8-12	9-10
5910	1	7680	0-6	1-13	2-6	2-11	3-4	3-5	4-5	7-13	8-12	9-10	9-12	10-11
5911	1	7680	0-6	1-13	2-6	2-11	3-5	3-11	4-5	4-10	7-13	8-12	9-10	9-12
5912	1	7680	0-6	1-13	2-6	2-11	3-11	3-12	4-9	4-10	5-9	5-10	7-13	8-12
5913	1	7680	0-6	1-13	2-6	2-11	3-5	3-12	4-9	4-10	5-9	7-13	8-12	10-11
5914	1	7680	0-6	1-13	2-6	2-11	3-5	3-11	4-9	4-10	5-10	7-13	8-12	9-12
5915	2	3840	0-6	1-13	2-6	2-11	3-4	3-5	4-10	5-10	7-13	8-12	9-11	9-12
5916	1	7680	0-6	1-13	2-6	2-11	3-4	3-5	4-10	5-9	7-13	8-12	9-12	10-11
5917	1	7680	0-6	1-13	2-5	2-12	3-6	3-11	4-5	4-10	7-13	8-12	9-10	9-11
5918	1	7680	0-6	1-13	2-5	2-6	3-4	3-12	4-5	7-13	8-12	9-10	9-11	10-11
5919	1	7680	0-6	1-13	2-5	2-6	3-11	3-12	4-5	4-10	7-13	8-12	9-10	9-11
5920	2	3840	0-6	1-13	2-5	2-6	3-5	3-12	4-9	4-10	7-13	8-12	9-11	10-11
5921	1	7680	0-6	1-13	2-5	2-6	3-4	3-5	4-10	7-13	8-12	9-11	9-12	10-11
5922	8	960	0-6	1-13	2-5	2-6	3-4	3-11	4-10	5-9	7-13	8-12	9-12	10-11
5923	2	3840	0-6	1-13	2-6	2-12	3-4	3-5	4-5	7-13	8-12	9-10	9-11	10-11
5924	2	3840	0-6	1-13	2-6	2-12	3-5	3-11	4-5	4-10	7-13	8-12	9-10	9-11
5925	1	7680	0-6	1-13	2-6	2-12	3-4	3-5	4-10	5-9	7-13	8-12	9-11	10-11
5926	16	480	0-6	1-13	2-10	2-12	3-4	3-12	4-5	5-9	6-8	7-13	9-11	10-11
5927	8	960	0-6	1-13	2-10	2-12	3-11	3-12	4-5	4-10	5-9	6-8	7-13	9-11
5928	32	240	0-6	1-13	2-4	2-12	3-11	3-12	4-10	5-9	5-10	6-8	7-13	9-11
5929	4	1920	0-6	1-13	2-11	2-12	3-5	3-12	4-5	4-10	6-8	7-13	9-10	9-11
5930	16	480	0-6	1-13	2-11	2-12	3-11	3-12	4-5	4-10	5-9	6-8	7-13	9-10
5931	4	1920	0-6	1-13	2-11	2-12	3-4	3-5	4-5	6-8	7-13	9-10	9-12	10-11
5932	4	1920	0-6	1-13	2-11	2-12	3-5	3-11	4-5	4-10	6-8	7-13	9-10	9-12
5933	32	240	0-6	1-13	2-11	2-12	3-11	3-12	4-9	4-10	5-9	5-10	6-8	7-13
5934	8	960	0-6	1-13	2-11	2-12	3-5	3-12	4-9	4-10	5-9	6-8	7-13	10-11
5935	32	240	0-6	1-13	2-5	2-12	3-5	3-12	4-9	4-10	6-8	7-13	9-11	10-11
5936	8	960	0-6	1-13	2-5	2-12	3-4	3-5	4-10	6-8	7-13	9-11	9-12	10-11
5937	256	30	0-6	1-13	2-5	2-12	3-4	3-11	4-10	5-9	6-8	7-13	9-12	10-11
5938	2	3840	0-13	1-2	2-13	3-6	3-12	4-6	4-9	5-10	5-11	7-8	9-12	10-11
5939	2	3840	0-13	1-2	2-13	3-6	3-12	4-6	4-10	5-10	5-11	7-8	9-11	9-12
5940	2	3840	0-13	1-2	2-13	3-6	3-12	4-5	4-6	5-10	7-8	9-11	9-12	10-11
5941	4	1920	0-13	1-2	2-13	3-6	3-11	4-5	4-12	5-10	6-9	7-8	9-11	10-12
5942	1	7680	0-13	1-2	2-13	3-6	3-12	4-5	4-12	5-10	6-9	7-8	9-11	10-11
5943	2	3840	0-13	1-2	2-13	3-4	3-6	4-12	5-10	5-11	6-9	7-8	9-12	10-11
5944	2	3840	0-13	1-2	2-13	3-6	3-11	4-10	4-12	5-10	5-11	6-9	7-8	9-12
5945	2	3840	0-13	1-2	2-13	3-6	3-11	4-5	4-12	5-10	6-9	7-8	9-12	10-11
5946	4	1920	0-13	1-9	2-11	2-13	3-6	3-11	4-5	4-12	5-10	6-9	7-8	10-12
5947	1	7680	0-13	1-9	2-11	2-13	3-6	3-12	4-5	4-12	5-10	6-9	7-8	10-11
5948	2	3840	0-13	1-9	2-12	2-13	3-4	3-6	4-12	5-10	5-11	6-9	7-8	10-11
5949	2	3840	0-13	1-9	2-12	2-13	3-6	3-11	4-10	4-12	5-10	5-11	6-9	7-8
5950	2	3840	0-13	1-9	2-12	2-13	3-6	3-11	4-5	4-12	5-10	6-9	7-8	10-11
5951	24	320	0-13	1-9	2-6	2-13	3-4	3-12	4-12	5-10	5-11	6-9	7-8	10-11
5952	24	320	0-13	1-9	2-6	2-13	3-11	3-12	4-10	4-12	5-10	5-11	6-9	7-8
5953	8	960	0-13	1-9	2-6	2-13	3-11	3-12	4-5	4-12	5-10	6-9	7-8	10-11
5954	1	7680	0-13	1-3	2-11	2-13	3-6	4-5	4-12	5-10	6-9	7-8	9-12	10-11
5955	1	7680	0-13	1-3	2-6	2-12	3-13	4-5	4-6	5-10	7-8	9-11	9-12	10-11
5956	1	7680	0-13	1-3	2-12	2-13	3-6	4-9	4-12	5-10	5-11	6-9	7-8	10-11
5957	2	3840	0-13	1-3	2-12	2-13	3-12	4-5	4-6	5-10	6-9	7-8	9-11	10-11
5958	1	7680	0-13	1-3	2-12	2-13	3-6	4-10	4-12	5-10	5-11	6-9	7-8	9-11
5959	1	7680	0-13	1-3	2-12	2-13	3-6	4-5	4-12	5-10	6-9	7-8	9-11	10-11
5960	2	3840	0-13	1-3	2-6	2-13	3-6	4-9	4-12	5-10	5-11	7-8	9-12	10-11
5961	2	3840	0-13	1-3	2-6	2-13	3-6	4-10	4-12	5-10	5-11	7-8	9-11	9-12
5962	1	7680	0-13	1-3	2-6	2-13	3-6	4-5	4-12	5-10	7-8	9-11	9-12	10-11
5963	1	7680	0-13	1-10	2-6	2-11	3-6	3-13	4-5	4-12	5-10	7-8	9-11	9-12
5964	2	3840	0-13	1-10	2-11	2-13	3-11	3-12	4-5	4-6	5-10	6-9	7-8	9-12
5965	1	7680	0-13	1-10	2-11	2-13	3-6	3-11	4-5	4-12	5-10	6-9	7-8	9-12
5966	1	7680	0-13	1-10	2-11	2-13	3-5	3-6	4-5	4-12	6-9	7-8	9-12	10-11
5967	1	7680	0-13	1-10	2-6	2-12	3-12	3-13	4-5	4-6	5-9	7-8	9-11	10-11
5968	1	7680	0-13	1-10	2-6	2-12	3-6	3-13	4-5	4-12	5-9	7-8	9-11	10-11
5969	1	7680	0-13	1-10	2-6	2-12	3-11	3-13	4-5	4-6	5-10	7-8	9-11	9-12
5970	1	7680	0-13	1-10	2-12	2-13	3-6	3-11	4-6	4-9	5-10	5-11	7-8	9-12
5971	1	7680	0-13	1-10	2-12	2-13	3-6	3-12	4-5	4-6	5-9	7-8	9-11	10-11
5972	1	7680	0-13	1-10	2-12	2-13	3-6	3-11	4-5	4-6	5-10	7-8	9-11	9-12
5973	1	7680	0-13	1-10	2-12	2-13	3-11	3-12	4-5	4-6	5-10	6-9	7-8	9-11
5974	1	7680	0-13	1-10	2-12	2-13	3-6	3-11	4-5	4-12	5-10	6-9	7-8	9-11
5975	1	7680	0-13	1-10	2-12	2-13	3-5	3-6	4-5	4-12	6-9	7-8	9-11	10-11
5976	1	7680	0-13	1-10	2-6	2-13	3-6	3-11	4-5	4-12	5-10	7-8	9-11	9-12
5977	1	7680	0-13	1-10	2-6	2-13	3-5	3-6	4-5	4-12	7-8	9-11	9-12	10-11
5978	1	7680	0-13	1-4	2-11	2-13	3-6	3-12	4-5	5-10	6-9	7-8	9-12	10-11
5979	1	7680	0-13	1-4	2-5	2-13	3-6	3-11	4-5	6-9	7-8	9-12	10-11	10-12
5980	1	7680	0-13	1-4	2-6	2-12	3-6	3-13	4-5	5-10	7-8	9-11	9-12	10-11
5981	1	7680	0-13	1-4	2-12	2-13	3-6	3-11	4-6	5-10	5-11	7-8	9-10	9-12
5982	1	7680	0-13	1-4	2-12	2-13	3-6	3-12	4-5	5-10	6-9	7-8	9-11	10-11
5983	1	7680	0-13	1-4	2-12	2-13	3-6	3-11	4-5	5-9	6-9	7-8	10-11	10-12
5984	1	7680	0-13	1-4	2-12	2-13	3-6	3-11	4-5	5-10	6-9	7-8	9-12	10-11
5985	1	7680	0-13	1-4	2-6	2-13	3-6	3-12	4-5	5-10	7-8	9-11	9-12	10-11
5986	1	7680	0-13	1-4	2-6	2-13	3-11	3-12	4-5	5-10	6-9	7-8	9-12	10-11
5987	1	7680	0-13	1-11	2-3	2-13	3-12	4-5	4-6	5-10	6-9	7-8	9-12	10-11
5988	1	7680	0-13	1-11	2-3	2-13	3-6	4-5	4-12	5-10	6-9	7-8	9-12	10-11
5989	1	7680	0-13	1-11	2-6	2-10	3-6	3-13	4-5	4-12	5-10	7-8	9-11	9-12
5990	2	3840	0-13	1-11	2-10	2-13	3-5	3-6	4-5	4-6	7-8	9-11	9-12	10-12
5991	2	3840	0-13	1-11	2-10	2-13	3-6	3-12	4-5	4-6	5-10	7-8	9-11	9-12
5992	1	7680	0-13	1-11	2-10	2-13	3-6	3-12	4-5	4-6	5-9	7-8	9-12	10-11
5993	1	7680	0-13	1-11	2-10	2-13	3-11	3-12	4-5	4-6	5-10	6-9	7-8	9-12
5994	1	7680	0-13	1-11	2-10	2-13	3-6	3-11	4-5	4-12	5-10	6-9	7-8	9-12
5995	1	7680	0-13	1-11	2-10	2-13	3-5	3-6	4-5	4-12	6-9	7-8	9-12	10-11
5996	2	3840	0-13	1-11	2-4	2-6	3-12	3-13	4-6	5-10	5-11	7-8	9-10	9-12
5997	1	7680	0-13	1-11	2-4	2-13	3-6	3-12	4-5	5-10	6-9	7-8	9-12	10-11
5998	1	7680	0-13	1-11	2-6	2-11	3-12	3-13	4-5	4-6	5-10	7-8	9-10	9-12
5999	2	3840	0-13	1-11	2-11	2-13	3-5	3-6	4-5	4-6	7-8	9-10	9-12	10-12
6000	2	3840	0-13	1-11	2-11	2-13	3-6	3-12	4-5	4-6	5-10	7-8	9-10	9-12
6001	1	7680	0-13	1-11	2-5	2-13	3-4	3-6	4-5	6-9	7-8	9-12	10-11	10-12
6002	1	7680	0-13	1-11	2-5	2-13	3-6	3-12	4-5	4-10	6-9	7-8	9-12	10-11
6003	2	3840	0-13	1-11	2-6	2-12	3-12	3-13	4-5	4-6	5-9	7-8	9-10	10-11
6004	1	7680	0-13	1-11	2-6	2-12	3-11	3-13	4-5	4-6	5-10	7-8	9-10	9-12
6005	1	7680	0-13	1-11	2-12	2-13	3-6	3-9	4-5	4-12	5-10	6-9	7-8	10-11
6006	1	7680	0-13	1-11	2-12	2-13	3-6	3-12	4-5	4-6	5-9	7-8	9-10	10-11
6007	1	7680	0-13	1-11	2-12	2-13	3-4	3-6	4-6	5-10	5-11	7-8	9-10	9-12
6008	1	7680	0-13	1-11	2-12	2-13	3-6	3-11	4-5	4-6	5-10	7-8	9-10	9-12
6009	1	7680	0-13	1-11	2-12	2-13	3-5	3-6	4-5	4-6	7-8	9-10	9-12	10-11
6010	1	7680	0-13	1-11	2-12	2-13	3-11	3-12	4-5	4-6	5-10	6-9	7-8	9-10
6011	1	7680	0-13	1-11	2-12	2-13	3-6	3-11	4-5	4-12	5-10	6-9	7-8	9-10
6012	1	7680	0-13	1-11	2-12	2-13	3-5	3-6	4-5	4-12	6-9	7-8	9-10	10-11
6013	1	7680	0-13	1-11	2-12	2-13	3-6	3-12	4-5	4-9	5-10	6-9	7-8	10-11
6014	1	7680	0-13	1-11	2-12	2-13	3-4	3-6	4-5	5-9	6-9	7-8	10-11	10-12
6015	1	7680	0-13	1-11	2-12	2-13	3-6	3-12	4-5	4-10	5-9	6-9	7-8	10-11
6016	1	7680	0-13	1-11	2-12	2-13	3-4	3-6	4-5	5-10	6-9	7-8	9-12	10-11
6017	1	7680	0-13	1-11	2-12	2-13	3-6	3-11	4-5	4-10	5-10	6-9	7-8	9-12
6018	1	7680	0-13	1-11	2-12	2-13	3-5	3-6	4-5	4-10	6-9	7-8	9-12	10-11
6019	1	7680	0-13	1-11	2-6	2-13	3-9	3-12	4-5	4-6	5-10	7-8	9-12	10-11
6020	1	7680	0-13	1-11	2-6	2-13	3-11	3-12	4-5	4-6	5-10	7-8	9-10	9-12
6021	1	7680	0-13	1-11	2-6	2-13	3-5	3-6	4-5	4-12	7-8	9-10	9-12	10-11
6022	1	7680	0-13	1-11	2-6	2-13	3-6	3-12	4-5	4-9	5-10	7-8	9-12	10-11
6023	1	7680	0-13	1-11	2-6	2-13	3-6	3-12	4-5	4-10	5-9	7-8	9-12	10-11
6024	1	7680	0-13	1-5	2-4	2-13	3-6	3-11	4-5	6-9	7-8	9-12	10-11	10-12
6025	1	7680	0-13	1-5	2-11	2-13	3-4	3-6	4-5	6-9	7-8	9-12	10-11	10-12
6026	1	7680	0-13	1-5	2-11	2-13	3-6	3-12	4-5	4-10	6-9	7-8	9-12	10-11
6027	1	7680	0-13	1-5	2-6	2-12	3-6	3-13	4-5	4-10	7-8	9-11	9-12	10-11
6028	1	7680	0-13	1-5	2-12	2-13	3-6	3-11	4-5	4-9	6-9	7-8	10-11	10-12
6029	1	7680	0-13	1-5	2-12	2-13	3-4	3-6	4-5	6-9	7-8	9-11	10-11	10-12
6030	1	7680	0-13	1-5	2-12	2-13	3-6	3-12	4-5	4-10	6-9	7-8	9-11	10-11
6031	1	7680	0-13	1-5	2-12	2-13	3-6	3-11	4-5	4-10	6-9	7-8	9-12	10-11
6032	2	3840	0-13	1-5	2-6	2-13	3-11	3-12	4-5	4-9	6-9	7-8	10-11	10-12
6033	1	7680	0-13	1-5	2-6	2-13	3-4	3-6	4-5	7-8	9-11	9-12	10-11	10-12
6034	1	7680	0-13	1-5	2-6	2-13	3-6	3-12	4-5	4-10	7-8	9-11	9-12	10-11
6035	2	3840	0-13	1-12	2-3	2-13	3-12	4-5	4-6	5-10	6-9	7-8	9-11	10-11
6036	2	3840	0-13	1-12	2-3	2-13	3-6	4-10	4-12	5-10	5-11	6-9	7-8	9-11
6037	1	7680	0-13	1-12	2-3	2-13	3-6	4-5	4-12	5-10	6-9	7-8	9-11	10-11
6038	2	3840	0-13	1-12	2-6	2-10	3-11	3-13	4-6	4-9	5-10	5-11	7-8	9-12
6039	2	3840	0-13	1-12	2-6	2-10	3-6	3-13	4-5	4-12	5-9	7-8	9-11	10-11
6040	2	3840	0-13	1-12	2-6	2-10	3-11	3-13	4-5	4-6	5-10	7-8	9-11	9-12
6041	2	3840	0-13	1-12	2-10	2-13	3-6	3-11	4-6	4-9	5-10	5-11	7-8	9-12
6042	1	7680	0-13	1-12	2-10	2-13	3-6	3-12	4-5	4-6	5-9	7-8	9-11	10-11
6043	1	7680	0-13	1-12	2-10	2-13	3-6	3-11	4-5	4-6	5-10	7-8	9-11	9-12
6044	1	7680	0-13	1-12	2-10	2-13	3-11	3-12	4-5	4-6	5-10	6-9	7-8	9-11
6045	1	7680	0-13	1-12	2-10	2-13	3-6	3-11	4-5	4-12	5-10	6-9	7-8	9-11
6046	1	7680	0-13	1-12	2-10	2-13	3-5	3-6	4-5	4-12	6-9	7-8	9-11	10-11
6047	2	3840	0-13	1-12	2-4	2-6	3-9	3-13	4-6	5-10	5-11	7-8	9-12	10-11
6048	1	7680	0-13	1-12	2-4	2-6	3-11	3-13	4-6	5-10	5-11	7-8	9-10	9-12
6049	1	7680	0-13	1-12	2-4	2-6	3-6	3-13	4-5	5-10	7-8	9-11	9-12	10-11
6050	2	3840	0-13	1-12	2-4	2-13	3-6	3-9	4-12	5-10	5-11	6-9	7-8	10-11
6051	2	3840	0-13	1-12	2-4	2-13	3-6	3-11	4-6	5-10	5-11	7-8	9-10	9-12
6052	1	7680	0-13	1-12	2-4	2-13	3-6	3-12	4-5	5-10	6-9	7-8	9-11	10-11
6053	1	7680	0-13	1-12	2-4	2-13	3-6	3-11	4-5	5-9	6-9	7-8	10-11	10-12
6054	1	7680	0-13	1-12	2-4	2-13	3-6	3-11	4-5	5-10	6-9	7-8	9-12	10-11
6055	2	3840	0-13	1-12	2-6	2-11	3-9	3-13	4-5	4-6	5-10	7-8	9-12	10-11
6056	1	7680	0-13	1-12	2-6	2-11	3-12	3-13	4-5	4-6	5-9	7-8	9-10	10-11
6057	2	3840	0-13	1-12	2-6	2-11	3-6	3-13	4-5	4-12	5-9	7-8	9-10	10-11
6058	1	7680	0-13	1-12	2-6	2-11	3-4	3-13	4-6	5-10	5-11	7-8	9-10	9-12
6059	1	7680	0-13	1-12	2-6	2-11	3-11	3-13	4-5	4-6	5-10	7-8	9-10	9-12
6060	1	7680	0-13	1-12	2-6	2-11	3-6	3-13	4-5	4-10	5-10	7-8	9-11	9-12
6061	1	7680	0-13	1-12	2-11	2-13	3-6	3-9	4-10	4-12	5-10	5-11	6-9	7-8
6062	1	7680	0-13	1-12	2-11	2-13	3-6	3-9	4-5	4-12	5-10	6-9	7-8	10-11
6063	1	7680	0-13	1-12	2-11	2-13	3-6	3-12	4-5	4-6	5-9	7-8	9-10	10-11
6064	1	7680	0-13	1-12	2-11	2-13	3-4	3-6	4-6	5-10	5-11	7-8	9-10	9-12
6065	1	7680	0-13	1-12	2-11	2-13	3-6	3-11	4-5	4-6	5-10	7-8	9-10	9-12
6066	2	3840	0-13	1-12	2-11	2-13	3-5	3-6	4-5	4-6	7-8	9-10	9-12	10-11
6067	2	3840	0-13	1-12	2-11	2-13	3-11	3-12	4-5	4-6	5-10	6-9	7-8	9-10
6068	1	7680	0-13	1-12	2-11	2-13	3-6	3-11	4-5	4-12	5-10	6-9	7-8	9-10
6069	1	7680	0-13	1-12	2-11	2-13	3-5	3-6	4-5	4-12	6-9	7-8	9-10	10-11
6070	1	7680	0-13	1-12	2-11	2-13	3-6	3-12	4-5	4-9	5-10	6-9	7-8	10-11
6071	1	7680	0-13	1-12	2-11	2-13	3-4	3-6	4-5	5-9	6-9	7-8	10-11	10-12
6072	1	7680	0-13	1-12	2-11	2-13	3-6	3-12	4-5	4-10	5-9	6-9	7-8	10-11
6073	1	7680	0-13	1-12	2-11	2-13	3-4	3-6	4-5	5-10	6-9	7-8	9-12	10-11
6074	1	7680	0-13	1-12	2-11	2-13	3-6	3-11	4-5	4-10	5-10	6-9	7-8	9-12
6075	1	7680	0-13	1-12	2-11	2-13	3-5	3-6	4-5	4-10	6-9	7-8	9-12	10-11
6076	1	7680	0-13	1-12	2-5	2-6	3-6	3-13	4-5	4-10	7-8	9-11	9-12	10-11
6077	2	3840	0-13	1-12	2-5	2-13	3-6	3-12	4-5	4-6	7-8	9-10	9-11	10-11
6078	1	7680	0-13	1-12	2-5	2-13	3-6	3-11	4-5	4-9	6-9	7-8	10-11	10-12
6079	1	7680	0-13	1-12	2-5	2-13	3-4	3-6	4-5	6-9	7-8	9-11	10-11	10-12
6080	1	7680	0-13	1-12	2-5	2-13	3-6	3-12	4-5	4-10	6-9	7-8	9-11	10-11
6081	2	3840	0-13	1-12	2-5	2-13	3-6	3-11	4-5	4-10	6-9	7-8	9-12	10-11
6082	1	7680	0-13	1-12	2-6	2-12	3-6	3-13	4-5	4-10	5-9	7-8	9-11	10-11
6083	4	1920	0-13	1-12	2-12	2-13	3-5	3-6	4-5	4-6	7-8	9-10	9-11	10-11
6084	1	7680	0-13	1-12	2-12	2-13	3-6	3-11	4-5	4-9	5-10	6-9	7-8	10-11
6085	1	7680	0-13	1-12	2-12	2-13	3-4	3-6	4-5	5-10	6-9	7-8	9-11	10-11
6086	1	7680	0-13	1-12	2-12	2-13	3-6	3-11	4-5	4-10	5-10	6-9	7-8	9-11
6087	1	7680	0-13	1-12	2-12	2-13	3-5	3-6	4-5	4-10	6-9	7-8	9-11	10-11
6088	2	3840	0-13	1-12	2-12	2-13	3-6	3-11	4-5	4-10	5-9	6-9	7-8	10-11
6089	2	3840	0-13	1-12	2-6	2-13	3-5	3-6	4-5	4-12	7-8	9-10	9-11	10-11
6090	1	7680	0-13	1-12	2-6	2-13	3-6	3-11	4-5	4-9	5-10	7-8	9-12	10-11
6091	1	7680	0-13	1-12	2-6	2-13	3-11	3-12	4-5	4-9	5-10	6-9	7-8	10-11
6092	1	7680	0-13	1-12	2-6	2-13	3-6	3-12	4-5	4-10	5-9	7-8	9-11	10-11
6093	1	7680	0-13	1-12	2-6	2-13	3-4	3-6	4-5	5-10	7-8	9-11	9-12	10-11
6094	1	7680	0-13	1-12	2-6	2-13	3-6	3-11	4-5	4-10	5-10	7-8	9-11	9-12
6095	1	7680	0-13	1-12	2-6	2-13	3-5	3-6	4-5	4-10	7-8	9-11	9-12	10-11
6096	1	7680	0-13	1-12	2-6	2-13	3-4	3-12	4-5	5-10	6-9	7-8	9-11	10-11
6097	1	7680	0-13	1-12	2-6	2-13	3-11	3-12	4-5	4-10	5-10	6-9	7-8	9-11
6098	1	7680	0-13	1-12	2-6	2-13	3-5	3-12	4-5	4-10	6-9	7-8	9-11	10-11
6099	2	3840	0-13	1-12	2-6	2-13	3-6	3-11	4-5	4-10	5-9	7-8	9-12	10-11
6100	1	7680	0-13	1-12	2-6	2-13	3-11	3-12	4-5	4-10	5-9	6-9	7-8	10-11
6101	2	3840	0-13	1-12	2-6	2-13	3-5	3-11	4-5	4-10	6-9	7-8	9-12	10-11
6102	4	1920	0-13	1-6	2-3	2-13	3-6	4-9	4-12	5-10	5-11	7-8	9-12	10-11
6103	2	3840	0-13	1-6	2-3	2-13	3-12	4-5	4-6	5-10	7-8	9-11	9-12	10-11
6104	4	1920	0-13	1-6	2-3	2-13	3-6	4-10	4-12	5-10	5-11	7-8	9-11	9-12
6105	2	3840	0-13	1-6	2-3	2-13	3-6	4-5	4-12	5-10	7-8	9-11	9-12	10-11
6106	2	3840	0-13	1-6	2-10	2-12	3-12	3-13	4-5	4-6	5-9	7-8	9-11	10-11
6107	2	3840	0-13	1-6	2-10	2-13	3-11	3-12	4-5	4-6	5-10	7-8	9-11	9-12
6108	1	7680	0-13	1-6	2-10	2-13	3-6	3-11	4-5	4-12	5-10	7-8	9-11	9-12
6109	1	7680	0-13	1-6	2-10	2-13	3-5	3-6	4-5	4-12	7-8	9-11	9-12	10-11
6110	1	7680	0-13	1-6	2-4	2-13	3-6	3-12	4-5	5-10	7-8	9-11	9-12	10-11
6111	2	3840	0-13	1-6	2-11	2-12	3-12	3-13	4-5	4-6	5-9	7-8	9-10	10-11
6112	8	960	0-13	1-6	2-11	2-12	3-6	3-13	4-5	4-10	5-10	7-8	9-11	9-12
6113	1	7680	0-13	1-6	2-11	2-13	3-9	3-12	4-5	4-6	5-10	7-8	9-12	10-11
6114	1	7680	0-13	1-6	2-11	2-13	3-11	3-12	4-5	4-6	5-10	7-8	9-10	9-12
6115	2	3840	0-13	1-6	2-11	2-13	3-6	3-11	4-5	4-12	5-10	7-8	9-10	9-12
6116	1	7680	0-13	1-6	2-11	2-13	3-5	3-6	4-5	4-12	7-8	9-10	9-12	10-11
6117	2	3840	0-13	1-6	2-11	2-13	3-6	3-12	4-5	4-9	5-10	7-8	9-12	10-11
6118	2	3840	0-13	1-6	2-11	2-13	3-6	3-12	4-5	4-10	5-9	7-8	9-12	10-11
6119	4	1920	0-13	1-6	2-5	2-13	3-11	3-12	4-5	4-9	6-9	7-8	10-11	10-12
6120	2	3840	0-13	1-6	2-5	2-13	3-4	3-6	4-5	7-8	9-11	9-12	10-11	10-12
6121	1	7680	0-13	1-6	2-5	2-13	3-6	3-12	4-5	4-10	7-8	9-11	9-12	10-11
6122	2	3840	0-13	1-6	2-12	2-13	3-5	3-6	4-5	4-12	7-8	9-10	9-11	10-11
6123	2	3840	0-13	1-6	2-12	2-13	3-6	3-11	4-5	4-9	5-10	7-8	9-12	10-11
6124	1	7680	0-13	1-6	2-12	2-13	3-11	3-12	4-5	4-9	5-10	6-9	7-8	10-11
6125	1	7680	0-13	1-6	2-12	2-13	3-6	3-12	4-5	4-10	5-9	7-8	9-11	10-11
6126	1	7680	0-13	1-6	2-12	2-13	3-4	3-6	4-5	5-10	7-8	9-11	9-12	10-11
6127	1	7680	0-13	1-6	2-12	2-13	3-6	3-11	4-5	4-10	5-10	7-8	9-11	9-12
6128	1	7680	0-13	1-6	2-12	2-13	3-5	3-6	4-5	4-10	7-8	9-11	9-12	10-11
6129	2	3840	0-13	1-6	2-12	2-13	3-4	3-12	4-5	5-10	6-9	7-8	9-11	10-11
6130	2	3840	0-13	1-6	2-12	2-13	3-11	3-12	4-5	4-10	5-10	6-9	7-8	9-11
6131	2	3840	0-13	1-6	2-12	2-13	3-5	3-12	4-5	4-10	6-9	7-8	9-11	10-11
6132	2	3840	0-13	1-6	2-12	2-13	3-6	3-11	4-5	4-10	5-9	7-8	9-12	10-11
6133	2	3840	0-13	1-6	2-12	2-13	3-11	3-12	4-5	4-10	5-9	6-9	7-8	10-11
6134	4	1920	0-13	1-6	2-12	2-13	3-5	3-11	4-5	4-10	6-9	7-8	9-12	10-11
6135	2	3840	0-13	1-6	2-6	2-13	3-11	3-12	4-5	4-9	5-10	7-8	9-12	10-11
6136	4	1920	0-13	1-6	2-6	2-13	3-4	3-12	4-5	5-10	7-8	9-11	9-12	10-11
6137	4	1920	0-13	1-6	2-6	2-13	3-11	3-12	4-5	4-10	5-10	7-8	9-11	9-12
6138	4	1920	0-13	1-6	2-6	2-13	3-5	3-12	4-5	4-10	7-8	9-11	9-12	10-11
6139	4	1920	0-13	1-6	2-6	2-13	3-11	3-12	4-5	4-10	5-9	7-8	9-12	10-11
6140	8	960	0-13	1-13	2-3	2-6	3-6	4-9	4-12	5-10	5-11	7-8	9-12	10-11
6141	8	960	0-13	1-13	2-3	2-6	3-6	4-10	4-12	5-10	5-11	7-8	9-11	9-12
6142	4	1920	0-13	1-13	2-3	2-6	3-6	4-5	4-12	5-10	7-8	9-11	9-12	10-11
6143	4	1920	0-13	1-13	2-10	2-12	3-6	3-12	4-5	4-6	5-9	7-8	9-11	10-11
6144	4	1920	0-13	1-13	2-6	2-10	3-11	3-12	4-5	4-6	5-10	7-8	9-11	9-12
6145	2	3840	0-13	1-13	2-6	2-10	3-6	3-11	4-5	4-12	5-10	7-8	9-11	9-12
6146	2	3840	0-13	1-13	2-6	2-10	3-5	3-6	4-5	4-12	7-8	9-11	9-12	10-11
6147	2	3840	0-13	1-13	2-4	2-6	3-6	3-12	4-5	5-10	7-8	9-11	9-12	10-11
6148	4	1920	0-13	1-13	2-11	2-12	3-6	3-12	4-5	4-6	5-9	7-8	9-10	10-11
6149	2	3840	0-13	1-13	2-6	2-11	3-9	3-12	4-5	4-6	5-10	7-8	9-12	10-11
6150	2	3840	0-13	1-13	2-6	2-11	3-11	3-12	4-5	4-6	5-10	7-8	9-10	9-12
6151	4	1920	0-13	1-13	2-6	2-11	3-6	3-11	4-5	4-12	5-10	7-8	9-10	9-12
6152	2	3840	0-13	1-13	2-6	2-11	3-5	3-6	4-5	4-12	7-8	9-10	9-12	10-11
6153	4	1920	0-13	1-13	2-6	2-11	3-6	3-12	4-5	4-9	5-10	7-8	9-12	10-11
6154	4	1920	0-13	1-13	2-6	2-11	3-6	3-12	4-5	4-10	5-9	7-8	9-12	10-11
6155	8	960	0-13	1-13	2-5	2-6	3-11	3-12	4-5	4-9	6-9	7-8	10-11	10-12
6156	4	1920	0-13	1-13	2-5	2-6	3-4	3-6	4-5	7-8	9-11	9-12	10-11	10-12
6157	2	3840	0-13	1-13	2-5	2-6	3-6	3-12	4-5	4-10	7-8	9-11	9-12	10-11
6158	4	1920	0-13	1-13	2-6	2-12	3-5	3-6	4-5	4-12	7-8	9-10	9-11	10-11
6159	4	1920	0-13	1-13	2-6	2-12	3-6	3-11	4-5	4-9	5-10	7-8	9-12	10-11
6160	2	3840	0-13	1-13	2-6	2-12	3-11	3-12	4-5	4-9	5-10	6-9	7-8	10-11
6161	2	3840	0-13	1-13	2-6	2-12	3-6	3-12	4-5	4-10	5-9	7-8	9-11	10-11
6162	2	3840	0-13	1-13	2-6	2-12	3-4	3-6	4-5	5-10	7-8	9-11	9-12	10-11
6163	2	3840	0-13	1-13	2-6	2-12	3-6	3-11	4-5	4-10	5-10	7-8	9-11	9-12
6164	2	3840	0-13	1-13	2-6	2-12	3-5	3-6	4-5	4-10	7-8	9-11	9-12	10-11
6165	4	1920	0-13	1-13	2-6	2-12	3-4	3-12	4-5	5-10	6-9	7-8	9-11	10-11
6166	4	1920	0-13	1-13	2-6	2-12	3-11	3-12	4-5	4-10	5-10	6-9	7-8	9-11
6167	4	1920	0-13	1-13	2-6	2-12	3-5	3-12	4-5	4-10	6-9	7-8	9-11	10-11
6168	4	1920	0-13	1-13	2-6	2-12	3-6	3-11	4-5	4-10	5-9	7-8	9-12	10-11
6169	4	1920	0-13	1-13	2-6	2-12	3-11	3-12	4-5	4-10	5-9	6-9	7-8	10-11
6170	8	960	0-13	1-13	2-6	2-12	3-5	3-11	4-5	4-10	6-9	7-8	9-12	10-11
6171	24	320	0-13	1-6	2-8	2-13	3-4	3-12	4-12	5-10	5-11	6-9	7-9	10-11
6172	24	320	0-13	1-6	2-8	2-13	3-11	3-12	4-10	4-12	5-10	5-11	6-9	7-9
6173	8	960	0-13	1-6	2-8	2-13	3-11	3-12	4-5	4-12	5-10	6-9	7-9	10-11
6174	2	3840	0-13	1-12	2-8	2-13	3-7	3-12	4-5	4-6	5-10	6-9	9-11	10-11
6175	2	3840	0-13	1-12	2-4	2-6	3-7	3-13	4-6	5-10	5-11	8-9	9-12	10-11
6176	2	3840	0-13	1-12	2-6	2-11	3-7	3-13	4-5	4-6	5-10	8-9	9-12	10-11
6177	4	1920	0-13	1-6	2-8	2-13	3-6	3-7	4-9	4-12	5-10	5-11	9-12	10-11
6178	4	1920	0-13	1-6	2-8	2-13	3-6	3-7	4-10	4-12	5-10	5-11	9-11	9-12
6179	2	3840	0-13	1-6	2-8	2-13	3-6	3-7	4-5	4-12	5-10	9-11	9-12	10-11
6180	2	3840	0-13	1-13	2-6	2-8	3-6	3-7	4-5	4-12	5-10	9-11	9-12	10-11
6181	2	3840	0-13	1-12	2-6	2-8	3-11	3-13	4-5	4-6	5-10	7-10	9-11	9-12
6182	1	7680	0-13	1-12	2-8	2-13	3-6	3-12	4-5	4-6	5-9	7-10	9-11	10-11
6183	1	7680	0-13	1-12	2-8	2-13	3-6	3-11	4-5	4-6	5-10	7-10	9-11	9-12
6184	1	7680	0-13	1-12	2-8	2-13	3-11	3-12	4-5	4-6	5-10	6-9	7-10	9-11
6185	1	7680	0-13	1-12	2-4	2-13	3-6	3-11	4-6	5-10	5-11	7-10	8-9	9-12
6186	1	7680	0-13	1-12	2-6	2-11	3-12	3-13	4-5	4-6	5-9	7-10	8-9	10-11
6187	1	7680	0-13	1-12	2-11	2-13	3-6	3-12	4-5	4-6	5-9	7-10	8-9	10-11
6188	1	7680	0-13	1-12	2-11	2-13	3-6	3-11	4-5	4-6	5-10	7-10	8-9	9-12
6189	2	3840	0-13	1-12	2-11	2-13	3-11	3-12	4-5	4-6	5-10	6-9	7-10	8-9
6190	1	7680	0-13	1-6	2-8	2-13	3-6	3-11	4-5	4-12	5-10	7-10	9-11	9-12
6191	1	7680	0-13	1-6	2-8	2-13	3-5	3-6	4-5	4-12	7-10	9-11	9-12	10-11
6192	2	3840	0-13	1-6	2-11	2-13	3-6	3-11	4-5	4-12	5-10	7-10	8-9	9-12
6193	1	7680	0-13	1-6	2-11	2-13	3-5	3-6	4-5	4-12	7-10	8-9	9-12	10-11
6194	2	3840	0-13	1-6	2-12	2-13	3-5	3-6	4-5	4-12	7-10	8-9	9-11	10-11
6195	8	960	0-13	1-6	2-11	2-12	3-6	3-13	4-5	4-12	5-9	7-10	8-10	9-11
6196	1	7680	0-13	1-13	2-6	2-8	3-6	3-11	4-5	4-12	5-10	7-10	9-11	9-12
6197	1	7680	0-13	1-13	2-6	2-8	3-5	3-6	4-5	4-12	7-10	9-11	9-12	10-11
6198	2	3840	0-13	1-13	2-6	2-11	3-6	3-11	4-5	4-12	5-10	7-10	8-9	9-12
6199	1	7680	0-13	1-13	2-6	2-11	3-5	3-6	4-5	4-12	7-10	8-9	9-12	10-11
6200	2	3840	0-13	1-13	2-6	2-12	3-5	3-6	4-5	4-12	7-10	8-9	9-11	10-11
6201	1	7680	0-13	1-11	2-8	2-13	3-6	3-12	4-5	4-7	5-10	6-9	9-12	10-11
6202	1	7680	0-13	1-11	2-12	2-13	3-6	3-12	4-5	4-7	5-10	6-9	8-9	10-11
6203	1	7680	0-13	1-11	2-12	2-13	3-6	3-8	4-5	4-7	5-10	6-9	9-12	10-11
6204	1	7680	0-13	1-11	2-5	2-13	3-6	3-12	4-5	4-7	6-9	8-10	9-12	10-11
6205	1	7680	0-13	1-11	2-12	2-13	3-6	3-12	4-5	4-7	5-9	6-9	8-10	10-11
6206	1	7680	0-13	1-11	2-12	2-13	3-5	3-6	4-5	4-7	6-9	8-10	9-12	10-11
6207	1	7680	0-13	1-11	2-6	2-13	3-6	3-12	4-5	4-7	5-9	8-10	9-12	10-11
6208	1	7680	0-13	1-5	2-8	2-13	3-6	3-11	4-5	4-7	6-9	9-12	10-11	10-12
6209	1	7680	0-13	1-5	2-12	2-13	3-6	3-11	4-5	4-7	6-9	8-9	10-11	10-12
6210	1	7680	0-13	1-5	2-12	2-13	3-6	3-8	4-5	4-7	6-9	9-11	10-11	10-12
6211	1	7680	0-13	1-5	2-11	2-13	3-6	3-12	4-5	4-7	6-9	8-10	9-12	10-11
6212	1	7680	0-13	1-5	2-6	2-12	3-6	3-13	4-5	4-7	8-10	9-11	9-12	10-11
6213	1	7680	0-13	1-5	2-12	2-13	3-6	3-12	4-5	4-7	6-9	8-10	9-11	10-11
6214	1	7680	0-13	1-5	2-12	2-13	3-6	3-11	4-5	4-7	6-9	8-10	9-12	10-11
6215	1	7680	0-13	1-5	2-6	2-13	3-6	3-12	4-5	4-7	8-10	9-11	9-12	10-11
6216	1	7680	0-13	1-5	2-6	2-13	3-11	3-12	4-5	4-7	6-9	8-10	9-12	10-11
6217	1	7680	0-13	1-12	2-6	2-8	3-6	3-13	4-5	4-7	5-10	9-11	9-12	10-11
6218	1	7680	0-13	1-12	2-8	2-13	3-6	3-12	4-5	4-7	5-10	6-9	9-11	10-11
6219	1	7680	0-13	1-12	2-8	2-13	3-6	3-11	4-5	4-7	5-9	6-9	10-11	10-12
6220	1	7680	0-13	1-12	2-8	2-13	3-6	3-11	4-5	4-7	5-10	6-9	9-12	10-11
6221	1	7680	0-13	1-12	2-10	2-13	3-6	3-11	4-6	4-7	5-10	5-11	8-9	9-12
6222	1	7680	0-13	1-12	2-11	2-13	3-6	3-12	4-5	4-7	5-10	6-9	8-9	10-11
6223	1	7680	0-13	1-12	2-5	2-13	3-6	3-11	4-5	4-7	6-9	8-9	10-11	10-12
6224	1	7680	0-13	1-12	2-12	2-13	3-6	3-11	4-5	4-7	5-10	6-9	8-9	10-11
6225	1	7680	0-13	1-12	2-6	2-13	3-11	3-12	4-5	4-7	5-10	6-9	8-9	10-11
6226	1	7680	0-13	1-12	2-11	2-13	3-6	3-8	4-5	4-7	5-10	6-9	9-12	10-11
6227	1	7680	0-13	1-12	2-5	2-13	3-6	3-8	4-5	4-7	6-9	9-11	10-11	10-12
6228	1	7680	0-13	1-12	2-12	2-13	3-6	3-8	4-5	4-7	5-10	6-9	9-11	10-11
6229	1	7680	0-13	1-12	2-6	2-13	3-6	3-8	4-5	4-7	5-10	9-11	9-12	10-11
6230	1	7680	0-13	1-12	2-6	2-11	3-6	3-13	4-5	4-7	5-9	8-10	9-12	10-11
6231	1	7680	0-13	1-12	2-11	2-13	3-6	3-12	4-5	4-7	5-9	6-9	8-10	10-11
6232	1	7680	0-13	1-12	2-11	2-13	3-5	3-6	4-5	4-7	6-9	8-10	9-12	10-11
6233	1	7680	0-13	1-12	2-5	2-6	3-6	3-13	4-5	4-7	8-10	9-11	9-12	10-11
6234	1	7680	0-13	1-12	2-5	2-13	3-6	3-12	4-5	4-7	6-9	8-10	9-11	10-11
6235	1	7680	0-13	1-12	2-5	2-13	3-6	3-11	4-5	4-7	6-9	8-10	9-12	10-11
6236	1	7680	0-13	1-12	2-6	2-12	3-6	3-13	4-5	4-7	5-9	8-10	9-11	10-11
6237	1	7680	0-13	1-12	2-12	2-13	3-5	3-6	4-5	4-7	6-9	8-10	9-11	10-11
6238	1	7680	0-13	1-12	2-12	2-13	3-6	3-11	4-5	4-7	5-9	6-9	8-10	10-11
6239	1	7680	0-13	1-12	2-6	2-13	3-6	3-12	4-5	4-7	5-9	8-10	9-11	10-11
6240	1	7680	0-13	1-12	2-6	2-13	3-5	3-6	4-5	4-7	8-10	9-11	9-12	10-11
6241	1	7680	0-13	1-12	2-6	2-13	3-6	3-11	4-5	4-7	5-9	8-10	9-12	10-11
6242	1	7680	0-13	1-12	2-6	2-13	3-11	3-12	4-5	4-7	5-9	6-9	8-10	10-11
6243	1	7680	0-13	1-6	2-8	2-13	3-6	3-12	4-5	4-7	5-10	9-11	9-12	10-11
6244	1	7680	0-13	1-6	2-12	2-13	3-11	3-12	4-5	4-7	5-10	6-9	8-9	10-11
6245	1	7680	0-13	1-6	2-12	2-13	3-6	3-8	4-5	4-7	5-10	9-11	9-12	10-11
6246	1	7680	0-13	1-6	2-11	2-13	3-6	3-12	4-5	4-7	5-9	8-10	9-12	10-11
6247	1	7680	0-13	1-6	2-5	2-13	3-6	3-12	4-5	4-7	8-10	9-11	9-12	10-11
6248	1	7680	0-13	1-6	2-12	2-13	3-6	3-12	4-5	4-7	5-9	8-10	9-11	10-11
6249	1	7680	0-13	1-6	2-12	2-13	3-5	3-6	4-5	4-7	8-10	9-11	9-12	10-11
6250	1	7680	0-13	1-6	2-12	2-13	3-6	3-11	4-5	4-7	5-9	8-10	9-12	10-11
6251	1	7680	0-13	1-6	2-12	2-13	3-11	3-12	4-5	4-7	5-9	6-9	8-10	10-11
6252	1	7680	0-13	1-6	2-6	2-13	3-11	3-12	4-5	4-7	5-9	8-10	9-12	10-11
6253	1	7680	0-13	1-13	2-6	2-8	3-6	3-12	4-5	4-7	5-10	9-11	9-12	10-11
6254	1	7680	0-13	1-13	2-6	2-12	3-11	3-12	4-5	4-7	5-10	6-9	8-9	10-11
6255	1	7680	0-13	1-13	2-6	2-12	3-6	3-8	4-5	4-7	5-10	9-11	9-12	10-11
6256	1	7680	0-13	1-13	2-6	2-11	3-6	3-12	4-5	4-7	5-9	8-10	9-12	10-11
6257	1	7680	0-13	1-13	2-5	2-6	3-6	3-12	4-5	4-7	8-10	9-11	9-12	10-11
6258	1	7680	0-13	1-13	2-6	2-12	3-6	3-12	4-5	4-7	5-9	8-10	9-11	10-11
6259	1	7680	0-13	1-13	2-6	2-12	3-5	3-6	4-5	4-7	8-10	9-11	9-12	10-11
6260	1	7680	0-13	1-13	2-6	2-12	3-6	3-11	4-5	4-7	5-9	8-10	9-12	10-11
6261	1	7680	0-13	1-13	2-6	2-12	3-11	3-12	4-5	4-7	5-9	6-9	8-10	10-11
6262	2	3840	0-13	1-2	2-13	3-6	3-12	4-5	4-8	5-10	6-9	7-11	9-12	10-11
6263	2	3840	0-13	1-9	2-12	2-13	3-6	3-12	4-5	4-8	5-10	6-9	7-11	10-11
6264	1	7680	0-13	1-3	2-12	2-13	3-6	4-5	4-8	5-10	6-9	7-11	9-12	10-11
6265	1	7680	0-13	1-10	2-5	2-13	3-6	3-12	4-5	4-8	6-9	7-11	9-12	10-11
6266	1	7680	0-13	1-10	2-12	2-13	3-6	3-12	4-5	4-8	5-9	6-9	7-11	10-11
6267	1	7680	0-13	1-10	2-12	2-13	3-5	3-6	4-5	4-8	6-9	7-11	9-12	10-11
6268	1	7680	0-13	1-10	2-6	2-13	3-6	3-12	4-5	4-8	5-9	7-11	9-12	10-11
6269	1	7680	0-13	1-10	2-5	2-13	3-6	3-12	4-5	4-10	6-9	7-11	8-11	9-12
6270	1	7680	0-13	1-10	2-6	2-12	3-6	3-13	4-5	4-10	5-9	7-11	8-11	9-12
6271	1	7680	0-13	1-10	2-12	2-13	3-6	3-12	4-5	4-10	5-9	6-9	7-11	8-11
6272	1	7680	0-13	1-10	2-12	2-13	3-5	3-6	4-5	4-10	6-9	7-11	8-11	9-12
6273	1	7680	0-13	1-10	2-6	2-13	3-6	3-12	4-5	4-10	5-9	7-11	8-11	9-12
6274	1	7680	0-13	1-10	2-6	2-13	3-5	3-12	4-5	4-10	6-9	7-11	8-11	9-12
6275	1	7680	0-13	1-4	2-8	2-13	3-6	3-12	4-5	5-10	6-9	7-11	9-12	10-11
6276	1	7680	0-13	1-4	2-12	2-13	3-6	3-12	4-5	5-10	6-9	7-11	8-9	10-11
6277	1	7680	0-13	1-4	2-12	2-13	3-6	3-8	4-5	5-10	6-9	7-11	9-12	10-11
6278	1	7680	0-13	1-4	2-5	2-13	3-6	3-12	4-5	6-9	7-11	8-10	9-12	10-11
6279	1	7680	0-13	1-4	2-12	2-13	3-6	3-12	4-5	5-9	6-9	7-11	8-10	10-11
6280	1	7680	0-13	1-4	2-12	2-13	3-5	3-6	4-5	6-9	7-11	8-10	9-12	10-11
6281	1	7680	0-13	1-4	2-6	2-13	3-6	3-12	4-5	5-9	7-11	8-10	9-12	10-11
6282	1	7680	0-13	1-11	2-5	2-13	3-6	3-12	4-5	4-10	6-9	7-11	8-10	9-12
6283	1	7680	0-13	1-11	2-6	2-12	3-6	3-13	4-5	4-10	5-9	7-11	8-10	9-12
6284	1	7680	0-13	1-11	2-12	2-13	3-6	3-12	4-5	4-10	5-9	6-9	7-11	8-10
6285	1	7680	0-13	1-11	2-12	2-13	3-5	3-6	4-5	4-10	6-9	7-11	8-10	9-12
6286	1	7680	0-13	1-11	2-6	2-13	3-6	3-12	4-5	4-10	5-9	7-11	8-10	9-12
6287	1	7680	0-13	1-11	2-6	2-13	3-5	3-12	4-5	4-10	6-9	7-11	8-10	9-12
6288	1	7680	0-13	1-5	2-8	2-13	3-4	3-6	4-5	6-9	7-11	9-12	10-11	10-12
6289	1	7680	0-13	1-5	2-8	2-13	3-6	3-12	4-5	4-10	6-9	7-11	9-12	10-11
6290	1	7680	0-13	1-5	2-12	2-13	3-4	3-6	4-5	6-9	7-11	8-9	10-11	10-12
6291	1	7680	0-13	1-5	2-12	2-13	3-6	3-12	4-5	4-10	6-9	7-11	8-9	10-11
6292	1	7680	0-13	1-5	2-12	2-13	3-6	3-8	4-5	4-9	6-9	7-11	10-11	10-12
6293	1	7680	0-13	1-5	2-4	2-13	3-6	3-12	4-5	6-9	7-11	8-10	9-12	10-11
6294	1	7680	0-13	1-5	2-11	2-13	3-6	3-12	4-5	4-10	6-9	7-11	8-10	9-12
6295	2	3840	0-13	1-5	2-6	2-12	3-12	3-13	4-5	4-6	7-11	8-10	9-10	9-11
6296	1	7680	0-13	1-5	2-6	2-12	3-6	3-13	4-5	4-9	7-11	8-10	9-12	10-11
6297	1	7680	0-13	1-5	2-6	2-12	3-6	3-13	4-5	4-10	7-11	8-10	9-11	9-12
6298	1	7680	0-13	1-5	2-12	2-13	3-6	3-12	4-5	4-9	6-9	7-11	8-10	10-11
6299	1	7680	0-13	1-5	2-12	2-13	3-6	3-12	4-5	4-10	6-9	7-11	8-10	9-11
6300	1	7680	0-13	1-5	2-12	2-13	3-4	3-6	4-5	6-9	7-11	8-10	9-12	10-11
6301	1	7680	0-13	1-5	2-12	2-13	3-6	3-11	4-5	4-10	6-9	7-11	8-10	9-12
6302	1	7680	0-13	1-5	2-6	2-13	3-6	3-12	4-5	4-9	7-11	8-10	9-12	10-11
6303	1	7680	0-13	1-5	2-6	2-13	3-6	3-12	4-5	4-10	7-11	8-10	9-11	9-12
6304	1	7680	0-13	1-5	2-10	2-13	3-6	3-12	4-5	4-8	6-9	7-11	9-12	10-11
6305	1	7680	0-13	1-5	2-12	2-13	3-6	3-12	4-5	4-8	6-9	7-11	9-10	10-11
6306	1	7680	0-13	1-5	2-12	2-13	3-5	3-6	4-8	4-10	6-9	7-11	9-12	10-11
6307	1	7680	0-13	1-5	2-6	2-13	3-6	3-12	4-5	4-8	7-11	9-10	9-12	10-11
6308	1	7680	0-13	1-5	2-10	2-13	3-6	3-12	4-5	4-10	6-9	7-11	8-11	9-12
6309	1	7680	0-13	1-5	2-6	2-12	3-6	3-13	4-5	4-10	7-11	8-11	9-10	9-12
6310	1	7680	0-13	1-5	2-12	2-13	3-6	3-12	4-5	4-10	6-9	7-11	8-11	9-10
6311	1	7680	0-13	1-5	2-6	2-13	3-6	3-12	4-5	4-10	7-11	8-11	9-10	9-12
6312	1	7680	0-13	1-12	2-8	2-13	3-6	3-9	4-5	4-12	5-10	6-9	7-11	10-11
6313	1	7680	0-13	1-12	2-8	2-13	3-6	3-12	4-5	4-6	5-9	7-11	9-10	10-11
6314	1	7680	0-13	1-12	2-8	2-13	3-4	3-6	4-6	5-10	5-11	7-11	9-10	9-12
6315	1	7680	0-13	1-12	2-8	2-13	3-6	3-11	4-5	4-6	5-10	7-11	9-10	9-12
6316	1	7680	0-13	1-12	2-8	2-13	3-5	3-6	4-5	4-12	6-9	7-11	9-10	10-11
6317	1	7680	0-13	1-12	2-8	2-13	3-6	3-12	4-5	4-9	5-10	6-9	7-11	10-11
6318	1	7680	0-13	1-12	2-8	2-13	3-4	3-6	4-5	5-9	6-9	7-11	10-11	10-12
6319	1	7680	0-13	1-12	2-8	2-13	3-6	3-12	4-5	4-10	5-9	6-9	7-11	10-11
6320	1	7680	0-13	1-12	2-8	2-13	3-4	3-6	4-5	5-10	6-9	7-11	9-12	10-11
6321	1	7680	0-13	1-12	2-8	2-13	3-6	3-11	4-5	4-10	5-10	6-9	7-11	9-12
6322	1	7680	0-13	1-12	2-8	2-13	3-5	3-6	4-5	4-10	6-9	7-11	9-12	10-11
6323	1	7680	0-13	1-12	2-3	2-13	3-6	4-5	4-12	5-10	6-9	7-11	8-9	10-11
6324	1	7680	0-13	1-12	2-10	2-13	3-6	3-12	4-5	4-6	5-9	7-11	8-9	10-11
6325	1	7680	0-13	1-12	2-10	2-13	3-4	3-6	4-6	5-10	5-11	7-11	8-9	9-12
6326	1	7680	0-13	1-12	2-10	2-13	3-6	3-11	4-5	4-6	5-10	7-11	8-9	9-12
6327	1	7680	0-13	1-12	2-10	2-13	3-5	3-6	4-5	4-6	7-11	8-9	9-12	10-11
6328	1	7680	0-13	1-12	2-10	2-13	3-5	3-6	4-5	4-12	6-9	7-11	8-9	10-11
6329	1	7680	0-13	1-12	2-4	2-13	3-6	3-12	4-5	5-10	6-9	7-11	8-9	10-11
6330	1	7680	0-13	1-12	2-5	2-13	3-4	3-6	4-5	6-9	7-11	8-9	10-11	10-12
6331	1	7680	0-13	1-12	2-5	2-13	3-6	3-12	4-5	4-10	6-9	7-11	8-9	10-11
6332	1	7680	0-13	1-12	2-12	2-13	3-4	3-6	4-5	5-10	6-9	7-11	8-9	10-11
6333	1	7680	0-13	1-12	2-12	2-13	3-6	3-11	4-5	4-10	5-10	6-9	7-11	8-9
6334	1	7680	0-13	1-12	2-12	2-13	3-5	3-6	4-5	4-10	6-9	7-11	8-9	10-11
6335	1	7680	0-13	1-12	2-6	2-10	3-8	3-13	4-5	4-6	5-10	7-11	9-11	9-12
6336	1	7680	0-13	1-12	2-4	2-13	3-6	3-8	4-5	5-10	6-9	7-11	9-12	10-11
6337	1	7680	0-13	1-12	2-6	2-11	3-8	3-13	4-5	4-6	5-10	7-11	9-10	9-12
6338	1	7680	0-13	1-12	2-5	2-13	3-6	3-8	4-5	4-9	6-9	7-11	10-11	10-12
6339	1	7680	0-13	1-12	2-12	2-13	3-6	3-8	4-5	4-9	5-10	6-9	7-11	10-11
6340	1	7680	0-13	1-12	2-12	2-13	3-6	3-8	4-5	4-10	5-10	6-9	7-11	9-11
6341	1	7680	0-13	1-12	2-6	2-13	3-6	3-8	4-5	4-9	5-10	7-11	9-12	10-11
6342	1	7680	0-13	1-12	2-3	2-6	3-13	4-5	4-6	5-10	7-11	8-10	9-11	9-12
6343	2	3840	0-13	1-12	2-6	2-10	3-6	3-13	4-5	4-12	5-9	7-11	8-10	9-11
6344	1	7680	0-13	1-12	2-10	2-13	3-6	3-12	4-5	4-6	5-9	7-11	8-10	9-11
6345	1	7680	0-13	1-12	2-4	2-6	3-6	3-13	4-5	5-9	7-11	8-10	9-12	10-11
6346	1	7680	0-13	1-12	2-4	2-13	3-6	3-12	4-5	5-9	6-9	7-11	8-10	10-11
6347	1	7680	0-13	1-12	2-4	2-13	3-5	3-6	4-5	6-9	7-11	8-10	9-12	10-11
6348	1	7680	0-13	1-12	2-6	2-11	3-9	3-13	4-5	4-6	5-10	7-11	8-10	9-12
6349	1	7680	0-13	1-12	2-6	2-11	3-12	3-13	4-5	4-6	5-9	7-11	8-10	9-10
6350	2	3840	0-13	1-12	2-6	2-11	3-6	3-13	4-5	4-12	5-9	7-11	8-10	9-10
6351	1	7680	0-13	1-12	2-6	2-11	3-6	3-13	4-5	4-10	5-9	7-11	8-10	9-12
6352	1	7680	0-13	1-12	2-11	2-13	3-6	3-12	4-5	4-6	5-9	7-11	8-10	9-10
6353	2	3840	0-13	1-12	2-11	2-13	3-5	3-6	4-5	4-6	7-11	8-10	9-10	9-12
6354	1	7680	0-13	1-12	2-11	2-13	3-6	3-12	4-5	4-10	5-9	6-9	7-11	8-10
6355	1	7680	0-13	1-12	2-11	2-13	3-5	3-6	4-5	4-10	6-9	7-11	8-10	9-12
6356	1	7680	0-13	1-12	2-5	2-6	3-12	3-13	4-5	4-6	7-11	8-10	9-10	9-11
6357	2	3840	0-13	1-12	2-5	2-6	3-6	3-13	4-5	4-12	7-11	8-10	9-10	9-11
6358	1	7680	0-13	1-12	2-5	2-6	3-6	3-13	4-5	4-9	7-11	8-10	9-12	10-11
6359	1	7680	0-13	1-12	2-5	2-6	3-6	3-13	4-5	4-10	7-11	8-10	9-11	9-12
6360	1	7680	0-13	1-12	2-5	2-13	3-6	3-12	4-5	4-6	7-11	8-10	9-10	9-11
6361	1	7680	0-13	1-12	2-5	2-13	3-6	3-12	4-5	4-9	6-9	7-11	8-10	10-11
6362	1	7680	0-13	1-12	2-5	2-13	3-6	3-12	4-5	4-10	6-9	7-11	8-10	9-11
6363	2	3840	0-13	1-12	2-5	2-13	3-4	3-6	4-5	6-9	7-11	8-10	9-12	10-11
6364	2	3840	0-13	1-12	2-5	2-13	3-6	3-11	4-5	4-10	6-9	7-11	8-10	9-12
6365	1	7680	0-13	1-12	2-6	2-12	3-6	3-13	4-5	4-9	5-9	7-11	8-10	10-11
6366	1	7680	0-13	1-12	2-6	2-12	3-6	3-13	4-5	4-10	5-9	7-11	8-10	9-11
6367	2	3840	0-13	1-12	2-12	2-13	3-5	3-6	4-5	4-6	7-11	8-10	9-10	9-11
6368	1	7680	0-13	1-12	2-12	2-13	3-5	3-6	4-5	4-9	6-9	7-11	8-10	10-11
6369	1	7680	0-13	1-12	2-12	2-13	3-5	3-6	4-5	4-10	6-9	7-11	8-10	9-11
6370	2	3840	0-13	1-12	2-12	2-13	3-4	3-6	4-5	5-9	6-9	7-11	8-10	10-11
6371	2	3840	0-13	1-12	2-12	2-13	3-6	3-11	4-5	4-10	5-9	6-9	7-11	8-10
6372	1	7680	0-13	1-12	2-6	2-13	3-6	3-12	4-5	4-9	5-9	7-11	8-10	10-11
6373	1	7680	0-13	1-12	2-6	2-13	3-5	3-6	4-5	4-9	7-11	8-10	9-12	10-11
6374	1	7680	0-13	1-12	2-6	2-13	3-6	3-12	4-5	4-10	5-9	7-11	8-10	9-11
6375	1	7680	0-13	1-12	2-6	2-13	3-5	3-6	4-5	4-10	7-11	8-10	9-11	9-12
6376	1	7680	0-13	1-12	2-6	2-13	3-5	3-12	4-5	4-10	6-9	7-11	8-10	9-11
6377	2	3840	0-13	1-12	2-6	2-13	3-4	3-6	4-5	5-9	7-11	8-10	9-12	10-11
6378	2	3840	0-13	1-12	2-6	2-13	3-6	3-11	4-5	4-10	5-9	7-11	8-10	9-12
6379	1	7680	0-13	1-12	2-6	2-13	3-4	3-12	4-5	5-9	6-9	7-11	8-10	10-11
6380	1	7680	0-13	1-12	2-6	2-13	3-11	3-12	4-5	4-10	5-9	6-9	7-11	8-10
6381	1	7680	0-13	1-12	2-6	2-13	3-4	3-5	4-5	6-9	7-11	8-10	9-12	10-11
6382	1	7680	0-13	1-12	2-6	2-13	3-5	3-11	4-5	4-10	6-9	7-11	8-10	9-12
6383	1	7680	0-13	1-12	2-3	2-13	3-6	4-5	4-8	5-10	6-9	7-11	9-12	10-11
6384	1	7680	0-13	1-12	2-10	2-13	3-6	3-12	4-5	4-8	5-9	6-9	7-11	10-11
6385	1	7680	0-13	1-12	2-10	2-13	3-5	3-6	4-5	4-8	6-9	7-11	9-12	10-11
6386	1	7680	0-13	1-12	2-5	2-13	3-6	3-12	4-5	4-8	6-9	7-11	9-10	10-11
6387	2	3840	0-13	1-12	2-5	2-13	3-5	3-6	4-8	4-10	6-9	7-11	9-12	10-11
6388	1	7680	0-13	1-12	2-12	2-13	3-6	3-9	4-5	4-8	5-10	6-9	7-11	10-11
6389	1	7680	0-13	1-12	2-12	2-13	3-5	3-6	4-5	4-8	6-9	7-11	9-10	10-11
6390	2	3840	0-13	1-12	2-12	2-13	3-5	3-6	4-8	4-10	5-9	6-9	7-11	10-11
6391	1	7680	0-13	1-12	2-6	2-13	3-5	3-6	4-5	4-8	7-11	9-10	9-12	10-11
6392	2	3840	0-13	1-12	2-3	2-6	3-13	4-5	4-6	5-10	7-11	8-11	9-10	9-12
6393	1	7680	0-13	1-12	2-6	2-10	3-6	3-13	4-5	4-10	5-9	7-11	8-11	9-12
6394	1	7680	0-13	1-12	2-10	2-13	3-6	3-12	4-5	4-10	5-9	6-9	7-11	8-11
6395	1	7680	0-13	1-12	2-10	2-13	3-5	3-6	4-5	4-10	6-9	7-11	8-11	9-12
6396	1	7680	0-13	1-12	2-5	2-6	3-6	3-13	4-5	4-10	7-11	8-11	9-10	9-12
6397	1	7680	0-13	1-12	2-5	2-13	3-6	3-12	4-5	4-10	6-9	7-11	8-11	9-10
6398	1	7680	0-13	1-12	2-12	2-13	3-5	3-6	4-5	4-10	6-9	7-11	8-11	9-10
6399	1	7680	0-13	1-12	2-6	2-13	3-6	3-12	4-5	4-10	5-9	7-11	8-11	9-10
6400	1	7680	0-13	1-12	2-6	2-13	3-5	3-6	4-5	4-10	7-11	8-11	9-10	9-12
6401	1	7680	0-13	1-12	2-6	2-13	3-5	3-12	4-5	4-10	6-9	7-11	8-11	9-10
6402	1	7680	0-13	1-6	2-8	2-13	3-9	3-12	4-5	4-6	5-10	7-11	9-12	10-11
6403	1	7680	0-13	1-6	2-8	2-13	3-11	3-12	4-5	4-6	5-10	7-11	9-10	9-12
6404	2	3840	0-13	1-6	2-3	2-13	3-12	4-5	4-6	5-10	7-11	8-9	9-12	10-11
6405	2	3840	0-13	1-6	2-10	2-13	3-11	3-12	4-5	4-6	5-10	7-11	8-9	9-12
6406	1	7680	0-13	1-6	2-12	2-13	3-6	3-8	4-5	4-9	5-10	7-11	9-12	10-11
6407	2	3840	0-13	1-6	2-10	2-12	3-12	3-13	4-5	4-6	5-9	7-11	8-10	9-11
6408	1	7680	0-13	1-6	2-4	2-13	3-6	3-12	4-5	5-9	7-11	8-10	9-12	10-11
6409	2	3840	0-13	1-6	2-11	2-12	3-12	3-13	4-5	4-6	5-9	7-11	8-10	9-10
6410	1	7680	0-13	1-6	2-11	2-13	3-6	3-12	4-5	4-10	5-9	7-11	8-10	9-12
6411	2	3840	0-13	1-6	2-5	2-12	3-6	3-13	4-5	4-9	7-11	8-10	9-12	10-11
6412	1	7680	0-13	1-6	2-5	2-12	3-6	3-13	4-5	4-10	7-11	8-10	9-11	9-12
6413	1	7680	0-13	1-6	2-5	2-13	3-6	3-12	4-5	4-9	7-11	8-10	9-12	10-11
6414	1	7680	0-13	1-6	2-5	2-13	3-6	3-12	4-5	4-10	7-11	8-10	9-11	9-12
6415	1	7680	0-13	1-6	2-12	2-13	3-6	3-12	4-5	4-9	5-9	7-11	8-10	10-11
6416	1	7680	0-13	1-6	2-12	2-13	3-5	3-6	4-5	4-9	7-11	8-10	9-12	10-11
6417	1	7680	0-13	1-6	2-12	2-13	3-6	3-12	4-5	4-10	5-9	7-11	8-10	9-11
6418	1	7680	0-13	1-6	2-12	2-13	3-5	3-6	4-5	4-10	7-11	8-10	9-11	9-12
6419	1	7680	0-13	1-6	2-12	2-13	3-5	3-12	4-5	4-10	6-9	7-11	8-10	9-11
6420	1	7680	0-13	1-6	2-12	2-13	3-4	3-6	4-5	5-9	7-11	8-10	9-12	10-11
6421	1	7680	0-13	1-6	2-12	2-13	3-6	3-11	4-5	4-10	5-9	7-11	8-10	9-12
6422	2	3840	0-13	1-6	2-12	2-13	3-4	3-12	4-5	5-9	6-9	7-11	8-10	10-11
6423	2	3840	0-13	1-6	2-12	2-13	3-11	3-12	4-5	4-10	5-9	6-9	7-11	8-10
6424	2	3840	0-13	1-6	2-12	2-13	3-4	3-5	4-5	6-9	7-11	8-10	9-12	10-11
6425	2	3840	0-13	1-6	2-12	2-13	3-5	3-11	4-5	4-10	6-9	7-11	8-10	9-12
6426	1	7680	0-13	1-6	2-6	2-13	3-5	3-12	4-5	4-10	7-11	8-10	9-11	9-12
6427	2	3840	0-13	1-6	2-6	2-13	3-4	3-12	4-5	5-9	7-11	8-10	9-12	10-11
6428	2	3840	0-13	1-6	2-6	2-13	3-11	3-12	4-5	4-10	5-9	7-11	8-10	9-12
6429	2	3840	0-13	1-6	2-12	2-13	3-5	3-11	4-8	4-10	5-10	6-9	7-11	9-12
6430	1	7680	0-13	1-6	2-10	2-13	3-6	3-12	4-5	4-10	5-9	7-11	8-11	9-12
6431	1	7680	0-13	1-6	2-5	2-13	3-6	3-12	4-5	4-10	7-11	8-11	9-10	9-12
6432	1	7680	0-13	1-6	2-12	2-13	3-5	3-6	4-5	4-10	7-11	8-11	9-10	9-12
6433	1	7680	0-13	1-6	2-12	2-13	3-5	3-12	4-5	4-10	6-9	7-11	8-11	9-10
6434	2	3840	0-13	1-6	2-6	2-13	3-5	3-12	4-5	4-10	7-11	8-11	9-10	9-12
6435	1	7680	0-13	1-13	2-6	2-8	3-11	3-12	4-5	4-6	5-10	7-11	9-10	9-12
6436	2	3840	0-13	1-13	2-6	2-10	3-11	3-12	4-5	4-6	5-10	7-11	8-9	9-12
6437	1	7680	0-13	1-13	2-6	2-12	3-6	3-8	4-5	4-9	5-10	7-11	9-12	10-11
6438	2	3840	0-13	1-13	2-10	2-12	3-6	3-12	4-5	4-6	5-9	7-11	8-10	9-11
6439	1	7680	0-13	1-13	2-4	2-6	3-6	3-12	4-5	5-9	7-11	8-10	9-12	10-11
6440	2	3840	0-13	1-13	2-11	2-12	3-6	3-12	4-5	4-6	5-9	7-11	8-10	9-10
6441	1	7680	0-13	1-13	2-6	2-11	3-6	3-12	4-5	4-10	5-9	7-11	8-10	9-12
6442	1	7680	0-13	1-13	2-5	2-6	3-6	3-12	4-5	4-9	7-11	8-10	9-12	10-11
6443	1	7680	0-13	1-13	2-5	2-6	3-6	3-12	4-5	4-10	7-11	8-10	9-11	9-12
6444	1	7680	0-13	1-13	2-6	2-12	3-6	3-12	4-5	4-9	5-9	7-11	8-10	10-11
6445	1	7680	0-13	1-13	2-6	2-12	3-5	3-6	4-5	4-9	7-11	8-10	9-12	10-11
6446	1	7680	0-13	1-13	2-6	2-12	3-6	3-12	4-5	4-10	5-9	7-11	8-10	9-11
6447	1	7680	0-13	1-13	2-6	2-12	3-5	3-6	4-5	4-10	7-11	8-10	9-11	9-12
6448	1	7680	0-13	1-13	2-6	2-12	3-5	3-12	4-5	4-10	6-9	7-11	8-10	9-11
6449	1	7680	0-13	1-13	2-6	2-12	3-4	3-6	4-5	5-9	7-11	8-10	9-12	10-11
6450	1	7680	0-13	1-13	2-6	2-12	3-6	3-11	4-5	4-10	5-9	7-11	8-10	9-12
6451	2	3840	0-13	1-13	2-6	2-12	3-4	3-12	4-5	5-9	6-9	7-11	8-10	10-11
6452	2	3840	0-13	1-13	2-6	2-12	3-11	3-12	4-5	4-10	5-9	6-9	7-11	8-10
6453	4	1920	0-13	1-13	2-6	2-12	3-4	3-5	4-5	6-9	7-11	8-10	9-12	10-11
6454	4	1920	0-13	1-13	2-6	2-12	3-5	3-11	4-5	4-10	6-9	7-11	8-10	9-12
6455	2	3840	0-13	1-13	2-5	2-6	3-6	3-12	4-5	4-10	7-11	8-11	9-10	9-12
6456	2	3840	0-13	1-13	2-6	2-12	3-5	3-6	4-5	4-10	7-11	8-11	9-10	9-12
6457	2	3840	0-13	1-13	2-6	2-12	3-5	3-12	4-5	4-10	6-9	7-11	8-11	9-10
6458	1	7680	0-13	1-2	2-13	3-6	3-11	4-5	4-8	5-7	6-9	9-12	10-11	10-12
6459	1	7680	0-13	1-2	2-13	3-4	3-6	4-5	5-7	6-9	8-11	9-12	10-11	10-12
6460	1	7680	0-13	1-2	2-13	3-6	3-12	4-5	4-10	5-7	6-9	8-11	9-12	10-11
6461	1	7680	0-13	1-9	2-12	2-13	3-6	3-11	4-5	4-8	5-7	6-9	10-11	10-12
6462	4	1920	0-13	1-9	2-6	2-13	3-11	3-12	4-5	4-8	5-7	6-9	10-11	10-12
6463	1	7680	0-13	1-9	2-12	2-13	3-4	3-6	4-5	5-7	6-9	8-11	10-11	10-12
6464	1	7680	0-13	1-9	2-12	2-13	3-6	3-12	4-5	4-10	5-7	6-9	8-11	10-11
6465	1	7680	0-13	1-3	2-12	2-13	3-6	4-5	4-8	5-7	6-9	9-11	10-11	10-12
6466	1	7680	0-13	1-3	2-6	2-13	3-6	4-5	4-8	5-7	9-11	9-12	10-11	10-12
6467	1	7680	0-13	1-3	2-12	2-13	3-6	4-5	4-9	5-7	6-9	8-11	10-11	10-12
6468	1	7680	0-13	1-10	2-11	2-13	3-6	3-12	4-5	4-8	5-7	6-9	9-12	10-11
6469	1	7680	0-13	1-10	2-6	2-12	3-6	3-13	4-5	4-8	5-7	9-11	9-12	10-11
6470	1	7680	0-13	1-10	2-12	2-13	3-6	3-12	4-5	4-8	5-7	6-9	9-11	10-11
6471	1	7680	0-13	1-10	2-12	2-13	3-6	3-11	4-5	4-8	5-7	6-9	9-12	10-11
6472	1	7680	0-13	1-10	2-6	2-13	3-6	3-12	4-5	4-8	5-7	9-11	9-12	10-11
6473	1	7680	0-13	1-10	2-6	2-13	3-11	3-12	4-5	4-8	5-7	6-9	9-12	10-11
6474	1	7680	0-13	1-10	2-4	2-13	3-6	3-12	4-5	5-7	6-9	8-11	9-12	10-11
6475	1	7680	0-13	1-10	2-11	2-13	3-6	3-12	4-5	4-10	5-7	6-9	8-11	9-12
6476	1	7680	0-13	1-10	2-6	2-12	3-6	3-13	4-5	4-9	5-7	8-11	9-12	10-11
6477	1	7680	0-13	1-10	2-6	2-12	3-6	3-13	4-5	4-10	5-7	8-11	9-11	9-12
6478	1	7680	0-13	1-10	2-12	2-13	3-6	3-12	4-5	4-9	5-7	6-9	8-11	10-11
6479	1	7680	0-13	1-10	2-12	2-13	3-6	3-12	4-5	4-10	5-7	6-9	8-11	9-11
6480	1	7680	0-13	1-10	2-12	2-13	3-4	3-6	4-5	5-7	6-9	8-11	9-12	10-11
6481	1	7680	0-13	1-10	2-12	2-13	3-6	3-11	4-5	4-10	5-7	6-9	8-11	9-12
6482	1	7680	0-13	1-10	2-6	2-13	3-6	3-12	4-5	4-9	5-7	8-11	9-12	10-11
6483	1	7680	0-13	1-10	2-6	2-13	3-6	3-12	4-5	4-10	5-7	8-11	9-11	9-12
6484	1	7680	0-13	1-4	2-8	2-13	3-6	3-11	4-5	5-7	6-9	9-12	10-11	10-12
6485	1	7680	0-13	1-4	2-12	2-13	3-6	3-11	4-5	5-7	6-9	8-9	10-11	10-12
6486	2	3840	0-13	1-4	2-6	2-13	3-11	3-12	4-5	5-7	6-9	8-9	10-11	10-12
6487	1	7680	0-13	1-4	2-12	2-13	3-6	3-8	4-5	5-7	6-9	9-11	10-11	10-12
6488	1	7680	0-13	1-4	2-6	2-13	3-6	3-8	4-5	5-7	9-11	9-12	10-11	10-12
6489	1	7680	0-13	1-4	2-11	2-13	3-6	3-12	4-5	5-7	6-9	8-10	9-12	10-11
6490	1	7680	0-13	1-4	2-6	2-12	3-6	3-13	4-5	5-7	8-10	9-11	9-12	10-11
6491	1	7680	0-13	1-4	2-12	2-13	3-6	3-12	4-5	5-7	6-9	8-10	9-11	10-11
6492	1	7680	0-13	1-4	2-12	2-13	3-6	3-11	4-5	5-7	6-9	8-10	9-12	10-11
6493	1	7680	0-13	1-4	2-6	2-13	3-6	3-12	4-5	5-7	8-10	9-11	9-12	10-11
6494	1	7680	0-13	1-4	2-6	2-13	3-11	3-12	4-5	5-7	6-9	8-10	9-12	10-11
6495	1	7680	0-13	1-4	2-10	2-13	3-6	3-12	4-5	5-7	6-9	8-11	9-12	10-11
6496	1	7680	0-13	1-4	2-12	2-13	3-6	3-12	4-5	5-7	6-9	8-11	9-10	10-11
6497	1	7680	0-13	1-4	2-6	2-13	3-6	3-12	4-5	5-7	8-11	9-10	9-12	10-11
6498	1	7680	0-13	1-11	2-8	2-13	3-4	3-6	4-5	5-7	6-9	9-12	10-11	10-12
6499	1	7680	0-13	1-11	2-8	2-13	3-6	3-12	4-5	4-10	5-7	6-9	9-12	10-11
6500	1	7680	0-13	1-11	2-12	2-13	3-4	3-6	4-5	5-7	6-9	8-9	10-11	10-12
6501	1	7680	0-13	1-11	2-12	2-13	3-6	3-12	4-5	4-10	5-7	6-9	8-9	10-11
6502	1	7680	0-13	1-11	2-12	2-13	3-6	3-8	4-5	4-9	5-7	6-9	10-11	10-12
6503	1	7680	0-13	1-11	2-4	2-13	3-6	3-12	4-5	5-7	6-9	8-10	9-12	10-11
6504	1	7680	0-13	1-11	2-11	2-13	3-6	3-12	4-5	4-10	5-7	6-9	8-10	9-12
6505	1	7680	0-13	1-11	2-6	2-12	3-12	3-13	4-5	4-6	5-7	8-10	9-10	9-11
6506	1	7680	0-13	1-11	2-6	2-12	3-6	3-13	4-5	4-9	5-7	8-10	9-12	10-11
6507	1	7680	0-13	1-11	2-6	2-12	3-6	3-13	4-5	4-10	5-7	8-10	9-11	9-12
6508	1	7680	0-13	1-11	2-12	2-13	3-6	3-12	4-5	4-9	5-7	6-9	8-10	10-11
6509	1	7680	0-13	1-11	2-12	2-13	3-6	3-12	4-5	4-10	5-7	6-9	8-10	9-11
6510	1	7680	0-13	1-11	2-12	2-13	3-4	3-6	4-5	5-7	6-9	8-10	9-12	10-11
6511	1	7680	0-13	1-11	2-12	2-13	3-6	3-11	4-5	4-10	5-7	6-9	8-10	9-12
6512	1	7680	0-13	1-11	2-6	2-13	3-6	3-12	4-5	4-9	5-7	8-10	9-12	10-11
6513	1	7680	0-13	1-11	2-6	2-13	3-6	3-12	4-5	4-10	5-7	8-10	9-11	9-12
6514	1	7680	0-13	1-11	2-10	2-13	3-6	3-12	4-5	4-8	5-7	6-9	9-12	10-11
6515	1	7680	0-13	1-11	2-12	2-13	3-6	3-12	4-5	4-8	5-7	6-9	9-10	10-11
6516	1	7680	0-13	1-11	2-12	2-13	3-5	3-6	4-8	4-10	5-7	6-9	9-12	10-11
6517	1	7680	0-13	1-11	2-6	2-13	3-6	3-12	4-5	4-8	5-7	9-10	9-12	10-11
6518	1	7680	0-13	1-11	2-10	2-13	3-6	3-12	4-5	4-10	5-7	6-9	8-11	9-12
6519	1	7680	0-13	1-11	2-6	2-12	3-6	3-13	4-5	4-10	5-7	8-11	9-10	9-12
6520	1	7680	0-13	1-11	2-12	2-13	3-6	3-12	4-5	4-10	5-7	6-9	8-11	9-10
6521	1	7680	0-13	1-11	2-6	2-13	3-6	3-12	4-5	4-10	5-7	8-11	9-10	9-12
6522	1	7680	0-13	1-12	2-6	2-8	3-6	3-13	4-5	4-10	5-7	9-11	9-12	10-11
6523	1	7680	0-13	1-12	2-8	2-13	3-4	3-6	4-5	5-7	6-9	9-11	10-11	10-12
6524	1	7680	0-13	1-12	2-8	2-13	3-6	3-12	4-5	4-10	5-7	6-9	9-11	10-11
6525	1	7680	0-13	1-12	2-11	2-13	3-4	3-6	4-5	5-7	6-9	8-9	10-11	10-12
6526	1	7680	0-13	1-12	2-11	2-13	3-6	3-12	4-5	4-10	5-7	6-9	8-9	10-11
6527	1	7680	0-13	1-12	2-4	2-13	3-6	3-8	4-5	5-7	6-9	9-11	10-11	10-12
6528	1	7680	0-13	1-12	2-11	2-13	3-6	3-8	4-5	4-9	5-7	6-9	10-11	10-12
6529	1	7680	0-13	1-12	2-4	2-6	3-6	3-13	4-5	5-7	8-10	9-11	9-12	10-11
6530	1	7680	0-13	1-12	2-4	2-13	3-6	3-12	4-5	5-7	6-9	8-10	9-11	10-11
6531	1	7680	0-13	1-12	2-6	2-11	3-6	3-13	4-5	4-9	5-7	8-10	9-12	10-11
6532	1	7680	0-13	1-12	2-6	2-11	3-6	3-13	4-5	4-10	5-7	8-10	9-11	9-12
6533	1	7680	0-13	1-12	2-11	2-13	3-6	3-12	4-5	4-9	5-7	6-9	8-10	10-11
6534	1	7680	0-13	1-12	2-11	2-13	3-6	3-12	4-5	4-10	5-7	6-9	8-10	9-11
6535	1	7680	0-13	1-12	2-6	2-12	3-6	3-13	4-5	4-9	5-7	8-10	9-11	10-11
6536	1	7680	0-13	1-12	2-6	2-13	3-6	3-12	4-5	4-9	5-7	8-10	9-11	10-11
6537	1	7680	0-13	1-12	2-6	2-13	3-6	3-11	4-5	4-9	5-7	8-10	9-12	10-11
6538	1	7680	0-13	1-12	2-6	2-13	3-11	3-12	4-5	4-9	5-7	6-9	8-10	10-11
6539	1	7680	0-13	1-12	2-6	2-13	3-4	3-6	4-5	5-7	8-10	9-11	9-12	10-11
6540	1	7680	0-13	1-12	2-6	2-13	3-6	3-11	4-5	4-10	5-7	8-10	9-11	9-12
6541	1	7680	0-13	1-12	2-3	2-13	3-6	4-5	4-8	5-7	6-9	9-11	10-11	10-12
6542	1	7680	0-13	1-12	2-6	2-10	3-6	3-13	4-5	4-8	5-7	9-11	9-12	10-11
6543	1	7680	0-13	1-12	2-10	2-13	3-6	3-12	4-5	4-8	5-7	6-9	9-11	10-11
6544	1	7680	0-13	1-12	2-10	2-13	3-6	3-11	4-5	4-8	5-7	6-9	9-12	10-11
6545	1	7680	0-13	1-12	2-11	2-13	3-6	3-9	4-5	4-8	5-7	6-9	10-11	10-12
6546	1	7680	0-13	1-12	2-11	2-13	3-6	3-12	4-5	4-8	5-7	6-9	9-10	10-11
6547	1	7680	0-13	1-12	2-12	2-13	3-6	3-11	4-5	4-8	5-7	6-9	9-10	10-11
6548	1	7680	0-13	1-12	2-6	2-13	3-6	3-12	4-5	4-8	5-7	9-10	9-11	10-11
6549	1	7680	0-13	1-12	2-6	2-13	3-6	3-11	4-5	4-8	5-7	9-10	9-12	10-11
6550	1	7680	0-13	1-12	2-6	2-13	3-11	3-12	4-5	4-8	5-7	6-9	9-10	10-11
6551	1	7680	0-13	1-12	2-3	2-13	3-6	4-5	4-9	5-7	6-9	8-11	10-11	10-12
6552	1	7680	0-13	1-12	2-6	2-10	3-6	3-13	4-5	4-9	5-7	8-11	9-12	10-11
6553	1	7680	0-13	1-12	2-6	2-10	3-6	3-13	4-5	4-10	5-7	8-11	9-11	9-12
6554	1	7680	0-13	1-12	2-10	2-13	3-6	3-12	4-5	4-9	5-7	6-9	8-11	10-11
6555	1	7680	0-13	1-12	2-10	2-13	3-6	3-12	4-5	4-10	5-7	6-9	8-11	9-11
6556	1	7680	0-13	1-12	2-4	2-13	3-6	3-9	4-5	5-7	6-9	8-11	10-11	10-12
6557	1	7680	0-13	1-12	2-4	2-13	3-6	3-12	4-5	5-7	6-9	8-11	9-10	10-11
6558	1	7680	0-13	1-12	2-6	2-11	3-6	3-13	4-5	4-10	5-7	8-11	9-10	9-12
6559	1	7680	0-13	1-12	2-11	2-13	3-6	3-12	4-5	4-10	5-7	6-9	8-11	9-10
6560	1	7680	0-13	1-12	2-6	2-12	3-6	3-13	4-5	4-10	5-7	8-11	9-10	9-11
6561	1	7680	0-13	1-12	2-6	2-13	3-6	3-12	4-5	4-10	5-7	8-11	9-10	9-11
6562	1	7680	0-13	1-12	2-6	2-13	3-4	3-6	4-5	5-7	8-11	9-10	9-12	10-11
6563	1	7680	0-13	1-12	2-6	2-13	3-6	3-11	4-5	4-10	5-7	8-11	9-10	9-12
6564	1	7680	0-13	1-12	2-6	2-13	3-4	3-12	4-5	5-7	6-9	8-11	9-10	10-11
6565	1	7680	0-13	1-12	2-6	2-13	3-11	3-12	4-5	4-10	5-7	6-9	8-11	9-10
6566	1	7680	0-13	1-12	2-6	2-13	3-5	3-6	4-9	4-10	5-7	8-11	9-12	10-11
6567	1	7680	0-13	1-12	2-6	2-13	3-4	3-5	4-10	5-7	6-9	8-11	9-12	10-11
6568	1	7680	0-13	1-6	2-8	2-13	3-6	3-12	4-5	4-10	5-7	9-11	9-12	10-11
6569	2	3840	0-13	1-6	2-4	2-13	3-11	3-12	4-5	5-7	6-9	8-9	10-11	10-12
6570	1	7680	0-13	1-6	2-4	2-13	3-6	3-8	4-5	5-7	9-11	9-12	10-11	10-12
6571	1	7680	0-13	1-6	2-4	2-13	3-6	3-12	4-5	5-7	8-10	9-11	9-12	10-11
6572	1	7680	0-13	1-6	2-11	2-12	3-6	3-13	4-5	4-9	5-7	8-10	9-12	10-11
6573	2	3840	0-13	1-6	2-11	2-12	3-6	3-13	4-5	4-10	5-7	8-10	9-11	9-12
6574	1	7680	0-13	1-6	2-11	2-13	3-6	3-12	4-5	4-9	5-7	8-10	9-12	10-11
6575	1	7680	0-13	1-6	2-11	2-13	3-6	3-12	4-5	4-10	5-7	8-10	9-11	9-12
6576	1	7680	0-13	1-6	2-12	2-13	3-6	3-12	4-5	4-9	5-7	8-10	9-11	10-11
6577	1	7680	0-13	1-6	2-12	2-13	3-6	3-11	4-5	4-9	5-7	8-10	9-12	10-11
6578	1	7680	0-13	1-6	2-12	2-13	3-11	3-12	4-5	4-9	5-7	6-9	8-10	10-11
6579	1	7680	0-13	1-6	2-12	2-13	3-4	3-6	4-5	5-7	8-10	9-11	9-12	10-11
6580	1	7680	0-13	1-6	2-12	2-13	3-6	3-11	4-5	4-10	5-7	8-10	9-11	9-12
6581	2	3840	0-13	1-6	2-3	2-13	3-6	4-5	4-8	5-7	9-11	9-12	10-11	10-12
6582	1	7680	0-13	1-6	2-10	2-13	3-6	3-12	4-5	4-8	5-7	9-11	9-12	10-11
6583	2	3840	0-13	1-6	2-11	2-13	3-6	3-12	4-5	4-8	5-7	9-10	9-12	10-11
6584	1	7680	0-13	1-6	2-12	2-13	3-6	3-12	4-5	4-8	5-7	9-10	9-11	10-11
6585	2	3840	0-13	1-6	2-12	2-13	3-6	3-11	4-5	4-8	5-7	9-10	9-12	10-11
6586	1	7680	0-13	1-6	2-12	2-13	3-11	3-12	4-5	4-8	5-7	6-9	9-10	10-11
6587	1	7680	0-13	1-6	2-6	2-13	3-11	3-12	4-5	4-8	5-7	9-10	9-12	10-11
6588	1	7680	0-13	1-6	2-10	2-13	3-6	3-12	4-5	4-9	5-7	8-11	9-12	10-11
6589	1	7680	0-13	1-6	2-10	2-13	3-6	3-12	4-5	4-10	5-7	8-11	9-11	9-12
6590	1	7680	0-13	1-6	2-11	2-12	3-6	3-13	4-5	4-10	5-7	8-11	9-10	9-12
6591	1	7680	0-13	1-6	2-11	2-13	3-6	3-12	4-5	4-10	5-7	8-11	9-10	9-12
6592	1	7680	0-13	1-6	2-12	2-13	3-6	3-12	4-5	4-10	5-7	8-11	9-10	9-11
6593	1	7680	0-13	1-6	2-12	2-13	3-4	3-6	4-5	5-7	8-11	9-10	9-12	10-11
6594	1	7680	0-13	1-6	2-12	2-13	3-6	3-11	4-5	4-10	5-7	8-11	9-10	9-12
6595	1	7680	0-13	1-6	2-12	2-13	3-4	3-12	4-5	5-7	6-9	8-11	9-10	10-11
6596	1	7680	0-13	1-6	2-12	2-13	3-11	3-12	4-5	4-10	5-7	6-9	8-11	9-10
6597	1	7680	0-13	1-6	2-12	2-13	3-5	3-6	4-9	4-10	5-7	8-11	9-12	10-11
6598	2	3840	0-13	1-6	2-12	2-13	3-11	3-12	4-9	4-10	5-7	5-10	6-9	8-11
6599	2	3840	0-13	1-6	2-12	2-13	3-4	3-6	4-10	5-7	5-10	8-11	9-11	9-12
6600	1	7680	0-13	1-6	2-12	2-13	3-4	3-5	4-10	5-7	6-9	8-11	9-12	10-11
6601	1	7680	0-13	1-13	2-6	2-8	3-6	3-12	4-5	4-10	5-7	9-11	9-12	10-11
6602	2	3840	0-13	1-13	2-4	2-6	3-11	3-12	4-5	5-7	6-9	8-9	10-11	10-12
6603	1	7680	0-13	1-13	2-4	2-6	3-6	3-8	4-5	5-7	9-11	9-12	10-11	10-12
6604	1	7680	0-13	1-13	2-4	2-6	3-6	3-12	4-5	5-7	8-10	9-11	9-12	10-11
6605	1	7680	0-13	1-13	2-6	2-11	3-6	3-12	4-5	4-9	5-7	8-10	9-12	10-11
6606	1	7680	0-13	1-13	2-6	2-11	3-6	3-12	4-5	4-10	5-7	8-10	9-11	9-12
6607	1	7680	0-13	1-13	2-6	2-12	3-6	3-12	4-5	4-9	5-7	8-10	9-11	10-11
6608	1	7680	0-13	1-13	2-6	2-12	3-6	3-11	4-5	4-9	5-7	8-10	9-12	10-11
6609	1	7680	0-13	1-13	2-6	2-12	3-11	3-12	4-5	4-9	5-7	6-9	8-10	10-11
6610	1	7680	0-13	1-13	2-6	2-12	3-4	3-6	4-5	5-7	8-10	9-11	9-12	10-11
6611	1	7680	0-13	1-13	2-6	2-12	3-6	3-11	4-5	4-10	5-7	8-10	9-11	9-12
6612	4	1920	0-13	1-13	2-3	2-6	3-6	4-5	4-8	5-7	9-11	9-12	10-11	10-12
6613	1	7680	0-13	1-13	2-6	2-10	3-6	3-12	4-5	4-8	5-7	9-11	9-12	10-11
6614	2	3840	0-13	1-13	2-6	2-11	3-6	3-12	4-5	4-8	5-7	9-10	9-12	10-11
6615	2	3840	0-13	1-13	2-6	2-12	3-6	3-12	4-5	4-8	5-7	9-10	9-11	10-11
6616	2	3840	0-13	1-13	2-6	2-12	3-6	3-11	4-5	4-8	5-7	9-10	9-12	10-11
6617	1	7680	0-13	1-13	2-6	2-12	3-11	3-12	4-5	4-8	5-7	6-9	9-10	10-11
6618	1	7680	0-13	1-13	2-6	2-10	3-6	3-12	4-5	4-9	5-7	8-11	9-12	10-11
6619	1	7680	0-13	1-13	2-6	2-10	3-6	3-12	4-5	4-10	5-7	8-11	9-11	9-12
6620	1	7680	0-13	1-13	2-6	2-11	3-6	3-12	4-5	4-10	5-7	8-11	9-10	9-12
6621	1	7680	0-13	1-13	2-6	2-12	3-6	3-12	4-5	4-10	5-7	8-11	9-10	9-11
6622	1	7680	0-13	1-13	2-6	2-12	3-4	3-6	4-5	5-7	8-11	9-10	9-12	10-11
6623	1	7680	0-13	1-13	2-6	2-12	3-6	3-11	4-5	4-10	5-7	8-11	9-10	9-12
6624	1	7680	0-13	1-13	2-6	2-12	3-4	3-12	4-5	5-7	6-9	8-11	9-10	10-11
6625	1	7680	0-13	1-13	2-6	2-12	3-11	3-12	4-5	4-10	5-7	6-9	8-11	9-10
6626	1	7680	0-13	1-13	2-6	2-12	3-5	3-6	4-9	4-10	5-7	8-11	9-12	10-11
6627	2	3840	0-13	1-13	2-6	2-12	3-11	3-12	4-9	4-10	5-7	5-10	6-9	8-11
6628	2	3840	0-13	1-13	2-6	2-12	3-4	3-6	4-10	5-7	5-10	8-11	9-11	9-12
6629	2	3840	0-13	1-13	2-6	2-12	3-4	3-5	4-10	5-7	6-9	8-11	9-12	10-11
6630	1	7680	0-13	1-2	2-13	3-6	3-12	4-5	4-6	5-9	7-12	8-10	9-11	10-11
6631	1	7680	0-13	1-2	2-13	3-6	3-11	4-5	4-6	5-10	7-12	8-10	9-11	9-12
6632	2	3840	0-13	1-2	2-13	3-11	3-12	4-5	4-6	5-10	6-9	7-12	8-10	9-11
6633	1	7680	0-13	1-2	2-6	3-6	3-13	4-5	4-8	5-10	7-12	9-11	9-12	10-11
6634	1	7680	0-13	1-2	2-13	3-6	3-12	4-5	4-8	5-10	6-9	7-12	9-11	10-11
6635	1	7680	0-13	1-2	2-13	3-6	3-11	4-5	4-8	5-9	6-9	7-12	10-11	10-12
6636	1	7680	0-13	1-2	2-13	3-6	3-11	4-5	4-8	5-10	6-9	7-12	9-12	10-11
6637	1	7680	0-13	1-2	2-6	3-6	3-13	4-5	4-10	5-10	7-12	8-11	9-11	9-12
6638	2	3840	0-13	1-2	2-13	3-6	3-9	4-10	4-12	5-10	5-11	6-9	7-12	8-11
6639	1	7680	0-13	1-2	2-13	3-6	3-9	4-5	4-12	5-10	6-9	7-12	8-11	10-11
6640	2	3840	0-13	1-2	2-13	3-6	3-12	4-5	4-6	5-9	7-12	8-11	9-10	10-11
6641	1	7680	0-13	1-2	2-13	3-4	3-6	4-6	5-10	5-11	7-12	8-11	9-10	9-12
6642	1	7680	0-13	1-2	2-13	3-6	3-11	4-5	4-6	5-10	7-12	8-11	9-10	9-12
6643	1	7680	0-13	1-2	2-13	3-5	3-6	4-5	4-12	6-9	7-12	8-11	9-10	10-11
6644	1	7680	0-13	1-2	2-13	3-6	3-12	4-5	4-9	5-10	6-9	7-12	8-11	10-11
6645	1	7680	0-13	1-2	2-13	3-4	3-6	4-5	5-9	6-9	7-12	8-11	10-11	10-12
6646	1	7680	0-13	1-2	2-13	3-6	3-12	4-5	4-10	5-9	6-9	7-12	8-11	10-11
6647	1	7680	0-13	1-2	2-13	3-4	3-6	4-5	5-10	6-9	7-12	8-11	9-12	10-11
6648	1	7680	0-13	1-2	2-13	3-6	3-11	4-5	4-10	5-10	6-9	7-12	8-11	9-12
6649	1	7680	0-13	1-2	2-13	3-5	3-6	4-5	4-10	6-9	7-12	8-11	9-12	10-11
6650	1	7680	0-13	1-2	2-6	3-6	3-13	4-5	4-10	5-8	7-12	9-11	9-12	10-11
6651	2	3840	0-13	1-2	2-13	3-4	3-6	4-5	5-8	6-9	7-12	9-11	10-11	10-12
6652	1	7680	0-13	1-2	2-13	3-6	3-12	4-5	4-10	5-8	6-9	7-12	9-11	10-11
6653	1	7680	0-13	1-2	2-6	3-6	3-13	4-5	4-10	5-9	7-12	8-12	9-11	10-11
6654	2	3840	0-13	1-2	2-13	3-4	3-6	4-5	5-10	6-9	7-12	8-12	9-11	10-11
6655	2	3840	0-13	1-2	2-13	3-6	3-11	4-5	4-10	5-10	6-9	7-12	8-12	9-11
6656	1	7680	0-13	1-2	2-13	3-5	3-6	4-5	4-10	6-9	7-12	8-12	9-11	10-11
6657	1	7680	0-13	1-9	2-6	2-11	3-12	3-13	4-5	4-6	5-9	7-12	8-10	10-11
6658	1	7680	0-13	1-9	2-11	2-13	3-6	3-12	4-5	4-6	5-9	7-12	8-10	10-11
6659	1	7680	0-13	1-9	2-10	2-13	3-6	3-11	4-6	4-8	5-10	5-11	7-12	9-12
6660	1	7680	0-13	1-9	2-11	2-13	3-6	3-12	4-5	4-8	5-10	6-9	7-12	10-11
6661	1	7680	0-13	1-9	2-5	2-13	3-6	3-11	4-5	4-8	6-9	7-12	10-11	10-12
6662	1	7680	0-13	1-9	2-12	2-13	3-6	3-11	4-5	4-8	5-10	6-9	7-12	10-11
6663	1	7680	0-13	1-9	2-6	2-13	3-11	3-12	4-5	4-8	5-10	6-9	7-12	10-11
6664	1	7680	0-13	1-9	2-3	2-13	3-6	4-5	4-12	5-10	6-9	7-12	8-11	10-11
6665	1	7680	0-13	1-9	2-10	2-13	3-6	3-12	4-5	4-6	5-9	7-12	8-11	10-11
6666	1	7680	0-13	1-9	2-10	2-13	3-6	3-11	4-5	4-6	5-10	7-12	8-11	9-12
6667	1	7680	0-13	1-9	2-10	2-13	3-5	3-6	4-5	4-6	7-12	8-11	9-12	10-11
6668	1	7680	0-13	1-9	2-10	2-13	3-5	3-6	4-5	4-12	6-9	7-12	8-11	10-11
6669	1	7680	0-13	1-9	2-4	2-13	3-6	3-12	4-5	5-10	6-9	7-12	8-11	10-11
6670	1	7680	0-13	1-9	2-5	2-13	3-4	3-6	4-5	6-9	7-12	8-11	10-11	10-12
6671	1	7680	0-13	1-9	2-5	2-13	3-6	3-12	4-5	4-10	6-9	7-12	8-11	10-11
6672	1	7680	0-13	1-9	2-12	2-13	3-4	3-6	4-5	5-10	6-9	7-12	8-11	10-11
6673	1	7680	0-13	1-9	2-12	2-13	3-6	3-11	4-5	4-10	5-10	6-9	7-12	8-11
6674	1	7680	0-13	1-9	2-12	2-13	3-5	3-6	4-5	4-10	6-9	7-12	8-11	10-11
6675	2	3840	0-13	1-9	2-6	2-13	3-4	3-12	4-5	5-10	6-9	7-12	8-11	10-11
6676	2	3840	0-13	1-9	2-6	2-13	3-11	3-12	4-5	4-10	5-10	6-9	7-12	8-11
6677	2	3840	0-13	1-9	2-6	2-13	3-5	3-12	4-5	4-10	6-9	7-12	8-11	10-11
6678	2	3840	0-13	1-9	2-11	2-13	3-4	3-6	4-5	5-8	6-9	7-12	10-11	10-12
6679	1	7680	0-13	1-9	2-11	2-13	3-6	3-12	4-5	4-10	5-8	6-9	7-12	10-11
6680	2	3840	0-13	1-9	2-6	2-13	3-11	3-12	4-5	4-10	5-8	6-9	7-12	10-11
6681	2	3840	0-13	1-9	2-11	2-13	3-4	3-6	4-5	5-10	6-9	7-12	8-12	10-11
6682	2	3840	0-13	1-9	2-11	2-13	3-6	3-11	4-5	4-10	5-10	6-9	7-12	8-12
6683	1	7680	0-13	1-9	2-11	2-13	3-5	3-6	4-5	4-10	6-9	7-12	8-12	10-11
6684	4	1920	0-13	1-9	2-6	2-13	3-5	3-11	4-5	4-10	6-9	7-12	8-12	10-11
6685	2	3840	0-13	1-3	2-8	2-13	3-12	4-5	4-6	5-10	6-9	7-12	9-11	10-11
6686	2	3840	0-13	1-3	2-4	2-6	3-13	4-6	5-10	5-11	7-12	8-9	9-12	10-11
6687	2	3840	0-13	1-3	2-6	2-11	3-13	4-5	4-6	5-10	7-12	8-9	9-12	10-11
6688	1	7680	0-13	1-3	2-11	2-13	3-6	4-5	4-8	5-10	6-9	7-12	9-12	10-11
6689	1	7680	0-13	1-3	2-5	2-13	3-6	4-5	4-8	6-9	7-12	9-11	10-11	10-12
6690	1	7680	0-13	1-3	2-12	2-13	3-6	4-5	4-8	5-10	6-9	7-12	9-11	10-11
6691	1	7680	0-13	1-3	2-6	2-13	3-6	4-5	4-8	5-10	7-12	9-11	9-12	10-11
6692	2	3840	0-13	1-3	2-6	2-10	3-13	4-5	4-6	5-10	7-12	8-11	9-11	9-12
6693	1	7680	0-13	1-3	2-4	2-13	3-6	4-5	5-10	6-9	7-12	8-11	9-12	10-11
6694	2	3840	0-13	1-3	2-6	2-11	3-13	4-5	4-6	5-10	7-12	8-11	9-10	9-12
6695	1	7680	0-13	1-3	2-5	2-13	3-6	4-5	4-9	6-9	7-12	8-11	10-11	10-12
6696	1	7680	0-13	1-3	2-12	2-13	3-6	4-5	4-9	5-10	6-9	7-12	8-11	10-11
6697	1	7680	0-13	1-3	2-12	2-13	3-6	4-5	4-10	5-10	6-9	7-12	8-11	9-11
6698	1	7680	0-13	1-3	2-6	2-13	3-6	4-5	4-9	5-10	7-12	8-11	9-12	10-11
6699	1	7680	0-13	1-3	2-6	2-13	3-6	4-5	4-10	5-10	7-12	8-11	9-11	9-12
6700	1	7680	0-13	1-3	2-4	2-13	3-6	4-5	5-8	6-9	7-12	9-11	10-11	10-12
6701	1	7680	0-13	1-3	2-11	2-13	3-6	4-5	4-9	5-8	6-9	7-12	10-11	10-12
6702	1	7680	0-13	1-3	2-4	2-13	3-6	4-5	5-10	6-9	7-12	8-12	9-11	10-11
6703	1	7680	0-13	1-3	2-11	2-13	3-6	4-5	4-9	5-10	6-9	7-12	8-12	10-11
6704	1	7680	0-13	1-3	2-11	2-13	3-6	4-5	4-10	5-10	6-9	7-12	8-12	9-11
6705	1	7680	0-13	1-10	2-6	2-8	3-11	3-13	4-5	4-6	5-10	7-12	9-11	9-12
6706	1	7680	0-13	1-10	2-8	2-13	3-6	3-12	4-5	4-6	5-9	7-12	9-11	10-11
6707	1	7680	0-13	1-10	2-8	2-13	3-6	3-11	4-5	4-6	5-10	7-12	9-11	9-12
6708	1	7680	0-13	1-10	2-8	2-13	3-11	3-12	4-5	4-6	5-10	6-9	7-12	9-11
6709	2	3840	0-13	1-10	2-4	2-13	3-6	3-11	4-6	5-10	5-11	7-12	8-9	9-12
6710	1	7680	0-13	1-10	2-6	2-11	3-12	3-13	4-5	4-6	5-9	7-12	8-9	10-11
6711	1	7680	0-13	1-10	2-11	2-13	3-6	3-12	4-5	4-6	5-9	7-12	8-9	10-11
6712	2	3840	0-13	1-10	2-11	2-13	3-6	3-11	4-5	4-6	5-10	7-12	8-9	9-12
6713	2	3840	0-13	1-10	2-11	2-13	3-11	3-12	4-5	4-6	5-10	6-9	7-12	8-9
6714	1	7680	0-13	1-10	2-6	2-11	3-6	3-13	4-5	4-8	5-9	7-12	9-12	10-11
6715	1	7680	0-13	1-10	2-11	2-13	3-6	3-12	4-5	4-8	5-9	6-9	7-12	10-11
6716	1	7680	0-13	1-10	2-11	2-13	3-5	3-6	4-5	4-8	6-9	7-12	9-12	10-11
6717	1	7680	0-13	1-10	2-5	2-6	3-6	3-13	4-5	4-8	7-12	9-11	9-12	10-11
6718	1	7680	0-13	1-10	2-5	2-13	3-6	3-12	4-5	4-8	6-9	7-12	9-11	10-11
6719	1	7680	0-13	1-10	2-5	2-13	3-6	3-11	4-5	4-8	6-9	7-12	9-12	10-11
6720	1	7680	0-13	1-10	2-6	2-12	3-6	3-13	4-5	4-8	5-9	7-12	9-11	10-11
6721	1	7680	0-13	1-10	2-12	2-13	3-5	3-6	4-5	4-8	6-9	7-12	9-11	10-11
6722	1	7680	0-13	1-10	2-12	2-13	3-6	3-11	4-5	4-8	5-9	6-9	7-12	10-11
6723	1	7680	0-13	1-10	2-6	2-13	3-6	3-12	4-5	4-8	5-9	7-12	9-11	10-11
6724	1	7680	0-13	1-10	2-6	2-13	3-5	3-6	4-5	4-8	7-12	9-11	9-12	10-11
6725	1	7680	0-13	1-10	2-6	2-13	3-6	3-11	4-5	4-8	5-9	7-12	9-12	10-11
6726	1	7680	0-13	1-10	2-6	2-13	3-11	3-12	4-5	4-8	5-9	6-9	7-12	10-11
6727	1	7680	0-13	1-10	2-3	2-6	3-13	4-5	4-6	5-10	7-12	8-11	9-11	9-12
6728	1	7680	0-13	1-10	2-10	2-13	3-6	3-12	4-5	4-6	5-9	7-12	8-11	9-11
6729	1	7680	0-13	1-10	2-4	2-6	3-6	3-13	4-5	5-9	7-12	8-11	9-12	10-11
6730	1	7680	0-13	1-10	2-4	2-13	3-6	3-12	4-5	5-9	6-9	7-12	8-11	10-11
6731	1	7680	0-13	1-10	2-4	2-13	3-5	3-6	4-5	6-9	7-12	8-11	9-12	10-11
6732	1	7680	0-13	1-10	2-6	2-11	3-9	3-13	4-5	4-6	5-10	7-12	8-11	9-12
6733	1	7680	0-13	1-10	2-6	2-11	3-12	3-13	4-5	4-6	5-9	7-12	8-11	9-10
6734	1	7680	0-13	1-10	2-6	2-11	3-6	3-13	4-5	4-10	5-9	7-12	8-11	9-12
6735	1	7680	0-13	1-10	2-11	2-13	3-6	3-12	4-5	4-6	5-9	7-12	8-11	9-10
6736	1	7680	0-13	1-10	2-11	2-13	3-6	3-12	4-5	4-10	5-9	6-9	7-12	8-11
6737	1	7680	0-13	1-10	2-11	2-13	3-5	3-6	4-5	4-10	6-9	7-12	8-11	9-12
6738	1	7680	0-13	1-10	2-5	2-6	3-12	3-13	4-5	4-6	7-12	8-11	9-10	9-11
6739	1	7680	0-13	1-10	2-5	2-6	3-6	3-13	4-5	4-9	7-12	8-11	9-12	10-11
6740	1	7680	0-13	1-10	2-5	2-6	3-6	3-13	4-5	4-10	7-12	8-11	9-11	9-12
6741	1	7680	0-13	1-10	2-5	2-13	3-6	3-12	4-5	4-6	7-12	8-11	9-10	9-11
6742	1	7680	0-13	1-10	2-5	2-13	3-6	3-12	4-5	4-9	6-9	7-12	8-11	10-11
6743	1	7680	0-13	1-10	2-5	2-13	3-6	3-12	4-5	4-10	6-9	7-12	8-11	9-11
6744	1	7680	0-13	1-10	2-6	2-12	3-6	3-13	4-5	4-9	5-9	7-12	8-11	10-11
6745	1	7680	0-13	1-10	2-6	2-12	3-6	3-13	4-5	4-10	5-9	7-12	8-11	9-11
6746	1	7680	0-13	1-10	2-12	2-13	3-5	3-6	4-5	4-9	6-9	7-12	8-11	10-11
6747	1	7680	0-13	1-10	2-12	2-13	3-5	3-6	4-5	4-10	6-9	7-12	8-11	9-11
6748	1	7680	0-13	1-10	2-6	2-13	3-6	3-12	4-5	4-9	5-9	7-12	8-11	10-11
6749	1	7680	0-13	1-10	2-6	2-13	3-5	3-6	4-5	4-9	7-12	8-11	9-12	10-11
6750	1	7680	0-13	1-10	2-6	2-13	3-6	3-12	4-5	4-10	5-9	7-12	8-11	9-11
6751	1	7680	0-13	1-10	2-6	2-13	3-5	3-6	4-5	4-10	7-12	8-11	9-11	9-12
6752	1	7680	0-13	1-10	2-6	2-13	3-5	3-12	4-5	4-10	6-9	7-12	8-11	9-11
6753	1	7680	0-13	1-10	2-6	2-13	3-4	3-12	4-5	5-9	6-9	7-12	8-11	10-11
6754	1	7680	0-13	1-10	2-6	2-13	3-11	3-12	4-5	4-10	5-9	6-9	7-12	8-11
6755	1	7680	0-13	1-10	2-4	2-6	3-6	3-13	4-5	5-8	7-12	9-11	9-12	10-11
6756	1	7680	0-13	1-10	2-4	2-13	3-6	3-12	4-5	5-8	6-9	7-12	9-11	10-11
6757	1	7680	0-13	1-10	2-6	2-11	3-6	3-13	4-5	4-9	5-8	7-12	9-12	10-11
6758	1	7680	0-13	1-10	2-6	2-11	3-6	3-13	4-5	4-10	5-8	7-12	9-11	9-12
6759	1	7680	0-13	1-10	2-11	2-13	3-6	3-12	4-5	4-9	5-8	6-9	7-12	10-11
6760	1	7680	0-13	1-10	2-11	2-13	3-6	3-12	4-5	4-10	5-8	6-9	7-12	9-11
6761	1	7680	0-13	1-10	2-6	2-12	3-6	3-13	4-5	4-9	5-8	7-12	9-11	10-11
6762	1	7680	0-13	1-10	2-6	2-13	3-6	3-12	4-5	4-9	5-8	7-12	9-11	10-11
6763	2	3840	0-13	1-10	2-6	2-13	3-6	3-11	4-5	4-9	5-8	7-12	9-12	10-11
6764	1	7680	0-13	1-10	2-6	2-13	3-11	3-12	4-5	4-9	5-8	6-9	7-12	10-11
6765	1	7680	0-13	1-10	2-6	2-13	3-4	3-6	4-5	5-8	7-12	9-11	9-12	10-11
6766	1	7680	0-13	1-10	2-6	2-13	3-6	3-11	4-5	4-10	5-8	7-12	9-11	9-12
6767	1	7680	0-13	1-10	2-4	2-6	3-6	3-13	4-5	5-9	7-12	8-12	9-11	10-11
6768	1	7680	0-13	1-10	2-4	2-13	3-5	3-6	4-5	6-9	7-12	8-12	9-11	10-11
6769	1	7680	0-13	1-10	2-6	2-11	3-6	3-13	4-5	4-9	5-9	7-12	8-12	10-11
6770	1	7680	0-13	1-10	2-6	2-11	3-6	3-13	4-5	4-10	5-9	7-12	8-12	9-11
6771	1	7680	0-13	1-10	2-11	2-13	3-5	3-6	4-5	4-9	6-9	7-12	8-12	10-11
6772	1	7680	0-13	1-10	2-11	2-13	3-5	3-6	4-5	4-10	6-9	7-12	8-12	9-11
6773	1	7680	0-13	1-10	2-5	2-6	3-6	3-13	4-5	4-9	7-12	8-12	9-11	10-11
6774	1	7680	0-13	1-10	2-6	2-13	3-5	3-6	4-5	4-9	7-12	8-12	9-11	10-11
6775	2	3840	0-13	1-10	2-6	2-13	3-6	3-11	4-5	4-9	5-9	7-12	8-12	10-11
6776	1	7680	0-13	1-10	2-6	2-13	3-4	3-6	4-5	5-9	7-12	8-12	9-11	10-11
6777	1	7680	0-13	1-10	2-6	2-13	3-6	3-11	4-5	4-10	5-9	7-12	8-12	9-11
6778	1	7680	0-13	1-4	2-6	2-8	3-6	3-13	4-5	5-10	7-12	9-11	9-12	10-11
6779	2	3840	0-13	1-4	2-8	2-13	3-6	3-9	4-12	5-10	5-11	6-9	7-12	10-11
6780	1	7680	0-13	1-4	2-8	2-13	3-6	3-12	4-5	5-10	6-9	7-12	9-11	10-11
6781	1	7680	0-13	1-4	2-8	2-13	3-6	3-11	4-5	5-9	6-9	7-12	10-11	10-12
6782	1	7680	0-13	1-4	2-8	2-13	3-6	3-11	4-5	5-10	6-9	7-12	9-12	10-11
6783	1	7680	0-13	1-4	2-10	2-13	3-6	3-11	4-6	5-10	5-11	7-12	8-9	9-12
6784	1	7680	0-13	1-4	2-11	2-13	3-6	3-12	4-5	5-10	6-9	7-12	8-9	10-11
6785	1	7680	0-13	1-4	2-5	2-13	3-6	3-11	4-5	6-9	7-12	8-9	10-11	10-12
6786	1	7680	0-13	1-4	2-12	2-13	3-6	3-11	4-5	5-10	6-9	7-12	8-9	10-11
6787	1	7680	0-13	1-4	2-6	2-13	3-11	3-12	4-5	5-10	6-9	7-12	8-9	10-11
6788	1	7680	0-13	1-4	2-11	2-13	3-6	3-8	4-5	5-10	6-9	7-12	9-12	10-11
6789	1	7680	0-13	1-4	2-5	2-13	3-6	3-8	4-5	6-9	7-12	9-11	10-11	10-12
6790	1	7680	0-13	1-4	2-12	2-13	3-6	3-8	4-5	5-10	6-9	7-12	9-11	10-11
6791	1	7680	0-13	1-4	2-6	2-13	3-6	3-8	4-5	5-10	7-12	9-11	9-12	10-11
6792	1	7680	0-13	1-4	2-6	2-11	3-6	3-13	4-5	5-9	7-12	8-10	9-12	10-11
6793	1	7680	0-13	1-4	2-11	2-13	3-6	3-12	4-5	5-9	6-9	7-12	8-10	10-11
6794	1	7680	0-13	1-4	2-11	2-13	3-5	3-6	4-5	6-9	7-12	8-10	9-12	10-11
6795	1	7680	0-13	1-4	2-5	2-6	3-6	3-13	4-5	7-12	8-10	9-11	9-12	10-11
6796	1	7680	0-13	1-4	2-5	2-13	3-6	3-12	4-5	6-9	7-12	8-10	9-11	10-11
6797	1	7680	0-13	1-4	2-5	2-13	3-6	3-11	4-5	6-9	7-12	8-10	9-12	10-11
6798	1	7680	0-13	1-4	2-6	2-12	3-6	3-13	4-5	5-9	7-12	8-10	9-11	10-11
6799	1	7680	0-13	1-4	2-12	2-13	3-5	3-6	4-5	6-9	7-12	8-10	9-11	10-11
6800	1	7680	0-13	1-4	2-12	2-13	3-6	3-11	4-5	5-9	6-9	7-12	8-10	10-11
6801	1	7680	0-13	1-4	2-6	2-13	3-6	3-12	4-5	5-9	7-12	8-10	9-11	10-11
6802	1	7680	0-13	1-4	2-6	2-13	3-5	3-6	4-5	7-12	8-10	9-11	9-12	10-11
6803	1	7680	0-13	1-4	2-6	2-13	3-6	3-11	4-5	5-9	7-12	8-10	9-12	10-11
6804	1	7680	0-13	1-4	2-6	2-13	3-11	3-12	4-5	5-9	6-9	7-12	8-10	10-11
6805	1	7680	0-13	1-4	2-3	2-13	3-6	4-5	5-10	6-9	7-12	8-11	9-12	10-11
6806	1	7680	0-13	1-4	2-10	2-13	3-6	3-12	4-5	5-9	6-9	7-12	8-11	10-11
6807	1	7680	0-13	1-4	2-10	2-13	3-5	3-6	4-5	6-9	7-12	8-11	9-12	10-11
6808	1	7680	0-13	1-4	2-5	2-13	3-6	3-12	4-5	6-9	7-12	8-11	9-10	10-11
6809	1	7680	0-13	1-4	2-12	2-13	3-6	3-9	4-5	5-10	6-9	7-12	8-11	10-11
6810	1	7680	0-13	1-4	2-12	2-13	3-5	3-6	4-5	6-9	7-12	8-11	9-10	10-11
6811	1	7680	0-13	1-4	2-6	2-13	3-5	3-6	4-5	7-12	8-11	9-10	9-12	10-11
6812	1	7680	0-13	1-4	2-3	2-13	3-6	4-5	5-8	6-9	7-12	9-11	10-11	10-12
6813	1	7680	0-13	1-4	2-6	2-10	3-6	3-13	4-5	5-8	7-12	9-11	9-12	10-11
6814	1	7680	0-13	1-4	2-10	2-13	3-6	3-12	4-5	5-8	6-9	7-12	9-11	10-11
6815	1	7680	0-13	1-4	2-10	2-13	3-6	3-11	4-5	5-8	6-9	7-12	9-12	10-11
6816	1	7680	0-13	1-4	2-11	2-13	3-6	3-9	4-5	5-8	6-9	7-12	10-11	10-12
6817	1	7680	0-13	1-4	2-11	2-13	3-6	3-12	4-5	5-8	6-9	7-12	9-10	10-11
6818	1	7680	0-13	1-4	2-12	2-13	3-6	3-11	4-5	5-8	6-9	7-12	9-10	10-11
6819	1	7680	0-13	1-4	2-6	2-13	3-6	3-12	4-5	5-8	7-12	9-10	9-11	10-11
6820	1	7680	0-13	1-4	2-6	2-13	3-6	3-11	4-5	5-8	7-12	9-10	9-12	10-11
6821	1	7680	0-13	1-4	2-6	2-13	3-11	3-12	4-5	5-8	6-9	7-12	9-10	10-11
6822	1	7680	0-13	1-4	2-3	2-13	3-6	4-5	5-10	6-9	7-12	8-12	9-11	10-11
6823	1	7680	0-13	1-4	2-6	2-10	3-6	3-13	4-5	5-9	7-12	8-12	9-11	10-11
6824	1	7680	0-13	1-4	2-10	2-13	3-5	3-6	4-5	6-9	7-12	8-12	9-11	10-11
6825	1	7680	0-13	1-4	2-10	2-13	3-6	3-11	4-5	5-9	6-9	7-12	8-12	10-11
6826	1	7680	0-13	1-4	2-11	2-13	3-6	3-9	4-5	5-10	6-9	7-12	8-12	10-11
6827	1	7680	0-13	1-4	2-11	2-13	3-5	3-6	4-5	6-9	7-12	8-12	9-10	10-11
6828	1	7680	0-13	1-4	2-5	2-13	3-6	3-11	4-5	6-9	7-12	8-12	9-10	10-11
6829	1	7680	0-13	1-4	2-6	2-13	3-5	3-6	4-5	7-12	8-12	9-10	9-11	10-11
6830	1	7680	0-13	1-11	2-6	2-8	3-6	3-13	4-5	4-10	5-10	7-12	9-11	9-12
6831	1	7680	0-13	1-11	2-8	2-13	3-6	3-9	4-10	4-12	5-10	5-11	6-9	7-12
6832	1	7680	0-13	1-11	2-8	2-13	3-6	3-9	4-5	4-12	5-10	6-9	7-12	10-11
6833	1	7680	0-13	1-11	2-8	2-13	3-6	3-12	4-5	4-6	5-9	7-12	9-10	10-11
6834	1	7680	0-13	1-11	2-8	2-13	3-4	3-6	4-6	5-10	5-11	7-12	9-10	9-12
6835	1	7680	0-13	1-11	2-8	2-13	3-6	3-11	4-5	4-6	5-10	7-12	9-10	9-12
6836	1	7680	0-13	1-11	2-8	2-13	3-5	3-6	4-5	4-12	6-9	7-12	9-10	10-11
6837	1	7680	0-13	1-11	2-8	2-13	3-6	3-12	4-5	4-9	5-10	6-9	7-12	10-11
6838	1	7680	0-13	1-11	2-8	2-13	3-4	3-6	4-5	5-9	6-9	7-12	10-11	10-12
6839	1	7680	0-13	1-11	2-8	2-13	3-6	3-12	4-5	4-10	5-9	6-9	7-12	10-11
6840	1	7680	0-13	1-11	2-8	2-13	3-4	3-6	4-5	5-10	6-9	7-12	9-12	10-11
6841	1	7680	0-13	1-11	2-8	2-13	3-6	3-11	4-5	4-10	5-10	6-9	7-12	9-12
6842	1	7680	0-13	1-11	2-8	2-13	3-5	3-6	4-5	4-10	6-9	7-12	9-12	10-11
6843	2	3840	0-13	1-11	2-3	2-13	3-6	4-10	4-12	5-10	5-11	6-9	7-12	8-9
6844	1	7680	0-13	1-11	2-3	2-13	3-6	4-5	4-12	5-10	6-9	7-12	8-9	10-11
6845	1	7680	0-13	1-11	2-10	2-13	3-6	3-12	4-5	4-6	5-9	7-12	8-9	10-11
6846	2	3840	0-13	1-11	2-10	2-13	3-4	3-6	4-6	5-10	5-11	7-12	8-9	9-12
6847	1	7680	0-13	1-11	2-10	2-13	3-6	3-11	4-5	4-6	5-10	7-12	8-9	9-12
6848	1	7680	0-13	1-11	2-10	2-13	3-5	3-6	4-5	4-6	7-12	8-9	9-12	10-11
6849	1	7680	0-13	1-11	2-10	2-13	3-5	3-6	4-5	4-12	6-9	7-12	8-9	10-11
6850	1	7680	0-13	1-11	2-4	2-13	3-6	3-12	4-5	5-10	6-9	7-12	8-9	10-11
6851	1	7680	0-13	1-11	2-5	2-13	3-4	3-6	4-5	6-9	7-12	8-9	10-11	10-12
6852	1	7680	0-13	1-11	2-5	2-13	3-6	3-12	4-5	4-10	6-9	7-12	8-9	10-11
6853	1	7680	0-13	1-11	2-12	2-13	3-4	3-6	4-5	5-10	6-9	7-12	8-9	10-11
6854	1	7680	0-13	1-11	2-12	2-13	3-6	3-11	4-5	4-10	5-10	6-9	7-12	8-9
6855	1	7680	0-13	1-11	2-12	2-13	3-5	3-6	4-5	4-10	6-9	7-12	8-9	10-11
6856	1	7680	0-13	1-11	2-6	2-13	3-4	3-12	4-5	5-10	6-9	7-12	8-9	10-11
6857	1	7680	0-13	1-11	2-6	2-13	3-11	3-12	4-5	4-10	5-10	6-9	7-12	8-9
6858	1	7680	0-13	1-11	2-6	2-13	3-5	3-12	4-5	4-10	6-9	7-12	8-9	10-11
6859	1	7680	0-13	1-11	2-6	2-10	3-8	3-13	4-5	4-6	5-10	7-12	9-11	9-12
6860	1	7680	0-13	1-11	2-4	2-13	3-6	3-8	4-5	5-10	6-9	7-12	9-12	10-11
6861	1	7680	0-13	1-11	2-6	2-11	3-8	3-13	4-5	4-6	5-10	7-12	9-10	9-12
6862	1	7680	0-13	1-11	2-5	2-13	3-6	3-8	4-5	4-9	6-9	7-12	10-11	10-12
6863	1	7680	0-13	1-11	2-12	2-13	3-6	3-8	4-5	4-9	5-10	6-9	7-12	10-11
6864	1	7680	0-13	1-11	2-12	2-13	3-6	3-8	4-5	4-10	5-10	6-9	7-12	9-11
6865	1	7680	0-13	1-11	2-6	2-13	3-6	3-8	4-5	4-9	5-10	7-12	9-12	10-11
6866	1	7680	0-13	1-11	2-6	2-13	3-6	3-8	4-5	4-10	5-10	7-12	9-11	9-12
6867	1	7680	0-13	1-11	2-3	2-6	3-13	4-5	4-6	5-10	7-12	8-10	9-11	9-12
6868	1	7680	0-13	1-11	2-6	2-10	3-6	3-13	4-5	4-12	5-9	7-12	8-10	9-11
6869	1	7680	0-13	1-11	2-10	2-13	3-6	3-12	4-5	4-6	5-9	7-12	8-10	9-11
6870	1	7680	0-13	1-11	2-4	2-6	3-6	3-13	4-5	5-9	7-12	8-10	9-12	10-11
6871	1	7680	0-13	1-11	2-4	2-13	3-6	3-12	4-5	5-9	6-9	7-12	8-10	10-11
6872	1	7680	0-13	1-11	2-4	2-13	3-5	3-6	4-5	6-9	7-12	8-10	9-12	10-11
6873	1	7680	0-13	1-11	2-6	2-11	3-9	3-13	4-5	4-6	5-10	7-12	8-10	9-12
6874	1	7680	0-13	1-11	2-6	2-11	3-12	3-13	4-5	4-6	5-9	7-12	8-10	9-10
6875	1	7680	0-13	1-11	2-6	2-11	3-6	3-13	4-5	4-12	5-9	7-12	8-10	9-10
6876	1	7680	0-13	1-11	2-6	2-11	3-6	3-13	4-5	4-10	5-9	7-12	8-10	9-12
6877	1	7680	0-13	1-11	2-11	2-13	3-6	3-12	4-5	4-6	5-9	7-12	8-10	9-10
6878	2	3840	0-13	1-11	2-11	2-13	3-5	3-6	4-5	4-6	7-12	8-10	9-10	9-12
6879	1	7680	0-13	1-11	2-11	2-13	3-6	3-12	4-5	4-10	5-9	6-9	7-12	8-10
6880	1	7680	0-13	1-11	2-11	2-13	3-5	3-6	4-5	4-10	6-9	7-12	8-10	9-12
6881	1	7680	0-13	1-11	2-5	2-6	3-12	3-13	4-5	4-6	7-12	8-10	9-10	9-11
6882	1	7680	0-13	1-11	2-5	2-6	3-6	3-13	4-5	4-12	7-12	8-10	9-10	9-11
6883	1	7680	0-13	1-11	2-5	2-6	3-6	3-13	4-5	4-9	7-12	8-10	9-12	10-11
6884	1	7680	0-13	1-11	2-5	2-6	3-6	3-13	4-5	4-10	7-12	8-10	9-11	9-12
6885	1	7680	0-13	1-11	2-5	2-13	3-6	3-12	4-5	4-6	7-12	8-10	9-10	9-11
6886	1	7680	0-13	1-11	2-5	2-13	3-6	3-12	4-5	4-9	6-9	7-12	8-10	10-11
6887	1	7680	0-13	1-11	2-5	2-13	3-6	3-12	4-5	4-10	6-9	7-12	8-10	9-11
6888	1	7680	0-13	1-11	2-5	2-13	3-4	3-6	4-5	6-9	7-12	8-10	9-12	10-11
6889	1	7680	0-13	1-11	2-5	2-13	3-6	3-11	4-5	4-10	6-9	7-12	8-10	9-12
6890	1	7680	0-13	1-11	2-6	2-12	3-6	3-13	4-5	4-9	5-9	7-12	8-10	10-11
6891	1	7680	0-13	1-11	2-6	2-12	3-6	3-13	4-5	4-10	5-9	7-12	8-10	9-11
6892	2	3840	0-13	1-11	2-12	2-13	3-5	3-6	4-5	4-6	7-12	8-10	9-10	9-11
6893	1	7680	0-13	1-11	2-12	2-13	3-5	3-6	4-5	4-9	6-9	7-12	8-10	10-11
6894	1	7680	0-13	1-11	2-12	2-13	3-5	3-6	4-5	4-10	6-9	7-12	8-10	9-11
6895	1	7680	0-13	1-11	2-12	2-13	3-4	3-6	4-5	5-9	6-9	7-12	8-10	10-11
6896	1	7680	0-13	1-11	2-12	2-13	3-6	3-11	4-5	4-10	5-9	6-9	7-12	8-10
6897	1	7680	0-13	1-11	2-6	2-13	3-6	3-12	4-5	4-9	5-9	7-12	8-10	10-11
6898	1	7680	0-13	1-11	2-6	2-13	3-5	3-6	4-5	4-9	7-12	8-10	9-12	10-11
6899	1	7680	0-13	1-11	2-6	2-13	3-6	3-12	4-5	4-10	5-9	7-12	8-10	9-11
6900	1	7680	0-13	1-11	2-6	2-13	3-5	3-6	4-5	4-10	7-12	8-10	9-11	9-12
6901	1	7680	0-13	1-11	2-6	2-13	3-5	3-12	4-5	4-10	6-9	7-12	8-10	9-11
6902	1	7680	0-13	1-11	2-6	2-13	3-4	3-6	4-5	5-9	7-12	8-10	9-12	10-11
6903	1	7680	0-13	1-11	2-6	2-13	3-6	3-11	4-5	4-10	5-9	7-12	8-10	9-12
6904	1	7680	0-13	1-11	2-6	2-13	3-4	3-12	4-5	5-9	6-9	7-12	8-10	10-11
6905	1	7680	0-13	1-11	2-6	2-13	3-11	3-12	4-5	4-10	5-9	6-9	7-12	8-10
6906	1	7680	0-13	1-11	2-6	2-13	3-4	3-5	4-5	6-9	7-12	8-10	9-12	10-11
6907	1	7680	0-13	1-11	2-6	2-13	3-5	3-11	4-5	4-10	6-9	7-12	8-10	9-12
6908	1	7680	0-13	1-11	2-3	2-13	3-6	4-5	4-8	5-10	6-9	7-12	9-12	10-11
6909	1	7680	0-13	1-11	2-10	2-13	3-6	3-12	4-5	4-8	5-9	6-9	7-12	10-11
6910	1	7680	0-13	1-11	2-10	2-13	3-5	3-6	4-5	4-8	6-9	7-12	9-12	10-11
6911	1	7680	0-13	1-11	2-5	2-13	3-6	3-12	4-5	4-8	6-9	7-12	9-10	10-11
6912	1	7680	0-13	1-11	2-5	2-13	3-5	3-6	4-8	4-10	6-9	7-12	9-12	10-11
6913	1	7680	0-13	1-11	2-12	2-13	3-6	3-9	4-5	4-8	5-10	6-9	7-12	10-11
6914	1	7680	0-13	1-11	2-12	2-13	3-5	3-6	4-5	4-8	6-9	7-12	9-10	10-11
6915	1	7680	0-13	1-11	2-12	2-13	3-5	3-6	4-8	4-10	5-9	6-9	7-12	10-11
6916	1	7680	0-13	1-11	2-6	2-13	3-5	3-6	4-5	4-8	7-12	9-10	9-12	10-11
6917	1	7680	0-13	1-11	2-3	2-6	3-13	4-5	4-6	5-10	7-12	8-11	9-10	9-12
6918	1	7680	0-13	1-11	2-6	2-10	3-6	3-13	4-5	4-10	5-9	7-12	8-11	9-12
6919	1	7680	0-13	1-11	2-10	2-13	3-6	3-12	4-5	4-10	5-9	6-9	7-12	8-11
6920	1	7680	0-13	1-11	2-10	2-13	3-5	3-6	4-5	4-10	6-9	7-12	8-11	9-12
6921	1	7680	0-13	1-11	2-5	2-6	3-6	3-13	4-5	4-10	7-12	8-11	9-10	9-12
6922	1	7680	0-13	1-11	2-5	2-13	3-6	3-12	4-5	4-10	6-9	7-12	8-11	9-10
6923	1	7680	0-13	1-11	2-12	2-13	3-5	3-6	4-5	4-10	6-9	7-12	8-11	9-10
6924	1	7680	0-13	1-11	2-6	2-13	3-6	3-12	4-5	4-10	5-9	7-12	8-11	9-10
6925	1	7680	0-13	1-11	2-6	2-13	3-5	3-6	4-5	4-10	7-12	8-11	9-10	9-12
6926	1	7680	0-13	1-11	2-6	2-13	3-5	3-12	4-5	4-10	6-9	7-12	8-11	9-10
6927	1	7680	0-13	1-11	2-3	2-13	3-6	4-5	4-9	5-8	6-9	7-12	10-11	10-12
6928	1	7680	0-13	1-11	2-6	2-10	3-6	3-13	4-5	4-9	5-8	7-12	9-12	10-11
6929	1	7680	0-13	1-11	2-6	2-10	3-6	3-13	4-5	4-10	5-8	7-12	9-11	9-12
6930	1	7680	0-13	1-11	2-10	2-13	3-6	3-12	4-5	4-9	5-8	6-9	7-12	10-11
6931	1	7680	0-13	1-11	2-10	2-13	3-6	3-12	4-5	4-10	5-8	6-9	7-12	9-11
6932	1	7680	0-13	1-11	2-4	2-13	3-6	3-9	4-5	5-8	6-9	7-12	10-11	10-12
6933	1	7680	0-13	1-11	2-4	2-13	3-6	3-12	4-5	5-8	6-9	7-12	9-10	10-11
6934	1	7680	0-13	1-11	2-6	2-11	3-6	3-13	4-5	4-10	5-8	7-12	9-10	9-12
6935	1	7680	0-13	1-11	2-11	2-13	3-6	3-12	4-5	4-10	5-8	6-9	7-12	9-10
6936	1	7680	0-13	1-11	2-6	2-12	3-6	3-13	4-5	4-10	5-8	7-12	9-10	9-11
6937	1	7680	0-13	1-11	2-6	2-13	3-6	3-12	4-5	4-10	5-8	7-12	9-10	9-11
6938	1	7680	0-13	1-11	2-6	2-13	3-4	3-6	4-5	5-8	7-12	9-10	9-12	10-11
6939	1	7680	0-13	1-11	2-6	2-13	3-6	3-11	4-5	4-10	5-8	7-12	9-10	9-12
6940	1	7680	0-13	1-11	2-6	2-13	3-4	3-12	4-5	5-8	6-9	7-12	9-10	10-11
6941	1	7680	0-13	1-11	2-6	2-13	3-11	3-12	4-5	4-10	5-8	6-9	7-12	9-10
6942	2	3840	0-13	1-11	2-6	2-13	3-5	3-6	4-9	4-10	5-8	7-12	9-12	10-11
6943	2	3840	0-13	1-11	2-6	2-13	3-4	3-5	4-10	5-8	6-9	7-12	9-12	10-11
6944	1	7680	0-13	1-11	2-3	2-13	3-6	4-5	4-9	5-10	6-9	7-12	8-12	10-11
6945	1	7680	0-13	1-11	2-3	2-13	3-6	4-5	4-10	5-10	6-9	7-12	8-12	9-11
6946	1	7680	0-13	1-11	2-6	2-10	3-6	3-13	4-5	4-9	5-9	7-12	8-12	10-11
6947	1	7680	0-13	1-11	2-6	2-10	3-6	3-13	4-5	4-10	5-9	7-12	8-12	9-11
6948	1	7680	0-13	1-11	2-10	2-13	3-5	3-6	4-5	4-9	6-9	7-12	8-12	10-11
6949	1	7680	0-13	1-11	2-10	2-13	3-5	3-6	4-5	4-10	6-9	7-12	8-12	9-11
6950	1	7680	0-13	1-11	2-4	2-13	3-6	3-9	4-5	5-10	6-9	7-12	8-12	10-11
6951	1	7680	0-13	1-11	2-4	2-13	3-5	3-6	4-5	6-9	7-12	8-12	9-10	10-11
6952	1	7680	0-13	1-11	2-11	2-13	3-6	3-9	4-5	4-10	5-10	6-9	7-12	8-12
6953	1	7680	0-13	1-11	2-11	2-13	3-5	3-6	4-5	4-10	6-9	7-12	8-12	9-10
6954	1	7680	0-13	1-11	2-5	2-6	3-6	3-13	4-5	4-10	7-12	8-12	9-10	9-11
6955	1	7680	0-13	1-11	2-6	2-13	3-5	3-6	4-5	4-10	7-12	8-12	9-10	9-11
6956	1	7680	0-13	1-11	2-6	2-13	3-6	3-11	4-5	4-10	5-9	7-12	8-12	9-10
6957	1	7680	0-13	1-11	2-6	2-13	3-4	3-5	4-5	6-9	7-12	8-12	9-10	10-11
6958	1	7680	0-13	1-11	2-6	2-13	3-5	3-11	4-5	4-10	6-9	7-12	8-12	9-10
6959	2	3840	0-13	1-11	2-6	2-13	3-5	3-6	4-9	4-10	5-9	7-12	8-12	10-11
6960	2	3840	0-13	1-11	2-6	2-13	3-4	3-5	4-10	5-9	6-9	7-12	8-12	10-11
6961	1	7680	0-13	1-5	2-6	2-8	3-6	3-13	4-5	4-10	7-12	9-11	9-12	10-11
6962	1	7680	0-13	1-5	2-8	2-13	3-4	3-6	4-5	6-9	7-12	9-11	10-11	10-12
6963	1	7680	0-13	1-5	2-8	2-13	3-6	3-12	4-5	4-10	6-9	7-12	9-11	10-11
6964	1	7680	0-13	1-5	2-11	2-13	3-4	3-6	4-5	6-9	7-12	8-9	10-11	10-12
6965	1	7680	0-13	1-5	2-11	2-13	3-6	3-12	4-5	4-10	6-9	7-12	8-9	10-11
6966	1	7680	0-13	1-5	2-6	2-13	3-11	3-12	4-5	4-10	6-9	7-12	8-9	10-11
6967	1	7680	0-13	1-5	2-4	2-13	3-6	3-8	4-5	6-9	7-12	9-11	10-11	10-12
6968	1	7680	0-13	1-5	2-11	2-13	3-6	3-8	4-5	4-9	6-9	7-12	10-11	10-12
6969	1	7680	0-13	1-5	2-4	2-6	3-6	3-13	4-5	7-12	8-10	9-11	9-12	10-11
6970	1	7680	0-13	1-5	2-4	2-13	3-6	3-12	4-5	6-9	7-12	8-10	9-11	10-11
6971	1	7680	0-13	1-5	2-6	2-11	3-6	3-13	4-5	4-9	7-12	8-10	9-12	10-11
6972	1	7680	0-13	1-5	2-6	2-11	3-6	3-13	4-5	4-10	7-12	8-10	9-11	9-12
6973	1	7680	0-13	1-5	2-11	2-13	3-6	3-12	4-5	4-9	6-9	7-12	8-10	10-11
6974	1	7680	0-13	1-5	2-11	2-13	3-6	3-12	4-5	4-10	6-9	7-12	8-10	9-11
6975	1	7680	0-13	1-5	2-6	2-12	3-6	3-13	4-5	4-9	7-12	8-10	9-11	10-11
6976	1	7680	0-13	1-5	2-6	2-13	3-6	3-12	4-5	4-9	7-12	8-10	9-11	10-11
6977	1	7680	0-13	1-5	2-6	2-13	3-6	3-11	4-5	4-9	7-12	8-10	9-12	10-11
6978	1	7680	0-13	1-5	2-6	2-13	3-11	3-12	4-5	4-9	6-9	7-12	8-10	10-11
6979	1	7680	0-13	1-5	2-6	2-13	3-4	3-6	4-5	7-12	8-10	9-11	9-12	10-11
6980	1	7680	0-13	1-5	2-6	2-13	3-6	3-11	4-5	4-10	7-12	8-10	9-11	9-12
6981	1	7680	0-13	1-5	2-3	2-13	3-6	4-5	4-8	6-9	7-12	9-11	10-11	10-12
6982	1	7680	0-13	1-5	2-6	2-10	3-6	3-13	4-5	4-8	7-12	9-11	9-12	10-11
6983	1	7680	0-13	1-5	2-10	2-13	3-6	3-12	4-5	4-8	6-9	7-12	9-11	10-11
6984	1	7680	0-13	1-5	2-10	2-13	3-6	3-11	4-5	4-8	6-9	7-12	9-12	10-11
6985	1	7680	0-13	1-5	2-11	2-13	3-6	3-9	4-5	4-8	6-9	7-12	10-11	10-12
6986	1	7680	0-13	1-5	2-11	2-13	3-6	3-12	4-5	4-8	6-9	7-12	9-10	10-11
6987	1	7680	0-13	1-5	2-12	2-13	3-6	3-11	4-5	4-8	6-9	7-12	9-10	10-11
6988	1	7680	0-13	1-5	2-6	2-13	3-6	3-12	4-5	4-8	7-12	9-10	9-11	10-11
6989	1	7680	0-13	1-5	2-6	2-13	3-6	3-11	4-5	4-8	7-12	9-10	9-12	10-11
6990	1	7680	0-13	1-5	2-6	2-13	3-11	3-12	4-5	4-8	6-9	7-12	9-10	10-11
6991	1	7680	0-13	1-5	2-3	2-13	3-6	4-5	4-9	6-9	7-12	8-11	10-11	10-12
6992	1	7680	0-13	1-5	2-6	2-10	3-6	3-13	4-5	4-9	7-12	8-11	9-12	10-11
6993	1	7680	0-13	1-5	2-6	2-10	3-6	3-13	4-5	4-10	7-12	8-11	9-11	9-12
6994	1	7680	0-13	1-5	2-10	2-13	3-6	3-12	4-5	4-9	6-9	7-12	8-11	10-11
6995	1	7680	0-13	1-5	2-10	2-13	3-6	3-12	4-5	4-10	6-9	7-12	8-11	9-11
6996	1	7680	0-13	1-5	2-4	2-13	3-6	3-9	4-5	6-9	7-12	8-11	10-11	10-12
6997	1	7680	0-13	1-5	2-4	2-13	3-6	3-12	4-5	6-9	7-12	8-11	9-10	10-11
6998	1	7680	0-13	1-5	2-6	2-11	3-6	3-13	4-5	4-10	7-12	8-11	9-10	9-12
6999	1	7680	0-13	1-5	2-11	2-13	3-6	3-12	4-5	4-10	6-9	7-12	8-11	9-10
7000	1	7680	0-13	1-5	2-6	2-12	3-6	3-13	4-5	4-10	7-12	8-11	9-10	9-11
7001	1	7680	0-13	1-5	2-6	2-13	3-6	3-12	4-5	4-10	7-12	8-11	9-10	9-11
7002	1	7680	0-13	1-5	2-6	2-13	3-4	3-6	4-5	7-12	8-11	9-10	9-12	10-11
7003	1	7680	0-13	1-5	2-6	2-13	3-6	3-11	4-5	4-10	7-12	8-11	9-10	9-12
7004	1	7680	0-13	1-5	2-6	2-13	3-4	3-12	4-5	6-9	7-12	8-11	9-10	10-11
7005	1	7680	0-13	1-5	2-6	2-13	3-11	3-12	4-5	4-10	6-9	7-12	8-11	9-10
7006	1	7680	0-13	1-5	2-6	2-13	3-5	3-6	4-9	4-10	7-12	8-11	9-12	10-11
7007	1	7680	0-13	1-5	2-6	2-13	3-4	3-5	4-10	6-9	7-12	8-11	9-12	10-11
7008	1	7680	0-13	1-5	2-6	2-11	3-6	3-13	4-5	4-10	7-12	8-12	9-10	9-11
7009	1	7680	0-13	1-12	2-6	2-8	3-6	3-13	4-5	4-10	5-9	7-12	9-11	10-11
7010	1	7680	0-13	1-12	2-8	2-13	3-4	3-6	4-5	5-10	6-9	7-12	9-11	10-11
7011	1	7680	0-13	1-12	2-8	2-13	3-6	3-11	4-5	4-10	5-10	6-9	7-12	9-11
7012	1	7680	0-13	1-12	2-8	2-13	3-5	3-6	4-5	4-10	6-9	7-12	9-11	10-11
7013	1	7680	0-13	1-12	2-11	2-13	3-4	3-6	4-5	5-10	6-9	7-12	8-9	10-11
7014	1	7680	0-13	1-12	2-11	2-13	3-6	3-11	4-5	4-10	5-10	6-9	7-12	8-9
7015	1	7680	0-13	1-12	2-11	2-13	3-5	3-6	4-5	4-10	6-9	7-12	8-9	10-11
7016	2	3840	0-13	1-12	2-6	2-13	3-5	3-11	4-5	4-10	6-9	7-12	8-9	10-11
7017	1	7680	0-13	1-12	2-4	2-13	3-6	3-8	4-5	5-10	6-9	7-12	9-11	10-11
7018	1	7680	0-13	1-12	2-11	2-13	3-6	3-8	4-5	4-9	5-10	6-9	7-12	10-11
7019	1	7680	0-13	1-12	2-11	2-13	3-6	3-8	4-5	4-10	5-10	6-9	7-12	9-11
7020	1	7680	0-13	1-12	2-4	2-6	3-6	3-13	4-5	5-9	7-12	8-10	9-11	10-11
7021	1	7680	0-13	1-12	2-4	2-13	3-5	3-6	4-5	6-9	7-12	8-10	9-11	10-11
7022	1	7680	0-13	1-12	2-6	2-11	3-6	3-13	4-5	4-9	5-9	7-12	8-10	10-11
7023	1	7680	0-13	1-12	2-6	2-11	3-6	3-13	4-5	4-10	5-9	7-12	8-10	9-11
7024	1	7680	0-13	1-12	2-11	2-13	3-5	3-6	4-5	4-9	6-9	7-12	8-10	10-11
7025	1	7680	0-13	1-12	2-11	2-13	3-5	3-6	4-5	4-10	6-9	7-12	8-10	9-11
7026	1	7680	0-13	1-12	2-5	2-6	3-6	3-13	4-5	4-9	7-12	8-10	9-11	10-11
7027	1	7680	0-13	1-12	2-6	2-13	3-5	3-6	4-5	4-9	7-12	8-10	9-11	10-11
7028	1	7680	0-13	1-12	2-6	2-13	3-6	3-11	4-5	4-9	5-9	7-12	8-10	10-11
7029	1	7680	0-13	1-12	2-6	2-13	3-4	3-6	4-5	5-9	7-12	8-10	9-11	10-11
7030	1	7680	0-13	1-12	2-6	2-13	3-6	3-11	4-5	4-10	5-9	7-12	8-10	9-11
7031	1	7680	0-13	1-12	2-3	2-13	3-6	4-5	4-8	5-10	6-9	7-12	9-11	10-11
7032	1	7680	0-13	1-12	2-6	2-10	3-6	3-13	4-5	4-8	5-9	7-12	9-11	10-11
7033	1	7680	0-13	1-12	2-10	2-13	3-5	3-6	4-5	4-8	6-9	7-12	9-11	10-11
7034	1	7680	0-13	1-12	2-10	2-13	3-6	3-11	4-5	4-8	5-9	6-9	7-12	10-11
7035	1	7680	0-13	1-12	2-11	2-13	3-6	3-9	4-5	4-8	5-10	6-9	7-12	10-11
7036	1	7680	0-13	1-12	2-11	2-13	3-5	3-6	4-5	4-8	6-9	7-12	9-10	10-11
7037	1	7680	0-13	1-12	2-5	2-13	3-6	3-11	4-5	4-8	6-9	7-12	9-10	10-11
7038	1	7680	0-13	1-12	2-6	2-13	3-5	3-6	4-5	4-8	7-12	9-10	9-11	10-11
7039	1	7680	0-13	1-12	2-3	2-13	3-6	4-5	4-9	5-10	6-9	7-12	8-11	10-11
7040	1	7680	0-13	1-12	2-3	2-13	3-6	4-5	4-10	5-10	6-9	7-12	8-11	9-11
7041	1	7680	0-13	1-12	2-6	2-10	3-6	3-13	4-5	4-9	5-9	7-12	8-11	10-11
7042	1	7680	0-13	1-12	2-6	2-10	3-6	3-13	4-5	4-10	5-9	7-12	8-11	9-11
7043	1	7680	0-13	1-12	2-10	2-13	3-5	3-6	4-5	4-9	6-9	7-12	8-11	10-11
7044	1	7680	0-13	1-12	2-10	2-13	3-5	3-6	4-5	4-10	6-9	7-12	8-11	9-11
7045	1	7680	0-13	1-12	2-4	2-13	3-6	3-9	4-5	5-10	6-9	7-12	8-11	10-11
7046	1	7680	0-13	1-12	2-4	2-13	3-5	3-6	4-5	6-9	7-12	8-11	9-10	10-11
7047	1	7680	0-13	1-12	2-11	2-13	3-6	3-9	4-5	4-10	5-10	6-9	7-12	8-11
7048	1	7680	0-13	1-12	2-11	2-13	3-5	3-6	4-5	4-10	6-9	7-12	8-11	9-10
7049	1	7680	0-13	1-12	2-5	2-6	3-6	3-13	4-5	4-10	7-12	8-11	9-10	9-11
7050	1	7680	0-13	1-12	2-6	2-13	3-5	3-6	4-5	4-10	7-12	8-11	9-10	9-11
7051	1	7680	0-13	1-12	2-6	2-13	3-6	3-11	4-5	4-10	5-9	7-12	8-11	9-10
7052	1	7680	0-13	1-12	2-6	2-13	3-4	3-5	4-5	6-9	7-12	8-11	9-10	10-11
7053	1	7680	0-13	1-12	2-6	2-13	3-5	3-11	4-5	4-10	6-9	7-12	8-11	9-10
7054	1	7680	0-13	1-12	2-6	2-13	3-5	3-6	4-9	4-10	5-9	7-12	8-11	10-11
7055	1	7680	0-13	1-12	2-6	2-13	3-4	3-5	4-10	5-9	6-9	7-12	8-11	10-11
7056	1	7680	0-13	1-12	2-6	2-11	3-6	3-13	4-5	4-10	5-8	7-12	9-10	9-11
7057	1	7680	0-13	1-6	2-8	2-13	3-6	3-12	4-5	4-10	5-9	7-12	9-11	10-11
7058	1	7680	0-13	1-6	2-8	2-13	3-4	3-6	4-5	5-10	7-12	9-11	9-12	10-11
7059	1	7680	0-13	1-6	2-8	2-13	3-6	3-11	4-5	4-10	5-10	7-12	9-11	9-12
7060	1	7680	0-13	1-6	2-8	2-13	3-5	3-6	4-5	4-10	7-12	9-11	9-12	10-11
7061	1	7680	0-13	1-6	2-4	2-13	3-11	3-12	4-5	5-10	6-9	7-12	8-9	10-11
7062	1	7680	0-13	1-6	2-11	2-13	3-4	3-12	4-5	5-10	6-9	7-12	8-9	10-11
7063	1	7680	0-13	1-6	2-11	2-13	3-11	3-12	4-5	4-10	5-10	6-9	7-12	8-9
7064	1	7680	0-13	1-6	2-11	2-13	3-5	3-12	4-5	4-10	6-9	7-12	8-9	10-11
7065	1	7680	0-13	1-6	2-5	2-13	3-11	3-12	4-5	4-10	6-9	7-12	8-9	10-11
7066	2	3840	0-13	1-6	2-12	2-13	3-5	3-11	4-5	4-10	6-9	7-12	8-9	10-11
7067	1	7680	0-13	1-6	2-4	2-13	3-6	3-8	4-5	5-10	7-12	9-11	9-12	10-11
7068	1	7680	0-13	1-6	2-11	2-13	3-6	3-8	4-5	4-9	5-10	7-12	9-12	10-11
7069	1	7680	0-13	1-6	2-11	2-13	3-6	3-8	4-5	4-10	5-10	7-12	9-11	9-12
7070	1	7680	0-13	1-6	2-4	2-12	3-6	3-13	4-5	5-9	7-12	8-10	9-11	10-11
7071	1	7680	0-13	1-6	2-4	2-13	3-6	3-12	4-5	5-9	7-12	8-10	9-11	10-11
7072	1	7680	0-13	1-6	2-4	2-13	3-5	3-6	4-5	7-12	8-10	9-11	9-12	10-11
7073	1	7680	0-13	1-6	2-4	2-13	3-6	3-11	4-5	5-9	7-12	8-10	9-12	10-11
7074	1	7680	0-13	1-6	2-11	2-12	3-6	3-13	4-5	4-9	5-9	7-12	8-10	10-11
7075	1	7680	0-13	1-6	2-11	2-12	3-6	3-13	4-5	4-10	5-9	7-12	8-10	9-11
7076	1	7680	0-13	1-6	2-11	2-13	3-6	3-12	4-5	4-9	5-9	7-12	8-10	10-11
7077	1	7680	0-13	1-6	2-11	2-13	3-5	3-6	4-5	4-9	7-12	8-10	9-12	10-11
7078	1	7680	0-13	1-6	2-11	2-13	3-6	3-12	4-5	4-10	5-9	7-12	8-10	9-11
7079	1	7680	0-13	1-6	2-11	2-13	3-5	3-6	4-5	4-10	7-12	8-10	9-11	9-12
7080	1	7680	0-13	1-6	2-11	2-13	3-5	3-12	4-5	4-10	6-9	7-12	8-10	9-11
7081	1	7680	0-13	1-6	2-5	2-12	3-6	3-13	4-5	4-9	7-12	8-10	9-11	10-11
7082	1	7680	0-13	1-6	2-5	2-13	3-6	3-12	4-5	4-9	7-12	8-10	9-11	10-11
7083	1	7680	0-13	1-6	2-5	2-13	3-6	3-11	4-5	4-9	7-12	8-10	9-12	10-11
7084	1	7680	0-13	1-6	2-5	2-13	3-11	3-12	4-5	4-9	6-9	7-12	8-10	10-11
7085	1	7680	0-13	1-6	2-5	2-13	3-4	3-6	4-5	7-12	8-10	9-11	9-12	10-11
7086	1	7680	0-13	1-6	2-5	2-13	3-6	3-11	4-5	4-10	7-12	8-10	9-11	9-12
7087	1	7680	0-13	1-6	2-12	2-13	3-5	3-6	4-5	4-9	7-12	8-10	9-11	10-11
7088	1	7680	0-13	1-6	2-12	2-13	3-6	3-11	4-5	4-9	5-9	7-12	8-10	10-11
7089	1	7680	0-13	1-6	2-12	2-13	3-4	3-6	4-5	5-9	7-12	8-10	9-11	10-11
7090	1	7680	0-13	1-6	2-12	2-13	3-6	3-11	4-5	4-10	5-9	7-12	8-10	9-11
7091	1	7680	0-13	1-6	2-6	2-13	3-11	3-12	4-5	4-9	5-9	7-12	8-10	10-11
7092	1	7680	0-13	1-6	2-6	2-13	3-4	3-12	4-5	5-9	7-12	8-10	9-11	10-11
7093	1	7680	0-13	1-6	2-6	2-13	3-11	3-12	4-5	4-10	5-9	7-12	8-10	9-11
7094	1	7680	0-13	1-6	2-3	2-13	3-6	4-5	4-8	5-10	7-12	9-11	9-12	10-11
7095	1	7680	0-13	1-6	2-10	2-13	3-6	3-12	4-5	4-8	5-9	7-12	9-11	10-11
7096	1	7680	0-13	1-6	2-10	2-13	3-5	3-6	4-5	4-8	7-12	9-11	9-12	10-11
7097	1	7680	0-13	1-6	2-10	2-13	3-6	3-11	4-5	4-8	5-9	7-12	9-12	10-11
7098	1	7680	0-13	1-6	2-11	2-13	3-5	3-6	4-5	4-8	7-12	9-10	9-12	10-11
7099	1	7680	0-13	1-6	2-5	2-13	3-11	3-12	4-5	4-8	6-9	7-12	9-10	10-11
7100	2	3840	0-13	1-6	2-5	2-13	3-6	3-11	4-8	4-10	5-10	7-12	9-11	9-12
7101	1	7680	0-13	1-6	2-12	2-13	3-5	3-6	4-5	4-8	7-12	9-10	9-11	10-11
7102	1	7680	0-13	1-6	2-12	2-13	3-6	3-11	4-8	4-10	5-9	5-10	7-12	9-11
7103	2	3840	0-13	1-6	2-3	2-13	3-6	4-5	4-9	5-10	7-12	8-11	9-12	10-11
7104	1	7680	0-13	1-6	2-3	2-13	3-6	4-5	4-10	5-10	7-12	8-11	9-11	9-12
7105	1	7680	0-13	1-6	2-10	2-12	3-6	3-13	4-5	4-10	5-9	7-12	8-11	9-11
7106	1	7680	0-13	1-6	2-10	2-13	3-6	3-12	4-5	4-9	5-9	7-12	8-11	10-11
7107	1	7680	0-13	1-6	2-10	2-13	3-5	3-6	4-5	4-9	7-12	8-11	9-12	10-11
7108	1	7680	0-13	1-6	2-10	2-13	3-6	3-12	4-5	4-10	5-9	7-12	8-11	9-11
7109	1	7680	0-13	1-6	2-10	2-13	3-5	3-6	4-5	4-10	7-12	8-11	9-11	9-12
7110	2	3840	0-13	1-6	2-4	2-13	3-5	3-6	4-5	7-12	8-11	9-10	9-12	10-11
7111	2	3840	0-13	1-6	2-11	2-13	3-6	3-12	4-5	4-10	5-9	7-12	8-11	9-10
7112	1	7680	0-13	1-6	2-11	2-13	3-5	3-6	4-5	4-10	7-12	8-11	9-10	9-12
7113	1	7680	0-13	1-6	2-11	2-13	3-5	3-12	4-5	4-10	6-9	7-12	8-11	9-10
7114	1	7680	0-13	1-6	2-5	2-12	3-6	3-13	4-5	4-10	7-12	8-11	9-10	9-11
7115	1	7680	0-13	1-6	2-5	2-13	3-6	3-12	4-5	4-10	7-12	8-11	9-10	9-11
7116	2	3840	0-13	1-6	2-5	2-13	3-4	3-6	4-5	7-12	8-11	9-10	9-12	10-11
7117	1	7680	0-13	1-6	2-5	2-13	3-6	3-11	4-5	4-10	7-12	8-11	9-10	9-12
7118	1	7680	0-13	1-6	2-5	2-13	3-4	3-12	4-5	6-9	7-12	8-11	9-10	10-11
7119	1	7680	0-13	1-6	2-5	2-13	3-11	3-12	4-5	4-10	6-9	7-12	8-11	9-10
7120	1	7680	0-13	1-6	2-5	2-13	3-5	3-6	4-9	4-10	7-12	8-11	9-12	10-11
7121	2	3840	0-13	1-6	2-5	2-13	3-11	3-12	4-9	4-10	5-10	6-9	7-12	8-11
7122	2	3840	0-13	1-6	2-5	2-13	3-5	3-12	4-9	4-10	6-9	7-12	8-11	10-11
7123	1	7680	0-13	1-6	2-5	2-13	3-4	3-6	4-10	5-10	7-12	8-11	9-11	9-12
7124	1	7680	0-13	1-6	2-12	2-13	3-5	3-6	4-5	4-10	7-12	8-11	9-10	9-11
7125	2	3840	0-13	1-6	2-12	2-13	3-6	3-11	4-5	4-10	5-9	7-12	8-11	9-10
7126	1	7680	0-13	1-6	2-12	2-13	3-4	3-5	4-5	6-9	7-12	8-11	9-10	10-11
7127	1	7680	0-13	1-6	2-12	2-13	3-5	3-11	4-5	4-10	6-9	7-12	8-11	9-10
7128	2	3840	0-13	1-6	2-12	2-13	3-6	3-11	4-9	4-10	5-9	5-10	7-12	8-11
7129	1	7680	0-13	1-6	2-12	2-13	3-5	3-6	4-9	4-10	5-9	7-12	8-11	10-11
7130	1	7680	0-13	1-6	2-12	2-13	3-5	3-11	4-9	4-10	5-10	6-9	7-12	8-11
7131	1	7680	0-13	1-6	2-12	2-13	3-4	3-6	4-10	5-9	5-10	7-12	8-11	9-11
7132	4	1920	0-13	1-6	2-12	2-13	3-4	3-5	4-10	5-10	6-9	7-12	8-11	9-11
7133	1	7680	0-13	1-6	2-12	2-13	3-4	3-5	4-10	5-9	6-9	7-12	8-11	10-11
7134	1	7680	0-13	1-6	2-6	2-13	3-5	3-12	4-5	4-10	7-12	8-11	9-10	9-11
7135	1	7680	0-13	1-6	2-6	2-13	3-11	3-12	4-5	4-10	5-9	7-12	8-11	9-10
7136	1	7680	0-13	1-6	2-6	2-13	3-4	3-5	4-5	7-12	8-11	9-10	9-12	10-11
7137	1	7680	0-13	1-6	2-6	2-13	3-5	3-11	4-5	4-10	7-12	8-11	9-10	9-12
7138	2	3840	0-13	1-6	2-6	2-13	3-5	3-12	4-9	4-10	5-9	7-12	8-11	10-11
7139	1	7680	0-13	1-6	2-6	2-13	3-4	3-5	4-10	5-9	7-12	8-11	9-12	10-11
7140	1	7680	0-13	1-6	2-10	2-13	3-6	3-11	4-5	4-9	5-8	7-12	9-12	10-11
7141	1	7680	0-13	1-6	2-10	2-13	3-4	3-6	4-5	5-8	7-12	9-11	9-12	10-11
7142	1	7680	0-13	1-6	2-10	2-13	3-6	3-11	4-5	4-10	5-8	7-12	9-11	9-12
7143	1	7680	0-13	1-6	2-4	2-13	3-6	3-11	4-5	5-8	7-12	9-10	9-12	10-11
7144	1	7680	0-13	1-6	2-4	2-13	3-11	3-12	4-5	5-8	6-9	7-12	9-10	10-11
7145	2	3840	0-13	1-6	2-4	2-13	3-6	3-11	4-10	5-8	5-10	7-12	9-11	9-12
7146	1	7680	0-13	1-6	2-11	2-12	3-6	3-13	4-5	4-10	5-8	7-12	9-10	9-11
7147	1	7680	0-13	1-6	2-11	2-13	3-6	3-12	4-5	4-10	5-8	7-12	9-10	9-11
7148	1	7680	0-13	1-6	2-11	2-13	3-4	3-6	4-5	5-8	7-12	9-10	9-12	10-11
7149	1	7680	0-13	1-6	2-11	2-13	3-6	3-11	4-5	4-10	5-8	7-12	9-10	9-12
7150	2	3840	0-13	1-6	2-11	2-13	3-4	3-12	4-5	5-8	6-9	7-12	9-10	10-11
7151	2	3840	0-13	1-6	2-11	2-13	3-11	3-12	4-5	4-10	5-8	6-9	7-12	9-10
7152	2	3840	0-13	1-6	2-11	2-13	3-6	3-11	4-9	4-10	5-8	5-10	7-12	9-12
7153	1	7680	0-13	1-6	2-11	2-13	3-5	3-6	4-9	4-10	5-8	7-12	9-12	10-11
7154	2	3840	0-13	1-6	2-11	2-13	3-11	3-12	4-9	4-10	5-8	5-10	6-9	7-12
7155	2	3840	0-13	1-6	2-11	2-13	3-5	3-12	4-9	4-10	5-8	6-9	7-12	10-11
7156	2	3840	0-13	1-6	2-11	2-13	3-4	3-6	4-10	5-8	5-10	7-12	9-11	9-12
7157	1	7680	0-13	1-6	2-12	2-13	3-4	3-6	4-5	5-8	7-12	9-10	9-11	10-11
7158	1	7680	0-13	1-6	2-12	2-13	3-6	3-11	4-5	4-10	5-8	7-12	9-10	9-11
7159	4	1920	0-13	1-6	2-12	2-13	3-5	3-6	4-9	4-10	5-8	7-12	9-11	10-11
7160	1	7680	0-13	1-6	2-12	2-13	3-4	3-5	4-10	5-8	6-9	7-12	9-11	10-11
7161	16	480	0-13	1-6	2-12	2-13	3-4	3-11	4-10	5-8	5-9	6-9	7-12	10-11
7162	2	3840	0-13	1-6	2-6	2-13	3-4	3-12	4-5	5-8	7-12	9-10	9-11	10-11
7163	2	3840	0-13	1-6	2-6	2-13	3-11	3-12	4-5	4-10	5-8	7-12	9-10	9-11
7164	4	1920	0-13	1-6	2-6	2-13	3-5	3-12	4-9	4-10	5-8	7-12	9-11	10-11
7165	1	7680	0-13	1-6	2-6	2-13	3-4	3-5	4-10	5-8	7-12	9-11	9-12	10-11
7166	16	480	0-13	1-6	2-6	2-13	3-4	3-11	4-10	5-8	5-9	7-12	9-12	10-11
7167	1	7680	0-13	1-6	2-10	2-13	3-6	3-11	4-5	4-9	5-9	7-12	8-12	10-11
7168	1	7680	0-13	1-6	2-10	2-13	3-4	3-6	4-5	5-9	7-12	8-12	9-11	10-11
7169	1	7680	0-13	1-6	2-10	2-13	3-6	3-11	4-5	4-10	5-9	7-12	8-12	9-11
7170	2	3840	0-13	1-6	2-4	2-13	3-6	3-11	4-10	5-9	5-10	7-12	8-12	9-11
7171	1	7680	0-13	1-6	2-11	2-13	3-5	3-6	4-5	4-10	7-12	8-12	9-10	9-11
7172	1	7680	0-13	1-6	2-11	2-13	3-6	3-11	4-5	4-10	5-9	7-12	8-12	9-10
7173	2	3840	0-13	1-6	2-11	2-13	3-4	3-5	4-5	6-9	7-12	8-12	9-10	10-11
7174	2	3840	0-13	1-6	2-11	2-13	3-5	3-11	4-5	4-10	6-9	7-12	8-12	9-10
7175	2	3840	0-13	1-6	2-11	2-13	3-6	3-11	4-9	4-10	5-9	5-10	7-12	8-12
7176	1	7680	0-13	1-6	2-11	2-13	3-5	3-6	4-9	4-10	5-9	7-12	8-12	10-11
7177	2	3840	0-13	1-6	2-11	2-13	3-5	3-11	4-9	4-10	5-10	6-9	7-12	8-12
7178	2	3840	0-13	1-6	2-11	2-13	3-4	3-6	4-10	5-9	5-10	7-12	8-12	9-11
7179	4	1920	0-13	1-6	2-11	2-13	3-4	3-5	4-10	5-10	6-9	7-12	8-12	9-11
7180	1	7680	0-13	1-6	2-5	2-13	3-4	3-5	4-10	6-9	7-12	8-12	9-11	10-11
7181	4	1920	0-13	1-6	2-6	2-13	3-4	3-5	4-5	7-12	8-12	9-10	9-11	10-11
7182	4	1920	0-13	1-6	2-6	2-13	3-5	3-11	4-5	4-10	7-12	8-12	9-10	9-11
7183	2	3840	0-13	1-6	2-6	2-13	3-4	3-5	4-10	5-9	7-12	8-12	9-11	10-11
7184	1	7680	0-13	1-13	2-6	2-8	3-6	3-12	4-5	4-10	5-9	7-12	9-11	10-11
7185	1	7680	0-13	1-13	2-6	2-8	3-4	3-6	4-5	5-10	7-12	9-11	9-12	10-11
7186	1	7680	0-13	1-13	2-6	2-8	3-6	3-11	4-5	4-10	5-10	7-12	9-11	9-12
7187	1	7680	0-13	1-13	2-6	2-8	3-5	3-6	4-5	4-10	7-12	9-11	9-12	10-11
7188	1	7680	0-13	1-13	2-4	2-6	3-11	3-12	4-5	5-10	6-9	7-12	8-9	10-11
7189	1	7680	0-13	1-13	2-6	2-11	3-4	3-12	4-5	5-10	6-9	7-12	8-9	10-11
7190	1	7680	0-13	1-13	2-6	2-11	3-11	3-12	4-5	4-10	5-10	6-9	7-12	8-9
7191	1	7680	0-13	1-13	2-6	2-11	3-5	3-12	4-5	4-10	6-9	7-12	8-9	10-11
7192	1	7680	0-13	1-13	2-5	2-6	3-11	3-12	4-5	4-10	6-9	7-12	8-9	10-11
7193	2	3840	0-13	1-13	2-6	2-12	3-5	3-11	4-5	4-10	6-9	7-12	8-9	10-11
7194	1	7680	0-13	1-13	2-4	2-6	3-6	3-8	4-5	5-10	7-12	9-11	9-12	10-11
7195	1	7680	0-13	1-13	2-6	2-11	3-6	3-8	4-5	4-9	5-10	7-12	9-12	10-11
7196	1	7680	0-13	1-13	2-6	2-11	3-6	3-8	4-5	4-10	5-10	7-12	9-11	9-12
7197	1	7680	0-13	1-13	2-4	2-6	3-6	3-12	4-5	5-9	7-12	8-10	9-11	10-11
7198	1	7680	0-13	1-13	2-4	2-6	3-5	3-6	4-5	7-12	8-10	9-11	9-12	10-11
7199	1	7680	0-13	1-13	2-6	2-11	3-6	3-12	4-5	4-9	5-9	7-12	8-10	10-11
7200	1	7680	0-13	1-13	2-6	2-11	3-5	3-6	4-5	4-9	7-12	8-10	9-12	10-11
7201	1	7680	0-13	1-13	2-6	2-11	3-6	3-12	4-5	4-10	5-9	7-12	8-10	9-11
7202	1	7680	0-13	1-13	2-6	2-11	3-5	3-6	4-5	4-10	7-12	8-10	9-11	9-12
7203	2	3840	0-13	1-13	2-6	2-11	3-5	3-12	4-5	4-10	6-9	7-12	8-10	9-11
7204	1	7680	0-13	1-13	2-5	2-6	3-6	3-12	4-5	4-9	7-12	8-10	9-11	10-11
7205	1	7680	0-13	1-13	2-5	2-6	3-6	3-11	4-5	4-9	7-12	8-10	9-12	10-11
7206	1	7680	0-13	1-13	2-5	2-6	3-11	3-12	4-5	4-9	6-9	7-12	8-10	10-11
7207	1	7680	0-13	1-13	2-5	2-6	3-4	3-6	4-5	7-12	8-10	9-11	9-12	10-11
7208	1	7680	0-13	1-13	2-5	2-6	3-6	3-11	4-5	4-10	7-12	8-10	9-11	9-12
7209	1	7680	0-13	1-13	2-6	2-12	3-5	3-6	4-5	4-9	7-12	8-10	9-11	10-11
7210	1	7680	0-13	1-13	2-6	2-12	3-6	3-11	4-5	4-9	5-9	7-12	8-10	10-11
7211	1	7680	0-13	1-13	2-6	2-12	3-4	3-6	4-5	5-9	7-12	8-10	9-11	10-11
7212	1	7680	0-13	1-13	2-6	2-12	3-6	3-11	4-5	4-10	5-9	7-12	8-10	9-11
7213	1	7680	0-13	1-13	2-3	2-6	3-6	4-5	4-8	5-10	7-12	9-11	9-12	10-11
7214	1	7680	0-13	1-13	2-6	2-10	3-6	3-12	4-5	4-8	5-9	7-12	9-11	10-11
7215	1	7680	0-13	1-13	2-6	2-10	3-5	3-6	4-5	4-8	7-12	9-11	9-12	10-11
7216	1	7680	0-13	1-13	2-6	2-10	3-6	3-11	4-5	4-8	5-9	7-12	9-12	10-11
7217	1	7680	0-13	1-13	2-6	2-11	3-5	3-6	4-5	4-8	7-12	9-10	9-12	10-11
7218	1	7680	0-13	1-13	2-5	2-6	3-11	3-12	4-5	4-8	6-9	7-12	9-10	10-11
7219	2	3840	0-13	1-13	2-5	2-6	3-6	3-11	4-8	4-10	5-10	7-12	9-11	9-12
7220	1	7680	0-13	1-13	2-6	2-12	3-5	3-6	4-5	4-8	7-12	9-10	9-11	10-11
7221	1	7680	0-13	1-13	2-6	2-12	3-6	3-11	4-8	4-10	5-9	5-10	7-12	9-11
7222	2	3840	0-13	1-13	2-3	2-6	3-6	4-5	4-9	5-10	7-12	8-11	9-12	10-11
7223	2	3840	0-13	1-13	2-3	2-6	3-6	4-5	4-10	5-10	7-12	8-11	9-11	9-12
7224	1	7680	0-13	1-13	2-6	2-10	3-6	3-12	4-5	4-9	5-9	7-12	8-11	10-11
7225	1	7680	0-13	1-13	2-6	2-10	3-5	3-6	4-5	4-9	7-12	8-11	9-12	10-11
7226	1	7680	0-13	1-13	2-6	2-10	3-6	3-12	4-5	4-10	5-9	7-12	8-11	9-11
7227	1	7680	0-13	1-13	2-6	2-10	3-5	3-6	4-5	4-10	7-12	8-11	9-11	9-12
7228	2	3840	0-13	1-13	2-4	2-6	3-5	3-6	4-5	7-12	8-11	9-10	9-12	10-11
7229	2	3840	0-13	1-13	2-6	2-11	3-6	3-12	4-5	4-10	5-9	7-12	8-11	9-10
7230	1	7680	0-13	1-13	2-6	2-11	3-5	3-6	4-5	4-10	7-12	8-11	9-10	9-12
7231	1	7680	0-13	1-13	2-6	2-11	3-5	3-12	4-5	4-10	6-9	7-12	8-11	9-10
7232	1	7680	0-13	1-13	2-5	2-6	3-6	3-12	4-5	4-10	7-12	8-11	9-10	9-11
7233	2	3840	0-13	1-13	2-5	2-6	3-4	3-6	4-5	7-12	8-11	9-10	9-12	10-11
7234	1	7680	0-13	1-13	2-5	2-6	3-6	3-11	4-5	4-10	7-12	8-11	9-10	9-12
7235	1	7680	0-13	1-13	2-5	2-6	3-4	3-12	4-5	6-9	7-12	8-11	9-10	10-11
7236	1	7680	0-13	1-13	2-5	2-6	3-11	3-12	4-5	4-10	6-9	7-12	8-11	9-10
7237	1	7680	0-13	1-13	2-5	2-6	3-5	3-6	4-9	4-10	7-12	8-11	9-12	10-11
7238	2	3840	0-13	1-13	2-5	2-6	3-11	3-12	4-9	4-10	5-10	6-9	7-12	8-11
7239	2	3840	0-13	1-13	2-5	2-6	3-5	3-12	4-9	4-10	6-9	7-12	8-11	10-11
7240	1	7680	0-13	1-13	2-5	2-6	3-4	3-6	4-10	5-10	7-12	8-11	9-11	9-12
7241	1	7680	0-13	1-13	2-6	2-12	3-5	3-6	4-5	4-10	7-12	8-11	9-10	9-11
7242	2	3840	0-13	1-13	2-6	2-12	3-6	3-11	4-5	4-10	5-9	7-12	8-11	9-10
7243	1	7680	0-13	1-13	2-6	2-12	3-4	3-5	4-5	6-9	7-12	8-11	9-10	10-11
7244	1	7680	0-13	1-13	2-6	2-12	3-5	3-11	4-5	4-10	6-9	7-12	8-11	9-10
7245	2	3840	0-13	1-13	2-6	2-12	3-6	3-11	4-9	4-10	5-9	5-10	7-12	8-11
7246	1	7680	0-13	1-13	2-6	2-12	3-5	3-6	4-9	4-10	5-9	7-12	8-11	10-11
7247	1	7680	0-13	1-13	2-6	2-12	3-5	3-11	4-9	4-10	5-10	6-9	7-12	8-11
7248	1	7680	0-13	1-13	2-6	2-12	3-4	3-6	4-10	5-9	5-10	7-12	8-11	9-11
7249	4	1920	0-13	1-13	2-6	2-12	3-4	3-5	4-10	5-10	6-9	7-12	8-11	9-11
7250	1	7680	0-13	1-13	2-6	2-12	3-4	3-5	4-10	5-9	6-9	7-12	8-11	10-11
7251	1	7680	0-13	1-13	2-6	2-10	3-6	3-11	4-5	4-9	5-8	7-12	9-12	10-11
7252	1	7680	0-13	1-13	2-4	2-6	3-11	3-12	4-5	5-8	6-9	7-12	9-10	10-11
7253	1	7680	0-13	1-13	2-6	2-11	3-6	3-12	4-5	4-10	5-8	7-12	9-10	9-11
7254	2	3840	0-13	1-13	2-6	2-11	3-4	3-12	4-5	5-8	6-9	7-12	9-10	10-11
7255	2	3840	0-13	1-13	2-6	2-11	3-11	3-12	4-5	4-10	5-8	6-9	7-12	9-10
7256	4	1920	0-13	1-13	2-6	2-11	3-5	3-12	4-9	4-10	5-8	6-9	7-12	10-11
7257	1	7680	0-13	1-13	2-6	2-12	3-4	3-6	4-5	5-8	7-12	9-10	9-11	10-11
7258	1	7680	0-13	1-13	2-6	2-12	3-6	3-11	4-5	4-10	5-8	7-12	9-10	9-11
7259	4	1920	0-13	1-13	2-6	2-12	3-5	3-6	4-9	4-10	5-8	7-12	9-11	10-11
7260	1	7680	0-13	1-13	2-6	2-12	3-4	3-5	4-10	5-8	6-9	7-12	9-11	10-11
7261	16	480	0-13	1-13	2-6	2-12	3-4	3-11	4-10	5-8	5-9	6-9	7-12	10-11
7262	2	3840	0-13	1-13	2-6	2-10	3-6	3-11	4-5	4-9	5-9	7-12	8-12	10-11
7263	2	3840	0-13	1-13	2-6	2-10	3-4	3-6	4-5	5-9	7-12	8-12	9-11	10-11
7264	2	3840	0-13	1-13	2-6	2-10	3-6	3-11	4-5	4-10	5-9	7-12	8-12	9-11
7265	4	1920	0-13	1-13	2-4	2-6	3-6	3-11	4-10	5-9	5-10	7-12	8-12	9-11
7266	2	3840	0-13	1-13	2-6	2-11	3-5	3-6	4-5	4-10	7-12	8-12	9-10	9-11
7267	2	3840	0-13	1-13	2-6	2-11	3-6	3-11	4-5	4-10	5-9	7-12	8-12	9-10
7268	4	1920	0-13	1-13	2-6	2-11	3-4	3-5	4-5	6-9	7-12	8-12	9-10	10-11
7269	4	1920	0-13	1-13	2-6	2-11	3-5	3-11	4-5	4-10	6-9	7-12	8-12	9-10
7270	4	1920	0-13	1-13	2-6	2-11	3-6	3-11	4-9	4-10	5-9	5-10	7-12	8-12
7271	2	3840	0-13	1-13	2-6	2-11	3-5	3-6	4-9	4-10	5-9	7-12	8-12	10-11
7272	4	1920	0-13	1-13	2-6	2-11	3-5	3-11	4-9	4-10	5-10	6-9	7-12	8-12
7273	4	1920	0-13	1-13	2-6	2-11	3-4	3-6	4-10	5-9	5-10	7-12	8-12	9-11
7274	8	960	0-13	1-13	2-6	2-11	3-4	3-5	4-10	5-10	6-9	7-12	8-12	9-11
7275	2	3840	0-13	1-13	2-5	2-6	3-4	3-6	4-5	7-12	8-12	9-10	9-11	10-11
7276	2	3840	0-13	1-13	2-5	2-6	3-6	3-11	4-5	4-10	7-12	8-12	9-10	9-11
7277	8	960	0-13	1-13	2-5	2-6	3-5	3-6	4-9	4-10	7-12	8-12	9-11	10-11
7278	2	3840	0-13	1-13	2-5	2-6	3-4	3-5	4-10	6-9	7-12	8-12	9-11	10-11
7279	32	240	0-13	1-13	2-5	2-6	3-4	3-11	4-10	5-9	6-9	7-12	8-12	10-11
7280	1	7680	0-13	1-2	2-13	3-6	3-11	4-5	4-12	5-10	6-7	8-10	9-11	9-12
7281	1	7680	0-13	1-2	2-13	3-5	3-6	4-5	4-12	6-7	8-10	9-11	9-12	10-11
7282	1	7680	0-13	1-2	2-13	3-6	3-12	4-5	4-8	5-10	6-7	9-11	9-12	10-11
7283	1	7680	0-13	1-2	2-13	3-9	3-12	4-5	4-6	5-10	6-7	8-11	9-12	10-11
7284	1	7680	0-13	1-2	2-13	3-11	3-12	4-5	4-6	5-10	6-7	8-11	9-10	9-12
7285	1	7680	0-13	1-2	2-13	3-6	3-12	4-5	4-10	5-8	6-7	9-11	9-12	10-11
7286	1	7680	0-13	1-2	2-13	3-6	3-12	4-5	4-10	5-9	6-7	8-12	9-11	10-11
7287	1	7680	0-13	1-2	2-13	3-4	3-6	4-5	5-10	6-7	8-12	9-11	9-12	10-11
7288	1	7680	0-13	1-2	2-13	3-6	3-11	4-5	4-10	5-10	6-7	8-12	9-11	9-12
7289	1	7680	0-13	1-2	2-13	3-5	3-6	4-5	4-10	6-7	8-12	9-11	9-12	10-11
7290	24	320	0-13	1-9	2-8	2-13	3-4	3-12	4-12	5-10	5-11	6-7	6-9	10-11
7291	24	320	0-13	1-9	2-8	2-13	3-11	3-12	4-10	4-12	5-10	5-11	6-7	6-9
7292	8	960	0-13	1-9	2-8	2-13	3-11	3-12	4-5	4-12	5-10	6-7	6-9	10-11
7293	1	7680	0-13	1-9	2-11	2-13	3-5	3-6	4-5	4-12	6-7	8-10	9-12	10-11
7294	1	7680	0-13	1-9	2-12	2-13	3-11	3-12	4-5	4-8	5-10	6-7	6-9	10-11
7295	2	3840	0-13	1-9	2-4	2-13	3-11	3-12	4-5	5-8	6-7	6-9	10-11	10-12
7296	1	7680	0-13	1-9	2-4	2-13	3-11	3-12	4-5	5-10	6-7	6-9	8-12	10-11
7297	1	7680	0-13	1-9	2-11	2-13	3-4	3-12	4-5	5-10	6-7	6-9	8-12	10-11
7298	1	7680	0-13	1-9	2-11	2-13	3-11	3-12	4-5	4-10	5-10	6-7	6-9	8-12
7299	1	7680	0-13	1-9	2-11	2-13	3-5	3-12	4-5	4-10	6-7	6-9	8-12	10-11
7300	1	7680	0-13	1-9	2-5	2-13	3-11	3-12	4-5	4-10	6-7	6-9	8-12	10-11
7301	2	3840	0-13	1-9	2-12	2-13	3-5	3-11	4-5	4-10	6-7	6-9	8-12	10-11
7302	2	3840	0-13	1-3	2-8	2-13	3-6	4-9	4-12	5-10	5-11	6-7	9-12	10-11
7303	2	3840	0-13	1-3	2-8	2-13	3-6	4-10	4-12	5-10	5-11	6-7	9-11	9-12
7304	1	7680	0-13	1-3	2-8	2-13	3-6	4-5	4-12	5-10	6-7	9-11	9-12	10-11
7305	1	7680	0-13	1-3	2-12	2-13	3-6	4-5	4-8	5-10	6-7	9-11	9-12	10-11
7306	1	7680	0-13	1-3	2-12	2-13	3-6	4-5	4-9	5-10	6-7	8-11	9-12	10-11
7307	1	7680	0-13	1-3	2-4	2-13	3-6	4-5	5-8	6-7	9-11	9-12	10-11	10-12
7308	1	7680	0-13	1-3	2-4	2-13	3-6	4-5	5-10	6-7	8-12	9-11	9-12	10-11
7309	1	7680	0-13	1-3	2-11	2-13	3-6	4-5	4-9	5-10	6-7	8-12	9-12	10-11
7310	1	7680	0-13	1-3	2-11	2-13	3-6	4-5	4-10	5-10	6-7	8-12	9-11	9-12
7311	1	7680	0-13	1-10	2-8	2-13	3-6	3-11	4-5	4-12	5-10	6-7	9-11	9-12
7312	1	7680	0-13	1-10	2-8	2-13	3-5	3-6	4-5	4-12	6-7	9-11	9-12	10-11
7313	1	7680	0-13	1-10	2-11	2-13	3-6	3-11	4-5	4-12	5-10	6-7	8-9	9-12
7314	1	7680	0-13	1-10	2-11	2-13	3-5	3-6	4-5	4-12	6-7	8-9	9-12	10-11
7315	1	7680	0-13	1-10	2-12	2-13	3-5	3-6	4-5	4-12	6-7	8-9	9-11	10-11
7316	4	1920	0-13	1-10	2-11	2-12	3-6	3-13	4-5	4-12	5-9	6-7	8-10	9-11
7317	1	7680	0-13	1-10	2-11	2-13	3-6	3-12	4-5	4-8	5-9	6-7	9-12	10-11
7318	1	7680	0-13	1-10	2-5	2-13	3-6	3-12	4-5	4-8	6-7	9-11	9-12	10-11
7319	1	7680	0-13	1-10	2-12	2-13	3-6	3-12	4-5	4-8	5-9	6-7	9-11	10-11
7320	1	7680	0-13	1-10	2-12	2-13	3-5	3-6	4-5	4-8	6-7	9-11	9-12	10-11
7321	1	7680	0-13	1-10	2-12	2-13	3-6	3-11	4-5	4-8	5-9	6-7	9-12	10-11
7322	1	7680	0-13	1-10	2-12	2-13	3-11	3-12	4-5	4-8	5-9	6-7	6-9	10-11
7323	1	7680	0-13	1-10	2-6	2-13	3-11	3-12	4-5	4-8	5-9	6-7	9-12	10-11
7324	1	7680	0-13	1-10	2-4	2-13	3-6	3-12	4-5	5-9	6-7	8-11	9-12	10-11
7325	1	7680	0-13	1-10	2-11	2-13	3-6	3-12	4-5	4-10	5-9	6-7	8-11	9-12
7326	2	3840	0-13	1-10	2-5	2-12	3-6	3-13	4-5	4-9	6-7	8-11	9-12	10-11
7327	1	7680	0-13	1-10	2-5	2-12	3-6	3-13	4-5	4-10	6-7	8-11	9-11	9-12
7328	1	7680	0-13	1-10	2-5	2-13	3-6	3-12	4-5	4-9	6-7	8-11	9-12	10-11
7329	1	7680	0-13	1-10	2-5	2-13	3-6	3-12	4-5	4-10	6-7	8-11	9-11	9-12
7330	1	7680	0-13	1-10	2-12	2-13	3-6	3-12	4-5	4-9	5-9	6-7	8-11	10-11
7331	1	7680	0-13	1-10	2-12	2-13	3-5	3-6	4-5	4-9	6-7	8-11	9-12	10-11
7332	1	7680	0-13	1-10	2-12	2-13	3-6	3-12	4-5	4-10	5-9	6-7	8-11	9-11
7333	1	7680	0-13	1-10	2-12	2-13	3-5	3-6	4-5	4-10	6-7	8-11	9-11	9-12
7334	1	7680	0-13	1-10	2-12	2-13	3-5	3-12	4-5	4-10	6-7	6-9	8-11	9-11
7335	1	7680	0-13	1-10	2-12	2-13	3-4	3-6	4-5	5-9	6-7	8-11	9-12	10-11
7336	1	7680	0-13	1-10	2-12	2-13	3-6	3-11	4-5	4-10	5-9	6-7	8-11	9-12
7337	1	7680	0-13	1-10	2-6	2-13	3-5	3-12	4-5	4-10	6-7	8-11	9-11	9-12
7338	1	7680	0-13	1-10	2-4	2-13	3-6	3-12	4-5	5-8	6-7	9-11	9-12	10-11
7339	1	7680	0-13	1-10	2-11	2-12	3-6	3-13	4-5	4-9	5-8	6-7	9-12	10-11
7340	2	3840	0-13	1-10	2-11	2-12	3-6	3-13	4-5	4-10	5-8	6-7	9-11	9-12
7341	1	7680	0-13	1-10	2-11	2-13	3-6	3-12	4-5	4-9	5-8	6-7	9-12	10-11
7342	1	7680	0-13	1-10	2-11	2-13	3-6	3-12	4-5	4-10	5-8	6-7	9-11	9-12
7343	1	7680	0-13	1-10	2-12	2-13	3-6	3-12	4-5	4-9	5-8	6-7	9-11	10-11
7344	1	7680	0-13	1-10	2-12	2-13	3-6	3-11	4-5	4-9	5-8	6-7	9-12	10-11
7345	1	7680	0-13	1-10	2-12	2-13	3-11	3-12	4-5	4-9	5-8	6-7	6-9	10-11
7346	1	7680	0-13	1-10	2-12	2-13	3-4	3-6	4-5	5-8	6-7	9-11	9-12	10-11
7347	1	7680	0-13	1-10	2-12	2-13	3-6	3-11	4-5	4-10	5-8	6-7	9-11	9-12
7348	1	7680	0-13	1-10	2-4	2-12	3-6	3-13	4-5	5-9	6-7	8-12	9-11	10-11
7349	1	7680	0-13	1-10	2-4	2-13	3-6	3-12	4-5	5-9	6-7	8-12	9-11	10-11
7350	1	7680	0-13	1-10	2-4	2-13	3-5	3-6	4-5	6-7	8-12	9-11	9-12	10-11
7351	1	7680	0-13	1-10	2-4	2-13	3-6	3-11	4-5	5-9	6-7	8-12	9-12	10-11
7352	1	7680	0-13	1-10	2-11	2-12	3-6	3-13	4-5	4-9	5-9	6-7	8-12	10-11
7353	1	7680	0-13	1-10	2-11	2-12	3-6	3-13	4-5	4-10	5-9	6-7	8-12	9-11
7354	1	7680	0-13	1-10	2-11	2-13	3-6	3-12	4-5	4-9	5-9	6-7	8-12	10-11
7355	1	7680	0-13	1-10	2-11	2-13	3-5	3-6	4-5	4-9	6-7	8-12	9-12	10-11
7356	1	7680	0-13	1-10	2-11	2-13	3-6	3-12	4-5	4-10	5-9	6-7	8-12	9-11
7357	1	7680	0-13	1-10	2-11	2-13	3-5	3-6	4-5	4-10	6-7	8-12	9-11	9-12
7358	1	7680	0-13	1-10	2-11	2-13	3-5	3-12	4-5	4-10	6-7	6-9	8-12	9-11
7359	1	7680	0-13	1-10	2-5	2-12	3-6	3-13	4-5	4-9	6-7	8-12	9-11	10-11
7360	1	7680	0-13	1-10	2-5	2-13	3-6	3-12	4-5	4-9	6-7	8-12	9-11	10-11
7361	1	7680	0-13	1-10	2-5	2-13	3-6	3-11	4-5	4-9	6-7	8-12	9-12	10-11
7362	1	7680	0-13	1-10	2-5	2-13	3-11	3-12	4-5	4-9	6-7	6-9	8-12	10-11
7363	1	7680	0-13	1-10	2-5	2-13	3-4	3-6	4-5	6-7	8-12	9-11	9-12	10-11
7364	1	7680	0-13	1-10	2-5	2-13	3-6	3-11	4-5	4-10	6-7	8-12	9-11	9-12
7365	1	7680	0-13	1-10	2-12	2-13	3-5	3-6	4-5	4-9	6-7	8-12	9-11	10-11
7366	1	7680	0-13	1-10	2-12	2-13	3-6	3-11	4-5	4-9	5-9	6-7	8-12	10-11
7367	1	7680	0-13	1-10	2-12	2-13	3-4	3-6	4-5	5-9	6-7	8-12	9-11	10-11
7368	1	7680	0-13	1-10	2-12	2-13	3-6	3-11	4-5	4-10	5-9	6-7	8-12	9-11
7369	1	7680	0-13	1-10	2-6	2-13	3-11	3-12	4-5	4-9	5-9	6-7	8-12	10-11
7370	1	7680	0-13	1-10	2-6	2-13	3-4	3-12	4-5	5-9	6-7	8-12	9-11	10-11
7371	1	7680	0-13	1-10	2-6	2-13	3-11	3-12	4-5	4-10	5-9	6-7	8-12	9-11
7372	1	7680	0-13	1-4	2-8	2-13	3-6	3-12	4-5	5-10	6-7	9-11	9-12	10-11
7373	1	7680	0-13	1-4	2-12	2-13	3-11	3-12	4-5	5-10	6-7	6-9	8-9	10-11
7374	1	7680	0-13	1-4	2-12	2-13	3-6	3-8	4-5	5-10	6-7	9-11	9-12	10-11
7375	1	7680	0-13	1-4	2-11	2-13	3-6	3-12	4-5	5-9	6-7	8-10	9-12	10-11
7376	1	7680	0-13	1-4	2-5	2-13	3-6	3-12	4-5	6-7	8-10	9-11	9-12	10-11
7377	1	7680	0-13	1-4	2-12	2-13	3-6	3-12	4-5	5-9	6-7	8-10	9-11	10-11
7378	1	7680	0-13	1-4	2-12	2-13	3-5	3-6	4-5	6-7	8-10	9-11	9-12	10-11
7379	1	7680	0-13	1-4	2-12	2-13	3-6	3-11	4-5	5-9	6-7	8-10	9-12	10-11
7380	1	7680	0-13	1-4	2-12	2-13	3-11	3-12	4-5	5-9	6-7	6-9	8-10	10-11
7381	1	7680	0-13	1-4	2-6	2-13	3-11	3-12	4-5	5-9	6-7	8-10	9-12	10-11
7382	1	7680	0-13	1-4	2-10	2-13	3-6	3-12	4-5	5-8	6-7	9-11	9-12	10-11
7383	1	7680	0-13	1-4	2-12	2-13	3-6	3-12	4-5	5-8	6-7	9-10	9-11	10-11
7384	1	7680	0-13	1-4	2-12	2-13	3-11	3-12	4-5	5-8	6-7	6-9	9-10	10-11
7385	1	7680	0-13	1-4	2-6	2-13	3-11	3-12	4-5	5-8	6-7	9-10	9-12	10-11
7386	1	7680	0-13	1-4	2-3	2-13	3-6	4-5	5-10	6-7	8-12	9-11	9-12	10-11
7387	1	7680	0-13	1-4	2-10	2-13	3-6	3-12	4-5	5-9	6-7	8-12	9-11	10-11
7388	1	7680	0-13	1-4	2-10	2-13	3-5	3-6	4-5	6-7	8-12	9-11	9-12	10-11
7389	1	7680	0-13	1-4	2-10	2-13	3-6	3-11	4-5	5-9	6-7	8-12	9-12	10-11
7390	1	7680	0-13	1-4	2-11	2-13	3-5	3-6	4-5	6-7	8-12	9-10	9-12	10-11
7391	1	7680	0-13	1-4	2-5	2-13	3-11	3-12	4-5	6-7	6-9	8-12	9-10	10-11
7392	1	7680	0-13	1-4	2-12	2-13	3-5	3-6	4-5	6-7	8-12	9-10	9-11	10-11
7393	1	7680	0-13	1-4	2-12	2-13	3-6	3-11	4-10	5-9	5-10	6-7	8-12	9-11
7394	1	7680	0-13	1-11	2-8	2-13	3-9	3-12	4-5	4-6	5-10	6-7	9-12	10-11
7395	1	7680	0-13	1-11	2-8	2-13	3-11	3-12	4-5	4-6	5-10	6-7	9-10	9-12
7396	1	7680	0-13	1-11	2-3	2-13	3-12	4-5	4-6	5-10	6-7	8-9	9-12	10-11
7397	1	7680	0-13	1-11	2-10	2-13	3-11	3-12	4-5	4-6	5-10	6-7	8-9	9-12
7398	1	7680	0-13	1-11	2-12	2-13	3-6	3-8	4-5	4-9	5-10	6-7	9-12	10-11
7399	1	7680	0-13	1-11	2-10	2-12	3-12	3-13	4-5	4-6	5-9	6-7	8-10	9-11
7400	1	7680	0-13	1-11	2-4	2-13	3-6	3-12	4-5	5-9	6-7	8-10	9-12	10-11
7401	1	7680	0-13	1-11	2-11	2-12	3-12	3-13	4-5	4-6	5-9	6-7	8-10	9-10
7402	1	7680	0-13	1-11	2-11	2-13	3-6	3-12	4-5	4-10	5-9	6-7	8-10	9-12
7403	2	3840	0-13	1-11	2-5	2-12	3-6	3-13	4-5	4-9	6-7	8-10	9-12	10-11
7404	1	7680	0-13	1-11	2-5	2-12	3-6	3-13	4-5	4-10	6-7	8-10	9-11	9-12
7405	1	7680	0-13	1-11	2-5	2-13	3-6	3-12	4-5	4-9	6-7	8-10	9-12	10-11
7406	1	7680	0-13	1-11	2-5	2-13	3-6	3-12	4-5	4-10	6-7	8-10	9-11	9-12
7407	1	7680	0-13	1-11	2-12	2-13	3-6	3-12	4-5	4-9	5-9	6-7	8-10	10-11
7408	1	7680	0-13	1-11	2-12	2-13	3-5	3-6	4-5	4-9	6-7	8-10	9-12	10-11
7409	1	7680	0-13	1-11	2-12	2-13	3-6	3-12	4-5	4-10	5-9	6-7	8-10	9-11
7410	1	7680	0-13	1-11	2-12	2-13	3-5	3-6	4-5	4-10	6-7	8-10	9-11	9-12
7411	1	7680	0-13	1-11	2-12	2-13	3-5	3-12	4-5	4-10	6-7	6-9	8-10	9-11
7412	1	7680	0-13	1-11	2-12	2-13	3-4	3-6	4-5	5-9	6-7	8-10	9-12	10-11
7413	1	7680	0-13	1-11	2-12	2-13	3-6	3-11	4-5	4-10	5-9	6-7	8-10	9-12
7414	1	7680	0-13	1-11	2-12	2-13	3-4	3-12	4-5	5-9	6-7	6-9	8-10	10-11
7415	1	7680	0-13	1-11	2-12	2-13	3-11	3-12	4-5	4-10	5-9	6-7	6-9	8-10
7416	1	7680	0-13	1-11	2-12	2-13	3-4	3-5	4-5	6-7	6-9	8-10	9-12	10-11
7417	1	7680	0-13	1-11	2-12	2-13	3-5	3-11	4-5	4-10	6-7	6-9	8-10	9-12
7418	1	7680	0-13	1-11	2-6	2-13	3-5	3-12	4-5	4-10	6-7	8-10	9-11	9-12
7419	1	7680	0-13	1-11	2-6	2-13	3-4	3-12	4-5	5-9	6-7	8-10	9-12	10-11
7420	1	7680	0-13	1-11	2-6	2-13	3-11	3-12	4-5	4-10	5-9	6-7	8-10	9-12
7421	2	3840	0-13	1-11	2-12	2-13	3-5	3-11	4-8	4-10	5-10	6-7	6-9	9-12
7422	1	7680	0-13	1-11	2-10	2-13	3-6	3-12	4-5	4-10	5-9	6-7	8-11	9-12
7423	1	7680	0-13	1-11	2-5	2-13	3-6	3-12	4-5	4-10	6-7	8-11	9-10	9-12
7424	1	7680	0-13	1-11	2-12	2-13	3-5	3-6	4-5	4-10	6-7	8-11	9-10	9-12
7425	1	7680	0-13	1-11	2-12	2-13	3-5	3-12	4-5	4-10	6-7	6-9	8-11	9-10
7426	1	7680	0-13	1-11	2-6	2-13	3-5	3-12	4-5	4-10	6-7	8-11	9-10	9-12
7427	1	7680	0-13	1-11	2-10	2-13	3-6	3-12	4-5	4-9	5-8	6-7	9-12	10-11
7428	1	7680	0-13	1-11	2-10	2-13	3-6	3-12	4-5	4-10	5-8	6-7	9-11	9-12
7429	1	7680	0-13	1-11	2-11	2-12	3-6	3-13	4-5	4-10	5-8	6-7	9-10	9-12
7430	1	7680	0-13	1-11	2-11	2-13	3-6	3-12	4-5	4-10	5-8	6-7	9-10	9-12
7431	1	7680	0-13	1-11	2-12	2-13	3-6	3-12	4-5	4-10	5-8	6-7	9-10	9-11
7432	1	7680	0-13	1-11	2-12	2-13	3-4	3-6	4-5	5-8	6-7	9-10	9-12	10-11
7433	1	7680	0-13	1-11	2-12	2-13	3-6	3-11	4-5	4-10	5-8	6-7	9-10	9-12
7434	1	7680	0-13	1-11	2-12	2-13	3-4	3-12	4-5	5-8	6-7	6-9	9-10	10-11
7435	1	7680	0-13	1-11	2-12	2-13	3-11	3-12	4-5	4-10	5-8	6-7	6-9	9-10
7436	1	7680	0-13	1-11	2-12	2-13	3-5	3-6	4-9	4-10	5-8	6-7	9-12	10-11
7437	1	7680	0-13	1-11	2-12	2-13	3-4	3-5	4-10	5-8	6-7	6-9	9-12	10-11
7438	1	7680	0-13	1-11	2-10	2-12	3-6	3-13	4-5	4-10	5-9	6-7	8-12	9-11
7439	1	7680	0-13	1-11	2-10	2-13	3-6	3-12	4-5	4-9	5-9	6-7	8-12	10-11
7440	1	7680	0-13	1-11	2-10	2-13	3-5	3-6	4-5	4-9	6-7	8-12	9-12	10-11
7441	1	7680	0-13	1-11	2-10	2-13	3-6	3-12	4-5	4-10	5-9	6-7	8-12	9-11
7442	1	7680	0-13	1-11	2-10	2-13	3-5	3-6	4-5	4-10	6-7	8-12	9-11	9-12
7443	1	7680	0-13	1-11	2-11	2-13	3-5	3-6	4-5	4-10	6-7	8-12	9-10	9-12
7444	1	7680	0-13	1-11	2-11	2-13	3-5	3-12	4-5	4-10	6-7	6-9	8-12	9-10
7445	1	7680	0-13	1-11	2-5	2-12	3-6	3-13	4-5	4-10	6-7	8-12	9-10	9-11
7446	1	7680	0-13	1-11	2-5	2-13	3-6	3-12	4-5	4-10	6-7	8-12	9-10	9-11
7447	1	7680	0-13	1-11	2-5	2-13	3-6	3-11	4-5	4-10	6-7	8-12	9-10	9-12
7448	1	7680	0-13	1-11	2-5	2-13	3-4	3-12	4-5	6-7	6-9	8-12	9-10	10-11
7449	1	7680	0-13	1-11	2-5	2-13	3-11	3-12	4-5	4-10	6-7	6-9	8-12	9-10
7450	1	7680	0-13	1-11	2-5	2-13	3-5	3-6	4-9	4-10	6-7	8-12	9-12	10-11
7451	1	7680	0-13	1-11	2-5	2-13	3-4	3-6	4-10	5-10	6-7	8-12	9-11	9-12
7452	1	7680	0-13	1-11	2-12	2-13	3-5	3-6	4-5	4-10	6-7	8-12	9-10	9-11
7453	1	7680	0-13	1-11	2-12	2-13	3-4	3-5	4-5	6-7	6-9	8-12	9-10	10-11
7454	1	7680	0-13	1-11	2-12	2-13	3-5	3-11	4-5	4-10	6-7	6-9	8-12	9-10
7455	1	7680	0-13	1-11	2-12	2-13	3-5	3-6	4-9	4-10	5-9	6-7	8-12	10-11
7456	1	7680	0-13	1-11	2-12	2-13	3-5	3-11	4-9	4-10	5-10	6-7	6-9	8-12
7457	1	7680	0-13	1-11	2-12	2-13	3-4	3-6	4-10	5-9	5-10	6-7	8-12	9-11
7458	1	7680	0-13	1-11	2-12	2-13	3-4	3-5	4-10	5-9	6-7	6-9	8-12	10-11
7459	1	7680	0-13	1-11	2-6	2-13	3-5	3-12	4-5	4-10	6-7	8-12	9-10	9-11
7460	1	7680	0-13	1-11	2-6	2-13	3-11	3-12	4-5	4-10	5-9	6-7	8-12	9-10
7461	1	7680	0-13	1-11	2-6	2-13	3-4	3-5	4-5	6-7	8-12	9-10	9-12	10-11
7462	1	7680	0-13	1-11	2-6	2-13	3-5	3-11	4-5	4-10	6-7	8-12	9-10	9-12
7463	1	7680	0-13	1-11	2-6	2-13	3-4	3-5	4-10	5-9	6-7	8-12	9-12	10-11
7464	1	7680	0-13	1-5	2-8	2-13	3-6	3-12	4-5	4-10	6-7	9-11	9-12	10-11
7465	2	3840	0-13	1-5	2-4	2-13	3-11	3-12	4-5	6-7	6-9	8-9	10-11	10-12
7466	1	7680	0-13	1-5	2-4	2-13	3-6	3-8	4-5	6-7	9-11	9-12	10-11	10-12
7467	1	7680	0-13	1-5	2-4	2-13	3-6	3-12	4-5	6-7	8-10	9-11	9-12	10-11
7468	1	7680	0-13	1-5	2-11	2-12	3-6	3-13	4-5	4-9	6-7	8-10	9-12	10-11
7469	2	3840	0-13	1-5	2-11	2-12	3-6	3-13	4-5	4-10	6-7	8-10	9-11	9-12
7470	1	7680	0-13	1-5	2-11	2-13	3-6	3-12	4-5	4-9	6-7	8-10	9-12	10-11
7471	1	7680	0-13	1-5	2-11	2-13	3-6	3-12	4-5	4-10	6-7	8-10	9-11	9-12
7472	1	7680	0-13	1-5	2-12	2-13	3-6	3-12	4-5	4-9	6-7	8-10	9-11	10-11
7473	1	7680	0-13	1-5	2-12	2-13	3-6	3-11	4-5	4-9	6-7	8-10	9-12	10-11
7474	1	7680	0-13	1-5	2-12	2-13	3-11	3-12	4-5	4-9	6-7	6-9	8-10	10-11
7475	1	7680	0-13	1-5	2-12	2-13	3-4	3-6	4-5	6-7	8-10	9-11	9-12	10-11
7476	1	7680	0-13	1-5	2-12	2-13	3-6	3-11	4-5	4-10	6-7	8-10	9-11	9-12
7477	1	7680	0-13	1-5	2-3	2-13	3-6	4-5	4-8	6-7	9-11	9-12	10-11	10-12
7478	1	7680	0-13	1-5	2-10	2-13	3-6	3-12	4-5	4-8	6-7	9-11	9-12	10-11
7479	1	7680	0-13	1-5	2-11	2-13	3-6	3-12	4-5	4-8	6-7	9-10	9-12	10-11
7480	1	7680	0-13	1-5	2-12	2-13	3-6	3-12	4-5	4-8	6-7	9-10	9-11	10-11
7481	1	7680	0-13	1-5	2-12	2-13	3-6	3-11	4-5	4-8	6-7	9-10	9-12	10-11
7482	1	7680	0-13	1-5	2-12	2-13	3-11	3-12	4-5	4-8	6-7	6-9	9-10	10-11
7483	1	7680	0-13	1-5	2-6	2-13	3-11	3-12	4-5	4-8	6-7	9-10	9-12	10-11
7484	1	7680	0-13	1-5	2-10	2-13	3-6	3-12	4-5	4-9	6-7	8-11	9-12	10-11
7485	1	7680	0-13	1-5	2-10	2-13	3-6	3-12	4-5	4-10	6-7	8-11	9-11	9-12
7486	1	7680	0-13	1-5	2-11	2-12	3-6	3-13	4-5	4-10	6-7	8-11	9-10	9-12
7487	1	7680	0-13	1-5	2-11	2-13	3-6	3-12	4-5	4-10	6-7	8-11	9-10	9-12
7488	1	7680	0-13	1-5	2-12	2-13	3-6	3-12	4-5	4-10	6-7	8-11	9-10	9-11
7489	1	7680	0-13	1-5	2-12	2-13	3-4	3-6	4-5	6-7	8-11	9-10	9-12	10-11
7490	1	7680	0-13	1-5	2-12	2-13	3-6	3-11	4-5	4-10	6-7	8-11	9-10	9-12
7491	1	7680	0-13	1-5	2-12	2-13	3-4	3-12	4-5	6-7	6-9	8-11	9-10	10-11
7492	1	7680	0-13	1-5	2-12	2-13	3-11	3-12	4-5	4-10	6-7	6-9	8-11	9-10
7493	1	7680	0-13	1-5	2-12	2-13	3-5	3-6	4-9	4-10	6-7	8-11	9-12	10-11
7494	1	7680	0-13	1-5	2-12	2-13	3-11	3-12	4-9	4-10	5-10	6-7	6-9	8-11
7495	1	7680	0-13	1-5	2-12	2-13	3-4	3-6	4-10	5-10	6-7	8-11	9-11	9-12
7496	1	7680	0-13	1-5	2-12	2-13	3-4	3-5	4-10	6-7	6-9	8-11	9-12	10-11
7497	1	7680	0-13	1-5	2-10	2-13	3-6	3-11	4-5	4-9	6-7	8-12	9-12	10-11
7498	1	7680	0-13	1-5	2-4	2-13	3-6	3-11	4-5	6-7	8-12	9-10	9-12	10-11
7499	1	7680	0-13	1-5	2-4	2-13	3-11	3-12	4-5	6-7	6-9	8-12	9-10	10-11
7500	1	7680	0-13	1-5	2-11	2-12	3-6	3-13	4-5	4-10	6-7	8-12	9-10	9-11
7501	1	7680	0-13	1-5	2-11	2-13	3-6	3-12	4-5	4-10	6-7	8-12	9-10	9-11
7502	1	7680	0-13	1-5	2-12	2-13	3-4	3-5	4-10	6-7	6-9	8-12	9-11	10-11
7503	1	7680	0-13	1-5	2-6	2-13	3-4	3-5	4-10	6-7	8-12	9-11	9-12	10-11
7504	1	7680	0-13	1-12	2-8	2-13	3-6	3-12	4-5	4-10	5-9	6-7	9-11	10-11
7505	1	7680	0-13	1-12	2-8	2-13	3-4	3-6	4-5	5-10	6-7	9-11	9-12	10-11
7506	1	7680	0-13	1-12	2-8	2-13	3-6	3-11	4-5	4-10	5-10	6-7	9-11	9-12
7507	1	7680	0-13	1-12	2-8	2-13	3-5	3-6	4-5	4-10	6-7	9-11	9-12	10-11
7508	1	7680	0-13	1-12	2-4	2-13	3-11	3-12	4-5	5-10	6-7	6-9	8-9	10-11
7509	1	7680	0-13	1-12	2-11	2-13	3-4	3-12	4-5	5-10	6-7	6-9	8-9	10-11
7510	1	7680	0-13	1-12	2-11	2-13	3-11	3-12	4-5	4-10	5-10	6-7	6-9	8-9
7511	1	7680	0-13	1-12	2-11	2-13	3-5	3-12	4-5	4-10	6-7	6-9	8-9	10-11
7512	1	7680	0-13	1-12	2-5	2-13	3-11	3-12	4-5	4-10	6-7	6-9	8-9	10-11
7513	2	3840	0-13	1-12	2-12	2-13	3-5	3-11	4-5	4-10	6-7	6-9	8-9	10-11
7514	1	7680	0-13	1-12	2-4	2-13	3-6	3-8	4-5	5-10	6-7	9-11	9-12	10-11
7515	1	7680	0-13	1-12	2-11	2-13	3-6	3-8	4-5	4-9	5-10	6-7	9-12	10-11
7516	1	7680	0-13	1-12	2-11	2-13	3-6	3-8	4-5	4-10	5-10	6-7	9-11	9-12
7517	1	7680	0-13	1-12	2-4	2-12	3-6	3-13	4-5	5-9	6-7	8-10	9-11	10-11
7518	1	7680	0-13	1-12	2-4	2-13	3-6	3-12	4-5	5-9	6-7	8-10	9-11	10-11
7519	1	7680	0-13	1-12	2-4	2-13	3-5	3-6	4-5	6-7	8-10	9-11	9-12	10-11
7520	1	7680	0-13	1-12	2-4	2-13	3-6	3-11	4-5	5-9	6-7	8-10	9-12	10-11
7521	1	7680	0-13	1-12	2-11	2-12	3-6	3-13	4-5	4-9	5-9	6-7	8-10	10-11
7522	1	7680	0-13	1-12	2-11	2-12	3-6	3-13	4-5	4-10	5-9	6-7	8-10	9-11
7523	1	7680	0-13	1-12	2-11	2-13	3-6	3-12	4-5	4-9	5-9	6-7	8-10	10-11
7524	1	7680	0-13	1-12	2-11	2-13	3-5	3-6	4-5	4-9	6-7	8-10	9-12	10-11
7525	1	7680	0-13	1-12	2-11	2-13	3-6	3-12	4-5	4-10	5-9	6-7	8-10	9-11
7526	1	7680	0-13	1-12	2-11	2-13	3-5	3-6	4-5	4-10	6-7	8-10	9-11	9-12
7527	1	7680	0-13	1-12	2-11	2-13	3-5	3-12	4-5	4-10	6-7	6-9	8-10	9-11
7528	1	7680	0-13	1-12	2-5	2-12	3-6	3-13	4-5	4-9	6-7	8-10	9-11	10-11
7529	1	7680	0-13	1-12	2-5	2-13	3-6	3-12	4-5	4-9	6-7	8-10	9-11	10-11
7530	1	7680	0-13	1-12	2-5	2-13	3-6	3-11	4-5	4-9	6-7	8-10	9-12	10-11
7531	1	7680	0-13	1-12	2-5	2-13	3-11	3-12	4-5	4-9	6-7	6-9	8-10	10-11
7532	1	7680	0-13	1-12	2-5	2-13	3-4	3-6	4-5	6-7	8-10	9-11	9-12	10-11
7533	1	7680	0-13	1-12	2-5	2-13	3-6	3-11	4-5	4-10	6-7	8-10	9-11	9-12
7534	1	7680	0-13	1-12	2-12	2-13	3-5	3-6	4-5	4-9	6-7	8-10	9-11	10-11
7535	1	7680	0-13	1-12	2-12	2-13	3-6	3-11	4-5	4-9	5-9	6-7	8-10	10-11
7536	1	7680	0-13	1-12	2-12	2-13	3-4	3-6	4-5	5-9	6-7	8-10	9-11	10-11
7537	1	7680	0-13	1-12	2-12	2-13	3-6	3-11	4-5	4-10	5-9	6-7	8-10	9-11
7538	1	7680	0-13	1-12	2-6	2-13	3-11	3-12	4-5	4-9	5-9	6-7	8-10	10-11
7539	1	7680	0-13	1-12	2-6	2-13	3-4	3-12	4-5	5-9	6-7	8-10	9-11	10-11
7540	1	7680	0-13	1-12	2-6	2-13	3-11	3-12	4-5	4-10	5-9	6-7	8-10	9-11
7541	1	7680	0-13	1-12	2-3	2-13	3-6	4-5	4-8	5-10	6-7	9-11	9-12	10-11
7542	1	7680	0-13	1-12	2-10	2-13	3-6	3-12	4-5	4-8	5-9	6-7	9-11	10-11
7543	1	7680	0-13	1-12	2-10	2-13	3-5	3-6	4-5	4-8	6-7	9-11	9-12	10-11
7544	1	7680	0-13	1-12	2-10	2-13	3-6	3-11	4-5	4-8	5-9	6-7	9-12	10-11
7545	1	7680	0-13	1-12	2-11	2-13	3-5	3-6	4-5	4-8	6-7	9-10	9-12	10-11
7546	1	7680	0-13	1-12	2-5	2-13	3-11	3-12	4-5	4-8	6-7	6-9	9-10	10-11
7547	1	7680	0-13	1-12	2-5	2-13	3-6	3-11	4-8	4-10	5-10	6-7	9-11	9-12
7548	1	7680	0-13	1-12	2-12	2-13	3-5	3-6	4-5	4-8	6-7	9-10	9-11	10-11
7549	1	7680	0-13	1-12	2-12	2-13	3-6	3-11	4-8	4-10	5-9	5-10	6-7	9-11
7550	1	7680	0-13	1-12	2-3	2-13	3-6	4-5	4-9	5-10	6-7	8-11	9-12	10-11
7551	1	7680	0-13	1-12	2-3	2-13	3-6	4-5	4-10	5-10	6-7	8-11	9-11	9-12
7552	1	7680	0-13	1-12	2-10	2-12	3-6	3-13	4-5	4-10	5-9	6-7	8-11	9-11
7553	1	7680	0-13	1-12	2-10	2-13	3-6	3-12	4-5	4-9	5-9	6-7	8-11	10-11
7554	1	7680	0-13	1-12	2-10	2-13	3-5	3-6	4-5	4-9	6-7	8-11	9-12	10-11
7555	1	7680	0-13	1-12	2-10	2-13	3-6	3-12	4-5	4-10	5-9	6-7	8-11	9-11
7556	1	7680	0-13	1-12	2-10	2-13	3-5	3-6	4-5	4-10	6-7	8-11	9-11	9-12
7557	1	7680	0-13	1-12	2-4	2-13	3-5	3-6	4-5	6-7	8-11	9-10	9-12	10-11
7558	1	7680	0-13	1-12	2-11	2-13	3-6	3-12	4-5	4-10	5-9	6-7	8-11	9-10
7559	1	7680	0-13	1-12	2-11	2-13	3-5	3-6	4-5	4-10	6-7	8-11	9-10	9-12
7560	1	7680	0-13	1-12	2-11	2-13	3-5	3-12	4-5	4-10	6-7	6-9	8-11	9-10
7561	1	7680	0-13	1-12	2-5	2-12	3-6	3-13	4-5	4-10	6-7	8-11	9-10	9-11
7562	1	7680	0-13	1-12	2-5	2-13	3-6	3-12	4-5	4-10	6-7	8-11	9-10	9-11
7563	1	7680	0-13	1-12	2-5	2-13	3-4	3-6	4-5	6-7	8-11	9-10	9-12	10-11
7564	1	7680	0-13	1-12	2-5	2-13	3-6	3-11	4-5	4-10	6-7	8-11	9-10	9-12
7565	1	7680	0-13	1-12	2-5	2-13	3-4	3-12	4-5	6-7	6-9	8-11	9-10	10-11
7566	1	7680	0-13	1-12	2-5	2-13	3-11	3-12	4-5	4-10	6-7	6-9	8-11	9-10
7567	1	7680	0-13	1-12	2-5	2-13	3-5	3-6	4-9	4-10	6-7	8-11	9-12	10-11
7568	1	7680	0-13	1-12	2-5	2-13	3-11	3-12	4-9	4-10	5-10	6-7	6-9	8-11
7569	1	7680	0-13	1-12	2-5	2-13	3-5	3-12	4-9	4-10	6-7	6-9	8-11	10-11
7570	1	7680	0-13	1-12	2-5	2-13	3-4	3-6	4-10	5-10	6-7	8-11	9-11	9-12
7571	1	7680	0-13	1-12	2-12	2-13	3-5	3-6	4-5	4-10	6-7	8-11	9-10	9-11
7572	1	7680	0-13	1-12	2-12	2-13	3-6	3-11	4-5	4-10	5-9	6-7	8-11	9-10
7573	1	7680	0-13	1-12	2-12	2-13	3-4	3-5	4-5	6-7	6-9	8-11	9-10	10-11
7574	1	7680	0-13	1-12	2-12	2-13	3-5	3-11	4-5	4-10	6-7	6-9	8-11	9-10
7575	1	7680	0-13	1-12	2-12	2-13	3-6	3-11	4-9	4-10	5-9	5-10	6-7	8-11
7576	1	7680	0-13	1-12	2-12	2-13	3-5	3-6	4-9	4-10	5-9	6-7	8-11	10-11
7577	1	7680	0-13	1-12	2-12	2-13	3-5	3-11	4-9	4-10	5-10	6-7	6-9	8-11
7578	1	7680	0-13	1-12	2-12	2-13	3-4	3-6	4-10	5-9	5-10	6-7	8-11	9-11
7579	2	3840	0-13	1-12	2-12	2-13	3-4	3-5	4-10	5-10	6-7	6-9	8-11	9-11
7580	1	7680	0-13	1-12	2-12	2-13	3-4	3-5	4-10	5-9	6-7	6-9	8-11	10-11
7581	1	7680	0-13	1-12	2-6	2-13	3-5	3-12	4-5	4-10	6-7	8-11	9-10	9-11
7582	1	7680	0-13	1-12	2-6	2-13	3-11	3-12	4-5	4-10	5-9	6-7	8-11	9-10
7583	1	7680	0-13	1-12	2-6	2-13	3-4	3-5	4-5	6-7	8-11	9-10	9-12	10-11
7584	1	7680	0-13	1-12	2-6	2-13	3-5	3-11	4-5	4-10	6-7	8-11	9-10	9-12
7585	1	7680	0-13	1-12	2-6	2-13	3-5	3-12	4-9	4-10	5-9	6-7	8-11	10-11
7586	1	7680	0-13	1-12	2-6	2-13	3-4	3-5	4-10	5-9	6-7	8-11	9-12	10-11
7587	1	7680	0-13	1-12	2-10	2-13	3-6	3-11	4-5	4-9	5-8	6-7	9-12	10-11
7588	2	3840	0-13	1-12	2-10	2-13	3-4	3-6	4-5	5-8	6-7	9-11	9-12	10-11
7589	2	3840	0-13	1-12	2-10	2-13	3-6	3-11	4-5	4-10	5-8	6-7	9-11	9-12
7590	1	7680	0-13	1-12	2-4	2-13	3-6	3-11	4-5	5-8	6-7	9-10	9-12	10-11
7591	1	7680	0-13	1-12	2-4	2-13	3-11	3-12	4-5	5-8	6-7	6-9	9-10	10-11
7592	2	3840	0-13	1-12	2-4	2-13	3-6	3-11	4-10	5-8	5-10	6-7	9-11	9-12
7593	1	7680	0-13	1-12	2-11	2-12	3-6	3-13	4-5	4-10	5-8	6-7	9-10	9-11
7594	1	7680	0-13	1-12	2-11	2-13	3-6	3-12	4-5	4-10	5-8	6-7	9-10	9-11
7595	2	3840	0-13	1-12	2-11	2-13	3-4	3-6	4-5	5-8	6-7	9-10	9-12	10-11
7596	2	3840	0-13	1-12	2-11	2-13	3-6	3-11	4-5	4-10	5-8	6-7	9-10	9-12
7597	1	7680	0-13	1-12	2-11	2-13	3-4	3-12	4-5	5-8	6-7	6-9	9-10	10-11
7598	1	7680	0-13	1-12	2-11	2-13	3-11	3-12	4-5	4-10	5-8	6-7	6-9	9-10
7599	2	3840	0-13	1-12	2-11	2-13	3-6	3-11	4-9	4-10	5-8	5-10	6-7	9-12
7600	2	3840	0-13	1-12	2-11	2-13	3-5	3-6	4-9	4-10	5-8	6-7	9-12	10-11
7601	2	3840	0-13	1-12	2-11	2-13	3-11	3-12	4-9	4-10	5-8	5-10	6-7	6-9
7602	1	7680	0-13	1-12	2-11	2-13	3-5	3-12	4-9	4-10	5-8	6-7	6-9	10-11
7603	2	3840	0-13	1-12	2-11	2-13	3-4	3-6	4-10	5-8	5-10	6-7	9-11	9-12
7604	2	3840	0-13	1-12	2-12	2-13	3-4	3-6	4-5	5-8	6-7	9-10	9-11	10-11
7605	2	3840	0-13	1-12	2-12	2-13	3-6	3-11	4-5	4-10	5-8	6-7	9-10	9-11
7606	4	1920	0-13	1-12	2-12	2-13	3-5	3-6	4-9	4-10	5-8	6-7	9-11	10-11
7607	1	7680	0-13	1-12	2-12	2-13	3-4	3-5	4-10	5-8	6-7	6-9	9-11	10-11
7608	16	480	0-13	1-12	2-12	2-13	3-4	3-11	4-10	5-8	5-9	6-7	6-9	10-11
7609	1	7680	0-13	1-12	2-6	2-13	3-4	3-12	4-5	5-8	6-7	9-10	9-11	10-11
7610	1	7680	0-13	1-12	2-6	2-13	3-11	3-12	4-5	4-10	5-8	6-7	9-10	9-11
7611	4	1920	0-13	1-12	2-6	2-13	3-5	3-12	4-9	4-10	5-8	6-7	9-11	10-11
7612	1	7680	0-13	1-12	2-6	2-13	3-4	3-5	4-10	5-8	6-7	9-11	9-12	10-11
7613	16	480	0-13	1-12	2-6	2-13	3-4	3-11	4-10	5-8	5-9	6-7	9-12	10-11
7614	1	7680	0-13	1-12	2-10	2-13	3-6	3-11	4-5	4-9	5-9	6-7	8-12	10-11
7615	1	7680	0-13	1-12	2-10	2-13	3-4	3-6	4-5	5-9	6-7	8-12	9-11	10-11
7616	1	7680	0-13	1-12	2-10	2-13	3-6	3-11	4-5	4-10	5-9	6-7	8-12	9-11
7617	1	7680	0-13	1-12	2-4	2-13	3-6	3-11	4-10	5-9	5-10	6-7	8-12	9-11
7618	1	7680	0-13	1-12	2-11	2-13	3-5	3-6	4-5	4-10	6-7	8-12	9-10	9-11
7619	1	7680	0-13	1-12	2-11	2-13	3-6	3-11	4-5	4-10	5-9	6-7	8-12	9-10
7620	1	7680	0-13	1-12	2-11	2-13	3-4	3-5	4-5	6-7	6-9	8-12	9-10	10-11
7621	1	7680	0-13	1-12	2-11	2-13	3-5	3-11	4-5	4-10	6-7	6-9	8-12	9-10
7622	1	7680	0-13	1-12	2-11	2-13	3-6	3-11	4-9	4-10	5-9	5-10	6-7	8-12
7623	1	7680	0-13	1-12	2-11	2-13	3-5	3-6	4-9	4-10	5-9	6-7	8-12	10-11
7624	1	7680	0-13	1-12	2-11	2-13	3-5	3-11	4-9	4-10	5-10	6-7	6-9	8-12
7625	1	7680	0-13	1-12	2-11	2-13	3-4	3-6	4-10	5-9	5-10	6-7	8-12	9-11
7626	2	3840	0-13	1-12	2-11	2-13	3-4	3-5	4-10	5-10	6-7	6-9	8-12	9-11
7627	1	7680	0-13	1-12	2-5	2-13	3-4	3-5	4-10	6-7	6-9	8-12	9-11	10-11
7628	2	3840	0-13	1-12	2-6	2-13	3-4	3-5	4-5	6-7	8-12	9-10	9-11	10-11
7629	2	3840	0-13	1-12	2-6	2-13	3-5	3-11	4-5	4-10	6-7	8-12	9-10	9-11
7630	1	7680	0-13	1-12	2-6	2-13	3-4	3-5	4-10	5-9	6-7	8-12	9-11	10-11
7631	2	3840	0-13	1-13	2-6	2-8	3-4	3-12	4-5	5-10	6-7	9-11	9-12	10-11
7632	2	3840	0-13	1-13	2-6	2-8	3-11	3-12	4-5	4-10	5-10	6-7	9-11	9-12
7633	2	3840	0-13	1-13	2-6	2-8	3-5	3-12	4-5	4-10	6-7	9-11	9-12	10-11
7634	1	7680	0-13	1-13	2-4	2-12	3-6	3-12	4-5	5-9	6-7	8-10	9-11	10-11
7635	1	7680	0-13	1-13	2-11	2-12	3-6	3-12	4-5	4-9	5-9	6-7	8-10	10-11
7636	1	7680	0-13	1-13	2-11	2-12	3-6	3-12	4-5	4-10	5-9	6-7	8-10	9-11
7637	2	3840	0-13	1-13	2-11	2-12	3-5	3-6	4-5	4-10	6-7	8-10	9-11	9-12
7638	1	7680	0-13	1-13	2-6	2-11	3-5	3-12	4-5	4-10	6-7	8-10	9-11	9-12
7639	1	7680	0-13	1-13	2-5	2-12	3-6	3-12	4-5	4-9	6-7	8-10	9-11	10-11
7640	2	3840	0-13	1-13	2-5	2-12	3-6	3-11	4-5	4-9	6-7	8-10	9-12	10-11
7641	1	7680	0-13	1-13	2-5	2-12	3-6	3-11	4-5	4-10	6-7	8-10	9-11	9-12
7642	1	7680	0-13	1-13	2-6	2-12	3-11	3-12	4-5	4-9	5-9	6-7	8-10	10-11
7643	1	7680	0-13	1-13	2-6	2-12	3-4	3-12	4-5	5-9	6-7	8-10	9-11	10-11
7644	1	7680	0-13	1-13	2-6	2-12	3-11	3-12	4-5	4-10	5-9	6-7	8-10	9-11
7645	1	7680	0-13	1-13	2-6	2-10	3-11	3-12	4-5	4-8	5-9	6-7	9-12	10-11
7646	1	7680	0-13	1-13	2-5	2-6	3-11	3-12	4-5	4-8	6-7	9-10	9-12	10-11
7647	1	7680	0-13	1-13	2-10	2-12	3-6	3-12	4-5	4-10	5-9	6-7	8-11	9-11
7648	1	7680	0-13	1-13	2-6	2-10	3-5	3-12	4-5	4-10	6-7	8-11	9-11	9-12
7649	1	7680	0-13	1-13	2-6	2-10	3-4	3-12	4-5	5-9	6-7	8-11	9-12	10-11
7650	1	7680	0-13	1-13	2-6	2-10	3-11	3-12	4-5	4-10	5-9	6-7	8-11	9-12
7651	1	7680	0-13	1-13	2-11	2-12	3-5	3-6	4-5	4-10	6-7	8-11	9-10	9-12
7652	1	7680	0-13	1-13	2-6	2-11	3-5	3-12	4-5	4-10	6-7	8-11	9-10	9-12
7653	1	7680	0-13	1-13	2-5	2-12	3-6	3-12	4-5	4-10	6-7	8-11	9-10	9-11
7654	1	7680	0-13	1-13	2-6	2-12	3-5	3-12	4-5	4-10	6-7	8-11	9-10	9-11
7655	1	7680	0-13	1-13	2-6	2-12	3-11	3-12	4-5	4-10	5-9	6-7	8-11	9-10
7656	1	7680	0-13	1-13	2-6	2-12	3-4	3-5	4-5	6-7	8-11	9-10	9-12	10-11
7657	1	7680	0-13	1-13	2-6	2-12	3-5	3-11	4-5	4-10	6-7	8-11	9-10	9-12
7658	1	7680	0-13	1-13	2-6	2-12	3-5	3-11	4-9	4-10	5-10	6-7	8-11	9-12
7659	1	7680	0-13	1-13	2-6	2-12	3-4	3-5	4-10	5-9	6-7	8-11	9-12	10-11
7660	1	7680	0-13	1-13	2-4	2-6	3-11	3-12	4-5	5-8	6-7	9-10	9-12	10-11
7661	1	7680	0-13	1-13	2-11	2-12	3-6	3-12	4-5	4-10	5-8	6-7	9-10	9-11
7662	1	7680	0-13	1-13	2-11	2-12	3-6	3-11	4-5	4-10	5-8	6-7	9-10	9-12
7663	2	3840	0-13	1-13	2-11	2-12	3-5	3-6	4-9	4-10	5-8	6-7	9-12	10-11
7664	1	7680	0-13	1-13	2-6	2-12	3-4	3-5	4-10	5-8	6-7	9-11	9-12	10-11
7665	1	7680	0-13	1-13	2-10	2-12	3-6	3-11	4-5	4-10	5-9	6-7	8-12	9-11
7666	1	7680	0-13	1-13	2-6	2-10	3-11	3-12	4-5	4-9	5-9	6-7	8-12	10-11
7667	1	7680	0-13	1-13	2-6	2-10	3-4	3-12	4-5	5-9	6-7	8-12	9-11	10-11
7668	1	7680	0-13	1-13	2-6	2-10	3-11	3-12	4-5	4-10	5-9	6-7	8-12	9-11
7669	1	7680	0-13	1-13	2-4	2-6	3-11	3-12	4-10	5-9	5-10	6-7	8-12	9-11
7670	1	7680	0-13	1-13	2-11	2-12	3-5	3-6	4-5	4-10	6-7	8-12	9-10	9-11
7671	1	7680	0-13	1-13	2-11	2-12	3-5	3-6	4-9	4-10	5-9	6-7	8-12	10-11
7672	1	7680	0-13	1-13	2-6	2-11	3-5	3-12	4-5	4-10	6-7	8-12	9-10	9-11
7673	1	7680	0-13	1-13	2-6	2-11	3-11	3-12	4-5	4-10	5-9	6-7	8-12	9-10
7674	1	7680	0-13	1-13	2-6	2-11	3-4	3-5	4-5	6-7	8-12	9-10	9-12	10-11
7675	1	7680	0-13	1-13	2-6	2-11	3-5	3-11	4-5	4-10	6-7	8-12	9-10	9-12
7676	1	7680	0-13	1-13	2-6	2-11	3-11	3-12	4-9	4-10	5-9	5-10	6-7	8-12
7677	1	7680	0-13	1-13	2-6	2-11	3-5	3-12	4-9	4-10	5-9	6-7	8-12	10-11
7678	1	7680	0-13	1-13	2-6	2-11	3-5	3-11	4-9	4-10	5-10	6-7	8-12	9-12
7679	2	3840	0-13	1-13	2-6	2-11	3-4	3-5	4-10	5-10	6-7	8-12	9-11	9-12
7680	1	7680	0-13	1-13	2-6	2-11	3-4	3-5	4-10	5-9	6-7	8-12	9-12	10-11
7681	1	7680	0-13	1-13	2-5	2-12	3-6	3-11	4-5	4-10	6-7	8-12	9-10	9-11
7682	1	7680	0-13	1-13	2-5	2-6	3-4	3-12	4-5	6-7	8-12	9-10	9-11	10-11
7683	1	7680	0-13	1-13	2-5	2-6	3-11	3-12	4-5	4-10	6-7	8-12	9-10	9-11
7684	2	3840	0-13	1-13	2-5	2-6	3-5	3-12	4-9	4-10	6-7	8-12	9-11	10-11
7685	1	7680	0-13	1-13	2-5	2-6	3-4	3-5	4-10	6-7	8-12	9-11	9-12	10-11
7686	8	960	0-13	1-13	2-5	2-6	3-4	3-11	4-10	5-9	6-7	8-12	9-12	10-11
7687	2	3840	0-13	1-13	2-6	2-12	3-4	3-5	4-5	6-7	8-12	9-10	9-11	10-11
7688	2	3840	0-13	1-13	2-6	2-12	3-5	3-11	4-5	4-10	6-7	8-12	9-10	9-11
7689	1	7680	0-13	1-13	2-6	2-12	3-4	3-5	4-10	5-9	6-7	8-12	9-11	10-11
7690	16	480	0-13	1-13	2-10	2-12	3-4	3-12	4-5	5-9	6-7	6-8	9-11	10-11
7691	8	960	0-13	1-13	2-10	2-12	3-11	3-12	4-5	4-10	5-9	6-7	6-8	9-11
7692	32	240	0-13	1-13	2-4	2-12	3-11	3-12	4-10	5-9	5-10	6-7	6-8	9-11
7693	4	1920	0-13	1-13	2-11	2-12	3-5	3-12	4-5	4-10	6-7	6-8	9-10	9-11
7694	16	480	0-13	1-13	2-11	2-12	3-11	3-12	4-5	4-10	5-9	6-7	6-8	9-10
7695	4	1920	0-13	1-13	2-11	2-12	3-4	3-5	4-5	6-7	6-8	9-10	9-12	10-11
7696	4	1920	0-13	1-13	2-11	2-12	3-5	3-11	4-5	4-10	6-7	6-8	9-10	9-12
7697	32	240	0-13	1-13	2-11	2-12	3-11	3-12	4-9	4-10	5-9	5-10	6-7	6-8
7698	8	960	0-13	1-13	2-11	2-12	3-5	3-12	4-9	4-10	5-9	6-7	6-8	10-11
7699	32	240	0-13	1-13	2-5	2-12	3-5	3-12	4-9	4-10	6-7	6-8	9-11	10-11
7700	8	960	0-13	1-13	2-5	2-12	3-4	3-5	4-10	6-7	6-8	9-11	9-12	10-11
7701	256	30	0-13	1-13	2-5	2-12	3-4	3-11	4-10	5-9	6-7	6-8	9-12	10-11
7702	1	7680	0-13	1-2	2-6	3-6	3-11	4-5	4-12	5-10	7-13	8-10	9-11	9-12
7703	1	7680	0-13	1-2	2-6	3-5	3-6	4-5	4-12	7-13	8-10	9-11	9-12	10-11
7704	1	7680	0-13	1-2	2-6	3-6	3-12	4-5	4-8	5-10	7-13	9-11	9-12	10-11
7705	1	7680	0-13	1-2	2-6	3-11	3-12	4-5	4-6	5-10	7-13	8-11	9-10	9-12
7706	1	7680	0-13	1-2	2-6	3-6	3-12	4-5	4-10	5-8	7-13	9-11	9-12	10-11
7707	1	7680	0-13	1-2	2-6	3-6	3-12	4-5	4-10	5-9	7-13	8-12	9-11	10-11
7708	1	7680	0-13	1-2	2-6	3-4	3-6	4-5	5-10	7-13	8-12	9-11	9-12	10-11
7709	1	7680	0-13	1-2	2-6	3-6	3-11	4-5	4-10	5-10	7-13	8-12	9-11	9-12
7710	1	7680	0-13	1-2	2-6	3-5	3-6	4-5	4-10	7-13	8-12	9-11	9-12	10-11
7711	2	3840	0-13	1-2	2-6	3-4	3-12	4-5	5-10	6-8	7-13	9-11	9-12	10-11
7712	2	3840	0-13	1-2	2-6	3-11	3-12	4-5	4-10	5-10	6-8	7-13	9-11	9-12
7713	2	3840	0-13	1-2	2-6	3-5	3-12	4-5	4-10	6-8	7-13	9-11	9-12	10-11
7714	1	7680	0-13	1-9	2-6	2-11	3-5	3-6	4-5	4-12	7-13	8-10	9-12	10-11
7715	1	7680	0-13	1-9	2-6	2-12	3-11	3-12	4-5	4-8	5-10	6-9	7-13	10-11
7716	2	3840	0-13	1-9	2-4	2-6	3-11	3-12	4-5	5-8	6-9	7-13	10-11	10-12
7717	1	7680	0-13	1-9	2-4	2-6	3-11	3-12	4-5	5-10	6-9	7-13	8-12	10-11
7718	1	7680	0-13	1-9	2-6	2-11	3-4	3-12	4-5	5-10	6-9	7-13	8-12	10-11
7719	1	7680	0-13	1-9	2-6	2-11	3-11	3-12	4-5	4-10	5-10	6-9	7-13	8-12
7720	1	7680	0-13	1-9	2-6	2-11	3-5	3-12	4-5	4-10	6-9	7-13	8-12	10-11
7721	1	7680	0-13	1-9	2-5	2-6	3-11	3-12	4-5	4-10	6-9	7-13	8-12	10-11
7722	2	3840	0-13	1-9	2-6	2-12	3-5	3-11	4-5	4-10	6-9	7-13	8-12	10-11
7723	1	7680	0-13	1-3	2-6	2-8	3-6	4-5	4-12	5-10	7-13	9-11	9-12	10-11
7724	1	7680	0-13	1-3	2-6	2-12	3-6	4-5	4-8	5-10	7-13	9-11	9-12	10-11
7725	1	7680	0-13	1-3	2-6	2-12	3-6	4-5	4-9	5-10	7-13	8-11	9-12	10-11
7726	1	7680	0-13	1-3	2-4	2-6	3-6	4-5	5-8	7-13	9-11	9-12	10-11	10-12
7727	1	7680	0-13	1-3	2-4	2-6	3-6	4-5	5-10	7-13	8-12	9-11	9-12	10-11
7728	1	7680	0-13	1-3	2-6	2-11	3-6	4-5	4-9	5-10	7-13	8-12	9-12	10-11
7729	1	7680	0-13	1-3	2-6	2-11	3-6	4-5	4-10	5-10	7-13	8-12	9-11	9-12
7730	1	7680	0-13	1-10	2-6	2-8	3-6	3-11	4-5	4-12	5-10	7-13	9-11	9-12
7731	1	7680	0-13	1-10	2-6	2-8	3-5	3-6	4-5	4-12	7-13	9-11	9-12	10-11
7732	1	7680	0-13	1-10	2-6	2-11	3-6	3-11	4-5	4-12	5-10	7-13	8-9	9-12
7733	1	7680	0-13	1-10	2-6	2-11	3-5	3-6	4-5	4-12	7-13	8-9	9-12	10-11
7734	1	7680	0-13	1-10	2-6	2-12	3-5	3-6	4-5	4-12	7-13	8-9	9-11	10-11
7735	1	7680	0-13	1-10	2-6	2-11	3-6	3-12	4-5	4-8	5-9	7-13	9-12	10-11
7736	1	7680	0-13	1-10	2-5	2-6	3-6	3-12	4-5	4-8	7-13	9-11	9-12	10-11
7737	1	7680	0-13	1-10	2-6	2-12	3-6	3-12	4-5	4-8	5-9	7-13	9-11	10-11
7738	1	7680	0-13	1-10	2-6	2-12	3-5	3-6	4-5	4-8	7-13	9-11	9-12	10-11
7739	1	7680	0-13	1-10	2-6	2-12	3-6	3-11	4-5	4-8	5-9	7-13	9-12	10-11
7740	1	7680	0-13	1-10	2-6	2-12	3-11	3-12	4-5	4-8	5-9	6-9	7-13	10-11
7741	1	7680	0-13	1-10	2-4	2-6	3-6	3-12	4-5	5-9	7-13	8-11	9-12	10-11
7742	1	7680	0-13	1-10	2-6	2-11	3-6	3-12	4-5	4-10	5-9	7-13	8-11	9-12
7743	1	7680	0-13	1-10	2-5	2-6	3-6	3-12	4-5	4-9	7-13	8-11	9-12	10-11
7744	1	7680	0-13	1-10	2-5	2-6	3-6	3-12	4-5	4-10	7-13	8-11	9-11	9-12
7745	1	7680	0-13	1-10	2-6	2-12	3-6	3-12	4-5	4-9	5-9	7-13	8-11	10-11
7746	1	7680	0-13	1-10	2-6	2-12	3-5	3-6	4-5	4-9	7-13	8-11	9-12	10-11
7747	1	7680	0-13	1-10	2-6	2-12	3-6	3-12	4-5	4-10	5-9	7-13	8-11	9-11
7748	1	7680	0-13	1-10	2-6	2-12	3-5	3-6	4-5	4-10	7-13	8-11	9-11	9-12
7749	1	7680	0-13	1-10	2-6	2-12	3-5	3-12	4-5	4-10	6-9	7-13	8-11	9-11
7750	1	7680	0-13	1-10	2-6	2-12	3-4	3-6	4-5	5-9	7-13	8-11	9-12	10-11
7751	1	7680	0-13	1-10	2-6	2-12	3-6	3-11	4-5	4-10	5-9	7-13	8-11	9-12
7752	1	7680	0-13	1-10	2-4	2-6	3-6	3-12	4-5	5-8	7-13	9-11	9-12	10-11
7753	1	7680	0-13	1-10	2-6	2-11	3-6	3-12	4-5	4-9	5-8	7-13	9-12	10-11
7754	1	7680	0-13	1-10	2-6	2-11	3-6	3-12	4-5	4-10	5-8	7-13	9-11	9-12
7755	1	7680	0-13	1-10	2-6	2-12	3-6	3-12	4-5	4-9	5-8	7-13	9-11	10-11
7756	1	7680	0-13	1-10	2-6	2-12	3-6	3-11	4-5	4-9	5-8	7-13	9-12	10-11
7757	1	7680	0-13	1-10	2-6	2-12	3-11	3-12	4-5	4-9	5-8	6-9	7-13	10-11
7758	1	7680	0-13	1-10	2-6	2-12	3-4	3-6	4-5	5-8	7-13	9-11	9-12	10-11
7759	1	7680	0-13	1-10	2-6	2-12	3-6	3-11	4-5	4-10	5-8	7-13	9-11	9-12
7760	1	7680	0-13	1-10	2-4	2-6	3-6	3-12	4-5	5-9	7-13	8-12	9-11	10-11
7761	1	7680	0-13	1-10	2-4	2-6	3-5	3-6	4-5	7-13	8-12	9-11	9-12	10-11
7762	1	7680	0-13	1-10	2-6	2-11	3-6	3-12	4-5	4-9	5-9	7-13	8-12	10-11
7763	1	7680	0-13	1-10	2-6	2-11	3-5	3-6	4-5	4-9	7-13	8-12	9-12	10-11
7764	1	7680	0-13	1-10	2-6	2-11	3-6	3-12	4-5	4-10	5-9	7-13	8-12	9-11
7765	1	7680	0-13	1-10	2-6	2-11	3-5	3-6	4-5	4-10	7-13	8-12	9-11	9-12
7766	2	3840	0-13	1-10	2-6	2-11	3-5	3-12	4-5	4-10	6-9	7-13	8-12	9-11
7767	1	7680	0-13	1-10	2-5	2-6	3-6	3-12	4-5	4-9	7-13	8-12	9-11	10-11
7768	1	7680	0-13	1-10	2-5	2-6	3-6	3-11	4-5	4-9	7-13	8-12	9-12	10-11
7769	1	7680	0-13	1-10	2-5	2-6	3-11	3-12	4-5	4-9	6-9	7-13	8-12	10-11
7770	1	7680	0-13	1-10	2-5	2-6	3-4	3-6	4-5	7-13	8-12	9-11	9-12	10-11
7771	1	7680	0-13	1-10	2-5	2-6	3-6	3-11	4-5	4-10	7-13	8-12	9-11	9-12
7772	1	7680	0-13	1-10	2-6	2-12	3-5	3-6	4-5	4-9	7-13	8-12	9-11	10-11
7773	1	7680	0-13	1-10	2-6	2-12	3-6	3-11	4-5	4-9	5-9	7-13	8-12	10-11
7774	1	7680	0-13	1-10	2-6	2-12	3-4	3-6	4-5	5-9	7-13	8-12	9-11	10-11
7775	1	7680	0-13	1-10	2-6	2-12	3-6	3-11	4-5	4-10	5-9	7-13	8-12	9-11
7776	1	7680	0-13	1-10	2-4	2-12	3-6	3-12	4-5	5-9	6-8	7-13	9-11	10-11
7777	1	7680	0-13	1-10	2-11	2-12	3-6	3-12	4-5	4-9	5-9	6-8	7-13	10-11
7778	1	7680	0-13	1-10	2-11	2-12	3-6	3-12	4-5	4-10	5-9	6-8	7-13	9-11
7779	2	3840	0-13	1-10	2-11	2-12	3-5	3-6	4-5	4-10	6-8	7-13	9-11	9-12
7780	1	7680	0-13	1-10	2-6	2-11	3-5	3-12	4-5	4-10	6-8	7-13	9-11	9-12
7781	1	7680	0-13	1-10	2-5	2-12	3-6	3-12	4-5	4-9	6-8	7-13	9-11	10-11
7782	2	3840	0-13	1-10	2-5	2-12	3-6	3-11	4-5	4-9	6-8	7-13	9-12	10-11
7783	1	7680	0-13	1-10	2-5	2-12	3-6	3-11	4-5	4-10	6-8	7-13	9-11	9-12
7784	1	7680	0-13	1-10	2-6	2-12	3-11	3-12	4-5	4-9	5-9	6-8	7-13	10-11
7785	1	7680	0-13	1-10	2-6	2-12	3-4	3-12	4-5	5-9	6-8	7-13	9-11	10-11
7786	1	7680	0-13	1-10	2-6	2-12	3-11	3-12	4-5	4-10	5-9	6-8	7-13	9-11
7787	1	7680	0-13	1-4	2-6	2-8	3-6	3-12	4-5	5-10	7-13	9-11	9-12	10-11
7788	1	7680	0-13	1-4	2-6	2-12	3-11	3-12	4-5	5-10	6-9	7-13	8-9	10-11
7789	1	7680	0-13	1-4	2-6	2-12	3-6	3-8	4-5	5-10	7-13	9-11	9-12	10-11
7790	1	7680	0-13	1-4	2-6	2-11	3-6	3-12	4-5	5-9	7-13	8-10	9-12	10-11
7791	1	7680	0-13	1-4	2-5	2-6	3-6	3-12	4-5	7-13	8-10	9-11	9-12	10-11
7792	1	7680	0-13	1-4	2-6	2-12	3-6	3-12	4-5	5-9	7-13	8-10	9-11	10-11
7793	1	7680	0-13	1-4	2-6	2-12	3-5	3-6	4-5	7-13	8-10	9-11	9-12	10-11
7794	1	7680	0-13	1-4	2-6	2-12	3-6	3-11	4-5	5-9	7-13	8-10	9-12	10-11
7795	1	7680	0-13	1-4	2-6	2-12	3-11	3-12	4-5	5-9	6-9	7-13	8-10	10-11
7796	1	7680	0-13	1-4	2-6	2-10	3-6	3-12	4-5	5-8	7-13	9-11	9-12	10-11
7797	2	3840	0-13	1-4	2-6	2-12	3-6	3-12	4-5	5-8	7-13	9-10	9-11	10-11
7798	1	7680	0-13	1-4	2-6	2-12	3-11	3-12	4-5	5-8	6-9	7-13	9-10	10-11
7799	1	7680	0-13	1-4	2-3	2-6	3-6	4-5	5-10	7-13	8-12	9-11	9-12	10-11
7800	1	7680	0-13	1-4	2-6	2-10	3-6	3-12	4-5	5-9	7-13	8-12	9-11	10-11
7801	1	7680	0-13	1-4	2-6	2-10	3-5	3-6	4-5	7-13	8-12	9-11	9-12	10-11
7802	1	7680	0-13	1-4	2-6	2-10	3-6	3-11	4-5	5-9	7-13	8-12	9-12	10-11
7803	1	7680	0-13	1-4	2-6	2-11	3-5	3-6	4-5	7-13	8-12	9-10	9-12	10-11
7804	1	7680	0-13	1-4	2-5	2-6	3-11	3-12	4-5	6-9	7-13	8-12	9-10	10-11
7805	1	7680	0-13	1-4	2-6	2-12	3-5	3-6	4-5	7-13	8-12	9-10	9-11	10-11
7806	1	7680	0-13	1-4	2-6	2-12	3-6	3-11	4-10	5-9	5-10	7-13	8-12	9-11
7807	1	7680	0-13	1-4	2-6	2-10	3-11	3-12	4-5	5-9	6-8	7-13	9-12	10-11
7808	1	7680	0-13	1-4	2-5	2-6	3-11	3-12	4-5	6-8	7-13	9-10	9-12	10-11
7809	1	7680	0-13	1-11	2-6	2-8	3-11	3-12	4-5	4-6	5-10	7-13	9-10	9-12
7810	1	7680	0-13	1-11	2-6	2-10	3-11	3-12	4-5	4-6	5-10	7-13	8-9	9-12
7811	1	7680	0-13	1-11	2-6	2-12	3-6	3-8	4-5	4-9	5-10	7-13	9-12	10-11
7812	1	7680	0-13	1-11	2-10	2-12	3-6	3-12	4-5	4-6	5-9	7-13	8-10	9-11
7813	1	7680	0-13	1-11	2-4	2-6	3-6	3-12	4-5	5-9	7-13	8-10	9-12	10-11
7814	1	7680	0-13	1-11	2-11	2-12	3-6	3-12	4-5	4-6	5-9	7-13	8-10	9-10
7815	1	7680	0-13	1-11	2-6	2-11	3-6	3-12	4-5	4-10	5-9	7-13	8-10	9-12
7816	1	7680	0-13	1-11	2-5	2-6	3-6	3-12	4-5	4-9	7-13	8-10	9-12	10-11
7817	1	7680	0-13	1-11	2-5	2-6	3-6	3-12	4-5	4-10	7-13	8-10	9-11	9-12
7818	1	7680	0-13	1-11	2-6	2-12	3-6	3-12	4-5	4-9	5-9	7-13	8-10	10-11
7819	1	7680	0-13	1-11	2-6	2-12	3-5	3-6	4-5	4-9	7-13	8-10	9-12	10-11
7820	1	7680	0-13	1-11	2-6	2-12	3-6	3-12	4-5	4-10	5-9	7-13	8-10	9-11
7821	1	7680	0-13	1-11	2-6	2-12	3-5	3-6	4-5	4-10	7-13	8-10	9-11	9-12
7822	1	7680	0-13	1-11	2-6	2-12	3-5	3-12	4-5	4-10	6-9	7-13	8-10	9-11
7823	1	7680	0-13	1-11	2-6	2-12	3-4	3-6	4-5	5-9	7-13	8-10	9-12	10-11
7824	1	7680	0-13	1-11	2-6	2-12	3-6	3-11	4-5	4-10	5-9	7-13	8-10	9-12
7825	1	7680	0-13	1-11	2-6	2-12	3-4	3-12	4-5	5-9	6-9	7-13	8-10	10-11
7826	1	7680	0-13	1-11	2-6	2-12	3-11	3-12	4-5	4-10	5-9	6-9	7-13	8-10
7827	2	3840	0-13	1-11	2-6	2-12	3-4	3-5	4-5	6-9	7-13	8-10	9-12	10-11
7828	2	3840	0-13	1-11	2-6	2-12	3-5	3-11	4-5	4-10	6-9	7-13	8-10	9-12
7829	2	3840	0-13	1-11	2-5	2-6	3-6	3-12	4-5	4-10	7-13	8-11	9-10	9-12
7830	1	7680	0-13	1-11	2-6	2-12	3-5	3-6	4-5	4-10	7-13	8-11	9-10	9-12
7831	1	7680	0-13	1-11	2-6	2-12	3-5	3-12	4-5	4-10	6-9	7-13	8-11	9-10
7832	1	7680	0-13	1-11	2-6	2-10	3-6	3-12	4-5	4-9	5-8	7-13	9-12	10-11
7833	1	7680	0-13	1-11	2-6	2-10	3-6	3-12	4-5	4-10	5-8	7-13	9-11	9-12
7834	1	7680	0-13	1-11	2-6	2-11	3-6	3-12	4-5	4-10	5-8	7-13	9-10	9-12
7835	1	7680	0-13	1-11	2-6	2-12	3-6	3-12	4-5	4-10	5-8	7-13	9-10	9-11
7836	1	7680	0-13	1-11	2-6	2-12	3-4	3-6	4-5	5-8	7-13	9-10	9-12	10-11
7837	1	7680	0-13	1-11	2-6	2-12	3-6	3-11	4-5	4-10	5-8	7-13	9-10	9-12
7838	1	7680	0-13	1-11	2-6	2-12	3-4	3-12	4-5	5-8	6-9	7-13	9-10	10-11
7839	1	7680	0-13	1-11	2-6	2-12	3-11	3-12	4-5	4-10	5-8	6-9	7-13	9-10
7840	1	7680	0-13	1-11	2-6	2-12	3-5	3-6	4-9	4-10	5-8	7-13	9-12	10-11
7841	2	3840	0-13	1-11	2-6	2-12	3-4	3-5	4-10	5-8	6-9	7-13	9-12	10-11
7842	1	7680	0-13	1-11	2-6	2-10	3-6	3-12	4-5	4-9	5-9	7-13	8-12	10-11
7843	1	7680	0-13	1-11	2-6	2-10	3-5	3-6	4-5	4-9	7-13	8-12	9-12	10-11
7844	1	7680	0-13	1-11	2-6	2-10	3-6	3-12	4-5	4-10	5-9	7-13	8-12	9-11
7845	1	7680	0-13	1-11	2-6	2-10	3-5	3-6	4-5	4-10	7-13	8-12	9-11	9-12
7846	1	7680	0-13	1-11	2-6	2-11	3-5	3-6	4-5	4-10	7-13	8-12	9-10	9-12
7847	1	7680	0-13	1-11	2-6	2-11	3-5	3-12	4-5	4-10	6-9	7-13	8-12	9-10
7848	1	7680	0-13	1-11	2-5	2-6	3-6	3-12	4-5	4-10	7-13	8-12	9-10	9-11
7849	1	7680	0-13	1-11	2-5	2-6	3-6	3-11	4-5	4-10	7-13	8-12	9-10	9-12
7850	1	7680	0-13	1-11	2-5	2-6	3-4	3-12	4-5	6-9	7-13	8-12	9-10	10-11
7851	1	7680	0-13	1-11	2-5	2-6	3-11	3-12	4-5	4-10	6-9	7-13	8-12	9-10
7852	1	7680	0-13	1-11	2-5	2-6	3-5	3-6	4-9	4-10	7-13	8-12	9-12	10-11
7853	1	7680	0-13	1-11	2-5	2-6	3-4	3-6	4-10	5-10	7-13	8-12	9-11	9-12
7854	1	7680	0-13	1-11	2-6	2-12	3-5	3-6	4-5	4-10	7-13	8-12	9-10	9-11
7855	1	7680	0-13	1-11	2-6	2-12	3-4	3-5	4-5	6-9	7-13	8-12	9-10	10-11
7856	1	7680	0-13	1-11	2-6	2-12	3-5	3-11	4-5	4-10	6-9	7-13	8-12	9-10
7857	1	7680	0-13	1-11	2-6	2-12	3-5	3-6	4-9	4-10	5-9	7-13	8-12	10-11
7858	1	7680	0-13	1-11	2-6	2-12	3-5	3-11	4-9	4-10	5-10	6-9	7-13	8-12
7859	1	7680	0-13	1-11	2-6	2-12	3-4	3-6	4-10	5-9	5-10	7-13	8-12	9-11
7860	1	7680	0-13	1-11	2-6	2-12	3-4	3-5	4-10	5-9	6-9	7-13	8-12	10-11
7861	1	7680	0-13	1-11	2-10	2-12	3-6	3-12	4-5	4-10	5-9	6-8	7-13	9-11
7862	1	7680	0-13	1-11	2-6	2-10	3-5	3-12	4-5	4-10	6-8	7-13	9-11	9-12
7863	1	7680	0-13	1-11	2-6	2-10	3-4	3-12	4-5	5-9	6-8	7-13	9-12	10-11
7864	1	7680	0-13	1-11	2-6	2-10	3-11	3-12	4-5	4-10	5-9	6-8	7-13	9-12
7865	1	7680	0-13	1-11	2-11	2-12	3-5	3-6	4-5	4-10	6-8	7-13	9-10	9-12
7866	1	7680	0-13	1-11	2-6	2-11	3-5	3-12	4-5	4-10	6-8	7-13	9-10	9-12
7867	1	7680	0-13	1-11	2-5	2-12	3-6	3-12	4-5	4-10	6-8	7-13	9-10	9-11
7868	1	7680	0-13	1-11	2-6	2-12	3-5	3-12	4-5	4-10	6-8	7-13	9-10	9-11
7869	1	7680	0-13	1-11	2-6	2-12	3-11	3-12	4-5	4-10	5-9	6-8	7-13	9-10
7870	1	7680	0-13	1-11	2-6	2-12	3-4	3-5	4-5	6-8	7-13	9-10	9-12	10-11
7871	1	7680	0-13	1-11	2-6	2-12	3-5	3-11	4-5	4-10	6-8	7-13	9-10	9-12
7872	1	7680	0-13	1-11	2-6	2-12	3-5	3-11	4-9	4-10	5-10	6-8	7-13	9-12
7873	1	7680	0-13	1-11	2-6	2-12	3-4	3-5	4-10	5-9	6-8	7-13	9-12	10-11
7874	1	7680	0-13	1-5	2-6	2-8	3-6	3-12	4-5	4-10	7-13	9-11	9-12	10-11
7875	2	3840	0-13	1-5	2-4	2-6	3-11	3-12	4-5	6-9	7-13	8-9	10-11	10-12
7876	1	7680	0-13	1-5	2-4	2-6	3-6	3-8	4-5	7-13	9-11	9-12	10-11	10-12
7877	1	7680	0-13	1-5	2-4	2-6	3-6	3-12	4-5	7-13	8-10	9-11	9-12	10-11
7878	1	7680	0-13	1-5	2-6	2-11	3-6	3-12	4-5	4-9	7-13	8-10	9-12	10-11
7879	1	7680	0-13	1-5	2-6	2-11	3-6	3-12	4-5	4-10	7-13	8-10	9-11	9-12
7880	1	7680	0-13	1-5	2-6	2-12	3-6	3-12	4-5	4-9	7-13	8-10	9-11	10-11
7881	1	7680	0-13	1-5	2-6	2-12	3-6	3-11	4-5	4-9	7-13	8-10	9-12	10-11
7882	1	7680	0-13	1-5	2-6	2-12	3-11	3-12	4-5	4-9	6-9	7-13	8-10	10-11
7883	1	7680	0-13	1-5	2-6	2-12	3-4	3-6	4-5	7-13	8-10	9-11	9-12	10-11
7884	1	7680	0-13	1-5	2-6	2-12	3-6	3-11	4-5	4-10	7-13	8-10	9-11	9-12
7885	2	3840	0-13	1-5	2-3	2-6	3-6	4-5	4-8	7-13	9-11	9-12	10-11	10-12
7886	1	7680	0-13	1-5	2-6	2-10	3-6	3-12	4-5	4-8	7-13	9-11	9-12	10-11
7887	1	7680	0-13	1-5	2-6	2-11	3-6	3-12	4-5	4-8	7-13	9-10	9-12	10-11
7888	2	3840	0-13	1-5	2-6	2-12	3-6	3-12	4-5	4-8	7-13	9-10	9-11	10-11
7889	1	7680	0-13	1-5	2-6	2-12	3-6	3-11	4-5	4-8	7-13	9-10	9-12	10-11
7890	1	7680	0-13	1-5	2-6	2-12	3-11	3-12	4-5	4-8	6-9	7-13	9-10	10-11
7891	1	7680	0-13	1-5	2-6	2-10	3-6	3-12	4-5	4-9	7-13	8-11	9-12	10-11
7892	1	7680	0-13	1-5	2-6	2-10	3-6	3-12	4-5	4-10	7-13	8-11	9-11	9-12
7893	1	7680	0-13	1-5	2-6	2-11	3-6	3-12	4-5	4-10	7-13	8-11	9-10	9-12
7894	1	7680	0-13	1-5	2-6	2-12	3-6	3-12	4-5	4-10	7-13	8-11	9-10	9-11
7895	1	7680	0-13	1-5	2-6	2-12	3-4	3-6	4-5	7-13	8-11	9-10	9-12	10-11
7896	1	7680	0-13	1-5	2-6	2-12	3-6	3-11	4-5	4-10	7-13	8-11	9-10	9-12
7897	1	7680	0-13	1-5	2-6	2-12	3-4	3-12	4-5	6-9	7-13	8-11	9-10	10-11
7898	1	7680	0-13	1-5	2-6	2-12	3-11	3-12	4-5	4-10	6-9	7-13	8-11	9-10
7899	1	7680	0-13	1-5	2-6	2-12	3-5	3-6	4-9	4-10	7-13	8-11	9-12	10-11
7900	1	7680	0-13	1-5	2-6	2-12	3-11	3-12	4-9	4-10	5-10	6-9	7-13	8-11
7901	1	7680	0-13	1-5	2-6	2-12	3-4	3-6	4-10	5-10	7-13	8-11	9-11	9-12
7902	2	3840	0-13	1-5	2-6	2-12	3-4	3-5	4-10	6-9	7-13	8-11	9-12	10-11
7903	1	7680	0-13	1-5	2-6	2-10	3-6	3-11	4-5	4-9	7-13	8-12	9-12	10-11
7904	1	7680	0-13	1-5	2-4	2-6	3-11	3-12	4-5	6-9	7-13	8-12	9-10	10-11
7905	1	7680	0-13	1-5	2-6	2-11	3-6	3-12	4-5	4-10	7-13	8-12	9-10	9-11
7906	1	7680	0-13	1-5	2-6	2-12	3-4	3-6	4-5	7-13	8-12	9-10	9-11	10-11
7907	1	7680	0-13	1-5	2-6	2-12	3-6	3-11	4-5	4-10	7-13	8-12	9-10	9-11
7908	1	7680	0-13	1-5	2-6	2-12	3-4	3-5	4-10	6-9	7-13	8-12	9-11	10-11
7909	1	7680	0-13	1-5	2-4	2-6	3-11	3-12	4-5	6-8	7-13	9-10	9-12	10-11
7910	1	7680	0-13	1-5	2-11	2-12	3-6	3-12	4-5	4-10	6-8	7-13	9-10	9-11
7911	1	7680	0-13	1-5	2-11	2-12	3-6	3-11	4-5	4-10	6-8	7-13	9-10	9-12
7912	2	3840	0-13	1-5	2-11	2-12	3-5	3-6	4-9	4-10	6-8	7-13	9-12	10-11
7913	1	7680	0-13	1-5	2-6	2-12	3-4	3-5	4-10	6-8	7-13	9-11	9-12	10-11
7914	1	7680	0-13	1-12	2-6	2-8	3-6	3-12	4-5	4-10	5-9	7-13	9-11	10-11
7915	1	7680	0-13	1-12	2-6	2-8	3-4	3-6	4-5	5-10	7-13	9-11	9-12	10-11
7916	1	7680	0-13	1-12	2-6	2-8	3-6	3-11	4-5	4-10	5-10	7-13	9-11	9-12
7917	1	7680	0-13	1-12	2-6	2-8	3-5	3-6	4-5	4-10	7-13	9-11	9-12	10-11
7918	1	7680	0-13	1-12	2-4	2-6	3-11	3-12	4-5	5-10	6-9	7-13	8-9	10-11
7919	1	7680	0-13	1-12	2-6	2-11	3-4	3-12	4-5	5-10	6-9	7-13	8-9	10-11
7920	1	7680	0-13	1-12	2-6	2-11	3-11	3-12	4-5	4-10	5-10	6-9	7-13	8-9
7921	1	7680	0-13	1-12	2-6	2-11	3-5	3-12	4-5	4-10	6-9	7-13	8-9	10-11
7922	1	7680	0-13	1-12	2-5	2-6	3-11	3-12	4-5	4-10	6-9	7-13	8-9	10-11
7923	2	3840	0-13	1-12	2-6	2-12	3-5	3-11	4-5	4-10	6-9	7-13	8-9	10-11
7924	1	7680	0-13	1-12	2-4	2-6	3-6	3-8	4-5	5-10	7-13	9-11	9-12	10-11
7925	1	7680	0-13	1-12	2-6	2-11	3-6	3-8	4-5	4-9	5-10	7-13	9-12	10-11
7926	1	7680	0-13	1-12	2-6	2-11	3-6	3-8	4-5	4-10	5-10	7-13	9-11	9-12
7927	1	7680	0-13	1-12	2-4	2-6	3-6	3-12	4-5	5-9	7-13	8-10	9-11	10-11
7928	1	7680	0-13	1-12	2-4	2-6	3-5	3-6	4-5	7-13	8-10	9-11	9-12	10-11
7929	1	7680	0-13	1-12	2-6	2-11	3-6	3-12	4-5	4-9	5-9	7-13	8-10	10-11
7930	1	7680	0-13	1-12	2-6	2-11	3-5	3-6	4-5	4-9	7-13	8-10	9-12	10-11
7931	1	7680	0-13	1-12	2-6	2-11	3-6	3-12	4-5	4-10	5-9	7-13	8-10	9-11
7932	1	7680	0-13	1-12	2-6	2-11	3-5	3-6	4-5	4-10	7-13	8-10	9-11	9-12
7933	2	3840	0-13	1-12	2-6	2-11	3-5	3-12	4-5	4-10	6-9	7-13	8-10	9-11
7934	1	7680	0-13	1-12	2-5	2-6	3-6	3-12	4-5	4-9	7-13	8-10	9-11	10-11
7935	1	7680	0-13	1-12	2-5	2-6	3-6	3-11	4-5	4-9	7-13	8-10	9-12	10-11
7936	1	7680	0-13	1-12	2-5	2-6	3-11	3-12	4-5	4-9	6-9	7-13	8-10	10-11
7937	1	7680	0-13	1-12	2-5	2-6	3-4	3-6	4-5	7-13	8-10	9-11	9-12	10-11
7938	1	7680	0-13	1-12	2-5	2-6	3-6	3-11	4-5	4-10	7-13	8-10	9-11	9-12
7939	1	7680	0-13	1-12	2-6	2-12	3-5	3-6	4-5	4-9	7-13	8-10	9-11	10-11
7940	1	7680	0-13	1-12	2-6	2-12	3-6	3-11	4-5	4-9	5-9	7-13	8-10	10-11
7941	1	7680	0-13	1-12	2-6	2-12	3-4	3-6	4-5	5-9	7-13	8-10	9-11	10-11
7942	1	7680	0-13	1-12	2-6	2-12	3-6	3-11	4-5	4-10	5-9	7-13	8-10	9-11
7943	1	7680	0-13	1-12	2-3	2-6	3-6	4-5	4-8	5-10	7-13	9-11	9-12	10-11
7944	1	7680	0-13	1-12	2-6	2-10	3-6	3-12	4-5	4-8	5-9	7-13	9-11	10-11
7945	1	7680	0-13	1-12	2-6	2-10	3-5	3-6	4-5	4-8	7-13	9-11	9-12	10-11
7946	1	7680	0-13	1-12	2-6	2-10	3-6	3-11	4-5	4-8	5-9	7-13	9-12	10-11
7947	1	7680	0-13	1-12	2-6	2-11	3-5	3-6	4-5	4-8	7-13	9-10	9-12	10-11
7948	1	7680	0-13	1-12	2-5	2-6	3-11	3-12	4-5	4-8	6-9	7-13	9-10	10-11
7949	1	7680	0-13	1-12	2-5	2-6	3-6	3-11	4-8	4-10	5-10	7-13	9-11	9-12
7950	1	7680	0-13	1-12	2-6	2-12	3-5	3-6	4-5	4-8	7-13	9-10	9-11	10-11
7951	1	7680	0-13	1-12	2-6	2-12	3-6	3-11	4-8	4-10	5-9	5-10	7-13	9-11
7952	1	7680	0-13	1-12	2-3	2-6	3-6	4-5	4-9	5-10	7-13	8-11	9-12	10-11
7953	1	7680	0-13	1-12	2-3	2-6	3-6	4-5	4-10	5-10	7-13	8-11	9-11	9-12
7954	1	7680	0-13	1-12	2-6	2-10	3-6	3-12	4-5	4-9	5-9	7-13	8-11	10-11
7955	1	7680	0-13	1-12	2-6	2-10	3-5	3-6	4-5	4-9	7-13	8-11	9-12	10-11
7956	1	7680	0-13	1-12	2-6	2-10	3-6	3-12	4-5	4-10	5-9	7-13	8-11	9-11
7957	1	7680	0-13	1-12	2-6	2-10	3-5	3-6	4-5	4-10	7-13	8-11	9-11	9-12
7958	1	7680	0-13	1-12	2-4	2-6	3-5	3-6	4-5	7-13	8-11	9-10	9-12	10-11
7959	1	7680	0-13	1-12	2-6	2-11	3-6	3-12	4-5	4-10	5-9	7-13	8-11	9-10
7960	1	7680	0-13	1-12	2-6	2-11	3-5	3-6	4-5	4-10	7-13	8-11	9-10	9-12
7961	1	7680	0-13	1-12	2-6	2-11	3-5	3-12	4-5	4-10	6-9	7-13	8-11	9-10
7962	1	7680	0-13	1-12	2-5	2-6	3-6	3-12	4-5	4-10	7-13	8-11	9-10	9-11
7963	1	7680	0-13	1-12	2-5	2-6	3-4	3-6	4-5	7-13	8-11	9-10	9-12	10-11
7964	1	7680	0-13	1-12	2-5	2-6	3-6	3-11	4-5	4-10	7-13	8-11	9-10	9-12
7965	1	7680	0-13	1-12	2-5	2-6	3-4	3-12	4-5	6-9	7-13	8-11	9-10	10-11
7966	1	7680	0-13	1-12	2-5	2-6	3-11	3-12	4-5	4-10	6-9	7-13	8-11	9-10
7967	1	7680	0-13	1-12	2-5	2-6	3-5	3-6	4-9	4-10	7-13	8-11	9-12	10-11
7968	1	7680	0-13	1-12	2-5	2-6	3-11	3-12	4-9	4-10	5-10	6-9	7-13	8-11
7969	1	7680	0-13	1-12	2-5	2-6	3-5	3-12	4-9	4-10	6-9	7-13	8-11	10-11
7970	1	7680	0-13	1-12	2-5	2-6	3-4	3-6	4-10	5-10	7-13	8-11	9-11	9-12
7971	1	7680	0-13	1-12	2-6	2-12	3-5	3-6	4-5	4-10	7-13	8-11	9-10	9-11
7972	1	7680	0-13	1-12	2-6	2-12	3-6	3-11	4-5	4-10	5-9	7-13	8-11	9-10
7973	1	7680	0-13	1-12	2-6	2-12	3-4	3-5	4-5	6-9	7-13	8-11	9-10	10-11
7974	1	7680	0-13	1-12	2-6	2-12	3-5	3-11	4-5	4-10	6-9	7-13	8-11	9-10
7975	1	7680	0-13	1-12	2-6	2-12	3-6	3-11	4-9	4-10	5-9	5-10	7-13	8-11
7976	1	7680	0-13	1-12	2-6	2-12	3-5	3-6	4-9	4-10	5-9	7-13	8-11	10-11
7977	1	7680	0-13	1-12	2-6	2-12	3-5	3-11	4-9	4-10	5-10	6-9	7-13	8-11
7978	1	7680	0-13	1-12	2-6	2-12	3-4	3-6	4-10	5-9	5-10	7-13	8-11	9-11
7979	2	3840	0-13	1-12	2-6	2-12	3-4	3-5	4-10	5-10	6-9	7-13	8-11	9-11
7980	1	7680	0-13	1-12	2-6	2-12	3-4	3-5	4-10	5-9	6-9	7-13	8-11	10-11
7981	1	7680	0-13	1-12	2-6	2-10	3-6	3-11	4-5	4-9	5-8	7-13	9-12	10-11
7982	1	7680	0-13	1-12	2-4	2-6	3-11	3-12	4-5	5-8	6-9	7-13	9-10	10-11
7983	1	7680	0-13	1-12	2-6	2-11	3-6	3-12	4-5	4-10	5-8	7-13	9-10	9-11
7984	1	7680	0-13	1-12	2-6	2-11	3-4	3-12	4-5	5-8	6-9	7-13	9-10	10-11
7985	1	7680	0-13	1-12	2-6	2-11	3-11	3-12	4-5	4-10	5-8	6-9	7-13	9-10
7986	2	3840	0-13	1-12	2-6	2-11	3-5	3-12	4-9	4-10	5-8	6-9	7-13	10-11
7987	1	7680	0-13	1-12	2-6	2-12	3-4	3-6	4-5	5-8	7-13	9-10	9-11	10-11
7988	1	7680	0-13	1-12	2-6	2-12	3-6	3-11	4-5	4-10	5-8	7-13	9-10	9-11
7989	2	3840	0-13	1-12	2-6	2-12	3-5	3-6	4-9	4-10	5-8	7-13	9-11	10-11
7990	1	7680	0-13	1-12	2-6	2-12	3-4	3-5	4-10	5-8	6-9	7-13	9-11	10-11
7991	8	960	0-13	1-12	2-6	2-12	3-4	3-11	4-10	5-8	5-9	6-9	7-13	10-11
7992	1	7680	0-13	1-12	2-6	2-10	3-6	3-11	4-5	4-9	5-9	7-13	8-12	10-11
7993	2	3840	0-13	1-12	2-6	2-10	3-4	3-6	4-5	5-9	7-13	8-12	9-11	10-11
7994	2	3840	0-13	1-12	2-6	2-10	3-6	3-11	4-5	4-10	5-9	7-13	8-12	9-11
7995	4	1920	0-13	1-12	2-4	2-6	3-6	3-11	4-10	5-9	5-10	7-13	8-12	9-11
7996	1	7680	0-13	1-12	2-6	2-11	3-5	3-6	4-5	4-10	7-13	8-12	9-10	9-11
7997	2	3840	0-13	1-12	2-6	2-11	3-6	3-11	4-5	4-10	5-9	7-13	8-12	9-10
7998	2	3840	0-13	1-12	2-6	2-11	3-4	3-5	4-5	6-9	7-13	8-12	9-10	10-11
7999	2	3840	0-13	1-12	2-6	2-11	3-5	3-11	4-5	4-10	6-9	7-13	8-12	9-10
8000	4	1920	0-13	1-12	2-6	2-11	3-6	3-11	4-9	4-10	5-9	5-10	7-13	8-12
8001	2	3840	0-13	1-12	2-6	2-11	3-5	3-6	4-9	4-10	5-9	7-13	8-12	10-11
8002	4	1920	0-13	1-12	2-6	2-11	3-5	3-11	4-9	4-10	5-10	6-9	7-13	8-12
8003	4	1920	0-13	1-12	2-6	2-11	3-4	3-6	4-10	5-9	5-10	7-13	8-12	9-11
8004	8	960	0-13	1-12	2-6	2-11	3-4	3-5	4-10	5-10	6-9	7-13	8-12	9-11
8005	2	3840	0-13	1-12	2-5	2-6	3-4	3-6	4-5	7-13	8-12	9-10	9-11	10-11
8006	2	3840	0-13	1-12	2-5	2-6	3-6	3-11	4-5	4-10	7-13	8-12	9-10	9-11
8007	8	960	0-13	1-12	2-5	2-6	3-5	3-6	4-9	4-10	7-13	8-12	9-11	10-11
8008	1	7680	0-13	1-12	2-5	2-6	3-4	3-5	4-10	6-9	7-13	8-12	9-11	10-11
8009	32	240	0-13	1-12	2-5	2-6	3-4	3-11	4-10	5-9	6-9	7-13	8-12	10-11
8010	1	7680	0-13	1-12	2-10	2-12	3-6	3-11	4-5	4-10	5-9	6-8	7-13	9-11
8011	1	7680	0-13	1-12	2-6	2-10	3-11	3-12	4-5	4-9	5-9	6-8	7-13	10-11
8012	1	7680	0-13	1-12	2-6	2-10	3-4	3-12	4-5	5-9	6-8	7-13	9-11	10-11
8013	1	7680	0-13	1-12	2-6	2-10	3-11	3-12	4-5	4-10	5-9	6-8	7-13	9-11
8014	1	7680	0-13	1-12	2-4	2-6	3-11	3-12	4-10	5-9	5-10	6-8	7-13	9-11
8015	1	7680	0-13	1-12	2-11	2-12	3-5	3-6	4-5	4-10	6-8	7-13	9-10	9-11
8016	1	7680	0-13	1-12	2-11	2-12	3-5	3-6	4-9	4-10	5-9	6-8	7-13	10-11
8017	1	7680	0-13	1-12	2-6	2-11	3-5	3-12	4-5	4-10	6-8	7-13	9-10	9-11
8018	1	7680	0-13	1-12	2-6	2-11	3-11	3-12	4-5	4-10	5-9	6-8	7-13	9-10
8019	1	7680	0-13	1-12	2-6	2-11	3-4	3-5	4-5	6-8	7-13	9-10	9-12	10-11
8020	1	7680	0-13	1-12	2-6	2-11	3-5	3-11	4-5	4-10	6-8	7-13	9-10	9-12
8021	1	7680	0-13	1-12	2-6	2-11	3-11	3-12	4-9	4-10	5-9	5-10	6-8	7-13
8022	1	7680	0-13	1-12	2-6	2-11	3-5	3-12	4-9	4-10	5-9	6-8	7-13	10-11
8023	1	7680	0-13	1-12	2-6	2-11	3-5	3-11	4-9	4-10	5-10	6-8	7-13	9-12
8024	2	3840	0-13	1-12	2-6	2-11	3-4	3-5	4-10	5-10	6-8	7-13	9-11	9-12
8025	1	7680	0-13	1-12	2-6	2-11	3-4	3-5	4-10	5-9	6-8	7-13	9-12	10-11
8026	1	7680	0-13	1-12	2-5	2-12	3-6	3-11	4-5	4-10	6-8	7-13	9-10	9-11
8027	1	7680	0-13	1-12	2-5	2-6	3-4	3-12	4-5	6-8	7-13	9-10	9-11	10-11
8028	1	7680	0-13	1-12	2-5	2-6	3-11	3-12	4-5	4-10	6-8	7-13	9-10	9-11
8029	2	3840	0-13	1-12	2-5	2-6	3-5	3-12	4-9	4-10	6-8	7-13	9-11	10-11
8030	1	7680	0-13	1-12	2-5	2-6	3-4	3-5	4-10	6-8	7-13	9-11	9-12	10-11
8031	8	960	0-13	1-12	2-5	2-6	3-4	3-11	4-10	5-9	6-8	7-13	9-12	10-11
8032	2	3840	0-13	1-12	2-6	2-12	3-4	3-5	4-5	6-8	7-13	9-10	9-11	10-11
8033	2	3840	0-13	1-12	2-6	2-12	3-5	3-11	4-5	4-10	6-8	7-13	9-10	9-11
8034	1	7680	0-13	1-12	2-6	2-12	3-4	3-5	4-10	5-9	6-8	7-13	9-11	10-11
8035	2	3840	0-13	1-6	2-6	2-8	3-4	3-12	4-5	5-10	7-13	9-11	9-12	10-11
8036	2	3840	0-13	1-6	2-6	2-8	3-11	3-12	4-5	4-10	5-10	7-13	9-11	9-12
8037	2	3840	0-13	1-6	2-6	2-8	3-5	3-12	4-5	4-10	7-13	9-11	9-12	10-11
8038	1	7680	0-13	1-6	2-4	2-12	3-6	3-12	4-5	5-9	7-13	8-10	9-11	10-11
8039	1	7680	0-13	1-6	2-11	2-12	3-6	3-12	4-5	4-9	5-9	7-13	8-10	10-11
8040	1	7680	0-13	1-6	2-11	2-12	3-6	3-12	4-5	4-10	5-9	7-13	8-10	9-11
8041	2	3840	0-13	1-6	2-11	2-12	3-5	3-6	4-5	4-10	7-13	8-10	9-11	9-12
8042	1	7680	0-13	1-6	2-6	2-11	3-5	3-12	4-5	4-10	7-13	8-10	9-11	9-12
8043	1	7680	0-13	1-6	2-5	2-12	3-6	3-12	4-5	4-9	7-13	8-10	9-11	10-11
8044	2	3840	0-13	1-6	2-5	2-12	3-6	3-11	4-5	4-9	7-13	8-10	9-12	10-11
8045	1	7680	0-13	1-6	2-5	2-12	3-6	3-11	4-5	4-10	7-13	8-10	9-11	9-12
8046	1	7680	0-13	1-6	2-6	2-12	3-11	3-12	4-5	4-9	5-9	7-13	8-10	10-11
8047	1	7680	0-13	1-6	2-6	2-12	3-4	3-12	4-5	5-9	7-13	8-10	9-11	10-11
8048	1	7680	0-13	1-6	2-6	2-12	3-11	3-12	4-5	4-10	5-9	7-13	8-10	9-11
8049	1	7680	0-13	1-6	2-6	2-10	3-11	3-12	4-5	4-8	5-9	7-13	9-12	10-11
8050	1	7680	0-13	1-6	2-5	2-6	3-11	3-12	4-5	4-8	7-13	9-10	9-12	10-11
8051	1	7680	0-13	1-6	2-10	2-12	3-6	3-12	4-5	4-10	5-9	7-13	8-11	9-11
8052	1	7680	0-13	1-6	2-6	2-10	3-5	3-12	4-5	4-10	7-13	8-11	9-11	9-12
8053	1	7680	0-13	1-6	2-6	2-10	3-4	3-12	4-5	5-9	7-13	8-11	9-12	10-11
8054	1	7680	0-13	1-6	2-6	2-10	3-11	3-12	4-5	4-10	5-9	7-13	8-11	9-12
8055	1	7680	0-13	1-6	2-11	2-12	3-5	3-6	4-5	4-10	7-13	8-11	9-10	9-12
8056	1	7680	0-13	1-6	2-6	2-11	3-5	3-12	4-5	4-10	7-13	8-11	9-10	9-12
8057	1	7680	0-13	1-6	2-5	2-12	3-6	3-12	4-5	4-10	7-13	8-11	9-10	9-11
8058	1	7680	0-13	1-6	2-6	2-12	3-5	3-12	4-5	4-10	7-13	8-11	9-10	9-11
8059	1	7680	0-13	1-6	2-6	2-12	3-11	3-12	4-5	4-10	5-9	7-13	8-11	9-10
8060	1	7680	0-13	1-6	2-6	2-12	3-4	3-5	4-5	7-13	8-11	9-10	9-12	10-11
8061	1	7680	0-13	1-6	2-6	2-12	3-5	3-11	4-5	4-10	7-13	8-11	9-10	9-12
8062	1	7680	0-13	1-6	2-6	2-12	3-5	3-11	4-9	4-10	5-10	7-13	8-11	9-12
8063	1	7680	0-13	1-6	2-6	2-12	3-4	3-5	4-10	5-9	7-13	8-11	9-12	10-11
8064	1	7680	0-13	1-6	2-4	2-6	3-11	3-12	4-5	5-8	7-13	9-10	9-12	10-11
8065	1	7680	0-13	1-6	2-11	2-12	3-6	3-12	4-5	4-10	5-8	7-13	9-10	9-11
8066	1	7680	0-13	1-6	2-11	2-12	3-6	3-11	4-5	4-10	5-8	7-13	9-10	9-12
8067	2	3840	0-13	1-6	2-11	2-12	3-5	3-6	4-9	4-10	5-8	7-13	9-12	10-11
8068	1	7680	0-13	1-6	2-6	2-12	3-4	3-5	4-10	5-8	7-13	9-11	9-12	10-11
8069	1	7680	0-13	1-6	2-10	2-12	3-6	3-11	4-5	4-10	5-9	7-13	8-12	9-11
8070	1	7680	0-13	1-6	2-6	2-10	3-11	3-12	4-5	4-9	5-9	7-13	8-12	10-11
8071	1	7680	0-13	1-6	2-6	2-10	3-4	3-12	4-5	5-9	7-13	8-12	9-11	10-11
8072	1	7680	0-13	1-6	2-6	2-10	3-11	3-12	4-5	4-10	5-9	7-13	8-12	9-11
8073	1	7680	0-13	1-6	2-4	2-6	3-11	3-12	4-10	5-9	5-10	7-13	8-12	9-11
8074	1	7680	0-13	1-6	2-11	2-12	3-5	3-6	4-5	4-10	7-13	8-12	9-10	9-11
8075	1	7680	0-13	1-6	2-11	2-12	3-5	3-6	4-9	4-10	5-9	7-13	8-12	10-11
8076	1	7680	0-13	1-6	2-6	2-11	3-5	3-12	4-5	4-10	7-13	8-12	9-10	9-11
8077	1	7680	0-13	1-6	2-6	2-11	3-11	3-12	4-5	4-10	5-9	7-13	8-12	9-10
8078	1	7680	0-13	1-6	2-6	2-11	3-4	3-5	4-5	7-13	8-12	9-10	9-12	10-11
8079	1	7680	0-13	1-6	2-6	2-11	3-5	3-11	4-5	4-10	7-13	8-12	9-10	9-12
8080	1	7680	0-13	1-6	2-6	2-11	3-11	3-12	4-9	4-10	5-9	5-10	7-13	8-12
8081	1	7680	0-13	1-6	2-6	2-11	3-5	3-12	4-9	4-10	5-9	7-13	8-12	10-11
8082	1	7680	0-13	1-6	2-6	2-11	3-5	3-11	4-9	4-10	5-10	7-13	8-12	9-12
8083	2	3840	0-13	1-6	2-6	2-11	3-4	3-5	4-10	5-10	7-13	8-12	9-11	9-12
8084	1	7680	0-13	1-6	2-6	2-11	3-4	3-5	4-10	5-9	7-13	8-12	9-12	10-11
8085	1	7680	0-13	1-6	2-5	2-12	3-6	3-11	4-5	4-10	7-13	8-12	9-10	9-11
8086	1	7680	0-13	1-6	2-5	2-6	3-4	3-12	4-5	7-13	8-12	9-10	9-11	10-11
8087	1	7680	0-13	1-6	2-5	2-6	3-11	3-12	4-5	4-10	7-13	8-12	9-10	9-11
8088	2	3840	0-13	1-6	2-5	2-6	3-5	3-12	4-9	4-10	7-13	8-12	9-11	10-11
8089	1	7680	0-13	1-6	2-5	2-6	3-4	3-5	4-10	7-13	8-12	9-11	9-12	10-11
8090	8	960	0-13	1-6	2-5	2-6	3-4	3-11	4-10	5-9	7-13	8-12	9-12	10-11
8091	2	3840	0-13	1-6	2-6	2-12	3-4	3-5	4-5	7-13	8-12	9-10	9-11	10-11
8092	2	3840	0-13	1-6	2-6	2-12	3-5	3-11	4-5	4-10	7-13	8-12	9-10	9-11
8093	1	7680	0-13	1-6	2-6	2-12	3-4	3-5	4-10	5-9	7-13	8-12	9-11	10-11
8094	16	480	0-13	1-6	2-10	2-12	3-4	3-12	4-5	5-9	6-8	7-13	9-11	10-11
8095	8	960	0-13	1-6	2-10	2-12	3-11	3-12	4-5	4-10	5-9	6-8	7-13	9-11
8096	32	240	0-13	1-6	2-4	2-12	3-11	3-12	4-10	5-9	5-10	6-8	7-13	9-11
8097	4	1920	0-13	1-6	2-11	2-12	3-5	3-12	4-5	4-10	6-8	7-13	9-10	9-11
8098	16	480	0-13	1-6	2-11	2-12	3-11	3-12	4-5	4-10	5-9	6-8	7-13	9-10
8099	4	1920	0-13	1-6	2-11	2-12	3-4	3-5	4-5	6-8	7-13	9-10	9-12	10-11
8100	4	1920	0-13	1-6	2-11	2-12	3-5	3-11	4-5	4-10	6-8	7-13	9-10	9-12
8101	32	240	0-13	1-6	2-11	2-12	3-11	3-12	4-9	4-10	5-9	5-10	6-8	7-13
8102	8	960	0-13	1-6	2-11	2-12	3-5	3-12	4-9	4-10	5-9	6-8	7-13	10-11
8103	32	240	0-13	1-6	2-5	2-12	3-5	3-12	4-9	4-10	6-8	7-13	9-11	10-11
8104	8	960	0-13	1-6	2-5	2-12	3-4	3-5	4-10	6-8	7-13	9-11	9-12	10-11
8105	256	30	0-13	1-6	2-5	2-12	3-4	3-11	4-10	5-9	6-8	7-13	9-12	10-11
