key	kind	root	frontier_key	cnf	cnf_sha256_recorded	raw_proof_bytes_recorded	raw_proof_sha256_recorded	proof_gz	gzip_bytes_recorded	gzip_bytes_observed	gzip_sha256_recorded	gzip_sha256_observed	lrat_exit_recorded	cake_exit_recorded	roundtrip_decompressed_sha256_recorded
LEAF_D1_000000001_001	LEAF	000000001	D1_000000001_001	/home/rb/conway99_workspace/o3_qsat_runs/task03_triangle_overnight_20260829/cubes/D1_000000001_001.cnf	0b099e2ae3a43a768bf50c3c5a8f0ceb5c27b83f8d670fe574addfbc6df5bef2	2515194135	0572954ab4d1af982c9853997c1e817aaa2d35f31ea2fa5cf0ce90e567762e96	/home/rb/conway99_workspace/o3_qsat_runs/task03_fullcert_1.1_20260829/cert/leaf/D1_000000001_001/proof.lrat.gz	699669515	699669515	d2fc6b0b78067b84f073b1c43f9444607b7f540bdb184927f354379afeb8b01f	d2fc6b0b78067b84f073b1c43f9444607b7f540bdb184927f354379afeb8b01f	0	0	0572954ab4d1af982c9853997c1e817aaa2d35f31ea2fa5cf0ce90e567762e96
LEAF_D1_000000001_010	LEAF	000000001	D1_000000001_010	/home/rb/conway99_workspace/o3_qsat_runs/task03_triangle_overnight_20260829/cubes/D1_000000001_010.cnf	a0ef4dafe14f381e780dea90dd434c24c66bfe2140b74b670dbaa0bbd20c43fc	1603009444	c94b70fb820030b32f91efbed8d940e50a06b48269274aa6f56d489ee4fb6362	/home/rb/conway99_workspace/o3_qsat_runs/task03_fullcert_1.1_20260829/cert/leaf/D1_000000001_010/proof.lrat.gz	419166305	419166305	36fa89fc9f598685a0181531240bafe95b6cba5888a79844c08f94f4188021a5	36fa89fc9f598685a0181531240bafe95b6cba5888a79844c08f94f4188021a5	0	0	c94b70fb820030b32f91efbed8d940e50a06b48269274aa6f56d489ee4fb6362
LEAF_D1_000000001_100	LEAF	000000001	D1_000000001_100	/home/rb/conway99_workspace/o3_qsat_runs/task03_triangle_overnight_20260829/cubes/D1_000000001_100.cnf	6b7aa141c4a946fa0d6c3e602a30814922fbf13392998fddc1669ab9325575bc	1964063574	ec808104073e62f6a79a9a942f4270b931da75690265031940ba160a51e52e1f	/home/rb/conway99_workspace/o3_qsat_runs/task03_fullcert_1.1_20260829/cert/leaf/D1_000000001_100/proof.lrat.gz	542525740	542525740	d6c86fa5ff67e9b9d13a1de5f1b8e49aa266e72b3b050a480fa219ee0f577838	d6c86fa5ff67e9b9d13a1de5f1b8e49aa266e72b3b050a480fa219ee0f577838	0	0	ec808104073e62f6a79a9a942f4270b931da75690265031940ba160a51e52e1f
LEAF_D1_000000100_001	LEAF	000000100	D1_000000100_001	/home/rb/conway99_workspace/o3_qsat_runs/task03_triangle_overnight_20260829/cubes/D1_000000100_001.cnf	00bff332589cac8ba339d287c367bdde522e01b4640a7ba7d0541394cbdd5c40	7314612867	1d0a2183993b77b481c943078f7d3cd411b53ea176bc9d75b236d34020fbf4dc	/home/rb/conway99_workspace/o3_qsat_runs/task03_fullcert_1.1_20260829/cert/leaf/D1_000000100_001/proof.lrat.gz	2073465077	2073465077	632c7f67774a113344d2ddf2b780925340931928c163dcd5b3055ae354af2bf8	632c7f67774a113344d2ddf2b780925340931928c163dcd5b3055ae354af2bf8	0	0	1d0a2183993b77b481c943078f7d3cd411b53ea176bc9d75b236d34020fbf4dc
LEAF_D1_000000100_010	LEAF	000000100	D1_000000100_010	/home/rb/conway99_workspace/o3_qsat_runs/task03_triangle_overnight_20260829/cubes/D1_000000100_010.cnf	f110edb2cb9e76158efc8ab6b3656717adafa92714f5ce5d6fee873802088c3b	1985433907	b5faed8651546a2b19543fa6fe1bd301eb90f1b9735294d1ea4a2443c744a6c0	/home/rb/conway99_workspace/o3_qsat_runs/task03_fullcert_1.1_20260829/cert/leaf/D1_000000100_010/proof.lrat.gz	542864809	542864809	de1e729359c4b76629e57e3d5766da3282b00a1ad3db308a4b9e544c1f669356	de1e729359c4b76629e57e3d5766da3282b00a1ad3db308a4b9e544c1f669356	0	0	b5faed8651546a2b19543fa6fe1bd301eb90f1b9735294d1ea4a2443c744a6c0
LEAF_D1_000000100_100	LEAF	000000100	D1_000000100_100	/home/rb/conway99_workspace/o3_qsat_runs/task03_triangle_overnight_20260829/cubes/D1_000000100_100.cnf	cc0725c3d6cb0c6032387adc99bb62b7e57a947ddec3a0c3461ebba4a12d7cbc	1934252900	2c6bae1d4c411388e259d661d5ba1f6488159bef9c5286dfca194ed14e11215f	/home/rb/conway99_workspace/o3_qsat_runs/task03_fullcert_1.1_20260829/cert/leaf/D1_000000100_100/proof.lrat.gz	542654777	542654777	8601daa1f078d7383835c4368fd8479b2c56eb05d8a819964943f23fd72f34eb	8601daa1f078d7383835c4368fd8479b2c56eb05d8a819964943f23fd72f34eb	0	0	2c6bae1d4c411388e259d661d5ba1f6488159bef9c5286dfca194ed14e11215f
LEAF_D1_000001000_001	LEAF	000001000	D1_000001000_001	/home/rb/conway99_workspace/o3_qsat_runs/task03_triangle_overnight_20260829/cubes/D1_000001000_001.cnf	30e00836c8084b9ff8e23f80f4fe4daf0f1849c65cbdbad5dfcfce1de1042d99	23930703675	f1420b47f3e902754fd400497daaaf3bfd815561a31580a09642f62ae1a1e780	/home/rb/conway99_workspace/o3_qsat_runs/task03_fullcert_1.1_20260829/cert/leaf/D1_000001000_001/proof.lrat.gz	6962682472	6962682472	5a6bf1d105cdb22e97d1a4b70604e8606615167bbf67a08fdbf12bfd48c81154	5a6bf1d105cdb22e97d1a4b70604e8606615167bbf67a08fdbf12bfd48c81154	0	0	f1420b47f3e902754fd400497daaaf3bfd815561a31580a09642f62ae1a1e780
LEAF_D1_000001000_100	LEAF	000001000	D1_000001000_100	/home/rb/conway99_workspace/o3_qsat_runs/task03_triangle_overnight_20260829/cubes/D1_000001000_100.cnf	b391045eb873accbdb950a4040c37ab8db859ac0964f08cecf7bb58a3ac922d8	1193311132	b245d2836a6c11831681ad93dff587a69bf4939e46ef15f6f30c635831ab5f5a	/home/rb/conway99_workspace/o3_qsat_runs/task03_fullcert_1.1_20260829/cert/leaf/D1_000001000_100/proof.lrat.gz	303608238	303608238	3d2560600a13a4ba2cdb64cf3512ff89aba8936d50780a0a67c0c628df0df65c	3d2560600a13a4ba2cdb64cf3512ff89aba8936d50780a0a67c0c628df0df65c	0	0	b245d2836a6c11831681ad93dff587a69bf4939e46ef15f6f30c635831ab5f5a
LEAF_D1_000001001_001	LEAF	000001001	D1_000001001_001	/home/rb/conway99_workspace/o3_qsat_runs/task03_triangle_overnight_20260829/cubes/D1_000001001_001.cnf	3acee12a49175f2fef61c3445f1864ef653554b8f91cca798a48f482aed479dc	1579372979	3c3906679300fadef141635ad1de6044e5e0a4108ddce086998c38eb0cf99699	/home/rb/conway99_workspace/o3_qsat_runs/task03_fullcert_1.1_20260829/cert/leaf/D1_000001001_001/proof.lrat.gz	418560569	418560569	a41e95b0153afdf4135028d2547b90182117ac4ed82ad2e8d630e93c88f27cdc	a41e95b0153afdf4135028d2547b90182117ac4ed82ad2e8d630e93c88f27cdc	0	0	3c3906679300fadef141635ad1de6044e5e0a4108ddce086998c38eb0cf99699
LEAF_D1_000001001_010	LEAF	000001001	D1_000001001_010	/home/rb/conway99_workspace/o3_qsat_runs/task03_triangle_overnight_20260829/cubes/D1_000001001_010.cnf	c3a834ba4af8bd59bee28e7e5de23058480943bf4a14d8d19645a75c1d3c7810	671655369	6c19f13d5ec368d5848f10e95194b1611216de6b38d8630a291c3a7e0e8d8b56	/home/rb/conway99_workspace/o3_qsat_runs/task03_fullcert_1.1_20260829/cert/leaf/D1_000001001_010/proof.lrat.gz	170390439	170390439	3bea54f1c1d65fcb7e5eb26fe5a06827337df8ab5e99adebc98e3841a12b73f1	3bea54f1c1d65fcb7e5eb26fe5a06827337df8ab5e99adebc98e3841a12b73f1	0	0	6c19f13d5ec368d5848f10e95194b1611216de6b38d8630a291c3a7e0e8d8b56
LEAF_D1_000001001_100	LEAF	000001001	D1_000001001_100	/home/rb/conway99_workspace/o3_qsat_runs/task03_triangle_overnight_20260829/cubes/D1_000001001_100.cnf	0010acb610b8b8b6305eae44c805b55e874aaf545154d9f915efab6861122853	896071101	4fef207b2da2e09a7b499599424354dfd498fd5896c0589bcbc68cb7951b85dd	/home/rb/conway99_workspace/o3_qsat_runs/task03_fullcert_1.1_20260829/cert/leaf/D1_000001001_100/proof.lrat.gz	228016086	228016086	6b6580befa5ad994bbf382c2688f01d59517d2b9294ea2d607985dfef14cea5d	6b6580befa5ad994bbf382c2688f01d59517d2b9294ea2d607985dfef14cea5d	0	0	4fef207b2da2e09a7b499599424354dfd498fd5896c0589bcbc68cb7951b85dd
LEAF_D1_000001100_001	LEAF	000001100	D1_000001100_001	/home/rb/conway99_workspace/o3_qsat_runs/task03_triangle_overnight_20260829/cubes/D1_000001100_001.cnf	0d4c01da6c4ccc8c1cec8e19b0e8900dd219b22110358ab52257d5e0aedcfa8e	2204235433	2631cd07cfe5f53c4b51476d60c35d46ca51ec086876e7b3e7e037f9b2e1aee4	/home/rb/conway99_workspace/o3_qsat_runs/task03_fullcert_1.1_20260829/cert/leaf/D1_000001100_001/proof.lrat.gz	605111576	605111576	3e264fe128be00ca7b0b22c2813b6ae1973d7e7be59971a41ef2c3c0e67d71c1	3e264fe128be00ca7b0b22c2813b6ae1973d7e7be59971a41ef2c3c0e67d71c1	0	0	2631cd07cfe5f53c4b51476d60c35d46ca51ec086876e7b3e7e037f9b2e1aee4
LEAF_D1_000001100_010	LEAF	000001100	D1_000001100_010	/home/rb/conway99_workspace/o3_qsat_runs/task03_triangle_overnight_20260829/cubes/D1_000001100_010.cnf	5335e7c6da04725946f8c020e2352b3e1aa541bc2851bf114b18804716d15932	3136667260	ff0409091882bc0c6c5d3681fa38880086f219b826c142202385dfa2d4b5b93d	/home/rb/conway99_workspace/o3_qsat_runs/task03_fullcert_1.1_20260829/cert/leaf/D1_000001100_010/proof.lrat.gz	845742699	845742699	958c3e9a6d5e2a11983155252250b176e074d50d3eb2228ac8e66d291d9869fe	958c3e9a6d5e2a11983155252250b176e074d50d3eb2228ac8e66d291d9869fe	0	0	ff0409091882bc0c6c5d3681fa38880086f219b826c142202385dfa2d4b5b93d
LEAF_D1_000001100_100	LEAF	000001100	D1_000001100_100	/home/rb/conway99_workspace/o3_qsat_runs/task03_triangle_overnight_20260829/cubes/D1_000001100_100.cnf	f4a608bf2c598a0d02f5256b252ac2dccf20efde3bd4aac91f329c7161a0027c	1257002922	55e1453ae823e5a7137dd10550d642bdcc70c4a90b16bab0241f0b7db60af46b	/home/rb/conway99_workspace/o3_qsat_runs/task03_fullcert_1.1_20260829/cert/leaf/D1_000001100_100/proof.lrat.gz	326045419	326045419	babf8f685b024ba2ce3059b2d29b00c80e1fde41750a6fbb368f756ad6f42583	babf8f685b024ba2ce3059b2d29b00c80e1fde41750a6fbb368f756ad6f42583	0	0	55e1453ae823e5a7137dd10550d642bdcc70c4a90b16bab0241f0b7db60af46b
LEAF_D1_000100000_001	LEAF	000100000	D1_000100000_001	/home/rb/conway99_workspace/o3_qsat_runs/task03_triangle_overnight_20260829/cubes/D1_000100000_001.cnf	f8d77535ef715b4d857b13f5010a2220f70455dcf9817f9f27de0b3b00ea4314	1044130558	a167c97aa02fd4980dbeeb724cc0b8c09d103af1b195d0963b363c68e0abccba	/home/rb/conway99_workspace/o3_qsat_runs/task03_fullcert_1.1_20260829/cert/leaf/D1_000100000_001/proof.lrat.gz	278601888	278601888	158d62c57f568da973390e5b8583c0f8a96765e509a2b3e8ac4d045c242436b6	158d62c57f568da973390e5b8583c0f8a96765e509a2b3e8ac4d045c242436b6	0	0	a167c97aa02fd4980dbeeb724cc0b8c09d103af1b195d0963b363c68e0abccba
LEAF_D1_000100000_010	LEAF	000100000	D1_000100000_010	/home/rb/conway99_workspace/o3_qsat_runs/task03_triangle_overnight_20260829/cubes/D1_000100000_010.cnf	043c3218b166722d7b90bd06ac91833517739d85a255f90a7d9b5f2ae8fe2391	2005616438	44ff8437c3179a59ae80a789efc91623142583166f7a52f8b76dd17fd7b4cc25	/home/rb/conway99_workspace/o3_qsat_runs/task03_fullcert_1.1_20260829/cert/leaf/D1_000100000_010/proof.lrat.gz	570797457	570797457	8010af5f3c95e772ed34cdf1f4962d9c8a2dbfea52839c53e05c88513e41df12	8010af5f3c95e772ed34cdf1f4962d9c8a2dbfea52839c53e05c88513e41df12	0	0	44ff8437c3179a59ae80a789efc91623142583166f7a52f8b76dd17fd7b4cc25
LEAF_D1_000100000_100	LEAF	000100000	D1_000100000_100	/home/rb/conway99_workspace/o3_qsat_runs/task03_triangle_overnight_20260829/cubes/D1_000100000_100.cnf	4f1882a8c97af5c418cdb93dadd0f919b65c1c5e4218b48b06052fdac5b2d8d8	8145573004	343ccd74d599d0767501d6597209ffeb7b3154352eead0c61b07144f23df1e9a	/home/rb/conway99_workspace/o3_qsat_runs/task03_fullcert_1.1_20260829/cert/leaf/D1_000100000_100/proof.lrat.gz	2441732573	2441732573	c267954e5e342b873fc0b970a9ec90c97edf47c0394590cf90028bdb34abed90	c267954e5e342b873fc0b970a9ec90c97edf47c0394590cf90028bdb34abed90	0	0	343ccd74d599d0767501d6597209ffeb7b3154352eead0c61b07144f23df1e9a
LEAF_D1_000100001_001	LEAF	000100001	D1_000100001_001	/home/rb/conway99_workspace/o3_qsat_runs/task03_triangle_overnight_20260829/cubes/D1_000100001_001.cnf	06c3083b238dc8267b51c73b5ec784c17125825a8f6282fb8815916f1e947a44	1412531446	d47362e73f715bb66fd0dd0c00edea7372959346b20f27d0ec151a37bf6f47a9	/home/rb/conway99_workspace/o3_qsat_runs/task03_fullcert_1.1_20260829/cert/leaf/D1_000100001_001/proof.lrat.gz	377611663	377611663	f0ee9b659ec97d5a05860724c7fd7e4732772add7cfa572e9d43aed5a8b380bd	f0ee9b659ec97d5a05860724c7fd7e4732772add7cfa572e9d43aed5a8b380bd	0	0	d47362e73f715bb66fd0dd0c00edea7372959346b20f27d0ec151a37bf6f47a9
LEAF_D1_000100001_010	LEAF	000100001	D1_000100001_010	/home/rb/conway99_workspace/o3_qsat_runs/task03_triangle_overnight_20260829/cubes/D1_000100001_010.cnf	c757a161d38b88da49b7658f234fe01c2ff11e3a986bd4101107b81fb0efc414	7201444577	120630d195067e39e73b17ffc1d164a6ebb161f02764f65ebee0c60579806a17	/home/rb/conway99_workspace/o3_qsat_runs/task03_fullcert_1.1_20260829/cert/leaf/D1_000100001_010/proof.lrat.gz	1926802077	1926802077	fde43c82e4baef64faf1595f47e8b7473b365ced20074ce589bef0b9280bbbff	fde43c82e4baef64faf1595f47e8b7473b365ced20074ce589bef0b9280bbbff	0	0	120630d195067e39e73b17ffc1d164a6ebb161f02764f65ebee0c60579806a17
LEAF_D1_000100001_100	LEAF	000100001	D1_000100001_100	/home/rb/conway99_workspace/o3_qsat_runs/task03_triangle_overnight_20260829/cubes/D1_000100001_100.cnf	2880fbfdc9bda7328847e1120cfcd08cdd97d153cc6a83f0eb6eb7984e372c1c	1497212000	46cd86bb1399a7656a6212d664448fea60289b7c81e640c5c442ed46c9908a95	/home/rb/conway99_workspace/o3_qsat_runs/task03_fullcert_1.1_20260829/cert/leaf/D1_000100001_100/proof.lrat.gz	398120052	398120052	cf331c4d8b66c4fdbcf7f02f93d7a8dc131a35f155bada79f93d2a07c58fbb51	cf331c4d8b66c4fdbcf7f02f93d7a8dc131a35f155bada79f93d2a07c58fbb51	0	0	46cd86bb1399a7656a6212d664448fea60289b7c81e640c5c442ed46c9908a95
LEAF_D1_000100010_001	LEAF	000100010	D1_000100010_001	/home/rb/conway99_workspace/o3_qsat_runs/task03_triangle_overnight_20260829/cubes/D1_000100010_001.cnf	8bc75fa6cda16fa2c3a3bd6fbaf3acd81b012b85fa93446535306f6c49267884	50397346	8a80cbb713e87556f03e19f2b6f336e75b97f71f62d9c6f553d93d2d0ec9e0d1	/home/rb/conway99_workspace/o3_qsat_runs/task03_fullcert_1.1_20260829/cert/leaf/D1_000100010_001/proof.lrat.gz	12904505	12904505	4aff8dc8b9efc1d62e25fce339cee3591c440b99a7ed906f4db88ddf770c4846	4aff8dc8b9efc1d62e25fce339cee3591c440b99a7ed906f4db88ddf770c4846	0	0	8a80cbb713e87556f03e19f2b6f336e75b97f71f62d9c6f553d93d2d0ec9e0d1
LEAF_D1_000100010_010	LEAF	000100010	D1_000100010_010	/home/rb/conway99_workspace/o3_qsat_runs/task03_triangle_overnight_20260829/cubes/D1_000100010_010.cnf	368640f62599bd5444d0c84f609494ac68b0ae19e260ccce80697d4bf90eb436	45115495	2c3dd99ae431a4e36014d41c9a0b41c34e418de1c1442bf5c90f8c7d2bb91bb7	/home/rb/conway99_workspace/o3_qsat_runs/task03_fullcert_1.1_20260829/cert/leaf/D1_000100010_010/proof.lrat.gz	11756985	11756985	d4270e829d01876c84a0804c041c5010c505319be9ed5d66f7a8ffcf26d79967	d4270e829d01876c84a0804c041c5010c505319be9ed5d66f7a8ffcf26d79967	0	0	2c3dd99ae431a4e36014d41c9a0b41c34e418de1c1442bf5c90f8c7d2bb91bb7
LEAF_D1_000100010_100	LEAF	000100010	D1_000100010_100	/home/rb/conway99_workspace/o3_qsat_runs/task03_triangle_overnight_20260829/cubes/D1_000100010_100.cnf	418a926db916da18ca7696c02afa134a37c9689dc98c89df67c569b938a9e71f	62250610	4676284b29c83de428ded68d42f539974baea57261c8e301d2d1a7f14ce5065f	/home/rb/conway99_workspace/o3_qsat_runs/task03_fullcert_1.1_20260829/cert/leaf/D1_000100010_100/proof.lrat.gz	16622953	16622953	269913efb2c470615eafb1b4a126b6e5e6e71c8f2902961258a514c47c1c7431	269913efb2c470615eafb1b4a126b6e5e6e71c8f2902961258a514c47c1c7431	0	0	4676284b29c83de428ded68d42f539974baea57261c8e301d2d1a7f14ce5065f
LEAF_D1_000101000_001	LEAF	000101000	D1_000101000_001	/home/rb/conway99_workspace/o3_qsat_runs/task03_triangle_overnight_20260829/cubes/D1_000101000_001.cnf	6f56e552d632f80773111f95cab522cd39022f3022bfaae59fcdab9c732d4e11	2052138785	cdbb734d540d88e859be2f6d23e195281d10398c82200605075318992ba4d588	/home/rb/conway99_workspace/o3_qsat_runs/task03_fullcert_1.1_20260829/cert/leaf/D1_000101000_001/proof.lrat.gz	556196309	556196309	9fa4e211b9851e62799f58c049cd6eccd104a51d5474c9fdbe4c1be2193d02cc	9fa4e211b9851e62799f58c049cd6eccd104a51d5474c9fdbe4c1be2193d02cc	0	0	cdbb734d540d88e859be2f6d23e195281d10398c82200605075318992ba4d588
LEAF_D1_000101000_010	LEAF	000101000	D1_000101000_010	/home/rb/conway99_workspace/o3_qsat_runs/task03_triangle_overnight_20260829/cubes/D1_000101000_010.cnf	9ad290ec841ef6c46d38e4c363139ac320dd2f8b3311450da45a452158d0afa5	1943094217	5ef5fd1ed094fa24dc0ae5235ff94a996a8f1df5886c6c348687c3546e7751cd	/home/rb/conway99_workspace/o3_qsat_runs/task03_fullcert_1.1_20260829/cert/leaf/D1_000101000_010/proof.lrat.gz	532950790	532950790	8cc9bff09dc047008d3b7cc5e5a9c8f001da29eccf847411bf8bf29f9525ca9d	8cc9bff09dc047008d3b7cc5e5a9c8f001da29eccf847411bf8bf29f9525ca9d	0	0	5ef5fd1ed094fa24dc0ae5235ff94a996a8f1df5886c6c348687c3546e7751cd
LEAF_D1_000101000_100	LEAF	000101000	D1_000101000_100	/home/rb/conway99_workspace/o3_qsat_runs/task03_triangle_overnight_20260829/cubes/D1_000101000_100.cnf	ebb3c894fff3ea0466d9c7e6c475511d46488f1c60121c0bf91fda9ee3cf6800	1917576075	922f51f66e79467e3e195cacf0c37e5a0ecbd4f76b2bc0444bffcc861bf5ede6	/home/rb/conway99_workspace/o3_qsat_runs/task03_fullcert_1.1_20260829/cert/leaf/D1_000101000_100/proof.lrat.gz	516771438	516771438	5eb90e1251093255b97d46794d20022ad245f88ee5ce2929da2739eb598576d6	5eb90e1251093255b97d46794d20022ad245f88ee5ce2929da2739eb598576d6	0	0	922f51f66e79467e3e195cacf0c37e5a0ecbd4f76b2bc0444bffcc861bf5ede6
LEAF_D1_000101001_001	LEAF	000101001	D1_000101001_001	/home/rb/conway99_workspace/o3_qsat_runs/task03_triangle_overnight_20260829/cubes/D1_000101001_001.cnf	e32d1f296a34d17f055f956ac754e38cbcee9dcc88cc9c55f937dc78f8c56ebf	54555258	c96be3ff835e94df6926049af7c1fdb5db0ea9886d30099ff7ee412240a13582	/home/rb/conway99_workspace/o3_qsat_runs/task03_fullcert_1.1_20260829/cert/leaf/D1_000101001_001/proof.lrat.gz	14144842	14144842	2f13e0f69fe734e7b865eeeb3622afee22e662ea8fb082732657ad1202b8dc5c	2f13e0f69fe734e7b865eeeb3622afee22e662ea8fb082732657ad1202b8dc5c	0	0	c96be3ff835e94df6926049af7c1fdb5db0ea9886d30099ff7ee412240a13582
LEAF_D1_000101001_010	LEAF	000101001	D1_000101001_010	/home/rb/conway99_workspace/o3_qsat_runs/task03_triangle_overnight_20260829/cubes/D1_000101001_010.cnf	f5abf517d136c0f3647ac345901084847d05ae1d9f57e802390fea888b61bcbc	22573531429	14846bfde492470ea6be96a317505071ab156267c24a7a77ec0d97be121ad11b	/home/rb/conway99_workspace/o3_qsat_runs/task03_fullcert_1.1_20260829/cert/leaf/D1_000101001_010/proof.lrat.gz	6482616154	6482616154	0e8260ef29cbdf3470355e1477631838edb2761e2e82ea2bde5a3713f6d05096	0e8260ef29cbdf3470355e1477631838edb2761e2e82ea2bde5a3713f6d05096	0	0	14846bfde492470ea6be96a317505071ab156267c24a7a77ec0d97be121ad11b
LEAF_D1_001000000_001	LEAF	001000000	D1_001000000_001	/home/rb/conway99_workspace/o3_qsat_runs/task03_triangle_overnight_20260829/cubes/D1_001000000_001.cnf	a82c817640ec1e0f62308380ae36233c0ed1c4923b3ac07f5389b6d7f9d65d08	136270294564	4aab5bab52abfe7582aed6e71353ed7550c0fbd47b6f6e91e65aad34933a733d	/home/rb/conway99_workspace/o3_qsat_runs/task03_fullcert_1.1_20260829/cert/leaf/D1_001000000_001/proof.lrat.gz	45198735325	45198735325	b326d98f96364f0b91bd432ac854bb4bdf57fc3a96142930ea2b3c2fbfcaf26c	b326d98f96364f0b91bd432ac854bb4bdf57fc3a96142930ea2b3c2fbfcaf26c	0	0	4aab5bab52abfe7582aed6e71353ed7550c0fbd47b6f6e91e65aad34933a733d
LEAF_D1_001000000_010	LEAF	001000000	D1_001000000_010	/home/rb/conway99_workspace/o3_qsat_runs/task03_triangle_overnight_20260829/cubes/D1_001000000_010.cnf	93be0a770145f68f0e0df64dc13229a21a1a4933a4c8bb4ecded22f469edd347	1968198170	0a6fad926966af00c08d64ed4a9520c2ef0c80270084de6f738dae40cef14ee0	/home/rb/conway99_workspace/o3_qsat_runs/task03_fullcert_1.1_20260829/cert/leaf/D1_001000000_010/proof.lrat.gz	526128903	526128903	310027a470087621b3e56a201c868d64a5237accd53cf26b9ede1642982bd6fe	310027a470087621b3e56a201c868d64a5237accd53cf26b9ede1642982bd6fe	0	0	0a6fad926966af00c08d64ed4a9520c2ef0c80270084de6f738dae40cef14ee0
LEAF_D1_001000000_100	LEAF	001000000	D1_001000000_100	/home/rb/conway99_workspace/o3_qsat_runs/task03_triangle_overnight_20260829/cubes/D1_001000000_100.cnf	ed6b24116915bc8d73a487f6184450416ff13db2b8b3427301851c9a7c40fd91	1610967616	7e0af3338386283863554d26efd7448e6f433faadef417633cd092afce7aac5f	/home/rb/conway99_workspace/o3_qsat_runs/task03_fullcert_1.1_20260829/cert/leaf/D1_001000000_100/proof.lrat.gz	423820084	423820084	f83e0d8e5d83a4c7de943340995f5546734f235be3c6d075b133d80b61825ee1	f83e0d8e5d83a4c7de943340995f5546734f235be3c6d075b133d80b61825ee1	0	0	7e0af3338386283863554d26efd7448e6f433faadef417633cd092afce7aac5f
LEAF_D1_001000100_001	LEAF	001000100	D1_001000100_001	/home/rb/conway99_workspace/o3_qsat_runs/task03_triangle_overnight_20260829/cubes/D1_001000100_001.cnf	b94ecd4665c4310cd6619c4d07c7a4b3031dd760bcf335b11b6e8e846b2edeb0	1406429264	9b61cf2a0d6d28d00ecce19e7bebc0675b6906a88f2333a67a485a187821c8d2	/home/rb/conway99_workspace/o3_qsat_runs/task03_fullcert_1.1_20260829/cert/leaf/D1_001000100_001/proof.lrat.gz	369442962	369442962	8f4e642909f5414465db02b48bd9728e9764229b5e74ab1d8a346418d33ea102	8f4e642909f5414465db02b48bd9728e9764229b5e74ab1d8a346418d33ea102	0	0	9b61cf2a0d6d28d00ecce19e7bebc0675b6906a88f2333a67a485a187821c8d2
LEAF_D1_001000100_100	LEAF	001000100	D1_001000100_100	/home/rb/conway99_workspace/o3_qsat_runs/task03_triangle_overnight_20260829/cubes/D1_001000100_100.cnf	584b5bb306f65bba66683bc1d4b8faa1f4331a72a002af54dc7d37781019f5e7	1735522915	16015f0c41cf40a8837f7d65623c64a8b77e2787f2a9b47bf1eded5e8804b149	/home/rb/conway99_workspace/o3_qsat_runs/task03_fullcert_1.1_20260829/cert/leaf/D1_001000100_100/proof.lrat.gz	461406554	461406554	487e6fed8fca3494b0e0889fcb677bad4d4ac44de3f547f35b235b91a06428a2	487e6fed8fca3494b0e0889fcb677bad4d4ac44de3f547f35b235b91a06428a2	0	0	16015f0c41cf40a8837f7d65623c64a8b77e2787f2a9b47bf1eded5e8804b149
LEAF_D1_001100000_001	LEAF	001100000	D1_001100000_001	/home/rb/conway99_workspace/o3_qsat_runs/task03_triangle_overnight_20260829/cubes/D1_001100000_001.cnf	122c75e4ed21c78eb421d286b65cfbd422da4bf4fe2d62a2edb6cb7d45cbcaea	1324140205	7667aa6a31e1d56295a6c03c2e383d67a0752a0482d3adb4b90874316708b8a5	/home/rb/conway99_workspace/o3_qsat_runs/task03_fullcert_1.1_20260829/cert/leaf/D1_001100000_001/proof.lrat.gz	342951673	342951673	4bfa606794d1f57382303089511533edcfc0d57e553d2b967d4ac8f2d688f974	4bfa606794d1f57382303089511533edcfc0d57e553d2b967d4ac8f2d688f974	0	0	7667aa6a31e1d56295a6c03c2e383d67a0752a0482d3adb4b90874316708b8a5
LEAF_D1_001100000_010	LEAF	001100000	D1_001100000_010	/home/rb/conway99_workspace/o3_qsat_runs/task03_triangle_overnight_20260829/cubes/D1_001100000_010.cnf	e5b72d425b228db418123ea8b7388028c3a40ff32f42caa8844245cf25f3ae11	1226530877	313380ea56dcb1c3add666dd2f64a622aba09aabda12fe7edea1967558baf17f	/home/rb/conway99_workspace/o3_qsat_runs/task03_fullcert_1.1_20260829/cert/leaf/D1_001100000_010/proof.lrat.gz	315158288	315158288	bab13a37edb1b70503315844f17026a1a3ef5a3c85ba9189ebfb067f4dc05525	bab13a37edb1b70503315844f17026a1a3ef5a3c85ba9189ebfb067f4dc05525	0	0	313380ea56dcb1c3add666dd2f64a622aba09aabda12fe7edea1967558baf17f
LEAF_D1_001100000_100	LEAF	001100000	D1_001100000_100	/home/rb/conway99_workspace/o3_qsat_runs/task03_triangle_overnight_20260829/cubes/D1_001100000_100.cnf	4184a33dc6fa210613c233313dfd421e9692669716ba9ce3b3184ab5fd447db9	853653790	b3d5fcba61feec04e37c87af05680b92adbc0a96467993e1dc036fb8b6cb6e03	/home/rb/conway99_workspace/o3_qsat_runs/task03_fullcert_1.1_20260829/cert/leaf/D1_001100000_100/proof.lrat.gz	217988793	217988793	1fd3f4c477446b84b71d6d73ed19312367b7ed1bea923042db1ce0aa0281f456	1fd3f4c477446b84b71d6d73ed19312367b7ed1bea923042db1ce0aa0281f456	0	0	b3d5fcba61feec04e37c87af05680b92adbc0a96467993e1dc036fb8b6cb6e03
LEAF_D1_001100010_001	LEAF	001100010	D1_001100010_001	/home/rb/conway99_workspace/o3_qsat_runs/task03_triangle_overnight_20260829/cubes/D1_001100010_001.cnf	046b8ad75d6f5474c967efaf6a6097b5fbd864a5f4a9f1ecef78219c55d4bcd5	7182706274	7dad69c128cbdffc11e9c950b2b1c54c5fd54f90018159f19ce5d422325adb6f	/home/rb/conway99_workspace/o3_qsat_runs/task03_fullcert_1.1_20260829/cert/leaf/D1_001100010_001/proof.lrat.gz	2199214406	2199214406	974feff1dff20af7a1e168e8f4000ce8b2e48fd284102097e1817a858fafe086	974feff1dff20af7a1e168e8f4000ce8b2e48fd284102097e1817a858fafe086	0	0	7dad69c128cbdffc11e9c950b2b1c54c5fd54f90018159f19ce5d422325adb6f
LEAF_D1_001100010_010	LEAF	001100010	D1_001100010_010	/home/rb/conway99_workspace/o3_qsat_runs/task03_triangle_overnight_20260829/cubes/D1_001100010_010.cnf	232440f9999de38c540c91cbd553d58f5adf4df7ecf1da34676c73ff57e25cc1	52639561368	06f08fc0d40325e19f26195007ed67f6d27a24e03dcd47be284ab5ead94604c2	/home/rb/conway99_workspace/o3_qsat_runs/task03_fullcert_1.1_20260829/cert/leaf/D1_001100010_010/proof.lrat.gz	17208409133	17208409133	a4d2a4bec6f6d683beace73229eb3131f186b66bc714c8ff954f085e99a85940	a4d2a4bec6f6d683beace73229eb3131f186b66bc714c8ff954f085e99a85940	0	0	06f08fc0d40325e19f26195007ed67f6d27a24e03dcd47be284ab5ead94604c2
LEAF_D1_010001000_001	LEAF	010001000	D1_010001000_001	/home/rb/conway99_workspace/o3_qsat_runs/task03_triangle_overnight_20260829/cubes/D1_010001000_001.cnf	2b1b7672df5ea9eb979b75eef930961e2733e44c6c97643136969da37d6dee4e	37281100	145200110d338ee560348fe4531daa52d756f8a4b455d40792163fca252f27fe	/home/rb/conway99_workspace/o3_qsat_runs/task03_fullcert_1.1_20260829/cert/leaf/D1_010001000_001/proof.lrat.gz	9489036	9489036	14c6b7a07b9172e835831a0f2e7831fbba4f8d17655e7a5b78ec5286128b2e78	14c6b7a07b9172e835831a0f2e7831fbba4f8d17655e7a5b78ec5286128b2e78	0	0	145200110d338ee560348fe4531daa52d756f8a4b455d40792163fca252f27fe
LEAF_D1_010001000_010	LEAF	010001000	D1_010001000_010	/home/rb/conway99_workspace/o3_qsat_runs/task03_triangle_overnight_20260829/cubes/D1_010001000_010.cnf	13e7765b7faa46368753a8542daaf3d045aafa446e771455611f2d4cf51444e1	41679716	267a5a8314d81607555eed96a8c379e97a22d05d3e787874168c94285a6683ce	/home/rb/conway99_workspace/o3_qsat_runs/task03_fullcert_1.1_20260829/cert/leaf/D1_010001000_010/proof.lrat.gz	10631648	10631648	fcc4dfbf787cd4741ee131b7e7f07cc06c31fd9c9bc7dfe6b26b74b1cf093274	fcc4dfbf787cd4741ee131b7e7f07cc06c31fd9c9bc7dfe6b26b74b1cf093274	0	0	267a5a8314d81607555eed96a8c379e97a22d05d3e787874168c94285a6683ce
LEAF_D1_010001000_100	LEAF	010001000	D1_010001000_100	/home/rb/conway99_workspace/o3_qsat_runs/task03_triangle_overnight_20260829/cubes/D1_010001000_100.cnf	8947fd6d863b3e51d9680eb9cb61a43c89f3f40d99d1bf0b95fe29f2699e237a	36675020	13c71e7141f486bd71e35782e3c915a1a90a24de1ebdfdd848308dd25188d7c1	/home/rb/conway99_workspace/o3_qsat_runs/task03_fullcert_1.1_20260829/cert/leaf/D1_010001000_100/proof.lrat.gz	9284541	9284541	782e16ec1a190567c8389a8333b527640e0199ef64e526bccefc861a554d84cb	782e16ec1a190567c8389a8333b527640e0199ef64e526bccefc861a554d84cb	0	0	13c71e7141f486bd71e35782e3c915a1a90a24de1ebdfdd848308dd25188d7c1
LEAF_D1_010001100_001	LEAF	010001100	D1_010001100_001	/home/rb/conway99_workspace/o3_qsat_runs/task03_triangle_overnight_20260829/cubes/D1_010001100_001.cnf	5cce6163278e2e774887f2b8fbc5db16343c286c6bfab0c41c2b708d2bc411a2	57723561860	d19f596e89e736b57d418984dcf7bf3071a2d4b214377645f635ec8b880b2443	/home/rb/conway99_workspace/o3_qsat_runs/task03_fullcert_1.1_20260829/cert/leaf/D1_010001100_001/proof.lrat.gz	18196071548	18196071548	6a4a0eebb354360a6728f11612bab6b0958fabce76833d46a39cacc4e0e60ff1	6a4a0eebb354360a6728f11612bab6b0958fabce76833d46a39cacc4e0e60ff1	0	0	d19f596e89e736b57d418984dcf7bf3071a2d4b214377645f635ec8b880b2443
LEAF_D1_010001100_100	LEAF	010001100	D1_010001100_100	/home/rb/conway99_workspace/o3_qsat_runs/task03_triangle_overnight_20260829/cubes/D1_010001100_100.cnf	05cd3a9f9d9756f98d469c00cab4da76f76a9420eaa886e3e387bb1cb3fc9925	1973472863	a99f8074fc6c869f81599f31a81d041e92042cc1d1abc5d382c109cbea44e27c	/home/rb/conway99_workspace/o3_qsat_runs/task03_fullcert_1.1_20260829/cert/leaf/D1_010001100_100/proof.lrat.gz	580063794	580063794	8ee5eade65b0b1ba08158507a955c869e5febe6ebe09d948032e11dcd7b94420	8ee5eade65b0b1ba08158507a955c869e5febe6ebe09d948032e11dcd7b94420	0	0	a99f8074fc6c869f81599f31a81d041e92042cc1d1abc5d382c109cbea44e27c
LEAF_D1_100000000_001	LEAF	100000000	D1_100000000_001	/home/rb/conway99_workspace/o3_qsat_runs/task03_triangle_overnight_20260829/cubes/D1_100000000_001.cnf	d344e4123c250a6a1c4defe2a274347f0ac9efcc3b31bfcda068083b6bd290e9	1410752060	c3f285e820424187627aa4d82243cd1cf5b71aeab27d1da773ce9edd50715e2c	/home/rb/conway99_workspace/o3_qsat_runs/task03_fullcert_1.1_20260829/cert/leaf/D1_100000000_001/proof.lrat.gz	349058594	349058594	1a0a3a136453bbd03b6d7c64e0576b2c00a3a3300c3331b761c72d1ccb039a97	1a0a3a136453bbd03b6d7c64e0576b2c00a3a3300c3331b761c72d1ccb039a97	0	0	c3f285e820424187627aa4d82243cd1cf5b71aeab27d1da773ce9edd50715e2c
LEAF_D1_100000000_010	LEAF	100000000	D1_100000000_010	/home/rb/conway99_workspace/o3_qsat_runs/task03_triangle_overnight_20260829/cubes/D1_100000000_010.cnf	6ba439cdb1d46f30c21b082ec3291bf93641fd1ef554496de9e233f46987c333	848159381	4a2061a28ac1742255dd40aa2570f3c6e90bfb35cb0ef2f055d26711ad98d14d	/home/rb/conway99_workspace/o3_qsat_runs/task03_fullcert_1.1_20260829/cert/leaf/D1_100000000_010/proof.lrat.gz	228790592	228790592	6de730dc40b1cc2dfd6eead36b6e3a032033ec38f64d854e2300933aedebf930	6de730dc40b1cc2dfd6eead36b6e3a032033ec38f64d854e2300933aedebf930	0	0	4a2061a28ac1742255dd40aa2570f3c6e90bfb35cb0ef2f055d26711ad98d14d
LEAF_D1_100000000_100	LEAF	100000000	D1_100000000_100	/home/rb/conway99_workspace/o3_qsat_runs/task03_triangle_overnight_20260829/cubes/D1_100000000_100.cnf	fb7e3bd5caa628b893d50b95f0687aec30fd78b08e2d79c436576439bd70e486	63915026238	3b1ad46814f5262065a845b6b4a20cc56c72bfe79dbca8553faf5948c4812532	/home/rb/conway99_workspace/o3_qsat_runs/task03_fullcert_1.1_20260829/cert/leaf/D1_100000000_100/proof.lrat.gz	20050677471	20050677471	61afae86014832ffb781d5aba26fcf07df11f41cd1fd74c2d14938e4b4c78a8c	61afae86014832ffb781d5aba26fcf07df11f41cd1fd74c2d14938e4b4c78a8c	0	0	3b1ad46814f5262065a845b6b4a20cc56c72bfe79dbca8553faf5948c4812532
LEAF_D1_100000001_001	LEAF	100000001	D1_100000001_001	/home/rb/conway99_workspace/o3_qsat_runs/task03_triangle_overnight_20260829/cubes/D1_100000001_001.cnf	deff46de90d0279e7fa42ce96b977ef62b9e130cc47a8f091c86e7b1346e6846	2589289392	7b39e37d0d937bc548dd9fc3ae8677244935f981ce65d5ba8a6e3d502769f3e7	/home/rb/conway99_workspace/o3_qsat_runs/task03_fullcert_1.1_20260829/cert/leaf/D1_100000001_001/proof.lrat.gz	707454634	707454634	303d81b27e1830741ca74a66f0f3d0f7e330c3fd44a9f0fb36ce497e104c4e9e	303d81b27e1830741ca74a66f0f3d0f7e330c3fd44a9f0fb36ce497e104c4e9e	0	0	7b39e37d0d937bc548dd9fc3ae8677244935f981ce65d5ba8a6e3d502769f3e7
LEAF_D1_100000001_100	LEAF	100000001	D1_100000001_100	/home/rb/conway99_workspace/o3_qsat_runs/task03_triangle_overnight_20260829/cubes/D1_100000001_100.cnf	ce20e894c102037114a38d3f02f174c61b3e7586af3e76db277a661b9687dca4	2033254251	6af3de4feac6a4bac911779bf408305b25591044e368544df8b53ca66072e5d2	/home/rb/conway99_workspace/o3_qsat_runs/task03_fullcert_1.1_20260829/cert/leaf/D1_100000001_100/proof.lrat.gz	553786208	553786208	be7a0953b061cb4bd3156d43a1de811567236b2c28c0d7dadd7b8bca84690270	be7a0953b061cb4bd3156d43a1de811567236b2c28c0d7dadd7b8bca84690270	0	0	6af3de4feac6a4bac911779bf408305b25591044e368544df8b53ca66072e5d2
LEAF_D1_100000100_001	LEAF	100000100	D1_100000100_001	/home/rb/conway99_workspace/o3_qsat_runs/task03_triangle_overnight_20260829/cubes/D1_100000100_001.cnf	d280592d2835ad5b676822a0fa434747c5e02b9676aa2467d1e3c83d470a89f1	1740936550	ba6a68dea3b77c12f86f0693c8f96f127f9eb611d22982a00115b2d958dfd02f	/home/rb/conway99_workspace/o3_qsat_runs/task03_fullcert_1.1_20260829/cert/leaf/D1_100000100_001/proof.lrat.gz	472804000	472804000	ccb83c42b0c146b4c44d94d47056056d227cffcaf686bdbe8e299a234ef80741	ccb83c42b0c146b4c44d94d47056056d227cffcaf686bdbe8e299a234ef80741	0	0	ba6a68dea3b77c12f86f0693c8f96f127f9eb611d22982a00115b2d958dfd02f
LEAF_D1_100000100_010	LEAF	100000100	D1_100000100_010	/home/rb/conway99_workspace/o3_qsat_runs/task03_triangle_overnight_20260829/cubes/D1_100000100_010.cnf	0925988c78ae6bab3232ab71da71fc9cfdf87aef50de6e60412fe9e9b4e4a702	2020785524	25b44a8344954f5dfb4cae8c0eaa7f2d3fa35b6e8312bc73fc4f30c096fc00d8	/home/rb/conway99_workspace/o3_qsat_runs/task03_fullcert_1.1_20260829/cert/leaf/D1_100000100_010/proof.lrat.gz	552794000	552794000	c9af50a19531f8924c7a41a314d543b267126cfba2042270665bb2dcae114d69	c9af50a19531f8924c7a41a314d543b267126cfba2042270665bb2dcae114d69	0	0	25b44a8344954f5dfb4cae8c0eaa7f2d3fa35b6e8312bc73fc4f30c096fc00d8
LEAF_D1_100000100_100	LEAF	100000100	D1_100000100_100	/home/rb/conway99_workspace/o3_qsat_runs/task03_triangle_overnight_20260829/cubes/D1_100000100_100.cnf	7fc057ed4365357921c6e5dadf594da633255eef39f8929d2218b519984840bf	2746218643	eba3c8e81e362fb7bb369e7e5abb80206361860864ea0781909b40e65d2e4227	/home/rb/conway99_workspace/o3_qsat_runs/task03_fullcert_1.1_20260829/cert/leaf/D1_100000100_100/proof.lrat.gz	734726948	734726948	b44dbe5af73a6676185817bdb23d3b3fac570ca97e4efe2c6906f935e6e22c58	b44dbe5af73a6676185817bdb23d3b3fac570ca97e4efe2c6906f935e6e22c58	0	0	eba3c8e81e362fb7bb369e7e5abb80206361860864ea0781909b40e65d2e4227
LEAF_D1_100010000_001	LEAF	100010000	D1_100010000_001	/home/rb/conway99_workspace/o3_qsat_runs/task03_triangle_overnight_20260829/cubes/D1_100010000_001.cnf	8fe5bf9bd2735a3cbfdd85c0f0790913d48e9c3b116ead47916879941913bf5a	96556849	a113da74c3b4626953c51a4016b2188544b7c24f0e1f61ff35ef385f14d2cf7b	/home/rb/conway99_workspace/o3_qsat_runs/task03_fullcert_1.1_20260829/cert/leaf/D1_100010000_001/proof.lrat.gz	24581467	24581467	e21b7cecb1a621f66f3a841b40197f8d37872ece119391bcf6a6565ff366d55e	e21b7cecb1a621f66f3a841b40197f8d37872ece119391bcf6a6565ff366d55e	0	0	a113da74c3b4626953c51a4016b2188544b7c24f0e1f61ff35ef385f14d2cf7b
LEAF_D1_100010000_010	LEAF	100010000	D1_100010000_010	/home/rb/conway99_workspace/o3_qsat_runs/task03_triangle_overnight_20260829/cubes/D1_100010000_010.cnf	f88f89456a5b207293d73aa1f7dd7c09d4ce0eded374658315e9bb52f268c5c3	324770017	a7e2fa2e7c583d271b4796e4eb4f6f3d69b40d177f5be15f9146dd2449521747	/home/rb/conway99_workspace/o3_qsat_runs/task03_fullcert_1.1_20260829/cert/leaf/D1_100010000_010/proof.lrat.gz	85104597	85104597	12806fd891196c5a2c71af7573e5fcfabf42473eb35be758223cf6389bc6994e	12806fd891196c5a2c71af7573e5fcfabf42473eb35be758223cf6389bc6994e	0	0	a7e2fa2e7c583d271b4796e4eb4f6f3d69b40d177f5be15f9146dd2449521747
LEAF_D1_100010000_100	LEAF	100010000	D1_100010000_100	/home/rb/conway99_workspace/o3_qsat_runs/task03_triangle_overnight_20260829/cubes/D1_100010000_100.cnf	02b5d64597853843434fdb54d85e76a351d8f8f35aa48003824e9a92a1e54591	60399730	9f6baa058fc1b43f80406ec26a952bcee325e9e2da253fbfc2d35a1c1bfbae8c	/home/rb/conway99_workspace/o3_qsat_runs/task03_fullcert_1.1_20260829/cert/leaf/D1_100010000_100/proof.lrat.gz	16413166	16413166	b24241879bbde83722d75abccc9c8da15f29a695d0797d00e6489be316133954	b24241879bbde83722d75abccc9c8da15f29a695d0797d00e6489be316133954	0	0	9f6baa058fc1b43f80406ec26a952bcee325e9e2da253fbfc2d35a1c1bfbae8c
LEAF_D1_100010001_001	LEAF	100010001	D1_100010001_001	/home/rb/conway99_workspace/o3_qsat_runs/task03_triangle_overnight_20260829/cubes/D1_100010001_001.cnf	5db690f22461c89a05c7b7ef0310f8b61f097e94ae2f0401371b7953e1c87580	1255688177	1f6345250840d190f49557b601a5ffb7ce0891d0cfab474635ff9a134f2a492c	/home/rb/conway99_workspace/o3_qsat_runs/task03_fullcert_1.1_20260829/cert/leaf/D1_100010001_001/proof.lrat.gz	355839005	355839005	08b5429c0d49a3da054476a893372b6ef42e3dd4175ddbfc2339845232633dc5	08b5429c0d49a3da054476a893372b6ef42e3dd4175ddbfc2339845232633dc5	0	0	1f6345250840d190f49557b601a5ffb7ce0891d0cfab474635ff9a134f2a492c
LEAF_D1_100010001_010	LEAF	100010001	D1_100010001_010	/home/rb/conway99_workspace/o3_qsat_runs/task03_triangle_overnight_20260829/cubes/D1_100010001_010.cnf	4a7be99fd96efd29f207e9b6181499133e9997b186876ab449da2db7672d11a5	27800366017	e3eb1e75812517df393cfa19f14234eb76b5933812ae495e8774c5b08ba141ce	/home/rb/conway99_workspace/o3_qsat_runs/task03_fullcert_1.1_20260829/cert/leaf/D1_100010001_010/proof.lrat.gz	9042529183	9042529183	143c1b1575e0b2d8bf34b291c876feccee610666fd2101cbf2af1fedcefd2e92	143c1b1575e0b2d8bf34b291c876feccee610666fd2101cbf2af1fedcefd2e92	0	0	e3eb1e75812517df393cfa19f14234eb76b5933812ae495e8774c5b08ba141ce
LEAF_D1_101000000_001	LEAF	101000000	D1_101000000_001	/home/rb/conway99_workspace/o3_qsat_runs/task03_triangle_overnight_20260829/cubes/D1_101000000_001.cnf	be17935c90eec4d13373575941b2334bff12aa5f855bb24f909613d586881de9	1693251796	e69309698a8f22aa780040ddacb67729e61d68ce30d990d932dedd895dc4b497	/home/rb/conway99_workspace/o3_qsat_runs/task03_fullcert_1.1_20260829/cert/leaf/D1_101000000_001/proof.lrat.gz	443362197	443362197	4be399a005c53839f928f732c2a214ed889e7d135e1ff9448a3f3f9e267e4678	4be399a005c53839f928f732c2a214ed889e7d135e1ff9448a3f3f9e267e4678	0	0	e69309698a8f22aa780040ddacb67729e61d68ce30d990d932dedd895dc4b497
LEAF_D1_101000000_010	LEAF	101000000	D1_101000000_010	/home/rb/conway99_workspace/o3_qsat_runs/task03_triangle_overnight_20260829/cubes/D1_101000000_010.cnf	28f3ed3618f05fc7a2358d6bdbeb3dc73bc14abcbe0422789cfa39cb97957a98	1948557473	fe3f8e7cb7af1b83891e9fddbde3518c3e3192d707fe8e18fb04f42a2c171016	/home/rb/conway99_workspace/o3_qsat_runs/task03_fullcert_1.1_20260829/cert/leaf/D1_101000000_010/proof.lrat.gz	531015428	531015428	a3ca0d032b6ae3534d15e079a771b83857c5b39a59f09b7a8e1573326e60f582	a3ca0d032b6ae3534d15e079a771b83857c5b39a59f09b7a8e1573326e60f582	0	0	fe3f8e7cb7af1b83891e9fddbde3518c3e3192d707fe8e18fb04f42a2c171016
LEAF_D1_101000000_100	LEAF	101000000	D1_101000000_100	/home/rb/conway99_workspace/o3_qsat_runs/task03_triangle_overnight_20260829/cubes/D1_101000000_100.cnf	b053a42fe9b9913d4b47b657f080e3eb7bf860428141542e2448d9a581a53444	2486503025	54cace09802d4b8a5020f9d43800b7000aaa5210e0b6bc5efca15776270cd5e0	/home/rb/conway99_workspace/o3_qsat_runs/task03_fullcert_1.1_20260829/cert/leaf/D1_101000000_100/proof.lrat.gz	670084897	670084897	aaa849bbf0d8bbf2048f71de5137167cb40a8c8cd84e7ec250493270ded5ca03	aaa849bbf0d8bbf2048f71de5137167cb40a8c8cd84e7ec250493270ded5ca03	0	0	54cace09802d4b8a5020f9d43800b7000aaa5210e0b6bc5efca15776270cd5e0
LEAF_D2_000000000_001_010	LEAF	000000000	D2_000000000_001_010	/home/rb/conway99_workspace/o3_qsat_runs/task03_triangle_overnight_20260829/cubes/D2_000000000_001_010.cnf	5adbf531a23a74b5322ea20fb89e5a929a42a796709ac93bdd7dc5eab2796a18	4186926844	cfa4333ee57689c26b5883c8ca81f1c5103f8fe0693d2abc5c7d9cd6e26d5a01	/home/rb/conway99_workspace/o3_qsat_runs/task03_fullcert_1.1_20260829/cert/leaf/D2_000000000_001_010/proof.lrat.gz	1231095680	1231095680	1f280ba92f3f7c595b0a38a526e02650a500cce84c02ebba0fc50639de1f8578	1f280ba92f3f7c595b0a38a526e02650a500cce84c02ebba0fc50639de1f8578	0	0	cfa4333ee57689c26b5883c8ca81f1c5103f8fe0693d2abc5c7d9cd6e26d5a01
LEAF_D2_000000000_001_100	LEAF	000000000	D2_000000000_001_100	/home/rb/conway99_workspace/o3_qsat_runs/task03_triangle_overnight_20260829/cubes/D2_000000000_001_100.cnf	a8b837592d4593e44934e5ecbe004c7057279ddf6138f6d92f2fb4183cf102a9	3409134625	93de9174b6be509a69835e85bac97a4d0e32d1238582995dd5a615fe9dedb4c0	/home/rb/conway99_workspace/o3_qsat_runs/task03_fullcert_1.1_20260829/cert/leaf/D2_000000000_001_100/proof.lrat.gz	1015061354	1015061354	c332e73a1aba2ef7a12608c17a0c368997f55a869a889b66ba7e0eec8f0a9922	c332e73a1aba2ef7a12608c17a0c368997f55a869a889b66ba7e0eec8f0a9922	0	0	93de9174b6be509a69835e85bac97a4d0e32d1238582995dd5a615fe9dedb4c0
LEAF_D2_000000000_010_010	LEAF	000000000	D2_000000000_010_010	/home/rb/conway99_workspace/o3_qsat_runs/task03_triangle_overnight_20260829/cubes/D2_000000000_010_010.cnf	b3d6d68448fc77b3efa6010321f12398b1e0f2f474ec08e1b887e33ed4ee07f4	13811956506	a501840b3fc9a8256b5596c7400ff06ba8ff5e7d178631f4f0c8095f3e207d7e	/home/rb/conway99_workspace/o3_qsat_runs/task03_fullcert_1.1_20260829/cert/leaf/D2_000000000_010_010/proof.lrat.gz	4326004314	4326004314	5a261eb5f38d2882ab726b94844a3f7084cc62ca933077ade20e089bfa3841bb	5a261eb5f38d2882ab726b94844a3f7084cc62ca933077ade20e089bfa3841bb	0	0	a501840b3fc9a8256b5596c7400ff06ba8ff5e7d178631f4f0c8095f3e207d7e
LEAF_D2_000000000_100_100	LEAF	000000000	D2_000000000_100_100	/home/rb/conway99_workspace/o3_qsat_runs/task03_triangle_overnight_20260829/cubes/D2_000000000_100_100.cnf	22b7f8e511220f880ec149701ecfa6ac5d60756aaddad3c6d170341b185dd94e	30244486306	d1e94828febcedcae25f9bbb2ea68006764e88f061aea939b7ac89d98bf3bd22	/home/rb/conway99_workspace/o3_qsat_runs/task03_fullcert_1.1_20260829/cert/leaf/D2_000000000_100_100/proof.lrat.gz	9627842667	9627842667	cb2f642ea3aa969eaa80bfa0baa15a7d9e96a19a61c89475283cca32bb0ec03f	cb2f642ea3aa969eaa80bfa0baa15a7d9e96a19a61c89475283cca32bb0ec03f	0	0	d1e94828febcedcae25f9bbb2ea68006764e88f061aea939b7ac89d98bf3bd22
LEAF_D2_000001000_010_001	LEAF	000001000	D2_000001000_010_001	/home/rb/conway99_workspace/o3_qsat_runs/task03_triangle_overnight_20260829/cubes/D2_000001000_010_001.cnf	2deeadd463785525d4b3dcea14e3beda42e99bb2cf0a56092de6ec8b9d6e9b91	870344904	9ee1b2dca5eac3ef41667f568783f505957d19e43d942bd815a9466f50156b74	/home/rb/conway99_workspace/o3_qsat_runs/task03_fullcert_1.1_20260829/cert/leaf/D2_000001000_010_001/proof.lrat.gz	224944610	224944610	ff6a203936dffaa5e6494597cd2ff22cca5d8d40cc686b0e56272a6d02860089	ff6a203936dffaa5e6494597cd2ff22cca5d8d40cc686b0e56272a6d02860089	0	0	9ee1b2dca5eac3ef41667f568783f505957d19e43d942bd815a9466f50156b74
LEAF_D2_000001000_010_010	LEAF	000001000	D2_000001000_010_010	/home/rb/conway99_workspace/o3_qsat_runs/task03_triangle_overnight_20260829/cubes/D2_000001000_010_010.cnf	dc1f0e3f51bc1f4d444717e5db99304a2f1929f19b250482b926f19496290db1	1643597213	434c72b41befd3036dec34c6c2dede2db4a2b722382d49ba1ecb4f509376b60c	/home/rb/conway99_workspace/o3_qsat_runs/task03_fullcert_1.1_20260829/cert/leaf/D2_000001000_010_010/proof.lrat.gz	446319265	446319265	8f7c977b8c438b4cbf7b3b5ae471f27d6033955e77ea8fa3f92133fb04194cf4	8f7c977b8c438b4cbf7b3b5ae471f27d6033955e77ea8fa3f92133fb04194cf4	0	0	434c72b41befd3036dec34c6c2dede2db4a2b722382d49ba1ecb4f509376b60c
LEAF_D2_000001000_010_100	LEAF	000001000	D2_000001000_010_100	/home/rb/conway99_workspace/o3_qsat_runs/task03_triangle_overnight_20260829/cubes/D2_000001000_010_100.cnf	cfde278a491f9aed4f0937e6c0ff7ac023d305bd7d5e30602367ac84f95c573a	2336720204	ab4b18d4a93ded7ede973157e72122fa870334b242c185ddb69ca53024afb07e	/home/rb/conway99_workspace/o3_qsat_runs/task03_fullcert_1.1_20260829/cert/leaf/D2_000001000_010_100/proof.lrat.gz	647609300	647609300	40363187d4dea3e656500c642d98e08eb8d2b71020f0a1999c1daec81f3a9e6b	40363187d4dea3e656500c642d98e08eb8d2b71020f0a1999c1daec81f3a9e6b	0	0	ab4b18d4a93ded7ede973157e72122fa870334b242c185ddb69ca53024afb07e
LEAF_D2_000101001_100_001	LEAF	000101001	D2_000101001_100_001	/home/rb/conway99_workspace/o3_qsat_runs/task03_triangle_overnight_20260829/cubes/D2_000101001_100_001.cnf	17967692a1ad0463543db28b5897a83ebbdd379fa19b0eb586d25b6461dfd5ff	33419232	ac585dbbf126833047d3952ee8b6dcc9e52ef79050eb24edd91c6c49b5140ae8	/home/rb/conway99_workspace/o3_qsat_runs/task03_fullcert_1.1_20260829/cert/leaf/D2_000101001_100_001/proof.lrat.gz	8586635	8586635	ac9f61f010b1cf2b3b1fc5bf345f7ad8c339c98c438fc6b0efeaaecdcc82719b	ac9f61f010b1cf2b3b1fc5bf345f7ad8c339c98c438fc6b0efeaaecdcc82719b	0	0	ac585dbbf126833047d3952ee8b6dcc9e52ef79050eb24edd91c6c49b5140ae8
LEAF_D2_000101001_100_100	LEAF	000101001	D2_000101001_100_100	/home/rb/conway99_workspace/o3_qsat_runs/task03_triangle_overnight_20260829/cubes/D2_000101001_100_100.cnf	2e5d1620fcd84bc6b4aecc57135d474573fc15816f76faf844cc836ca5f2168b	393840529	8135b24c296259619f133e9d4af180de1be7c59f57b5dd5db9521bf44c0a0918	/home/rb/conway99_workspace/o3_qsat_runs/task03_fullcert_1.1_20260829/cert/leaf/D2_000101001_100_100/proof.lrat.gz	105649687	105649687	777a43e89c7d2af91d19cc2a6334400b087a9207ab44e0a3b338105d694cd4d9	777a43e89c7d2af91d19cc2a6334400b087a9207ab44e0a3b338105d694cd4d9	0	0	8135b24c296259619f133e9d4af180de1be7c59f57b5dd5db9521bf44c0a0918
LEAF_D2_001000100_010_001	LEAF	001000100	D2_001000100_010_001	/home/rb/conway99_workspace/o3_qsat_runs/task03_triangle_overnight_20260829/cubes/D2_001000100_010_001.cnf	b2e6436b15b38c2732596a7b90e69827a9e3bef96ed8e334ca4c6a74a200fa7f	1210905343	8057f8254eecdd8aa00aeba6f7cd028da4a1fb61ecc081f7cebaec48cd8b6066	/home/rb/conway99_workspace/o3_qsat_runs/task03_fullcert_1.1_20260829/cert/leaf/D2_001000100_010_001/proof.lrat.gz	324138065	324138065	93349b1fb5cb645e522234131cc74166438485c20e8f39728ecaa8b2a1e34886	93349b1fb5cb645e522234131cc74166438485c20e8f39728ecaa8b2a1e34886	0	0	8057f8254eecdd8aa00aeba6f7cd028da4a1fb61ecc081f7cebaec48cd8b6066
LEAF_D2_001000100_010_100	LEAF	001000100	D2_001000100_010_100	/home/rb/conway99_workspace/o3_qsat_runs/task03_triangle_overnight_20260829/cubes/D2_001000100_010_100.cnf	d76750455ab1052440ae2492afe16a88e61163ae34488632fd4b88183d70edbb	1507654157	61d2451c641e3f754551bab01d6294b55fc1cb923ad6805b4a52a7aa7fe72076	/home/rb/conway99_workspace/o3_qsat_runs/task03_fullcert_1.1_20260829/cert/leaf/D2_001000100_010_100/proof.lrat.gz	407446257	407446257	2718b5249d14b58ac2d5f4ead783af32679cc3ea76d513eca1c345ccef28406f	2718b5249d14b58ac2d5f4ead783af32679cc3ea76d513eca1c345ccef28406f	0	0	61d2451c641e3f754551bab01d6294b55fc1cb923ad6805b4a52a7aa7fe72076
LEAF_D2_001100010_100_001	LEAF	001100010	D2_001100010_100_001	/home/rb/conway99_workspace/o3_qsat_runs/task03_triangle_overnight_20260829/cubes/D2_001100010_100_001.cnf	60fb9d8b635a3047e121ab2ace1ee0c500ed6ff39916f900bdd45e314ca2e96a	879335272	bfa3d836c562428c528718bb4232537a504882abfdf9ed0751d8d8b9dfd8622b	/home/rb/conway99_workspace/o3_qsat_runs/task03_fullcert_1.1_20260829/cert/leaf/D2_001100010_100_001/proof.lrat.gz	224537998	224537998	b20013fcfda06ce26383dc718daa1de3b33c6f0a73ce2cf00eb5c16885348c20	b20013fcfda06ce26383dc718daa1de3b33c6f0a73ce2cf00eb5c16885348c20	0	0	bfa3d836c562428c528718bb4232537a504882abfdf9ed0751d8d8b9dfd8622b
LEAF_D2_001100010_100_010	LEAF	001100010	D2_001100010_100_010	/home/rb/conway99_workspace/o3_qsat_runs/task03_triangle_overnight_20260829/cubes/D2_001100010_100_010.cnf	dea031c2e9d87c74171a01ff7948fe884e100ea65ecbdf0912a9699b542f29e1	819842328	707ae88a815be4e9c575ebc0d4906fa755728452474029cb8a0b0e234542b1d4	/home/rb/conway99_workspace/o3_qsat_runs/task03_fullcert_1.1_20260829/cert/leaf/D2_001100010_100_010/proof.lrat.gz	229153668	229153668	d10132fe9071f4864843142fec89e1e4d46be9a6c1b782fc8e5f2bb1046f3d7b	d10132fe9071f4864843142fec89e1e4d46be9a6c1b782fc8e5f2bb1046f3d7b	0	0	707ae88a815be4e9c575ebc0d4906fa755728452474029cb8a0b0e234542b1d4
LEAF_D2_001100010_100_100	LEAF	001100010	D2_001100010_100_100	/home/rb/conway99_workspace/o3_qsat_runs/task03_triangle_overnight_20260829/cubes/D2_001100010_100_100.cnf	fdff417bb397f8d9b5e1b3b3609373fc52b600a1316bfc2a35f79de3513836be	20493622292	e72c07a9acd285e402d130c6e2c7ea4937b1cfa52a72e35ccacd94620c6dbf23	/home/rb/conway99_workspace/o3_qsat_runs/task03_fullcert_1.1_20260829/cert/leaf/D2_001100010_100_100/proof.lrat.gz	6561894739	6561894739	ceddd7b37bb5ccd237a3d9fe2a978a3f5fb058e705df106646a6c5dc0e5b9b83	ceddd7b37bb5ccd237a3d9fe2a978a3f5fb058e705df106646a6c5dc0e5b9b83	0	0	e72c07a9acd285e402d130c6e2c7ea4937b1cfa52a72e35ccacd94620c6dbf23
LEAF_D2_010001100_010_001	LEAF	010001100	D2_010001100_010_001	/home/rb/conway99_workspace/o3_qsat_runs/task03_triangle_overnight_20260829/cubes/D2_010001100_010_001.cnf	5a476788eb87fc4c2d087bf81a729f22edec6cdc29422a107d3d2aacb4a975f4	3795288679	f51bc2e1b35b68a49de35ef6e33b2cc4432552cba196dc24d6e1675077a7f620	/home/rb/conway99_workspace/o3_qsat_runs/task03_fullcert_1.1_20260829/cert/leaf/D2_010001100_010_001/proof.lrat.gz	1150525892	1150525892	8d079b719e32a11600ee3544057a3c10e630eb0cbeb370a7bbfc88b901c24c11	8d079b719e32a11600ee3544057a3c10e630eb0cbeb370a7bbfc88b901c24c11	0	0	f51bc2e1b35b68a49de35ef6e33b2cc4432552cba196dc24d6e1675077a7f620
LEAF_D2_010001100_010_010	LEAF	010001100	D2_010001100_010_010	/home/rb/conway99_workspace/o3_qsat_runs/task03_triangle_overnight_20260829/cubes/D2_010001100_010_010.cnf	4e77939f9f86c84eacfd95c9a57f5ebcc68c68f5d85e5eeaa71b6207d3371da3	1040664428	f603924d69d8fe70fa301ab7f46504d375f5310734f69a1ce8b5bbdbe9513434	/home/rb/conway99_workspace/o3_qsat_runs/task03_fullcert_1.1_20260829/cert/leaf/D2_010001100_010_010/proof.lrat.gz	267605001	267605001	f1b13f04aaab0fc5fe7c596e33eab274fb9409e52c21e7e311507bfad0321833	f1b13f04aaab0fc5fe7c596e33eab274fb9409e52c21e7e311507bfad0321833	0	0	f603924d69d8fe70fa301ab7f46504d375f5310734f69a1ce8b5bbdbe9513434
LEAF_D2_010001100_010_100	LEAF	010001100	D2_010001100_010_100	/home/rb/conway99_workspace/o3_qsat_runs/task03_triangle_overnight_20260829/cubes/D2_010001100_010_100.cnf	8258cce8dc5bce05021e3be01554f41d8786f19af3412d180de5361194c19228	8277468854	811d6c669fc00d9349983ef41fedd40a0ee11f97a7e135eaf18c146ab4dcaafc	/home/rb/conway99_workspace/o3_qsat_runs/task03_fullcert_1.1_20260829/cert/leaf/D2_010001100_010_100/proof.lrat.gz	2671057452	2671057452	3771ed54b03c24b922d179d458f219e89a7eecceebd1596fe02f59ddf2ed5851	3771ed54b03c24b922d179d458f219e89a7eecceebd1596fe02f59ddf2ed5851	0	0	811d6c669fc00d9349983ef41fedd40a0ee11f97a7e135eaf18c146ab4dcaafc
LEAF_D2_100000001_010_001	LEAF	100000001	D2_100000001_010_001	/home/rb/conway99_workspace/o3_qsat_runs/task03_triangle_overnight_20260829/cubes/D2_100000001_010_001.cnf	0def5ebf7fcec95a56d8c4270fae712b6893eaaf8915177631a5ee261837d0f8	2349451072	d4e9b04c7b64db443cacf81b3b56499784905781c1a2b51afdf24987e95dfa49	/home/rb/conway99_workspace/o3_qsat_runs/task03_fullcert_1.1_20260829/cert/leaf/D2_100000001_010_001/proof.lrat.gz	641962892	641962892	cfbaf2f374700f6a48927c3e956b306d2c98f0e4143a3dc46f3b09d5896c3a11	cfbaf2f374700f6a48927c3e956b306d2c98f0e4143a3dc46f3b09d5896c3a11	0	0	d4e9b04c7b64db443cacf81b3b56499784905781c1a2b51afdf24987e95dfa49
LEAF_D2_100000001_010_010	LEAF	100000001	D2_100000001_010_010	/home/rb/conway99_workspace/o3_qsat_runs/task03_triangle_overnight_20260829/cubes/D2_100000001_010_010.cnf	e0164dcda8cbfaf8b314ceb77019970e48e85f572fc7f99736d22a65fba905ba	1523448475	ae34f2d54497c5f87d91d99a6f1d844c00ce20fa74ac2b24885edd6fb442fb51	/home/rb/conway99_workspace/o3_qsat_runs/task03_fullcert_1.1_20260829/cert/leaf/D2_100000001_010_010/proof.lrat.gz	399975325	399975325	6e23563c6c54b81b695da63a694eb87199d4c8b3df6ffc17cae39d1a50d5cab1	6e23563c6c54b81b695da63a694eb87199d4c8b3df6ffc17cae39d1a50d5cab1	0	0	ae34f2d54497c5f87d91d99a6f1d844c00ce20fa74ac2b24885edd6fb442fb51
LEAF_D2_100000001_010_100	LEAF	100000001	D2_100000001_010_100	/home/rb/conway99_workspace/o3_qsat_runs/task03_triangle_overnight_20260829/cubes/D2_100000001_010_100.cnf	3dc1376d41a181853c0b324ae4c51856cc89d0af93ede71e4978135fd3118a60	1007276320	e7a018379dd1f6d6718b25380b22c2b02c3984f0e53367fb22e78ba0c31f35e6	/home/rb/conway99_workspace/o3_qsat_runs/task03_fullcert_1.1_20260829/cert/leaf/D2_100000001_010_100/proof.lrat.gz	268528310	268528310	421dbd293dbf3f1f6c4a52ae33cb0eac316b5b5635ac2bc0a6b125f5392e128c	421dbd293dbf3f1f6c4a52ae33cb0eac316b5b5635ac2bc0a6b125f5392e128c	0	0	e7a018379dd1f6d6718b25380b22c2b02c3984f0e53367fb22e78ba0c31f35e6
LEAF_D2_100010001_100_001	LEAF	100010001	D2_100010001_100_001	/home/rb/conway99_workspace/o3_qsat_runs/task03_triangle_overnight_20260829/cubes/D2_100010001_100_001.cnf	f3c4827a9ab96878934e08e0b54e4474b38d3d8b201528b742ee7fa087e66441	5565750153	3d1f9e07898d24bf81ec235a7b00f5741b5e93fa233425ad2f7b8a2ffdfca8f3	/home/rb/conway99_workspace/o3_qsat_runs/task03_fullcert_1.1_20260829/cert/leaf/D2_100010001_100_001/proof.lrat.gz	1726685307	1726685307	37665844b7664d7bf5c6b877379b715e54c0d1dac3806ec42d3c42a440749f21	37665844b7664d7bf5c6b877379b715e54c0d1dac3806ec42d3c42a440749f21	0	0	3d1f9e07898d24bf81ec235a7b00f5741b5e93fa233425ad2f7b8a2ffdfca8f3
LEAF_D2_100010001_100_010	LEAF	100010001	D2_100010001_100_010	/home/rb/conway99_workspace/o3_qsat_runs/task03_triangle_overnight_20260829/cubes/D2_100010001_100_010.cnf	ebb36f7d58e3a3691c6cb7e78ef951b9e7792762cf9135ffbd4682eb311992bf	2525292860	cbde2c4151d2153d07fb74bcf6305efe6de2dea92234ddd3350ac89180ce2127	/home/rb/conway99_workspace/o3_qsat_runs/task03_fullcert_1.1_20260829/cert/leaf/D2_100010001_100_010/proof.lrat.gz	776572383	776572383	c14303b0d5850486107b25adc1ebb50e4fdbc67d8307716812e0be43a08e3757	c14303b0d5850486107b25adc1ebb50e4fdbc67d8307716812e0be43a08e3757	0	0	cbde2c4151d2153d07fb74bcf6305efe6de2dea92234ddd3350ac89180ce2127
LEAF_D2_100010001_100_100	LEAF	100010001	D2_100010001_100_100	/home/rb/conway99_workspace/o3_qsat_runs/task03_triangle_overnight_20260829/cubes/D2_100010001_100_100.cnf	bb17e5c738c319a24d7ab5b3250cba5c9046caad7219ad4fe3cad91ac0f632ef	846882107	753dd11df5166a677c9df24dc34a16b50d459ccd13d93ad70482d84c388ebd51	/home/rb/conway99_workspace/o3_qsat_runs/task03_fullcert_1.1_20260829/cert/leaf/D2_100010001_100_100/proof.lrat.gz	226683796	226683796	572cf2440dbed0ff0bccda315d84de650f4bc77c5e9253d3e8c2a6314600183e	572cf2440dbed0ff0bccda315d84de650f4bc77c5e9253d3e8c2a6314600183e	0	0	753dd11df5166a677c9df24dc34a16b50d459ccd13d93ad70482d84c388ebd51
LEAF_D2_101000100_001_001	LEAF	101000100	D2_101000100_001_001	/home/rb/conway99_workspace/o3_qsat_runs/task03_triangle_overnight_20260829/cubes/D2_101000100_001_001.cnf	fde6e97aea6b8b26ee2b7369a9cda77b55d4883bc47a532e4b862f2cc73a5396	33158534	ce7885e5d184b40f1d44914855ae7396d27ac5d15bb37a70c1e2aedc3ff300c6	/home/rb/conway99_workspace/o3_qsat_runs/task03_fullcert_1.1_20260829/cert/leaf/D2_101000100_001_001/proof.lrat.gz	8499331	8499331	256453b40ebde17d92340593b26c813e44ec2d04fef3d228cfa29930b2f6e5a6	256453b40ebde17d92340593b26c813e44ec2d04fef3d228cfa29930b2f6e5a6	0	0	ce7885e5d184b40f1d44914855ae7396d27ac5d15bb37a70c1e2aedc3ff300c6
LEAF_D2_101000100_001_010	LEAF	101000100	D2_101000100_001_010	/home/rb/conway99_workspace/o3_qsat_runs/task03_triangle_overnight_20260829/cubes/D2_101000100_001_010.cnf	f88dd04507ecdd6eff8e818b3a3b4be36589d82e69a1d534cec7f2b5475b471b	56499992	54ddf494f277e4171a72a776a6bb8ac705dadd14b97db141fefb967abd0386ae	/home/rb/conway99_workspace/o3_qsat_runs/task03_fullcert_1.1_20260829/cert/leaf/D2_101000100_001_010/proof.lrat.gz	14093804	14093804	020d85ac09e79683013faa20ff31f572e003bc6e0fd39051128072dd049328d3	020d85ac09e79683013faa20ff31f572e003bc6e0fd39051128072dd049328d3	0	0	54ddf494f277e4171a72a776a6bb8ac705dadd14b97db141fefb967abd0386ae
LEAF_D2_101000100_100_001	LEAF	101000100	D2_101000100_100_001	/home/rb/conway99_workspace/o3_qsat_runs/task03_triangle_overnight_20260829/cubes/D2_101000100_100_001.cnf	79a96de16dbbe4e4ce0bf2b6cb364035b6315416cdd1a6706a37368445f16d72	1605798095	3faa446e04e6dcf9fdf6d4b3dc04541251ea1b07ac4dbdd6f367dea3c8cbcb7f	/home/rb/conway99_workspace/o3_qsat_runs/task03_fullcert_1.1_20260829/cert/leaf/D2_101000100_100_001/proof.lrat.gz	438243376	438243376	76ff12fbff7c5f4c88959b3150e537835d9f81edc55e748f48264c4551bc19f3	76ff12fbff7c5f4c88959b3150e537835d9f81edc55e748f48264c4551bc19f3	0	0	3faa446e04e6dcf9fdf6d4b3dc04541251ea1b07ac4dbdd6f367dea3c8cbcb7f
LEAF_D2_101000100_100_100	LEAF	101000100	D2_101000100_100_100	/home/rb/conway99_workspace/o3_qsat_runs/task03_triangle_overnight_20260829/cubes/D2_101000100_100_100.cnf	0df5d87d5e15622b066e6766036890c0c683a257be9e83669304fd0a499c2754	1089094814	60b0b36909b642fd8d7b4809391af7d7c751f9c44098e740e6e656c502eadf24	/home/rb/conway99_workspace/o3_qsat_runs/task03_fullcert_1.1_20260829/cert/leaf/D2_101000100_100_100/proof.lrat.gz	292688506	292688506	6af96fd5ad1919bf8c59323be8bb346358fd6ca57c91ce371c2e6d15f5ebd4ab	6af96fd5ad1919bf8c59323be8bb346358fd6ca57c91ce371c2e6d15f5ebd4ab	0	0	60b0b36909b642fd8d7b4809391af7d7c751f9c44098e740e6e656c502eadf24
LEAF_D3_000000000_001_001_001	LEAF	000000000	D3_000000000_001_001_001	/home/rb/conway99_workspace/o3_qsat_runs/task03_triangle_overnight_20260829/cubes/D3_000000000_001_001_001.cnf	ed329ba58bd21450573e8e1951c1cebc0125749b268e9926063e55a418490bb7	1187747229	2fcbb3d28ebfe1f5840f82a2e7a71d62942ca77bf6f052038a2c457cc8e8a907	/home/rb/conway99_workspace/o3_qsat_runs/task03_fullcert_1.1_20260829/cert/leaf/D3_000000000_001_001_001/proof.lrat.gz	304619913	304619913	4aa80783798f745daff0585da61046abc875c825cc481d6724d7319aa22c3e37	4aa80783798f745daff0585da61046abc875c825cc481d6724d7319aa22c3e37	0	0	2fcbb3d28ebfe1f5840f82a2e7a71d62942ca77bf6f052038a2c457cc8e8a907
LEAF_D3_000000000_001_001_010	LEAF	000000000	D3_000000000_001_001_010	/home/rb/conway99_workspace/o3_qsat_runs/task03_triangle_overnight_20260829/cubes/D3_000000000_001_001_010.cnf	fb8b80ef78c284be8d03fb4917749e482aead6db01f173ccf4c66165925cd4a4	7908529644	d1174d456effee856ad9a97769fe0a121c14b30a1d2cfd9469b0055392a8dec2	/home/rb/conway99_workspace/o3_qsat_runs/task03_fullcert_1.1_20260829/cert/leaf/D3_000000000_001_001_010/proof.lrat.gz	2324914815	2324914815	6264efc0d586b0ce79f52c23499b7f78cf17c18fb446baa72513a105a9bafc83	6264efc0d586b0ce79f52c23499b7f78cf17c18fb446baa72513a105a9bafc83	0	0	d1174d456effee856ad9a97769fe0a121c14b30a1d2cfd9469b0055392a8dec2
LEAF_D3_000000000_001_001_100	LEAF	000000000	D3_000000000_001_001_100	/home/rb/conway99_workspace/o3_qsat_runs/task03_triangle_overnight_20260829/cubes/D3_000000000_001_001_100.cnf	3c5ef88094da21aba709a4b782a7c30fb6bf123707d972afabb37644a6bd8bde	1898974980	8e6e9528827e7a565a5e011931aca8946d2551ae976fdc6f4810e669c22559bc	/home/rb/conway99_workspace/o3_qsat_runs/task03_fullcert_1.1_20260829/cert/leaf/D3_000000000_001_001_100/proof.lrat.gz	539982871	539982871	44180774b2b37671608bc88eb8904d0be0a5be1a4dc3047bc420b5abf70032f2	44180774b2b37671608bc88eb8904d0be0a5be1a4dc3047bc420b5abf70032f2	0	0	8e6e9528827e7a565a5e011931aca8946d2551ae976fdc6f4810e669c22559bc
LEAF_D3_000000000_010_001_001	LEAF	000000000	D3_000000000_010_001_001	/home/rb/conway99_workspace/o3_qsat_runs/task03_triangle_overnight_20260829/cubes/D3_000000000_010_001_001.cnf	e2489078827986c7ed08867bfb9e571ac396954476ace415ad6dfb153d5947c6	979787552	ccecea2fb0fc4325353d03147d635242ec0eec6c295697de134456952487be91	/home/rb/conway99_workspace/o3_qsat_runs/task03_fullcert_1.1_20260829/cert/leaf/D3_000000000_010_001_001/proof.lrat.gz	256604875	256604875	43de6877107d75031753526f7a795d0b3f4fc95b5095ad9a1319f1e40c31b8b4	43de6877107d75031753526f7a795d0b3f4fc95b5095ad9a1319f1e40c31b8b4	0	0	ccecea2fb0fc4325353d03147d635242ec0eec6c295697de134456952487be91
LEAF_D3_000000000_010_001_010	LEAF	000000000	D3_000000000_010_001_010	/home/rb/conway99_workspace/o3_qsat_runs/task03_triangle_overnight_20260829/cubes/D3_000000000_010_001_010.cnf	3727a48b5a0b07cdbcfdd0fddc0ff7153c2c4f901e60eab3377640a7538ebee6	3598755800	06925a730f2826fdb50e9f7981914b633c25e8e02d12c5d09149f1f016ad2d83	/home/rb/conway99_workspace/o3_qsat_runs/task03_fullcert_1.1_20260829/cert/leaf/D3_000000000_010_001_010/proof.lrat.gz	1090512410	1090512410	d83352845e77482c3958e6fd811e29a7f73e8e4d12ac58459be5b5620fb4576b	d83352845e77482c3958e6fd811e29a7f73e8e4d12ac58459be5b5620fb4576b	0	0	06925a730f2826fdb50e9f7981914b633c25e8e02d12c5d09149f1f016ad2d83
LEAF_D3_000000000_010_001_100	LEAF	000000000	D3_000000000_010_001_100	/home/rb/conway99_workspace/o3_qsat_runs/task03_triangle_overnight_20260829/cubes/D3_000000000_010_001_100.cnf	34c69988441d54c44fb621320685605e0c5ce90c16ec37bb8e62c352e73cad6b	35556897486	354b0b5651f2535b200b0e6f9306579ff1014b4086ec4070b3f30c02c0e66cbf	/home/rb/conway99_workspace/o3_qsat_runs/task03_fullcert_1.1_20260829/cert/leaf/D3_000000000_010_001_100/proof.lrat.gz	10938777055	10938777055	8dd062345ad807857071adfdfe554cffdad5006bdcfe95cee72ffda5af1036dd	8dd062345ad807857071adfdfe554cffdad5006bdcfe95cee72ffda5af1036dd	0	0	354b0b5651f2535b200b0e6f9306579ff1014b4086ec4070b3f30c02c0e66cbf
LEAF_D3_000000000_010_100_001	LEAF	000000000	D3_000000000_010_100_001	/home/rb/conway99_workspace/o3_qsat_runs/task03_triangle_overnight_20260829/cubes/D3_000000000_010_100_001.cnf	fed711052bb5a5a6a7a4b31c63ea724024ef8c36e0b7996711c6b5e7a1d447c7	1733015170	75bfcc48c081a04870c5b6df8d27ff28b6e571da25f940c16cc62280f33d5dc4	/home/rb/conway99_workspace/o3_qsat_runs/task03_fullcert_1.1_20260829/cert/leaf/D3_000000000_010_100_001/proof.lrat.gz	501619680	501619680	8a11978a12e33d8996d2156d6c3f3f68ee72a6660d37c00e6d3bd5372f8623fa	8a11978a12e33d8996d2156d6c3f3f68ee72a6660d37c00e6d3bd5372f8623fa	0	0	75bfcc48c081a04870c5b6df8d27ff28b6e571da25f940c16cc62280f33d5dc4
LEAF_D3_000000000_010_100_010	LEAF	000000000	D3_000000000_010_100_010	/home/rb/conway99_workspace/o3_qsat_runs/task03_triangle_overnight_20260829/cubes/D3_000000000_010_100_010.cnf	084414e6872fbbeba03aba69fc1f00887a8889e710f1b67c414ec063f0a851b6	21722752422	dc61f354b6acab1dfe60515e0a949d2ebccb1b9ae6464ca05f12c9a3afa733ef	/home/rb/conway99_workspace/o3_qsat_runs/task03_fullcert_1.1_20260829/cert/leaf/D3_000000000_010_100_010/proof.lrat.gz	6351920486	6351920486	0b23868344c1328538dda4d04e12b7255ee7abec82357d21c66d1bdc1934fdb2	0b23868344c1328538dda4d04e12b7255ee7abec82357d21c66d1bdc1934fdb2	0	0	dc61f354b6acab1dfe60515e0a949d2ebccb1b9ae6464ca05f12c9a3afa733ef
LEAF_D3_000000000_010_100_100	LEAF	000000000	D3_000000000_010_100_100	/home/rb/conway99_workspace/o3_qsat_runs/task03_triangle_overnight_20260829/cubes/D3_000000000_010_100_100.cnf	fa83562baa1dc04f8e956e477a655f03b0c4ef72eb5c04be2695ef4914f2a119	2331109820	733a726c568d1d653278e8785cf68950423ab9f02164108e466974c1c2df2882	/home/rb/conway99_workspace/o3_qsat_runs/task03_fullcert_1.1_20260829/cert/leaf/D3_000000000_010_100_100/proof.lrat.gz	685412181	685412181	52afb73dd89a4d54dccae289d0a2d44605b118ae5e258d1428e8cb8ca0769cc1	52afb73dd89a4d54dccae289d0a2d44605b118ae5e258d1428e8cb8ca0769cc1	0	0	733a726c568d1d653278e8785cf68950423ab9f02164108e466974c1c2df2882
LEAF_D3_000000000_100_001_001	LEAF	000000000	D3_000000000_100_001_001	/home/rb/conway99_workspace/o3_qsat_runs/task03_triangle_overnight_20260829/cubes/D3_000000000_100_001_001.cnf	4eb21f535bb2327bf6a41d4693713c0c54f9ec78076cc309f42ca7192a0cbf97	4291857773	24fd283575a14dd74d04fd5819edd98cfb9c2f52f692c1eb7f17ac6dae127379	/home/rb/conway99_workspace/o3_qsat_runs/task03_fullcert_1.1_20260829/cert/leaf/D3_000000000_100_001_001/proof.lrat.gz	1293096042	1293096042	5943d054f6fa1c26b8d3bd02e8b1a4066df1eefe8852e86dbb77b401d195e836	5943d054f6fa1c26b8d3bd02e8b1a4066df1eefe8852e86dbb77b401d195e836	0	0	24fd283575a14dd74d04fd5819edd98cfb9c2f52f692c1eb7f17ac6dae127379
LEAF_D3_000000000_100_001_010	LEAF	000000000	D3_000000000_100_001_010	/home/rb/conway99_workspace/o3_qsat_runs/task03_triangle_overnight_20260829/cubes/D3_000000000_100_001_010.cnf	b5ae6a411424faa46440bb8247dc2115d98b7b9076a209ea5d391ece53f6a3ef	2760891559	027edf1e323012a97a79a2165e3c68f159b065885e3c66499f2f55a3c318d65e	/home/rb/conway99_workspace/o3_qsat_runs/task03_fullcert_1.1_20260829/cert/leaf/D3_000000000_100_001_010/proof.lrat.gz	815342554	815342554	b68e13c9f2308dec86d2b8fa08c4d2374460ac44d746cc72bc3b4e1c3a1f8388	b68e13c9f2308dec86d2b8fa08c4d2374460ac44d746cc72bc3b4e1c3a1f8388	0	0	027edf1e323012a97a79a2165e3c68f159b065885e3c66499f2f55a3c318d65e
LEAF_D3_000000000_100_001_100	LEAF	000000000	D3_000000000_100_001_100	/home/rb/conway99_workspace/o3_qsat_runs/task03_triangle_overnight_20260829/cubes/D3_000000000_100_001_100.cnf	b4968ab8853ce245967c117f9c9415820916c8d6692420d10c46627894acbe99	2603018970	048d4a3db626fba7e51e2b36f7e283ebc09891cdef923afd8550ec728f98a0fb	/home/rb/conway99_workspace/o3_qsat_runs/task03_fullcert_1.1_20260829/cert/leaf/D3_000000000_100_001_100/proof.lrat.gz	721404811	721404811	4a8ec7829a30993abf31954b1495f21b09ab597d7f5df4b747ca06b91d9db940	4a8ec7829a30993abf31954b1495f21b09ab597d7f5df4b747ca06b91d9db940	0	0	048d4a3db626fba7e51e2b36f7e283ebc09891cdef923afd8550ec728f98a0fb
LEAF_D3_000000000_100_010_010	LEAF	000000000	D3_000000000_100_010_010	/home/rb/conway99_workspace/o3_qsat_runs/task03_triangle_overnight_20260829/cubes/D3_000000000_100_010_010.cnf	fc9b50278f9b25aefd49ed20459296380d3c8ca1f76161779b4d9cdf97223249	1386295333	6a0b650dc17faf6b0264b700949ff079b708641600f76f63464e16f918ce6870	/home/rb/conway99_workspace/o3_qsat_runs/task03_fullcert_1.1_20260829/cert/leaf/D3_000000000_100_010_010/proof.lrat.gz	413557785	413557785	be6e46d280f842289f7d73980032dec29b31f863846539b436111fea81bb8b0f	be6e46d280f842289f7d73980032dec29b31f863846539b436111fea81bb8b0f	0	0	6a0b650dc17faf6b0264b700949ff079b708641600f76f63464e16f918ce6870
LEAF_D3_000000000_100_010_100	LEAF	000000000	D3_000000000_100_010_100	/home/rb/conway99_workspace/o3_qsat_runs/task03_triangle_overnight_20260829/cubes/D3_000000000_100_010_100.cnf	1d0a601bece141a283f06f47b8a0c6325aaa9f7d91a8b571cfffbb08201a85a1	2740034251	39974a7fc505c500e33f8be1dadbcb1353937b4ae8d679a914454f58a20d5ea4	/home/rb/conway99_workspace/o3_qsat_runs/task03_fullcert_1.1_20260829/cert/leaf/D3_000000000_100_010_100/proof.lrat.gz	812033442	812033442	b66c12c761fb6f12005276d8a1b7c44c82868de65ac8b790405f207c712dd206	b66c12c761fb6f12005276d8a1b7c44c82868de65ac8b790405f207c712dd206	0	0	39974a7fc505c500e33f8be1dadbcb1353937b4ae8d679a914454f58a20d5ea4
LEAF_D3_001000100_010_010_001	LEAF	001000100	D3_001000100_010_010_001	/home/rb/conway99_workspace/o3_qsat_runs/task03_triangle_overnight_20260829/cubes/D3_001000100_010_010_001.cnf	96e4989d7f5f09d0d4abce2e622e858fe26fb87a47b5b581fbeacd3fa4e3191b	956769368	90563e1934c397cd8087bde2fc99a9aa84fe33bc5b2a46616566e5eb14bd9868	/home/rb/conway99_workspace/o3_qsat_runs/task03_fullcert_1.1_20260829/cert/leaf/D3_001000100_010_010_001/proof.lrat.gz	262143729	262143729	f372a9ea6849f4fdae63845536232e4ee433ff0f813dc84357553d68d8af385f	f372a9ea6849f4fdae63845536232e4ee433ff0f813dc84357553d68d8af385f	0	0	90563e1934c397cd8087bde2fc99a9aa84fe33bc5b2a46616566e5eb14bd9868
LEAF_D3_001000100_010_010_010	LEAF	001000100	D3_001000100_010_010_010	/home/rb/conway99_workspace/o3_qsat_runs/task03_triangle_overnight_20260829/cubes/D3_001000100_010_010_010.cnf	24120cafec733b3ff138dc2b9e4f5d7aa2d45301a557144185a8fb6f232b260d	1130546425	05cefa4f873a39ab12475b79f2a7e19f890b62506248a5204ea41db9bf97495c	/home/rb/conway99_workspace/o3_qsat_runs/task03_fullcert_1.1_20260829/cert/leaf/D3_001000100_010_010_010/proof.lrat.gz	303906738	303906738	4bcac7e6800995756b687c76fc413e71498d3064d40dbfdc4fc82453d68127fe	4bcac7e6800995756b687c76fc413e71498d3064d40dbfdc4fc82453d68127fe	0	0	05cefa4f873a39ab12475b79f2a7e19f890b62506248a5204ea41db9bf97495c
LEAF_D3_001000100_010_010_100	LEAF	001000100	D3_001000100_010_010_100	/home/rb/conway99_workspace/o3_qsat_runs/task03_triangle_overnight_20260829/cubes/D3_001000100_010_010_100.cnf	7e974eefb6f03f3a2347e13b64d37cb62b56fc74181867142d0ee33122ea72cb	514357184	ee7becd5513b87b2440cf3a04ec69a2fb78af7ae940cdf066e839e61359b56ef	/home/rb/conway99_workspace/o3_qsat_runs/task03_fullcert_1.1_20260829/cert/leaf/D3_001000100_010_010_100/proof.lrat.gz	135151006	135151006	936866ca5b23b4ff8612fa50d56f6a2873e98f29c633cf2875e0a157103cb864	936866ca5b23b4ff8612fa50d56f6a2873e98f29c633cf2875e0a157103cb864	0	0	ee7becd5513b87b2440cf3a04ec69a2fb78af7ae940cdf066e839e61359b56ef
LEAF_D3_101000100_001_100_010	LEAF	101000100	D3_101000100_001_100_010	/home/rb/conway99_workspace/o3_qsat_runs/task03_triangle_overnight_20260829/cubes/D3_101000100_001_100_010.cnf	2be012c5fa6300d9356333dac8d74fd9274772fb68b8f5253b0a0bbe484dc043	835356331	20a82838389e58357a1f6393b49ab847caff268076fb09781e9bf1bf1fb1ae3b	/home/rb/conway99_workspace/o3_qsat_runs/task03_fullcert_1.1_20260829/cert/leaf/D3_101000100_001_100_010/proof.lrat.gz	221959433	221959433	b6ee652be7963a5ab348b02757f3007da6e0ef257a8366ff7ddcc37021ba578b	b6ee652be7963a5ab348b02757f3007da6e0ef257a8366ff7ddcc37021ba578b	0	0	20a82838389e58357a1f6393b49ab847caff268076fb09781e9bf1bf1fb1ae3b
LEAF_D3_101000100_001_100_100	LEAF	101000100	D3_101000100_001_100_100	/home/rb/conway99_workspace/o3_qsat_runs/task03_triangle_overnight_20260829/cubes/D3_101000100_001_100_100.cnf	3cd6b58221c869c34f6d7417c058cfc4b79c3448af39e10e9550784fe0dfbfdd	34645209	a1005a262f06eb3da19aa64e0453f835f5e17ef4ee06ff6a5c9fd12546ae2f0c	/home/rb/conway99_workspace/o3_qsat_runs/task03_fullcert_1.1_20260829/cert/leaf/D3_101000100_001_100_100/proof.lrat.gz	8930822	8930822	139ddf1bbef5570470942f0412064c9fbc7f62ed5e6c10cfb9db21afc7992fa8	139ddf1bbef5570470942f0412064c9fbc7f62ed5e6c10cfb9db21afc7992fa8	0	0	a1005a262f06eb3da19aa64e0453f835f5e17ef4ee06ff6a5c9fd12546ae2f0c
LEAF_D3_101000100_010_001_001	LEAF	101000100	D3_101000100_010_001_001	/home/rb/conway99_workspace/o3_qsat_runs/task03_triangle_overnight_20260829/cubes/D3_101000100_010_001_001.cnf	495ee3a0cee5481595d06add8a65fa5107f49c61ac738f350c68497b2048c95b	36133793	b34ca2db978a45cf53267526d79cbb0923628db817c1d350da56e4b1507393cc	/home/rb/conway99_workspace/o3_qsat_runs/task03_fullcert_1.1_20260829/cert/leaf/D3_101000100_010_001_001/proof.lrat.gz	9276231	9276231	aad55951d19ea6feda143e4d051f3abfbebbdf507af77b77c4312f72220bf5bc	aad55951d19ea6feda143e4d051f3abfbebbdf507af77b77c4312f72220bf5bc	0	0	b34ca2db978a45cf53267526d79cbb0923628db817c1d350da56e4b1507393cc
LEAF_D3_101000100_010_001_100	LEAF	101000100	D3_101000100_010_001_100	/home/rb/conway99_workspace/o3_qsat_runs/task03_triangle_overnight_20260829/cubes/D3_101000100_010_001_100.cnf	70355ab321bf98f421d7a5c18ff60daaf4d0f47be8e507fc141325e2b54df0fb	33498735	e3c434b376d9e31a1afd8bb8c0219ad2682df58d551e9173154b320f21246d14	/home/rb/conway99_workspace/o3_qsat_runs/task03_fullcert_1.1_20260829/cert/leaf/D3_101000100_010_001_100/proof.lrat.gz	8667073	8667073	753e04dbe114f3c2b9687b8ddb728e1469177979201cbe53f0d4a58500c5fd6b	753e04dbe114f3c2b9687b8ddb728e1469177979201cbe53f0d4a58500c5fd6b	0	0	e3c434b376d9e31a1afd8bb8c0219ad2682df58d551e9173154b320f21246d14
LEAF_D3_101000100_010_010_001	LEAF	101000100	D3_101000100_010_010_001	/home/rb/conway99_workspace/o3_qsat_runs/task03_triangle_overnight_20260829/cubes/D3_101000100_010_010_001.cnf	26b10638fee7a296cc5ae7f5cba45e3bd66c5ef5b6a421e88ab24034cfac708d	41417265	8f5053c3e80c55edeff26e58d78c80273e867987530d2a70293257a12539a383	/home/rb/conway99_workspace/o3_qsat_runs/task03_fullcert_1.1_20260829/cert/leaf/D3_101000100_010_010_001/proof.lrat.gz	10475747	10475747	f242a1eb5d6eea740fcaf2e63c3d2ee1cd8129a303ecfd44528d857d96cc1370	f242a1eb5d6eea740fcaf2e63c3d2ee1cd8129a303ecfd44528d857d96cc1370	0	0	8f5053c3e80c55edeff26e58d78c80273e867987530d2a70293257a12539a383
LEAF_D3_101000100_010_100_001	LEAF	101000100	D3_101000100_010_100_001	/home/rb/conway99_workspace/o3_qsat_runs/task03_triangle_overnight_20260829/cubes/D3_101000100_010_100_001.cnf	f6619769afe00e024f69ebc41e78860bce1b5797b5daf60dba93d7a899f59ddb	40596597	fe385486ea6d31533b3f11ed6e901e1c17d91f34f6628332a71b713f54462368	/home/rb/conway99_workspace/o3_qsat_runs/task03_fullcert_1.1_20260829/cert/leaf/D3_101000100_010_100_001/proof.lrat.gz	10319054	10319054	6cedd8d75401a85ee4da798fd635bc092fef78a540eba985828eafa840f8dea2	6cedd8d75401a85ee4da798fd635bc092fef78a540eba985828eafa840f8dea2	0	0	fe385486ea6d31533b3f11ed6e901e1c17d91f34f6628332a71b713f54462368
LEAF_D3_101000100_010_100_100	LEAF	101000100	D3_101000100_010_100_100	/home/rb/conway99_workspace/o3_qsat_runs/task03_triangle_overnight_20260829/cubes/D3_101000100_010_100_100.cnf	efcaf3202633f68271e9ec3f04a2d2d01c757a0977900ff720ab4e0208c7c85a	175498157	d319a4047b7136bbafbbd1e8671c7f497cc1e14b379dfa6804cc70458dad37c1	/home/rb/conway99_workspace/o3_qsat_runs/task03_fullcert_1.1_20260829/cert/leaf/D3_101000100_010_100_100/proof.lrat.gz	45083491	45083491	b0eb53586c8080b8600dc437782da7034fed98f5d7b266b83421bbec9a9c2cc5	b0eb53586c8080b8600dc437782da7034fed98f5d7b266b83421bbec9a9c2cc5	0	0	d319a4047b7136bbafbbd1e8671c7f497cc1e14b379dfa6804cc70458dad37c1
LEAF_D3_101000100_100_010_001	LEAF	101000100	D3_101000100_100_010_001	/home/rb/conway99_workspace/o3_qsat_runs/task03_triangle_overnight_20260829/cubes/D3_101000100_100_010_001.cnf	13fa4a23b7d3c89a86dbb5fe7541d9c1e552ec06474fbd906e854f49ecec1b9d	34450875	05adb230af156646987ddcb2e866a477b8a7edcb73e1f8b3c2f85d709c7b24c2	/home/rb/conway99_workspace/o3_qsat_runs/task03_fullcert_1.1_20260829/cert/leaf/D3_101000100_100_010_001/proof.lrat.gz	8876865	8876865	af09b5216288b519c115ca9c484f12dccfe6b0a439526127580a47487a4a5779	af09b5216288b519c115ca9c484f12dccfe6b0a439526127580a47487a4a5779	0	0	05adb230af156646987ddcb2e866a477b8a7edcb73e1f8b3c2f85d709c7b24c2
LEAF_D3_101000100_100_010_100	LEAF	101000100	D3_101000100_100_010_100	/home/rb/conway99_workspace/o3_qsat_runs/task03_triangle_overnight_20260829/cubes/D3_101000100_100_010_100.cnf	d06b1898868f37cb60fb6309528a053f0792e32420bab3a244178e9b8b5bdf9a	154252806	9e3dd5f9ff977c1476903ad2c4a25e4b8dcd68ab829d5c8e212cc11090685f9a	/home/rb/conway99_workspace/o3_qsat_runs/task03_fullcert_1.1_20260829/cert/leaf/D3_101000100_100_010_100/proof.lrat.gz	40151897	40151897	5e92887f79aa781fd1ce8736e992878cb0b406c599fe2a57f259b63fe8ce8bef	5e92887f79aa781fd1ce8736e992878cb0b406c599fe2a57f259b63fe8ce8bef	0	0	9e3dd5f9ff977c1476903ad2c4a25e4b8dcd68ab829d5c8e212cc11090685f9a
LEAF_D4_000000000_100_010_001_001	LEAF	000000000	D4_000000000_100_010_001_001	/home/rb/conway99_workspace/o3_qsat_runs/task03_triangle_overnight_20260829/cubes/D4_000000000_100_010_001_001.cnf	44df6ef93d0748cf61be2869403a6c179f5048584b51958bd68c79a6efb935a9	2785043781	1fc39e575c34f83b6c7c73cacafc5346cc20860f46625bdee1812504c503f035	/home/rb/conway99_workspace/o3_qsat_runs/task03_fullcert_1.1_20260829/cert/leaf/D4_000000000_100_010_001_001/proof.lrat.gz	761100206	761100206	3f6f665f1aecf4170bc41a1bc8dab7c9db1e27c66247a9d0469503dc801ea289	3f6f665f1aecf4170bc41a1bc8dab7c9db1e27c66247a9d0469503dc801ea289	0	0	1fc39e575c34f83b6c7c73cacafc5346cc20860f46625bdee1812504c503f035
LEAF_D4_000000000_100_010_001_010	LEAF	000000000	D4_000000000_100_010_001_010	/home/rb/conway99_workspace/o3_qsat_runs/task03_triangle_overnight_20260829/cubes/D4_000000000_100_010_001_010.cnf	31476a09846def417cd894617c2e1e511b696a2129638dd8637a35c0b96fe1be	2076155099	4e64803eaf7a10267da832f00ca16ecb3786a30ad4cff2965606360a414f2949	/home/rb/conway99_workspace/o3_qsat_runs/task03_fullcert_1.1_20260829/cert/leaf/D4_000000000_100_010_001_010/proof.lrat.gz	605961058	605961058	414ef6d063b2e85e4185678dfc49eb6e539c3d2a286ac0b7b9a693941ba4dec1	414ef6d063b2e85e4185678dfc49eb6e539c3d2a286ac0b7b9a693941ba4dec1	0	0	4e64803eaf7a10267da832f00ca16ecb3786a30ad4cff2965606360a414f2949
LEAF_D4_000000000_100_010_001_100	LEAF	000000000	D4_000000000_100_010_001_100	/home/rb/conway99_workspace/o3_qsat_runs/task03_triangle_overnight_20260829/cubes/D4_000000000_100_010_001_100.cnf	2f81416b860d39eb354b41c28742dc6c04fbea46577347f54ee84d816089885e	2682163054	d9cce3f6f75db6443757c3527614db9f796d0d1ce40bffae8ef474f22f025a97	/home/rb/conway99_workspace/o3_qsat_runs/task03_fullcert_1.1_20260829/cert/leaf/D4_000000000_100_010_001_100/proof.lrat.gz	786177778	786177778	c91a31d453086cd2586c281a4d25792df17e3aa107f9ce16d7f271f0c014f41d	c91a31d453086cd2586c281a4d25792df17e3aa107f9ce16d7f271f0c014f41d	0	0	d9cce3f6f75db6443757c3527614db9f796d0d1ce40bffae8ef474f22f025a97
LEAF_D4_000101001_100_010_001_001	LEAF	000101001	D4_000101001_100_010_001_001	/home/rb/conway99_workspace/o3_qsat_runs/task03_triangle_overnight_20260829/cubes/D4_000101001_100_010_001_001.cnf	84f4a525d7af9c26002d5e8334f2acde0670021b69daa0f58e1d7ea6327f8d5c	40719083	84e9e25d40f70fa600519e43596e254efa621b50b1499a3796db2df622e9fe34	/home/rb/conway99_workspace/o3_qsat_runs/task03_fullcert_1.1_20260829/cert/leaf/D4_000101001_100_010_001_001/proof.lrat.gz	10509389	10509389	350536b25553b3e53298d1aa3aff6d3902b2e0577fd3cc369bd6ad7699b8d482	350536b25553b3e53298d1aa3aff6d3902b2e0577fd3cc369bd6ad7699b8d482	0	0	84e9e25d40f70fa600519e43596e254efa621b50b1499a3796db2df622e9fe34
LEAF_D4_000101001_100_010_010_001	LEAF	000101001	D4_000101001_100_010_010_001	/home/rb/conway99_workspace/o3_qsat_runs/task03_triangle_overnight_20260829/cubes/D4_000101001_100_010_010_001.cnf	624e1fd53799e3758c24dd35c81e25f6fe1182bc70fcec8e356a968893b7edc8	54375280	1fcdb24274f06154cfb0a47d2c05c7adb602ad2dfae120bf4ee4a7c62f7a0a72	/home/rb/conway99_workspace/o3_qsat_runs/task03_fullcert_1.1_20260829/cert/leaf/D4_000101001_100_010_010_001/proof.lrat.gz	13447742	13447742	40eb9b48942ad5395311f8c29ee003efef8b939f7b4b5585e05eee5d45a7cb01	40eb9b48942ad5395311f8c29ee003efef8b939f7b4b5585e05eee5d45a7cb01	0	0	1fcdb24274f06154cfb0a47d2c05c7adb602ad2dfae120bf4ee4a7c62f7a0a72
LEAF_D4_000101001_100_010_010_010	LEAF	000101001	D4_000101001_100_010_010_010	/home/rb/conway99_workspace/o3_qsat_runs/task03_triangle_overnight_20260829/cubes/D4_000101001_100_010_010_010.cnf	e064cadb62715d4b790945b066a542627084323a8ae3282742326803718d0311	35214402	3d0275924238e82cbf2e2255c3f8c05a1f33a68e364063619514fb4b39f37a60	/home/rb/conway99_workspace/o3_qsat_runs/task03_fullcert_1.1_20260829/cert/leaf/D4_000101001_100_010_010_010/proof.lrat.gz	9149756	9149756	14e29c04b2c6d16e9c0882e1f285287e042db71adf865dc110a29bb406a240b0	14e29c04b2c6d16e9c0882e1f285287e042db71adf865dc110a29bb406a240b0	0	0	3d0275924238e82cbf2e2255c3f8c05a1f33a68e364063619514fb4b39f37a60
LEAF_D4_000101001_100_010_100_010	LEAF	000101001	D4_000101001_100_010_100_010	/home/rb/conway99_workspace/o3_qsat_runs/task03_triangle_overnight_20260829/cubes/D4_000101001_100_010_100_010.cnf	447c92046a3a52eb53d25623dd824016e35a2bb627f61f065e5718d853e71b45	34762856	7c8ec1a4d1e07f4808d520c376a3b6235af1e3a5a9849fd132e4b27898458c88	/home/rb/conway99_workspace/o3_qsat_runs/task03_fullcert_1.1_20260829/cert/leaf/D4_000101001_100_010_100_010/proof.lrat.gz	9021047	9021047	cd8412a195f70e5cefb920cf4219ad4cade42cf15a9f9c47babd810eb88b5da6	cd8412a195f70e5cefb920cf4219ad4cade42cf15a9f9c47babd810eb88b5da6	0	0	7c8ec1a4d1e07f4808d520c376a3b6235af1e3a5a9849fd132e4b27898458c88
LEAF_D4_000101001_100_010_100_100	LEAF	000101001	D4_000101001_100_010_100_100	/home/rb/conway99_workspace/o3_qsat_runs/task03_triangle_overnight_20260829/cubes/D4_000101001_100_010_100_100.cnf	4a7544e09cc0a9d3687b6abc2bb2a361ec6506a668afbb91b13ff88968b39a1c	34415799	2ca6cb570b3888533bb4ac9cb50add15bc6e425f99a780a07b05c9dd4187d439	/home/rb/conway99_workspace/o3_qsat_runs/task03_fullcert_1.1_20260829/cert/leaf/D4_000101001_100_010_100_100/proof.lrat.gz	8962187	8962187	1f9bb98978b778d610916fd60f9e7cccdb5b9ad3567b4ffdc1cf407b72f2fdea	1f9bb98978b778d610916fd60f9e7cccdb5b9ad3567b4ffdc1cf407b72f2fdea	0	0	2ca6cb570b3888533bb4ac9cb50add15bc6e425f99a780a07b05c9dd4187d439
LEAF_D4_101000100_001_100_001_100	LEAF	101000100	D4_101000100_001_100_001_100	/home/rb/conway99_workspace/o3_qsat_runs/task03_triangle_overnight_20260829/cubes/D4_101000100_001_100_001_100.cnf	95d5bc03c18579124ff153369cb8aec1ac516f43a0615ff5505bcc179fbec7fc	34103194	4e69d3a15257403363b85c652fbc7e2ef2179168afe9e495244c3ca746662028	/home/rb/conway99_workspace/o3_qsat_runs/task03_fullcert_1.1_20260829/cert/leaf/D4_101000100_001_100_001_100/proof.lrat.gz	8857942	8857942	22dd07dee21e9fc076ee4139a1b30808ffad35d6eb49488e62d36eb966acef52	22dd07dee21e9fc076ee4139a1b30808ffad35d6eb49488e62d36eb966acef52	0	0	4e69d3a15257403363b85c652fbc7e2ef2179168afe9e495244c3ca746662028
LEAF_D4_101000100_010_001_010_010	LEAF	101000100	D4_101000100_010_001_010_010	/home/rb/conway99_workspace/o3_qsat_runs/task03_triangle_overnight_20260829/cubes/D4_101000100_010_001_010_010.cnf	20247b79fb1565dcd76e05c633250b0d2ee6eaa961132aae1805782d69a9f9c6	35235808	4cdb2a7fd32dca80b01e557fb7583b335b124f23c71f7f7baa4c362b9a1b87ec	/home/rb/conway99_workspace/o3_qsat_runs/task03_fullcert_1.1_20260829/cert/leaf/D4_101000100_010_001_010_010/proof.lrat.gz	9137372	9137372	87a72505a396a674f23bf17386eda13fd9c3adac1c1e65bd30697da8c9c2c846	87a72505a396a674f23bf17386eda13fd9c3adac1c1e65bd30697da8c9c2c846	0	0	4cdb2a7fd32dca80b01e557fb7583b335b124f23c71f7f7baa4c362b9a1b87ec
LEAF_D4_101000100_010_001_010_100	LEAF	101000100	D4_101000100_010_001_010_100	/home/rb/conway99_workspace/o3_qsat_runs/task03_triangle_overnight_20260829/cubes/D4_101000100_010_001_010_100.cnf	d04221a16416f06f79fe41eef17d2bc6d0aa42841f2cc9b49b1e307cc6b40d06	44463597	aa6c85be38e1703a0dc7780cc12bd9c3c779e2c6a67968e67a05d53dd508b952	/home/rb/conway99_workspace/o3_qsat_runs/task03_fullcert_1.1_20260829/cert/leaf/D4_101000100_010_001_010_100/proof.lrat.gz	11439515	11439515	4d9d8ac465bd1ea091119f86d1ee21f94dc9c1c71e9ed5dcb6743969191761a7	4d9d8ac465bd1ea091119f86d1ee21f94dc9c1c71e9ed5dcb6743969191761a7	0	0	aa6c85be38e1703a0dc7780cc12bd9c3c779e2c6a67968e67a05d53dd508b952
LEAF_D4_101000100_010_010_010_010	LEAF	101000100	D4_101000100_010_010_010_010	/home/rb/conway99_workspace/o3_qsat_runs/task03_triangle_overnight_20260829/cubes/D4_101000100_010_010_010_010.cnf	d3ec5c56600a3a5efc13b2cf463a078fb667257ef83b12a8ec0ec5779307eecf	46356277	b64fae65faebb37491ad89f04fcff18b402bdb6abd8f16d76449f32ed15e33b1	/home/rb/conway99_workspace/o3_qsat_runs/task03_fullcert_1.1_20260829/cert/leaf/D4_101000100_010_010_010_010/proof.lrat.gz	12136625	12136625	dc909542684fb57b20b5147f2213bd1c386901b9a2bf3bc8810c69689e88ec1c	dc909542684fb57b20b5147f2213bd1c386901b9a2bf3bc8810c69689e88ec1c	0	0	b64fae65faebb37491ad89f04fcff18b402bdb6abd8f16d76449f32ed15e33b1
LEAF_D4_101000100_010_010_100_100	LEAF	101000100	D4_101000100_010_010_100_100	/home/rb/conway99_workspace/o3_qsat_runs/task03_triangle_overnight_20260829/cubes/D4_101000100_010_010_100_100.cnf	0739a2b015a3cc4e8306392eda87839e5e8f42b5bd8cd6fa5db643072d5c896f	34675497	c6418629999c26a5ce400011c948d18e13b39e5152a79eb047d68853dccbc31b	/home/rb/conway99_workspace/o3_qsat_runs/task03_fullcert_1.1_20260829/cert/leaf/D4_101000100_010_010_100_100/proof.lrat.gz	9007031	9007031	633cef0d62b3434c43ebd5bb44dfcb8287de15b11eabf3402a10018a447084ec	633cef0d62b3434c43ebd5bb44dfcb8287de15b11eabf3402a10018a447084ec	0	0	c6418629999c26a5ce400011c948d18e13b39e5152a79eb047d68853dccbc31b
LEAF_D4_101000100_010_100_010_001	LEAF	101000100	D4_101000100_010_100_010_001	/home/rb/conway99_workspace/o3_qsat_runs/task03_triangle_overnight_20260829/cubes/D4_101000100_010_100_010_001.cnf	d231b6741f0845c57bdf02eab028ab4a3f4d4a7ca270fc8d422bf012bec9608a	34150487	b01de84c3a559ed9257eebbd3d1c37879e2c314e148b7bf521eda31afad61929	/home/rb/conway99_workspace/o3_qsat_runs/task03_fullcert_1.1_20260829/cert/leaf/D4_101000100_010_100_010_001/proof.lrat.gz	8886515	8886515	6c29cec636d83b8ee195e2c076d3a872419b84c4342f3ca493646b9a1cfced66	6c29cec636d83b8ee195e2c076d3a872419b84c4342f3ca493646b9a1cfced66	0	0	b01de84c3a559ed9257eebbd3d1c37879e2c314e148b7bf521eda31afad61929
LEAF_D4_101000100_010_100_010_010	LEAF	101000100	D4_101000100_010_100_010_010	/home/rb/conway99_workspace/o3_qsat_runs/task03_triangle_overnight_20260829/cubes/D4_101000100_010_100_010_010.cnf	3fdf44263f51c4753da2e9728d344de4ee50b5583804beda4a4e1567921ea3df	48890141	610cd83705fbdf81cc40f4d017bd04e0ee4f1ed2f40226c462925cf25409c47d	/home/rb/conway99_workspace/o3_qsat_runs/task03_fullcert_1.1_20260829/cert/leaf/D4_101000100_010_100_010_010/proof.lrat.gz	12898789	12898789	43f3234e9957c01c50c47f49326b8731f074290e0333f2063d8c71882f509512	43f3234e9957c01c50c47f49326b8731f074290e0333f2063d8c71882f509512	0	0	610cd83705fbdf81cc40f4d017bd04e0ee4f1ed2f40226c462925cf25409c47d
LEAF_D4_101000100_010_100_010_100	LEAF	101000100	D4_101000100_010_100_010_100	/home/rb/conway99_workspace/o3_qsat_runs/task03_triangle_overnight_20260829/cubes/D4_101000100_010_100_010_100.cnf	f6ff50c9a0ec33b4541b976d24b99e472c21bb13f20ba43fe79ee89157d94e3b	34074252	b58720ac3cc10343d30f192eb403b2ecc83eb8c6b02cc925112bb1cd5c2fffc0	/home/rb/conway99_workspace/o3_qsat_runs/task03_fullcert_1.1_20260829/cert/leaf/D4_101000100_010_100_010_100/proof.lrat.gz	8862098	8862098	acdf98a32eecf99d54d3ff643d42f1617b9593693c02f3ef5a26e5f423150233	acdf98a32eecf99d54d3ff643d42f1617b9593693c02f3ef5a26e5f423150233	0	0	b58720ac3cc10343d30f192eb403b2ecc83eb8c6b02cc925112bb1cd5c2fffc0
LEAF_D4_101000100_100_010_010_010	LEAF	101000100	D4_101000100_100_010_010_010	/home/rb/conway99_workspace/o3_qsat_runs/task03_triangle_overnight_20260829/cubes/D4_101000100_100_010_010_010.cnf	361e5fa573a54cbb5682213d2ee5a105656afc5de084469630b60ec3a5b6c386	35129348	81337d11525636965e61583168ab7d142f580f565548d5ea20874fa4cc88d16f	/home/rb/conway99_workspace/o3_qsat_runs/task03_fullcert_1.1_20260829/cert/leaf/D4_101000100_100_010_010_010/proof.lrat.gz	9096062	9096062	6b17a790def247a30305e54952aa92374f43dde99e61e75f4ba3bca04775d5d3	6b17a790def247a30305e54952aa92374f43dde99e61e75f4ba3bca04775d5d3	0	0	81337d11525636965e61583168ab7d142f580f565548d5ea20874fa4cc88d16f
LEAF_D5_000101001_100_010_001_010_001	LEAF	000101001	D5_000101001_100_010_001_010_001	/home/rb/conway99_workspace/o3_qsat_runs/task03_triangle_overnight_20260829/cubes/D5_000101001_100_010_001_010_001.cnf	c0c5be1861ac1df38f8d030b7896df854e3852c98a32b0cabd62d430866d178c	49962368	efc34b7948bddf074c89b332294cf948369d906922896911517a63aa3cebebc3	/home/rb/conway99_workspace/o3_qsat_runs/task03_fullcert_1.1_20260829/cert/leaf/D5_000101001_100_010_001_010_001/proof.lrat.gz	12727565	12727565	fbec9979530cf73bdd49ae1a7cad72036d0629403ae172aa1b4e9fe1bd7545cf	fbec9979530cf73bdd49ae1a7cad72036d0629403ae172aa1b4e9fe1bd7545cf	0	0	efc34b7948bddf074c89b332294cf948369d906922896911517a63aa3cebebc3
LEAF_D5_000101001_100_010_001_010_010	LEAF	000101001	D5_000101001_100_010_001_010_010	/home/rb/conway99_workspace/o3_qsat_runs/task03_triangle_overnight_20260829/cubes/D5_000101001_100_010_001_010_010.cnf	15b8aa3b880a9a33c204f25c2b6b632e766b1159cfad310d36c948f985907d27	102901408	9483d0fd9b6eac28fcf98a89de60aac0cdbd816f19306c2a8913602d224f8c45	/home/rb/conway99_workspace/o3_qsat_runs/task03_fullcert_1.1_20260829/cert/leaf/D5_000101001_100_010_001_010_010/proof.lrat.gz	25422815	25422815	9cf71bd9b9bd10d5eb3e3aaad70c0fd4ebc0ae24ef51358ee2e209a27d8c7f10	9cf71bd9b9bd10d5eb3e3aaad70c0fd4ebc0ae24ef51358ee2e209a27d8c7f10	0	0	9483d0fd9b6eac28fcf98a89de60aac0cdbd816f19306c2a8913602d224f8c45
LEAF_D5_000101001_100_010_001_010_100	LEAF	000101001	D5_000101001_100_010_001_010_100	/home/rb/conway99_workspace/o3_qsat_runs/task03_triangle_overnight_20260829/cubes/D5_000101001_100_010_001_010_100.cnf	01337b04081e9afae4b1e95d62da15767345a6816a31ce3a6f50d34f8c35269d	35696215	e2a1a54f8ce2da91b3c98ecdedb13f0f8f3b0d2e7a3601fc6d4c2fd45d5df3de	/home/rb/conway99_workspace/o3_qsat_runs/task03_fullcert_1.1_20260829/cert/leaf/D5_000101001_100_010_001_010_100/proof.lrat.gz	9308171	9308171	47cf49b86ed6150d71d59a30573a805849cd419c07c30f5b51c163c8a0f56849	47cf49b86ed6150d71d59a30573a805849cd419c07c30f5b51c163c8a0f56849	0	0	e2a1a54f8ce2da91b3c98ecdedb13f0f8f3b0d2e7a3601fc6d4c2fd45d5df3de
LEAF_D5_000101001_100_010_001_100_001	LEAF	000101001	D5_000101001_100_010_001_100_001	/home/rb/conway99_workspace/o3_qsat_runs/task03_triangle_overnight_20260829/cubes/D5_000101001_100_010_001_100_001.cnf	54f8885d08be3f761c07ad62ac6f3264f52047530489cc3ebe802387d8d64d58	41721254	393fe9042e9a3218162eb377a2f7b322e4562706cf7ccfe0d38989f203dca84b	/home/rb/conway99_workspace/o3_qsat_runs/task03_fullcert_1.1_20260829/cert/leaf/D5_000101001_100_010_001_100_001/proof.lrat.gz	10659006	10659006	812e95e34122f4061ece70347a47e8ccbc2fa066167a2aedded3abd295544786	812e95e34122f4061ece70347a47e8ccbc2fa066167a2aedded3abd295544786	0	0	393fe9042e9a3218162eb377a2f7b322e4562706cf7ccfe0d38989f203dca84b
LEAF_D5_000101001_100_010_001_100_010	LEAF	000101001	D5_000101001_100_010_001_100_010	/home/rb/conway99_workspace/o3_qsat_runs/task03_triangle_overnight_20260829/cubes/D5_000101001_100_010_001_100_010.cnf	b4309b07379aa9d48398f44918c75cb42da8c746badf09ecd7e412f26263a266	93997008	11d4ee6d9f620aeee6c983cbe3f80b112b4ededef35e0d5be149355f4d5c7c38	/home/rb/conway99_workspace/o3_qsat_runs/task03_fullcert_1.1_20260829/cert/leaf/D5_000101001_100_010_001_100_010/proof.lrat.gz	25210252	25210252	4cdd473b20a77475133266ffdf9bc9d663355ce84b632cbe67893c85be4661c8	4cdd473b20a77475133266ffdf9bc9d663355ce84b632cbe67893c85be4661c8	0	0	11d4ee6d9f620aeee6c983cbe3f80b112b4ededef35e0d5be149355f4d5c7c38
LEAF_D5_000101001_100_010_001_100_100	LEAF	000101001	D5_000101001_100_010_001_100_100	/home/rb/conway99_workspace/o3_qsat_runs/task03_triangle_overnight_20260829/cubes/D5_000101001_100_010_001_100_100.cnf	c14c7c558087df38a552fd632b6b468969531bcc64005a0a24bb3196acc6ce3b	36953355	11a4fa7003c2c2af9e40acefb4943a66f2e03fe8e4f752da4908bd010c913443	/home/rb/conway99_workspace/o3_qsat_runs/task03_fullcert_1.1_20260829/cert/leaf/D5_000101001_100_010_001_100_100/proof.lrat.gz	9712365	9712365	32bbd41742fb296a26d65757561477919803de330a5de8f59685b31949ceb941	32bbd41742fb296a26d65757561477919803de330a5de8f59685b31949ceb941	0	0	11a4fa7003c2c2af9e40acefb4943a66f2e03fe8e4f752da4908bd010c913443
LEAF_D5_000101001_100_010_010_100_001	LEAF	000101001	D5_000101001_100_010_010_100_001	/home/rb/conway99_workspace/o3_qsat_runs/task03_triangle_overnight_20260829/cubes/D5_000101001_100_010_010_100_001.cnf	4650467e09d6367064681bce0a856aef7d547639ccecd3381ab3f312f62e72fd	81868057	18a6747c529a315a70484f85a41b977e3d07562dbe2d7f3362f24d3b3e04808a	/home/rb/conway99_workspace/o3_qsat_runs/task03_fullcert_1.1_20260829/cert/leaf/D5_000101001_100_010_010_100_001/proof.lrat.gz	20958325	20958325	f8fe0901baeb5de6a5f681098d6f6befffd47bcb65285de488d497de15cffacb	f8fe0901baeb5de6a5f681098d6f6befffd47bcb65285de488d497de15cffacb	0	0	18a6747c529a315a70484f85a41b977e3d07562dbe2d7f3362f24d3b3e04808a
LEAF_D5_000101001_100_010_010_100_010	LEAF	000101001	D5_000101001_100_010_010_100_010	/home/rb/conway99_workspace/o3_qsat_runs/task03_triangle_overnight_20260829/cubes/D5_000101001_100_010_010_100_010.cnf	aa58112780ebc21cc10952706df2b4960b5e20e8dda79dc966961d8ec6a9e615	39065578	4eaead9f67d370906f4d984de4823347c90aa201d657dd78660a5092f11ddf99	/home/rb/conway99_workspace/o3_qsat_runs/task03_fullcert_1.1_20260829/cert/leaf/D5_000101001_100_010_010_100_010/proof.lrat.gz	10055809	10055809	5b1190d9e2699976a484b357633cea07869da2edacdf33ae13000bfda5d25b5e	5b1190d9e2699976a484b357633cea07869da2edacdf33ae13000bfda5d25b5e	0	0	4eaead9f67d370906f4d984de4823347c90aa201d657dd78660a5092f11ddf99
LEAF_D5_000101001_100_010_010_100_100	LEAF	000101001	D5_000101001_100_010_010_100_100	/home/rb/conway99_workspace/o3_qsat_runs/task03_triangle_overnight_20260829/cubes/D5_000101001_100_010_010_100_100.cnf	8c2d52163347b39315093d16597f11546c14ab7b8a7af45e2555a5eef073e2b1	42661986	2cdd32e8684c8592c2a465e47e1ce9b0623a37a144ee5775769702d9cbda203e	/home/rb/conway99_workspace/o3_qsat_runs/task03_fullcert_1.1_20260829/cert/leaf/D5_000101001_100_010_010_100_100/proof.lrat.gz	11043331	11043331	accfc4e7e2ae6ed46e418eb00b564d6f1870817d19e76cc1e296a5b43cfde0ba	accfc4e7e2ae6ed46e418eb00b564d6f1870817d19e76cc1e296a5b43cfde0ba	0	0	2cdd32e8684c8592c2a465e47e1ce9b0623a37a144ee5775769702d9cbda203e
LEAF_D5_000101001_100_010_100_001_001	LEAF	000101001	D5_000101001_100_010_100_001_001	/home/rb/conway99_workspace/o3_qsat_runs/task03_triangle_overnight_20260829/cubes/D5_000101001_100_010_100_001_001.cnf	889932e9f074598c8db82a6ca99dec26187fe25f5862c4284290b63c79262c6a	35160754	0aacc02dfeb470f1119f4906d0fe230f3c185638c193b21798a6f00e84461123	/home/rb/conway99_workspace/o3_qsat_runs/task03_fullcert_1.1_20260829/cert/leaf/D5_000101001_100_010_100_001_001/proof.lrat.gz	9207770	9207770	19e2141b5c4d30e9ecf7c7d950b4d05a8f14ab3aa158a48f707b3c13b789ad03	19e2141b5c4d30e9ecf7c7d950b4d05a8f14ab3aa158a48f707b3c13b789ad03	0	0	0aacc02dfeb470f1119f4906d0fe230f3c185638c193b21798a6f00e84461123
LEAF_D5_000101001_100_010_100_001_010	LEAF	000101001	D5_000101001_100_010_100_001_010	/home/rb/conway99_workspace/o3_qsat_runs/task03_triangle_overnight_20260829/cubes/D5_000101001_100_010_100_001_010.cnf	7c642140c64b06c5362f0e51536606855161f23a810ecfda1d70bd66d592b0da	76433188	2c8a9b4cbbe2d56e1c881ac15dad84a768c7cf3bac97a9eeb4a80816837fc52e	/home/rb/conway99_workspace/o3_qsat_runs/task03_fullcert_1.1_20260829/cert/leaf/D5_000101001_100_010_100_001_010/proof.lrat.gz	19176084	19176084	515b2b24893d7f0c7b134a38871aa6c7a8aecbd2f6d855f51885ca9c0392de2b	515b2b24893d7f0c7b134a38871aa6c7a8aecbd2f6d855f51885ca9c0392de2b	0	0	2c8a9b4cbbe2d56e1c881ac15dad84a768c7cf3bac97a9eeb4a80816837fc52e
LEAF_D5_000101001_100_010_100_001_100	LEAF	000101001	D5_000101001_100_010_100_001_100	/home/rb/conway99_workspace/o3_qsat_runs/task03_triangle_overnight_20260829/cubes/D5_000101001_100_010_100_001_100.cnf	28c8f51537f293669c75e290fa83b38eaceb766edfdd0c9958496735e61d5786	70713602	f098375cf5f3123e78549bd87606836cc0209d414892f8ecabf7ed19582871a9	/home/rb/conway99_workspace/o3_qsat_runs/task03_fullcert_1.1_20260829/cert/leaf/D5_000101001_100_010_100_001_100/proof.lrat.gz	18944981	18944981	7149216db37b98bd438ae4035a75edeca072aad59ecffa31fb1dbc8594c84b0a	7149216db37b98bd438ae4035a75edeca072aad59ecffa31fb1dbc8594c84b0a	0	0	f098375cf5f3123e78549bd87606836cc0209d414892f8ecabf7ed19582871a9
LEAF_D5_101000100_001_100_001_001_001	LEAF	101000100	D5_101000100_001_100_001_001_001	/home/rb/conway99_workspace/o3_qsat_runs/task03_triangle_overnight_20260829/cubes/D5_101000100_001_100_001_001_001.cnf	3969197565f1b38c3257a7b5ccbb66177e8f62e9a03f69b4fbdf870ddc3b2848	58716600	caf063889a123be70dbff7cebfcda496da259ddd18a005964ef8318729f1d81a	/home/rb/conway99_workspace/o3_qsat_runs/task03_fullcert_1.1_20260829/cert/leaf/D5_101000100_001_100_001_001_001/proof.lrat.gz	15324458	15324458	e4011e2f13f1a5e9ba17d470a018bd566f7237e6f59e91d8a8bce50d7c67501a	e4011e2f13f1a5e9ba17d470a018bd566f7237e6f59e91d8a8bce50d7c67501a	0	0	caf063889a123be70dbff7cebfcda496da259ddd18a005964ef8318729f1d81a
LEAF_D5_101000100_001_100_001_001_010	LEAF	101000100	D5_101000100_001_100_001_001_010	/home/rb/conway99_workspace/o3_qsat_runs/task03_triangle_overnight_20260829/cubes/D5_101000100_001_100_001_001_010.cnf	30778d7c6a60c3ffc4e755da3119b5d62e3021f3ceb5bc19f4ad3ce0e6fe6234	118290429	fbfa550d5ec4124e362ee8489beba39aaca2572ec3b212eef396558a3c7bc658	/home/rb/conway99_workspace/o3_qsat_runs/task03_fullcert_1.1_20260829/cert/leaf/D5_101000100_001_100_001_001_010/proof.lrat.gz	30878159	30878159	55e2d2245ec6606e12c46726a7270a52ee22cb3b287eb0a17f7766a608f3bf54	55e2d2245ec6606e12c46726a7270a52ee22cb3b287eb0a17f7766a608f3bf54	0	0	fbfa550d5ec4124e362ee8489beba39aaca2572ec3b212eef396558a3c7bc658
LEAF_D5_101000100_001_100_001_001_100	LEAF	101000100	D5_101000100_001_100_001_001_100	/home/rb/conway99_workspace/o3_qsat_runs/task03_triangle_overnight_20260829/cubes/D5_101000100_001_100_001_001_100.cnf	87b5f983b04f3c964810aaa28e82e904572f68b3e78ded291b56249dfd9d85e1	46780787	846a344fcdc2081fae5d172da356e8ecad22d703806ba6c99dcfcc538d0117f4	/home/rb/conway99_workspace/o3_qsat_runs/task03_fullcert_1.1_20260829/cert/leaf/D5_101000100_001_100_001_001_100/proof.lrat.gz	12085232	12085232	296eb1501ac4766fb1ff282910f17278f5f05c3b0db8acb624a834cf666c9370	296eb1501ac4766fb1ff282910f17278f5f05c3b0db8acb624a834cf666c9370	0	0	846a344fcdc2081fae5d172da356e8ecad22d703806ba6c99dcfcc538d0117f4
LEAF_D5_101000100_001_100_001_010_001	LEAF	101000100	D5_101000100_001_100_001_010_001	/home/rb/conway99_workspace/o3_qsat_runs/task03_triangle_overnight_20260829/cubes/D5_101000100_001_100_001_010_001.cnf	4a3b8e2aa7547d55bb7e4ea622036342fc17601f15090f8b0ec5b38fee7a6d0c	34563515	96f553c866a6f89e434e93d652459b7f667197310951b427f89edcb9b7908286	/home/rb/conway99_workspace/o3_qsat_runs/task03_fullcert_1.1_20260829/cert/leaf/D5_101000100_001_100_001_010_001/proof.lrat.gz	9008913	9008913	9086b9c4d3f4b6c3b679e50d639d05da4549dd9605afc8f34d77bf895e9271cf	9086b9c4d3f4b6c3b679e50d639d05da4549dd9605afc8f34d77bf895e9271cf	0	0	96f553c866a6f89e434e93d652459b7f667197310951b427f89edcb9b7908286
LEAF_D5_101000100_001_100_001_010_010	LEAF	101000100	D5_101000100_001_100_001_010_010	/home/rb/conway99_workspace/o3_qsat_runs/task03_triangle_overnight_20260829/cubes/D5_101000100_001_100_001_010_010.cnf	393d66a08143817ed9b6e116ec54905747663f250bdee40e6030b527ec7a104a	38967575	da37a70c960b6f71438eca32296aa9d187a64c87f0162e02d8e7c16037c18e3b	/home/rb/conway99_workspace/o3_qsat_runs/task03_fullcert_1.1_20260829/cert/leaf/D5_101000100_001_100_001_010_010/proof.lrat.gz	10118959	10118959	aeb0181fabfed0b017096d6e0387b4233991c7d77eb92dd9d2bb5b69fc3dfe82	aeb0181fabfed0b017096d6e0387b4233991c7d77eb92dd9d2bb5b69fc3dfe82	0	0	da37a70c960b6f71438eca32296aa9d187a64c87f0162e02d8e7c16037c18e3b
LEAF_D5_101000100_001_100_001_010_100	LEAF	101000100	D5_101000100_001_100_001_010_100	/home/rb/conway99_workspace/o3_qsat_runs/task03_triangle_overnight_20260829/cubes/D5_101000100_001_100_001_010_100.cnf	d650d46d2770c1b4ecf923294c175d3f61a63d537a4c72d6a8faeaab149786de	99612544	979120f61f0dc4cb5ca74925540a871985695b0b36649d57d4d76389c5cde6ed	/home/rb/conway99_workspace/o3_qsat_runs/task03_fullcert_1.1_20260829/cert/leaf/D5_101000100_001_100_001_010_100/proof.lrat.gz	26117576	26117576	e16a493258230212db09f5d93a27a21550ee37d4ab7650cb991ed7e0b81fff65	e16a493258230212db09f5d93a27a21550ee37d4ab7650cb991ed7e0b81fff65	0	0	979120f61f0dc4cb5ca74925540a871985695b0b36649d57d4d76389c5cde6ed
LEAF_D5_101000100_010_001_010_001_001	LEAF	101000100	D5_101000100_010_001_010_001_001	/home/rb/conway99_workspace/o3_qsat_runs/task03_triangle_overnight_20260829/cubes/D5_101000100_010_001_010_001_001.cnf	902a451a94ce340e6b742656fcf0d1e545ac5078d5c51219870aa887efb7c445	26213553	9516e804757a91e4f591293a5f310f02119a455cfd01074d25d049a5c3c67423	/home/rb/conway99_workspace/o3_qsat_runs/task03_fullcert_1.1_20260829/cert/leaf/D5_101000100_010_001_010_001_001/proof.lrat.gz	6912396	6912396	2b88d6cd809c070d9c316d86dbeda073b05ff9a24f20c76ebda3c1ccffeab829	2b88d6cd809c070d9c316d86dbeda073b05ff9a24f20c76ebda3c1ccffeab829	0	0	9516e804757a91e4f591293a5f310f02119a455cfd01074d25d049a5c3c67423
LEAF_D5_101000100_010_001_010_001_010	LEAF	101000100	D5_101000100_010_001_010_001_010	/home/rb/conway99_workspace/o3_qsat_runs/task03_triangle_overnight_20260829/cubes/D5_101000100_010_001_010_001_010.cnf	949f1c930385d20139fbf6accf5c041efd86af3772096e613d85cb94e9dfaf63	33956978	3e015157e5d5bfda3974bd050adde3071c3e1ee66401f6b2e4087223c882d062	/home/rb/conway99_workspace/o3_qsat_runs/task03_fullcert_1.1_20260829/cert/leaf/D5_101000100_010_001_010_001_010/proof.lrat.gz	8823722	8823722	2d617f9959405734e37b0dc352e7e86ede5b808e5265500c85d88be351956244	2d617f9959405734e37b0dc352e7e86ede5b808e5265500c85d88be351956244	0	0	3e015157e5d5bfda3974bd050adde3071c3e1ee66401f6b2e4087223c882d062
LEAF_D5_101000100_010_001_010_001_100	LEAF	101000100	D5_101000100_010_001_010_001_100	/home/rb/conway99_workspace/o3_qsat_runs/task03_triangle_overnight_20260829/cubes/D5_101000100_010_001_010_001_100.cnf	1a23ceff713481496002b8b93f7b8a7a1ae8838364fa77cf2895cea98abbd1fd	73809035	eeaa26db122f40e6ab0f4a1da717359314ab068c50444d771d2e9d328aadd545	/home/rb/conway99_workspace/o3_qsat_runs/task03_fullcert_1.1_20260829/cert/leaf/D5_101000100_010_001_010_001_100/proof.lrat.gz	19466471	19466471	4b20156b6b58f6dc4e65a02c57b14806f9300bb64b5e1edc3f8a0c6834bbe829	4b20156b6b58f6dc4e65a02c57b14806f9300bb64b5e1edc3f8a0c6834bbe829	0	0	eeaa26db122f40e6ab0f4a1da717359314ab068c50444d771d2e9d328aadd545
LEAF_D5_101000100_010_010_010_001_001	LEAF	101000100	D5_101000100_010_010_010_001_001	/home/rb/conway99_workspace/o3_qsat_runs/task03_triangle_overnight_20260829/cubes/D5_101000100_010_010_010_001_001.cnf	2a86df5543678d44599818f1705c9c6ab41cf6a9d1bd07a973a03a64df2e1fab	67309851	9c04d284ac8e59fa4ee74ba237ab99f05cffd430586af90df17bc96d69b5a5f3	/home/rb/conway99_workspace/o3_qsat_runs/task03_fullcert_1.1_20260829/cert/leaf/D5_101000100_010_010_010_001_001/proof.lrat.gz	17720893	17720893	ecea39ded8f21c9f03d6fa83a2467878686bf564f7c9a2c60b606ebcea24feaf	ecea39ded8f21c9f03d6fa83a2467878686bf564f7c9a2c60b606ebcea24feaf	0	0	9c04d284ac8e59fa4ee74ba237ab99f05cffd430586af90df17bc96d69b5a5f3
LEAF_D5_101000100_010_010_010_001_010	LEAF	101000100	D5_101000100_010_010_010_001_010	/home/rb/conway99_workspace/o3_qsat_runs/task03_triangle_overnight_20260829/cubes/D5_101000100_010_010_010_001_010.cnf	ec18ecc618c20e4db0edf6a9b49515c8abe7ca94306c3da6a62d654196912f71	81085114	e49696ffdfd95c871cbf34f133b4368c0b7ca82ec24c208593825d15e03943cb	/home/rb/conway99_workspace/o3_qsat_runs/task03_fullcert_1.1_20260829/cert/leaf/D5_101000100_010_010_010_001_010/proof.lrat.gz	20671295	20671295	f8ce5a05465ee9f924c68a41a02d92f0acc78538ce070246f3cdcbe5c70307ca	f8ce5a05465ee9f924c68a41a02d92f0acc78538ce070246f3cdcbe5c70307ca	0	0	e49696ffdfd95c871cbf34f133b4368c0b7ca82ec24c208593825d15e03943cb
LEAF_D5_101000100_010_010_010_001_100	LEAF	101000100	D5_101000100_010_010_010_001_100	/home/rb/conway99_workspace/o3_qsat_runs/task03_triangle_overnight_20260829/cubes/D5_101000100_010_010_010_001_100.cnf	8b7d062a53de977c2f99ef79075267b067b87a2f57b55edcdb3948ed45c6eb85	36608380	083ebf03901afe84ff32e5d7a077964611c3678bb704d3a5813ade0b552ea16c	/home/rb/conway99_workspace/o3_qsat_runs/task03_fullcert_1.1_20260829/cert/leaf/D5_101000100_010_010_010_001_100/proof.lrat.gz	9535759	9535759	937694baa895d66ef17a14430c05f6047dc704c962599f1a95def01166817d16	937694baa895d66ef17a14430c05f6047dc704c962599f1a95def01166817d16	0	0	083ebf03901afe84ff32e5d7a077964611c3678bb704d3a5813ade0b552ea16c
LEAF_D5_101000100_010_010_010_100_001	LEAF	101000100	D5_101000100_010_010_010_100_001	/home/rb/conway99_workspace/o3_qsat_runs/task03_triangle_overnight_20260829/cubes/D5_101000100_010_010_010_100_001.cnf	16beb71bff1142fab397bd824eb85ee3c6d670e05c9499f905d9f47281115343	35549471	13742323be12b2c0d116744945908c8ffc30ea933328ba42dd0e172e0a71c46a	/home/rb/conway99_workspace/o3_qsat_runs/task03_fullcert_1.1_20260829/cert/leaf/D5_101000100_010_010_010_100_001/proof.lrat.gz	9246718	9246718	f41a6236521105b36967ee23fc0faddcdf30b0680071781d7329a4eeefc960e5	f41a6236521105b36967ee23fc0faddcdf30b0680071781d7329a4eeefc960e5	0	0	13742323be12b2c0d116744945908c8ffc30ea933328ba42dd0e172e0a71c46a
LEAF_D5_101000100_010_010_010_100_010	LEAF	101000100	D5_101000100_010_010_010_100_010	/home/rb/conway99_workspace/o3_qsat_runs/task03_triangle_overnight_20260829/cubes/D5_101000100_010_010_010_100_010.cnf	490be437b538147157aba0097cd4bd26d6583c556456c19e8ef8aaf8c670ccc7	80388050	80b95b05a73b7989c072c311e93a76726215c3b6503f319ee497ac33e56374e1	/home/rb/conway99_workspace/o3_qsat_runs/task03_fullcert_1.1_20260829/cert/leaf/D5_101000100_010_010_010_100_010/proof.lrat.gz	20813790	20813790	2287b95248ea41f3bd05a38dea284f460a2a5c8cc1c5292f71091c3e80bc1bdb	2287b95248ea41f3bd05a38dea284f460a2a5c8cc1c5292f71091c3e80bc1bdb	0	0	80b95b05a73b7989c072c311e93a76726215c3b6503f319ee497ac33e56374e1
LEAF_D5_101000100_010_010_010_100_100	LEAF	101000100	D5_101000100_010_010_010_100_100	/home/rb/conway99_workspace/o3_qsat_runs/task03_triangle_overnight_20260829/cubes/D5_101000100_010_010_010_100_100.cnf	18e5348ef9e5056557e54dd480face10159f5e9a55a468e4fdb99e97afb14b43	81632371	72790860d79942aa3e74c4b07d6c072e0b9085f05f6dabfdb2029cd772ed98b7	/home/rb/conway99_workspace/o3_qsat_runs/task03_fullcert_1.1_20260829/cert/leaf/D5_101000100_010_010_010_100_100/proof.lrat.gz	22147468	22147468	94380df7943295df772b3d1b73b3c58fa52e848595bdd492586d231c8305458c	94380df7943295df772b3d1b73b3c58fa52e848595bdd492586d231c8305458c	0	0	72790860d79942aa3e74c4b07d6c072e0b9085f05f6dabfdb2029cd772ed98b7
LEAF_D5_101000100_010_010_100_001_001	LEAF	101000100	D5_101000100_010_010_100_001_001	/home/rb/conway99_workspace/o3_qsat_runs/task03_triangle_overnight_20260829/cubes/D5_101000100_010_010_100_001_001.cnf	d2950e9065985fd13b9fa830bd6f576f6bf6a407404eef69933482c468c17a5b	35825611	def04ccf7522748dae8c34c1d9d13993a881afdb71c4a8cf2ba78351cc911fc5	/home/rb/conway99_workspace/o3_qsat_runs/task03_fullcert_1.1_20260829/cert/leaf/D5_101000100_010_010_100_001_001/proof.lrat.gz	9431120	9431120	03c9b00da5edd1798a87ee45b760aa80d883b6a79a3537aeaf400f72b38e1733	03c9b00da5edd1798a87ee45b760aa80d883b6a79a3537aeaf400f72b38e1733	0	0	def04ccf7522748dae8c34c1d9d13993a881afdb71c4a8cf2ba78351cc911fc5
LEAF_D5_101000100_010_010_100_001_010	LEAF	101000100	D5_101000100_010_010_100_001_010	/home/rb/conway99_workspace/o3_qsat_runs/task03_triangle_overnight_20260829/cubes/D5_101000100_010_010_100_001_010.cnf	60560acaa294f73b7689004bdd94857c178d0037ff89ea247c1db273a839553b	84736435	226cc037b0fa88fd23a00ebcd295c9fa4e57442a4074af7d075a09f67fbdb243	/home/rb/conway99_workspace/o3_qsat_runs/task03_fullcert_1.1_20260829/cert/leaf/D5_101000100_010_010_100_001_010/proof.lrat.gz	22587117	22587117	968e15a2e084f2f03184d515a1debc0a9c2a88a31e3e2e2661b4f4b2e7d2f6dc	968e15a2e084f2f03184d515a1debc0a9c2a88a31e3e2e2661b4f4b2e7d2f6dc	0	0	226cc037b0fa88fd23a00ebcd295c9fa4e57442a4074af7d075a09f67fbdb243
LEAF_D5_101000100_010_010_100_001_100	LEAF	101000100	D5_101000100_010_010_100_001_100	/home/rb/conway99_workspace/o3_qsat_runs/task03_triangle_overnight_20260829/cubes/D5_101000100_010_010_100_001_100.cnf	c3044615822190e245807bf5e9030d90cd595d64ce2c1ae03c4333550d71ecda	70448329	0d3670507468eec3bc49476927893424633f0eb5caea3aa6d13957d4a21026a2	/home/rb/conway99_workspace/o3_qsat_runs/task03_fullcert_1.1_20260829/cert/leaf/D5_101000100_010_010_100_001_100/proof.lrat.gz	18170795	18170795	811528af1dd7a6bf72a3c17b4b9f06fac75212eb795316670d46fe9a8a894699	811528af1dd7a6bf72a3c17b4b9f06fac75212eb795316670d46fe9a8a894699	0	0	0d3670507468eec3bc49476927893424633f0eb5caea3aa6d13957d4a21026a2
LEAF_D5_101000100_010_010_100_010_001	LEAF	101000100	D5_101000100_010_010_100_010_001	/home/rb/conway99_workspace/o3_qsat_runs/task03_triangle_overnight_20260829/cubes/D5_101000100_010_010_100_010_001.cnf	aa9e8311151c20848fa93273dbe7c4e1f1ea67a2eb90bdf353aa751ed045fe63	99270934	b3dcd8e526d9e68a1e7aa9e61cf1908aa1d6b46d34b7c3dd4bb0dc94953d5100	/home/rb/conway99_workspace/o3_qsat_runs/task03_fullcert_1.1_20260829/cert/leaf/D5_101000100_010_010_100_010_001/proof.lrat.gz	25547248	25547248	ba2a207a953c7d307a98b79b66b0bb9fa55564fe3dbc87dfe0b97555eac15cd9	ba2a207a953c7d307a98b79b66b0bb9fa55564fe3dbc87dfe0b97555eac15cd9	0	0	b3dcd8e526d9e68a1e7aa9e61cf1908aa1d6b46d34b7c3dd4bb0dc94953d5100
LEAF_D5_101000100_010_010_100_010_010	LEAF	101000100	D5_101000100_010_010_100_010_010	/home/rb/conway99_workspace/o3_qsat_runs/task03_triangle_overnight_20260829/cubes/D5_101000100_010_010_100_010_010.cnf	3e18f2b46f4ffdd195ccb10e997f259caf5044ecca61514a1169ef427742c828	54424369	ffbbba77221b1ce5a0fa1a2ef928b3fc8bdc1d9fb399d68ee103c18c5e2e97ab	/home/rb/conway99_workspace/o3_qsat_runs/task03_fullcert_1.1_20260829/cert/leaf/D5_101000100_010_010_100_010_010/proof.lrat.gz	13585565	13585565	2eb064302f1628eacabd2b2ac387a4bccc63cb3806fd2fe85ffd16b81c040aa2	2eb064302f1628eacabd2b2ac387a4bccc63cb3806fd2fe85ffd16b81c040aa2	0	0	ffbbba77221b1ce5a0fa1a2ef928b3fc8bdc1d9fb399d68ee103c18c5e2e97ab
LEAF_D5_101000100_010_010_100_010_100	LEAF	101000100	D5_101000100_010_010_100_010_100	/home/rb/conway99_workspace/o3_qsat_runs/task03_triangle_overnight_20260829/cubes/D5_101000100_010_010_100_010_100.cnf	31c950b3c33b4ea613bc48fca67a2ce5f7213627a25737f1bcc7ffd207f8b00f	36828230	6b85c6d50edeced14c829c050a0a920836df23c9292fa7a601f38d057a914d11	/home/rb/conway99_workspace/o3_qsat_runs/task03_fullcert_1.1_20260829/cert/leaf/D5_101000100_010_010_100_010_100/proof.lrat.gz	9599742	9599742	c2878c5c1989169e64fb8bc73fd9794c7523b228a8fbc6cec28d8398118b0f79	c2878c5c1989169e64fb8bc73fd9794c7523b228a8fbc6cec28d8398118b0f79	0	0	6b85c6d50edeced14c829c050a0a920836df23c9292fa7a601f38d057a914d11
LEAF_D5_101000100_100_010_010_001_001	LEAF	101000100	D5_101000100_100_010_010_001_001	/home/rb/conway99_workspace/o3_qsat_runs/task03_triangle_overnight_20260829/cubes/D5_101000100_100_010_010_001_001.cnf	0390880b9a911557f0d9b97d2f550de2efe4590eb9ec7c6d02a7365b5c4577b8	50930514	457303b4460be4dd3a3bdb3b47914343c9253c835195a9189acb228db0ef092f	/home/rb/conway99_workspace/o3_qsat_runs/task03_fullcert_1.1_20260829/cert/leaf/D5_101000100_100_010_010_001_001/proof.lrat.gz	13233049	13233049	ea6ca0f2bcb502f55ff86d8de9bb530ed0a2b003b9030720316da9c0abcf69b2	ea6ca0f2bcb502f55ff86d8de9bb530ed0a2b003b9030720316da9c0abcf69b2	0	0	457303b4460be4dd3a3bdb3b47914343c9253c835195a9189acb228db0ef092f
LEAF_D5_101000100_100_010_010_001_010	LEAF	101000100	D5_101000100_100_010_010_001_010	/home/rb/conway99_workspace/o3_qsat_runs/task03_triangle_overnight_20260829/cubes/D5_101000100_100_010_010_001_010.cnf	cbc1342cc1e57ee7a8e4f48a4252d9e69bae78aeee26ed257c4fdc86b3892b3c	35474879	70c1c708cfbf526be827141356b8997d3bd1ec3a748e2326cc24a6b51ce92787	/home/rb/conway99_workspace/o3_qsat_runs/task03_fullcert_1.1_20260829/cert/leaf/D5_101000100_100_010_010_001_010/proof.lrat.gz	9260953	9260953	cb8a0e17d83457eb2fdbefd16d3cc496eaac6807aeee35bbf6a27dd812d1cf6c	cb8a0e17d83457eb2fdbefd16d3cc496eaac6807aeee35bbf6a27dd812d1cf6c	0	0	70c1c708cfbf526be827141356b8997d3bd1ec3a748e2326cc24a6b51ce92787
LEAF_D5_101000100_100_010_010_001_100	LEAF	101000100	D5_101000100_100_010_010_001_100	/home/rb/conway99_workspace/o3_qsat_runs/task03_triangle_overnight_20260829/cubes/D5_101000100_100_010_010_001_100.cnf	53a70b63d462625be3cd27dd1ab430d6c742ca467c1a4835d5d6b89b3b92c9a2	67663154	1e4869eb06d4a24f62769394ae22be61a2b10b437ead94878a1edcb9994c071e	/home/rb/conway99_workspace/o3_qsat_runs/task03_fullcert_1.1_20260829/cert/leaf/D5_101000100_100_010_010_001_100/proof.lrat.gz	16649221	16649221	f370aa01f35a1d30599f38b0d2db85166b8c513082b2a44d1d9279327411ce6c	f370aa01f35a1d30599f38b0d2db85166b8c513082b2a44d1d9279327411ce6c	0	0	1e4869eb06d4a24f62769394ae22be61a2b10b437ead94878a1edcb9994c071e
LEAF_D5_101000100_100_010_010_100_001	LEAF	101000100	D5_101000100_100_010_010_100_001	/home/rb/conway99_workspace/o3_qsat_runs/task03_triangle_overnight_20260829/cubes/D5_101000100_100_010_010_100_001.cnf	ed29e95fd57269c50e72a9f830c144b6eeef22f90448d13d6943d66ca9e8cfa2	44632048	dea2b900c37f1fe16c77445d8f0f6ea7390dfebcea65b0535d7e8e59ce59951b	/home/rb/conway99_workspace/o3_qsat_runs/task03_fullcert_1.1_20260829/cert/leaf/D5_101000100_100_010_010_100_001/proof.lrat.gz	11533260	11533260	e662cbd24e497239e52e2b0887de06cc428eeb42266a45212e7240a6cff8cd67	e662cbd24e497239e52e2b0887de06cc428eeb42266a45212e7240a6cff8cd67	0	0	dea2b900c37f1fe16c77445d8f0f6ea7390dfebcea65b0535d7e8e59ce59951b
LEAF_D5_101000100_100_010_010_100_010	LEAF	101000100	D5_101000100_100_010_010_100_010	/home/rb/conway99_workspace/o3_qsat_runs/task03_triangle_overnight_20260829/cubes/D5_101000100_100_010_010_100_010.cnf	ad6ccfc0959ab8d9bc4e25103475a4d1c9830d682946cf479a4dd563f7ff8a58	35484370	031e96c46f37f66f1bb8b916e828dffc8b16f638220be9a55c6798b8f6d88cf2	/home/rb/conway99_workspace/o3_qsat_runs/task03_fullcert_1.1_20260829/cert/leaf/D5_101000100_100_010_010_100_010/proof.lrat.gz	9298597	9298597	edc7182202eb43d42a94a0cf5882f083f53bba3ecddb7a0971702704aa918ba5	edc7182202eb43d42a94a0cf5882f083f53bba3ecddb7a0971702704aa918ba5	0	0	031e96c46f37f66f1bb8b916e828dffc8b16f638220be9a55c6798b8f6d88cf2
LEAF_D5_101000100_100_010_010_100_100	LEAF	101000100	D5_101000100_100_010_010_100_100	/home/rb/conway99_workspace/o3_qsat_runs/task03_triangle_overnight_20260829/cubes/D5_101000100_100_010_010_100_100.cnf	d7950d2718681731c9d3245b2f4e8842f2e7c6fcc961be4233557e314b00ad09	35079140	9245582a18d8b6eef481e96e0b9f14eb49f2601ecbbbde50f2062e15fd5fa2cd	/home/rb/conway99_workspace/o3_qsat_runs/task03_fullcert_1.1_20260829/cert/leaf/D5_101000100_100_010_010_100_100/proof.lrat.gz	9142851	9142851	7f1fb3a07fa9d77d5ee64474908c74e27c297fef505ff82258393ed79faba3d0	7f1fb3a07fa9d77d5ee64474908c74e27c297fef505ff82258393ed79faba3d0	0	0	9245582a18d8b6eef481e96e0b9f14eb49f2601ecbbbde50f2062e15fd5fa2cd
ROOT_000000010	ROOT	000000010		/home/rb/conway99_workspace/o3_qsat_runs/task03_lemma_rescout_20260828/cubes/cube_000000010.cnf	5f2ede4561cba99227e19479a914ddf47e3d5851f79376393b9092462c4deb58	35017602	81b799753d7cb9f59f790d502a6d82ac486f9eebe1e6f1a22a85e91db7713267	/home/rb/conway99_workspace/o3_qsat_runs/task03_fullcert_1.1_20260829/cert/root/000000010/proof.lrat.gz	8800141	8800141	ec5c1a2e1f3250843032ee9292a9c47dac7fc553abaf7606f6500f51d4e49e68	ec5c1a2e1f3250843032ee9292a9c47dac7fc553abaf7606f6500f51d4e49e68	0	0	81b799753d7cb9f59f790d502a6d82ac486f9eebe1e6f1a22a85e91db7713267
ROOT_000000011	ROOT	000000011		/home/rb/conway99_workspace/o3_qsat_runs/task03_lemma_rescout_20260828/cubes/cube_000000011.cnf	9707052e24fd6425591d9d3f129619bf069a4aba8f0e7b0b4804f14e4ec48d7e	75211	ce38dc45aba9b241580cf2b84421b34ac5dd9d3868f8a97d1e6f1211d92bf06d	/home/rb/conway99_workspace/o3_qsat_runs/task03_fullcert_1.1_20260829/cert/root/000000011/proof.lrat.gz	24761	24761	fe508e3fdce320295539b0f3b60c59ff0a6ed2f5fa2dd2212175e98e31eff283	fe508e3fdce320295539b0f3b60c59ff0a6ed2f5fa2dd2212175e98e31eff283	0	0	ce38dc45aba9b241580cf2b84421b34ac5dd9d3868f8a97d1e6f1211d92bf06d
ROOT_000000101	ROOT	000000101		/home/rb/conway99_workspace/o3_qsat_runs/task03_lemma_rescout_20260828/cubes/cube_000000101.cnf	a014e990bb02eb2c847662ea1e53ab9d60a134bc14d82ca8aa37cd0083bce0bf	34884185	b24a44e9769a21ad026c854ffbd58c12f2b5e7dbd53dc674aec5b317474433ce	/home/rb/conway99_workspace/o3_qsat_runs/task03_fullcert_1.1_20260829/cert/root/000000101/proof.lrat.gz	8799058	8799058	a973151eea4385bca3eeec48c85217e55890011220f6afe4f631cb9f8a318aa5	a973151eea4385bca3eeec48c85217e55890011220f6afe4f631cb9f8a318aa5	0	0	b24a44e9769a21ad026c854ffbd58c12f2b5e7dbd53dc674aec5b317474433ce
ROOT_000000110	ROOT	000000110		/home/rb/conway99_workspace/o3_qsat_runs/task03_lemma_rescout_20260828/cubes/cube_000000110.cnf	5af20bbfc56537e0fe26a9b4491931cf21637ef35bf344319d90fbd6b645cbf8	57090	499d9e494e1b2e4cc3cc88aa56318fd66beda955101b69d8bd3c7eca46cf4573	/home/rb/conway99_workspace/o3_qsat_runs/task03_fullcert_1.1_20260829/cert/root/000000110/proof.lrat.gz	18538	18538	d1c10f8d744d5d642d4fe57055e62501259a5ebe09f6e6be8196b4b623f3807b	d1c10f8d744d5d642d4fe57055e62501259a5ebe09f6e6be8196b4b623f3807b	0	0	499d9e494e1b2e4cc3cc88aa56318fd66beda955101b69d8bd3c7eca46cf4573
ROOT_000000111	ROOT	000000111		/home/rb/conway99_workspace/o3_qsat_runs/task03_lemma_rescout_20260828/cubes/cube_000000111.cnf	0bbe6a84ede75347587369533875e3919e01b53776d8e824c32fca81cfb5abf4	57090	499d9e494e1b2e4cc3cc88aa56318fd66beda955101b69d8bd3c7eca46cf4573	/home/rb/conway99_workspace/o3_qsat_runs/task03_fullcert_1.1_20260829/cert/root/000000111/proof.lrat.gz	18538	18538	e211901321df6c7bb0aa036ba76aaefa5bb159b04f06329a70d2058369924b13	e211901321df6c7bb0aa036ba76aaefa5bb159b04f06329a70d2058369924b13	0	0	499d9e494e1b2e4cc3cc88aa56318fd66beda955101b69d8bd3c7eca46cf4573
ROOT_000001010	ROOT	000001010		/home/rb/conway99_workspace/o3_qsat_runs/task03_lemma_rescout_20260828/cubes/cube_000001010.cnf	48d5ba1206a0ea2b5ab3e1a2f51ee317defd12abc520072136be624784c6d5c9	56989	18561b0e580e11f638763de716d02522e77308f81941e9b955eb9b91a1229589	/home/rb/conway99_workspace/o3_qsat_runs/task03_fullcert_1.1_20260829/cert/root/000001010/proof.lrat.gz	18521	18521	d26e30d314bb51f90c19bb63970bb99870bec5f4d70b5296d97f536ec264fb5b	d26e30d314bb51f90c19bb63970bb99870bec5f4d70b5296d97f536ec264fb5b	0	0	18561b0e580e11f638763de716d02522e77308f81941e9b955eb9b91a1229589
ROOT_000001011	ROOT	000001011		/home/rb/conway99_workspace/o3_qsat_runs/task03_lemma_rescout_20260828/cubes/cube_000001011.cnf	720679d0c3d92c835fe8262c2c5a1ee067691c1f447fc9bcf88ca4cd0ed88ffa	56989	18561b0e580e11f638763de716d02522e77308f81941e9b955eb9b91a1229589	/home/rb/conway99_workspace/o3_qsat_runs/task03_fullcert_1.1_20260829/cert/root/000001011/proof.lrat.gz	18521	18521	33d49e711344d551b2473c11071f46e0afd1ed88a48c0239792f3f72ba1c2d8f	33d49e711344d551b2473c11071f46e0afd1ed88a48c0239792f3f72ba1c2d8f	0	0	18561b0e580e11f638763de716d02522e77308f81941e9b955eb9b91a1229589
ROOT_000001101	ROOT	000001101		/home/rb/conway99_workspace/o3_qsat_runs/task03_lemma_rescout_20260828/cubes/cube_000001101.cnf	7cb2a3e9fdc2d92df2d45d2f459e4bbc67217493b3b9fa1dcdd69a3659a92239	33393845	b3da15869ba0e638c5a6c0fb90642e6442abd35cc68b8d59776889fbb426fda1	/home/rb/conway99_workspace/o3_qsat_runs/task03_fullcert_1.1_20260829/cert/root/000001101/proof.lrat.gz	8344447	8344447	844f05af0dc37a4d02f528907e8bbf11345cb3157812c094984c2f37fff88b76	844f05af0dc37a4d02f528907e8bbf11345cb3157812c094984c2f37fff88b76	0	0	b3da15869ba0e638c5a6c0fb90642e6442abd35cc68b8d59776889fbb426fda1
ROOT_000001110	ROOT	000001110		/home/rb/conway99_workspace/o3_qsat_runs/task03_lemma_rescout_20260828/cubes/cube_000001110.cnf	2afa66b8b6f826d3292f684299fbb217caccc9cff9a6f3c401322dc6398fd560	55589	a7d694e3af5e4ebebd557bddffd083faef738a546eeec0d2b603149a64d00ec2	/home/rb/conway99_workspace/o3_qsat_runs/task03_fullcert_1.1_20260829/cert/root/000001110/proof.lrat.gz	18088	18088	2a1bd8b9023795f8e2ce1b8e7821bc8d5fb1d9adf92eced78b39d0603067fc58	2a1bd8b9023795f8e2ce1b8e7821bc8d5fb1d9adf92eced78b39d0603067fc58	0	0	a7d694e3af5e4ebebd557bddffd083faef738a546eeec0d2b603149a64d00ec2
ROOT_000001111	ROOT	000001111		/home/rb/conway99_workspace/o3_qsat_runs/task03_lemma_rescout_20260828/cubes/cube_000001111.cnf	fffe073402dd03a9ce67677a3e81e4ec83497d561d092b2d991198f06baaf0fa	55589	a7d694e3af5e4ebebd557bddffd083faef738a546eeec0d2b603149a64d00ec2	/home/rb/conway99_workspace/o3_qsat_runs/task03_fullcert_1.1_20260829/cert/root/000001111/proof.lrat.gz	18088	18088	f10e1617e7b1f54f990cb5d475fb7c7a9b7e50fea0a99545679330c44aca7959	f10e1617e7b1f54f990cb5d475fb7c7a9b7e50fea0a99545679330c44aca7959	0	0	a7d694e3af5e4ebebd557bddffd083faef738a546eeec0d2b603149a64d00ec2
ROOT_000010000	ROOT	000010000		/home/rb/conway99_workspace/o3_qsat_runs/task03_lemma_rescout_20260828/cubes/cube_000010000.cnf	bca64ba5ae016376218db58e5e5668a0295a51530134bdb9d1aa764ee32b8fcf	41093047	f4882914d0f5a86b637abc9985c6f3e5a1a8ac24b8a40139b5cea356fb91dfa5	/home/rb/conway99_workspace/o3_qsat_runs/task03_fullcert_1.1_20260829/cert/root/000010000/proof.lrat.gz	10311821	10311821	aa72a840cacdf676a68fd59134bbc6140b45f972ca205e635722a6b0945f3be9	aa72a840cacdf676a68fd59134bbc6140b45f972ca205e635722a6b0945f3be9	0	0	f4882914d0f5a86b637abc9985c6f3e5a1a8ac24b8a40139b5cea356fb91dfa5
ROOT_000010001	ROOT	000010001		/home/rb/conway99_workspace/o3_qsat_runs/task03_lemma_rescout_20260828/cubes/cube_000010001.cnf	08341107736304736549d4d9e13491be2ac469fb01163b4bb42fce3d70baecb0	46057309	1ef6732cba1dd6fc0d008c0a4c1241f2629182a3b74f1d48e1d1019ebe3359fe	/home/rb/conway99_workspace/o3_qsat_runs/task03_fullcert_1.1_20260829/cert/root/000010001/proof.lrat.gz	11530392	11530392	8b9a418c8a471cd42b74f3911e0a65b1e447c371eeb32a0fb50cfe8567c7808f	8b9a418c8a471cd42b74f3911e0a65b1e447c371eeb32a0fb50cfe8567c7808f	0	0	1ef6732cba1dd6fc0d008c0a4c1241f2629182a3b74f1d48e1d1019ebe3359fe
ROOT_000010010	ROOT	000010010		/home/rb/conway99_workspace/o3_qsat_runs/task03_lemma_rescout_20260828/cubes/cube_000010010.cnf	a9a9e41275f1be56cb9af1b7b2fc9bb272c22633eb61321fb5948c1dc271c737	73458	5de7bd361127b6ceacce1fff2354f6fc265e742b8c38a683d3b30d17adfbd56c	/home/rb/conway99_workspace/o3_qsat_runs/task03_fullcert_1.1_20260829/cert/root/000010010/proof.lrat.gz	24233	24233	d6a0b5c39bbdc6425c0142d651c65cf82416dd39cf8770451a5a63e15dca5978	d6a0b5c39bbdc6425c0142d651c65cf82416dd39cf8770451a5a63e15dca5978	0	0	5de7bd361127b6ceacce1fff2354f6fc265e742b8c38a683d3b30d17adfbd56c
ROOT_000010011	ROOT	000010011		/home/rb/conway99_workspace/o3_qsat_runs/task03_lemma_rescout_20260828/cubes/cube_000010011.cnf	f6c9837920e94f0101bba9b4018edf4615dc25279fd696458a3dcc8093c1ee5a	73458	5de7bd361127b6ceacce1fff2354f6fc265e742b8c38a683d3b30d17adfbd56c	/home/rb/conway99_workspace/o3_qsat_runs/task03_fullcert_1.1_20260829/cert/root/000010011/proof.lrat.gz	24233	24233	af8a1447940b09607bdbaa19ad5814d3cc088eb71341b35ec5f603bcbba0369c	af8a1447940b09607bdbaa19ad5814d3cc088eb71341b35ec5f603bcbba0369c	0	0	5de7bd361127b6ceacce1fff2354f6fc265e742b8c38a683d3b30d17adfbd56c
ROOT_000010100	ROOT	000010100		/home/rb/conway99_workspace/o3_qsat_runs/task03_lemma_rescout_20260828/cubes/cube_000010100.cnf	6c9f9927691e7c4b21dccadff15f3ab0806f6f69477643f0cc0db5ecedd476ed	73451	f1fce138d0d01b77521f8a3e12f07c7b120b8841251ed67b5284dc764a6dc7da	/home/rb/conway99_workspace/o3_qsat_runs/task03_fullcert_1.1_20260829/cert/root/000010100/proof.lrat.gz	24231	24231	022d2586f0957c639abadc3079bc7ca4ed6b801ba0858cebc8874d010ddb0d0f	022d2586f0957c639abadc3079bc7ca4ed6b801ba0858cebc8874d010ddb0d0f	0	0	f1fce138d0d01b77521f8a3e12f07c7b120b8841251ed67b5284dc764a6dc7da
ROOT_000010101	ROOT	000010101		/home/rb/conway99_workspace/o3_qsat_runs/task03_lemma_rescout_20260828/cubes/cube_000010101.cnf	3471511b627030cf3674c025ece1c0e19fa7b3d1dfe4b36537953daf8b20314b	73451	f1fce138d0d01b77521f8a3e12f07c7b120b8841251ed67b5284dc764a6dc7da	/home/rb/conway99_workspace/o3_qsat_runs/task03_fullcert_1.1_20260829/cert/root/000010101/proof.lrat.gz	24231	24231	9fc9d781eebc4d734dc334a79c9008e4de7c67d1b9ef58b62b584be5e053f3a4	9fc9d781eebc4d734dc334a79c9008e4de7c67d1b9ef58b62b584be5e053f3a4	0	0	f1fce138d0d01b77521f8a3e12f07c7b120b8841251ed67b5284dc764a6dc7da
ROOT_000010110	ROOT	000010110		/home/rb/conway99_workspace/o3_qsat_runs/task03_lemma_rescout_20260828/cubes/cube_000010110.cnf	ba85e77dd180c4bbd395f4e4a8e1362f405c7478409165025b8bbdb6fd82da7c	73451	f1fce138d0d01b77521f8a3e12f07c7b120b8841251ed67b5284dc764a6dc7da	/home/rb/conway99_workspace/o3_qsat_runs/task03_fullcert_1.1_20260829/cert/root/000010110/proof.lrat.gz	24231	24231	9fc9d781eebc4d734dc334a79c9008e4de7c67d1b9ef58b62b584be5e053f3a4	9fc9d781eebc4d734dc334a79c9008e4de7c67d1b9ef58b62b584be5e053f3a4	0	0	f1fce138d0d01b77521f8a3e12f07c7b120b8841251ed67b5284dc764a6dc7da
ROOT_000010111	ROOT	000010111		/home/rb/conway99_workspace/o3_qsat_runs/task03_lemma_rescout_20260828/cubes/cube_000010111.cnf	2dc24a7537e67d3490aeb85406e54ce40b0a53128aa228e28a505bd0ce3f6f7a	73451	f1fce138d0d01b77521f8a3e12f07c7b120b8841251ed67b5284dc764a6dc7da	/home/rb/conway99_workspace/o3_qsat_runs/task03_fullcert_1.1_20260829/cert/root/000010111/proof.lrat.gz	24231	24231	3fdb7d6897747f4ac5b9b55f055fa9cd4ad620bc7edcac013361bbdb4a4a88ca	3fdb7d6897747f4ac5b9b55f055fa9cd4ad620bc7edcac013361bbdb4a4a88ca	0	0	f1fce138d0d01b77521f8a3e12f07c7b120b8841251ed67b5284dc764a6dc7da
ROOT_000011000	ROOT	000011000		/home/rb/conway99_workspace/o3_qsat_runs/task03_lemma_rescout_20260828/cubes/cube_000011000.cnf	5546d3bef599d02c7f5fd12d207253af627a1d27178da2585a7908e20492d2ed	73433	104e84da2dbc881190d17a543685b90d405adaf8956ff6b740ca3bc041b58858	/home/rb/conway99_workspace/o3_qsat_runs/task03_fullcert_1.1_20260829/cert/root/000011000/proof.lrat.gz	24223	24223	4bed924276c8bdc9ee194a94353b3b96a79f9efa1ffbe5cca6885975f06e86e6	4bed924276c8bdc9ee194a94353b3b96a79f9efa1ffbe5cca6885975f06e86e6	0	0	104e84da2dbc881190d17a543685b90d405adaf8956ff6b740ca3bc041b58858
ROOT_000011001	ROOT	000011001		/home/rb/conway99_workspace/o3_qsat_runs/task03_lemma_rescout_20260828/cubes/cube_000011001.cnf	9f80f746e7a1d87b0d45cc1b594f2624c39bbcb3c222d8011b647f07c249894b	73433	104e84da2dbc881190d17a543685b90d405adaf8956ff6b740ca3bc041b58858	/home/rb/conway99_workspace/o3_qsat_runs/task03_fullcert_1.1_20260829/cert/root/000011001/proof.lrat.gz	24223	24223	13cd56e3d2324bb159e1c7095fa365ca3da577aad8f423ddedaaa9ec3e18c3ee	13cd56e3d2324bb159e1c7095fa365ca3da577aad8f423ddedaaa9ec3e18c3ee	0	0	104e84da2dbc881190d17a543685b90d405adaf8956ff6b740ca3bc041b58858
ROOT_000011010	ROOT	000011010		/home/rb/conway99_workspace/o3_qsat_runs/task03_lemma_rescout_20260828/cubes/cube_000011010.cnf	e9c9c2cc89a68104484a64aebc3210e5d899fbb93e2782f2070c18c3d69a3677	73433	104e84da2dbc881190d17a543685b90d405adaf8956ff6b740ca3bc041b58858	/home/rb/conway99_workspace/o3_qsat_runs/task03_fullcert_1.1_20260829/cert/root/000011010/proof.lrat.gz	24223	24223	4b51d46f19775fab8d29be81131ad41e4c743541e3e48771d9bc347b6a24f1fe	4b51d46f19775fab8d29be81131ad41e4c743541e3e48771d9bc347b6a24f1fe	0	0	104e84da2dbc881190d17a543685b90d405adaf8956ff6b740ca3bc041b58858
ROOT_000011011	ROOT	000011011		/home/rb/conway99_workspace/o3_qsat_runs/task03_lemma_rescout_20260828/cubes/cube_000011011.cnf	5eaba94e08dd92c5225ff484cece1435c2a87f73ac94cb578e46a14aa3b8f67b	73433	104e84da2dbc881190d17a543685b90d405adaf8956ff6b740ca3bc041b58858	/home/rb/conway99_workspace/o3_qsat_runs/task03_fullcert_1.1_20260829/cert/root/000011011/proof.lrat.gz	24223	24223	4b51d46f19775fab8d29be81131ad41e4c743541e3e48771d9bc347b6a24f1fe	4b51d46f19775fab8d29be81131ad41e4c743541e3e48771d9bc347b6a24f1fe	0	0	104e84da2dbc881190d17a543685b90d405adaf8956ff6b740ca3bc041b58858
ROOT_000011100	ROOT	000011100		/home/rb/conway99_workspace/o3_qsat_runs/task03_lemma_rescout_20260828/cubes/cube_000011100.cnf	9e8e9a44adc340d764b35b1b1c4b169f662572b66f3e0e3035f86df47652bade	73433	104e84da2dbc881190d17a543685b90d405adaf8956ff6b740ca3bc041b58858	/home/rb/conway99_workspace/o3_qsat_runs/task03_fullcert_1.1_20260829/cert/root/000011100/proof.lrat.gz	24223	24223	13cd56e3d2324bb159e1c7095fa365ca3da577aad8f423ddedaaa9ec3e18c3ee	13cd56e3d2324bb159e1c7095fa365ca3da577aad8f423ddedaaa9ec3e18c3ee	0	0	104e84da2dbc881190d17a543685b90d405adaf8956ff6b740ca3bc041b58858
ROOT_000011101	ROOT	000011101		/home/rb/conway99_workspace/o3_qsat_runs/task03_lemma_rescout_20260828/cubes/cube_000011101.cnf	438bbe12b75dd5e2630be9b20fd479638cc07f06cdf723e5e29c633dbc8d02e2	73433	104e84da2dbc881190d17a543685b90d405adaf8956ff6b740ca3bc041b58858	/home/rb/conway99_workspace/o3_qsat_runs/task03_fullcert_1.1_20260829/cert/root/000011101/proof.lrat.gz	24223	24223	abeb4522e2553d40313f2420fc1ab258c75c5a09e2896cd6a7f469cd49658e45	abeb4522e2553d40313f2420fc1ab258c75c5a09e2896cd6a7f469cd49658e45	0	0	104e84da2dbc881190d17a543685b90d405adaf8956ff6b740ca3bc041b58858
ROOT_000011110	ROOT	000011110		/home/rb/conway99_workspace/o3_qsat_runs/task03_lemma_rescout_20260828/cubes/cube_000011110.cnf	bf98f1337412cd4a28f30aa75d901c7315fb44f90576aca79758f69d96fce367	73433	104e84da2dbc881190d17a543685b90d405adaf8956ff6b740ca3bc041b58858	/home/rb/conway99_workspace/o3_qsat_runs/task03_fullcert_1.1_20260829/cert/root/000011110/proof.lrat.gz	24223	24223	abeb4522e2553d40313f2420fc1ab258c75c5a09e2896cd6a7f469cd49658e45	abeb4522e2553d40313f2420fc1ab258c75c5a09e2896cd6a7f469cd49658e45	0	0	104e84da2dbc881190d17a543685b90d405adaf8956ff6b740ca3bc041b58858
ROOT_000011111	ROOT	000011111		/home/rb/conway99_workspace/o3_qsat_runs/task03_lemma_rescout_20260828/cubes/cube_000011111.cnf	768b45824b4bced476fe897248aacd3c0f24afb1a93d8ac92023ec2a813a78aa	73433	104e84da2dbc881190d17a543685b90d405adaf8956ff6b740ca3bc041b58858	/home/rb/conway99_workspace/o3_qsat_runs/task03_fullcert_1.1_20260829/cert/root/000011111/proof.lrat.gz	24223	24223	6e84ca8753ad82b91028664a5a3fb04f0e5ed3f4df85561f89c3e5d0692ab722	6e84ca8753ad82b91028664a5a3fb04f0e5ed3f4df85561f89c3e5d0692ab722	0	0	104e84da2dbc881190d17a543685b90d405adaf8956ff6b740ca3bc041b58858
ROOT_000100011	ROOT	000100011		/home/rb/conway99_workspace/o3_qsat_runs/task03_lemma_rescout_20260828/cubes/cube_000100011.cnf	02bb55a93aea763adb275825ee89ff5a5e8c6830aca2f550e0753dceebe41349	73711	35dcf4da4c2b103f761c5ac0c5101b4feb4c5af4b06ebd455bdd6cb76ba0fbac	/home/rb/conway99_workspace/o3_qsat_runs/task03_fullcert_1.1_20260829/cert/root/000100011/proof.lrat.gz	24318	24318	588c81a0b4538d4e1e1c5df22aa3895d7b07c4b02e81af73a115fd5da87dbf6f	588c81a0b4538d4e1e1c5df22aa3895d7b07c4b02e81af73a115fd5da87dbf6f	0	0	35dcf4da4c2b103f761c5ac0c5101b4feb4c5af4b06ebd455bdd6cb76ba0fbac
ROOT_000100100	ROOT	000100100		/home/rb/conway99_workspace/o3_qsat_runs/task03_lemma_rescout_20260828/cubes/cube_000100100.cnf	faeb13158b78bca7d8d01a8ff9ebf449e189b0e0b33da1117037efc8f26b3eec	43188155	619ed21709f022049361562e257209c820336733a4f12b0883a0fe7c8f03c67e	/home/rb/conway99_workspace/o3_qsat_runs/task03_fullcert_1.1_20260829/cert/root/000100100/proof.lrat.gz	10795314	10795314	347fc16fe178bbbe96155b79e618c255bb7d52f367f12c0750184ec225b3c177	347fc16fe178bbbe96155b79e618c255bb7d52f367f12c0750184ec225b3c177	0	0	619ed21709f022049361562e257209c820336733a4f12b0883a0fe7c8f03c67e
ROOT_000100101	ROOT	000100101		/home/rb/conway99_workspace/o3_qsat_runs/task03_lemma_rescout_20260828/cubes/cube_000100101.cnf	b93723f772390a8d4e894246f1426776b7a8155911037f36a4b0d80feefa555e	33630338	bbb26b09167ccdb2ad853d567804bbe031b03838f3f3892f7ec5a010a529b0ab	/home/rb/conway99_workspace/o3_qsat_runs/task03_fullcert_1.1_20260829/cert/root/000100101/proof.lrat.gz	8408464	8408464	2578f55402df99cad5af84488dc9403d2cbafa1a4fc68c690315dfd3cc667ee1	2578f55402df99cad5af84488dc9403d2cbafa1a4fc68c690315dfd3cc667ee1	0	0	bbb26b09167ccdb2ad853d567804bbe031b03838f3f3892f7ec5a010a529b0ab
ROOT_000100110	ROOT	000100110		/home/rb/conway99_workspace/o3_qsat_runs/task03_lemma_rescout_20260828/cubes/cube_000100110.cnf	6aa493568468d879c74ff10d87db7d514297b6059566effba810a9d4ede86311	61689	5f63dc53175f1df220044b39f362192f78ff8c9f12b74a0e9189f2cfd6e81e38	/home/rb/conway99_workspace/o3_qsat_runs/task03_fullcert_1.1_20260829/cert/root/000100110/proof.lrat.gz	20179	20179	6ec5036e60c9dbd2e4a4ffd31b4fb3b760c01a2ce61f4b78b3ef4a2932f841a6	6ec5036e60c9dbd2e4a4ffd31b4fb3b760c01a2ce61f4b78b3ef4a2932f841a6	0	0	5f63dc53175f1df220044b39f362192f78ff8c9f12b74a0e9189f2cfd6e81e38
ROOT_000100111	ROOT	000100111		/home/rb/conway99_workspace/o3_qsat_runs/task03_lemma_rescout_20260828/cubes/cube_000100111.cnf	0bbd08ad20961b977df53e54457917ddde8693c23d8f95e0e6d2c3560748f313	61689	5f63dc53175f1df220044b39f362192f78ff8c9f12b74a0e9189f2cfd6e81e38	/home/rb/conway99_workspace/o3_qsat_runs/task03_fullcert_1.1_20260829/cert/root/000100111/proof.lrat.gz	20179	20179	08a3b3bacc91f63649dc40a2e23b341f8549a4399b8072d71e4a12c7f7409d95	08a3b3bacc91f63649dc40a2e23b341f8549a4399b8072d71e4a12c7f7409d95	0	0	5f63dc53175f1df220044b39f362192f78ff8c9f12b74a0e9189f2cfd6e81e38
ROOT_000101010	ROOT	000101010		/home/rb/conway99_workspace/o3_qsat_runs/task03_lemma_rescout_20260828/cubes/cube_000101010.cnf	d2319b9850ec4dbd750f0eb58d11c778647501311a72266b78133066dd414066	55497	efaa0ec54eabd0432a2a8a67bbd6f07b50578955a800361d92a9d18b2740d4ab	/home/rb/conway99_workspace/o3_qsat_runs/task03_fullcert_1.1_20260829/cert/root/000101010/proof.lrat.gz	18059	18059	8f8d7b79a957f33c65f4dd44a04e63d4b649c931a94d0341b2b89b994469b59d	8f8d7b79a957f33c65f4dd44a04e63d4b649c931a94d0341b2b89b994469b59d	0	0	efaa0ec54eabd0432a2a8a67bbd6f07b50578955a800361d92a9d18b2740d4ab
ROOT_000101011	ROOT	000101011		/home/rb/conway99_workspace/o3_qsat_runs/task03_lemma_rescout_20260828/cubes/cube_000101011.cnf	6619ad35007bdc1db6fe827351186ed183cd8a480019197209c4ac0419eb765d	55497	efaa0ec54eabd0432a2a8a67bbd6f07b50578955a800361d92a9d18b2740d4ab	/home/rb/conway99_workspace/o3_qsat_runs/task03_fullcert_1.1_20260829/cert/root/000101011/proof.lrat.gz	18059	18059	8e27251daf531f2084c39f770f260e50904bb9a136cd5b7ee28258c3e60b8a4b	8e27251daf531f2084c39f770f260e50904bb9a136cd5b7ee28258c3e60b8a4b	0	0	efaa0ec54eabd0432a2a8a67bbd6f07b50578955a800361d92a9d18b2740d4ab
ROOT_000101100	ROOT	000101100		/home/rb/conway99_workspace/o3_qsat_runs/task03_lemma_rescout_20260828/cubes/cube_000101100.cnf	c437e5426174b7f5372d950f8281694632eb0d067c070bf278b752933622c4a8	32976929	06f77a16860e1cfd2e83193830397df0808030bbd13085a4143a0f552ca084a8	/home/rb/conway99_workspace/o3_qsat_runs/task03_fullcert_1.1_20260829/cert/root/000101100/proof.lrat.gz	8294245	8294245	283a99cc3aebaaf8a0cc9da2a9f4550b726c80dd6ad948079373036f3fffc3b9	283a99cc3aebaaf8a0cc9da2a9f4550b726c80dd6ad948079373036f3fffc3b9	0	0	06f77a16860e1cfd2e83193830397df0808030bbd13085a4143a0f552ca084a8
ROOT_000101101	ROOT	000101101		/home/rb/conway99_workspace/o3_qsat_runs/task03_lemma_rescout_20260828/cubes/cube_000101101.cnf	1646aa2821bbadeaa6e20e73c47f69b7df2a2618eb8aac304411f56bd0d2a1fa	23390372	9a4af3e73d3fff1bc8b9801fe4d234074d1e46aa96a0c796771a4600e0117ecf	/home/rb/conway99_workspace/o3_qsat_runs/task03_fullcert_1.1_20260829/cert/root/000101101/proof.lrat.gz	5949960	5949960	7cc2d173c272f1f1b67d88254f353ade1e8ab4765ce378834cafeb7958a6d46d	7cc2d173c272f1f1b67d88254f353ade1e8ab4765ce378834cafeb7958a6d46d	0	0	9a4af3e73d3fff1bc8b9801fe4d234074d1e46aa96a0c796771a4600e0117ecf
ROOT_000101110	ROOT	000101110		/home/rb/conway99_workspace/o3_qsat_runs/task03_lemma_rescout_20260828/cubes/cube_000101110.cnf	e4799a641c3b75f6c3631e4629803b4f64b8040e0b60166ddada7093f610bd83	68053	1f455d100110689780b376845702b1abddb7042eacc0ee286304df15049f2162	/home/rb/conway99_workspace/o3_qsat_runs/task03_fullcert_1.1_20260829/cert/root/000101110/proof.lrat.gz	22356	22356	922be6a501528c2bef84fa37d3783ab86b022d7ec6bdc123b2771a568d3766b1	922be6a501528c2bef84fa37d3783ab86b022d7ec6bdc123b2771a568d3766b1	0	0	1f455d100110689780b376845702b1abddb7042eacc0ee286304df15049f2162
ROOT_000101111	ROOT	000101111		/home/rb/conway99_workspace/o3_qsat_runs/task03_lemma_rescout_20260828/cubes/cube_000101111.cnf	c07f892e95feb960fbdc5667e5999429664c4526255b8009ae182d5a89a824c4	68053	1f455d100110689780b376845702b1abddb7042eacc0ee286304df15049f2162	/home/rb/conway99_workspace/o3_qsat_runs/task03_fullcert_1.1_20260829/cert/root/000101111/proof.lrat.gz	22356	22356	eabcc0278c488f7239464bd329a05fdb691c084676f2dd356e7b74337618ea7a	eabcc0278c488f7239464bd329a05fdb691c084676f2dd356e7b74337618ea7a	0	0	1f455d100110689780b376845702b1abddb7042eacc0ee286304df15049f2162
ROOT_000110000	ROOT	000110000		/home/rb/conway99_workspace/o3_qsat_runs/task03_lemma_rescout_20260828/cubes/cube_000110000.cnf	625ff6f913be6aa20debd5b88553a918c31df84987425138c775d2e465172298	51431	fad36c5e743d25a30b1db78cc7a7df10a00a490ebc003b2a3b8cb10fcc57e682	/home/rb/conway99_workspace/o3_qsat_runs/task03_fullcert_1.1_20260829/cert/root/000110000/proof.lrat.gz	16747	16747	bbb6607d74cfda54b17ad61286aad2cf9269dcce8ba73ba51dc366b5bac0a6a8	bbb6607d74cfda54b17ad61286aad2cf9269dcce8ba73ba51dc366b5bac0a6a8	0	0	fad36c5e743d25a30b1db78cc7a7df10a00a490ebc003b2a3b8cb10fcc57e682
ROOT_000110001	ROOT	000110001		/home/rb/conway99_workspace/o3_qsat_runs/task03_lemma_rescout_20260828/cubes/cube_000110001.cnf	efbc1d0db71c1b3f477312839140601838972807408cd5fe50fb2c3add8b5ab9	51431	fad36c5e743d25a30b1db78cc7a7df10a00a490ebc003b2a3b8cb10fcc57e682	/home/rb/conway99_workspace/o3_qsat_runs/task03_fullcert_1.1_20260829/cert/root/000110001/proof.lrat.gz	16747	16747	bbb6607d74cfda54b17ad61286aad2cf9269dcce8ba73ba51dc366b5bac0a6a8	bbb6607d74cfda54b17ad61286aad2cf9269dcce8ba73ba51dc366b5bac0a6a8	0	0	fad36c5e743d25a30b1db78cc7a7df10a00a490ebc003b2a3b8cb10fcc57e682
ROOT_000110010	ROOT	000110010		/home/rb/conway99_workspace/o3_qsat_runs/task03_lemma_rescout_20260828/cubes/cube_000110010.cnf	d512c418a126561f19005740386e5ff7062262d32845d790144c47d648ec6947	51431	fad36c5e743d25a30b1db78cc7a7df10a00a490ebc003b2a3b8cb10fcc57e682	/home/rb/conway99_workspace/o3_qsat_runs/task03_fullcert_1.1_20260829/cert/root/000110010/proof.lrat.gz	16747	16747	bbb6607d74cfda54b17ad61286aad2cf9269dcce8ba73ba51dc366b5bac0a6a8	bbb6607d74cfda54b17ad61286aad2cf9269dcce8ba73ba51dc366b5bac0a6a8	0	0	fad36c5e743d25a30b1db78cc7a7df10a00a490ebc003b2a3b8cb10fcc57e682
ROOT_000110011	ROOT	000110011		/home/rb/conway99_workspace/o3_qsat_runs/task03_lemma_rescout_20260828/cubes/cube_000110011.cnf	1c70b1877c552747efb41bc51ef317d3ad1e388dc0501bd5b9568a3207f3c1dc	51431	fad36c5e743d25a30b1db78cc7a7df10a00a490ebc003b2a3b8cb10fcc57e682	/home/rb/conway99_workspace/o3_qsat_runs/task03_fullcert_1.1_20260829/cert/root/000110011/proof.lrat.gz	16747	16747	bbb6607d74cfda54b17ad61286aad2cf9269dcce8ba73ba51dc366b5bac0a6a8	bbb6607d74cfda54b17ad61286aad2cf9269dcce8ba73ba51dc366b5bac0a6a8	0	0	fad36c5e743d25a30b1db78cc7a7df10a00a490ebc003b2a3b8cb10fcc57e682
ROOT_000110100	ROOT	000110100		/home/rb/conway99_workspace/o3_qsat_runs/task03_lemma_rescout_20260828/cubes/cube_000110100.cnf	b9baedb15c52186b468930b355272b24e02b8bb3f4ae2d87e622e258f3bf1e74	51431	fad36c5e743d25a30b1db78cc7a7df10a00a490ebc003b2a3b8cb10fcc57e682	/home/rb/conway99_workspace/o3_qsat_runs/task03_fullcert_1.1_20260829/cert/root/000110100/proof.lrat.gz	16747	16747	09ad4fe947053e558157b12d37bd0b74a79a4767c2609c93fe7c7b5c6dca0228	09ad4fe947053e558157b12d37bd0b74a79a4767c2609c93fe7c7b5c6dca0228	0	0	fad36c5e743d25a30b1db78cc7a7df10a00a490ebc003b2a3b8cb10fcc57e682
ROOT_000110101	ROOT	000110101		/home/rb/conway99_workspace/o3_qsat_runs/task03_lemma_rescout_20260828/cubes/cube_000110101.cnf	882889505476957002e8ae9ce6f77d68f1e04507685f88c6eacce613cda57e1e	51431	fad36c5e743d25a30b1db78cc7a7df10a00a490ebc003b2a3b8cb10fcc57e682	/home/rb/conway99_workspace/o3_qsat_runs/task03_fullcert_1.1_20260829/cert/root/000110101/proof.lrat.gz	16747	16747	4a5cabdbe7118b36390da0c272f97a1f56df14652a2922147bc694ef27805bd6	4a5cabdbe7118b36390da0c272f97a1f56df14652a2922147bc694ef27805bd6	0	0	fad36c5e743d25a30b1db78cc7a7df10a00a490ebc003b2a3b8cb10fcc57e682
ROOT_000110110	ROOT	000110110		/home/rb/conway99_workspace/o3_qsat_runs/task03_lemma_rescout_20260828/cubes/cube_000110110.cnf	785bb97af7c81aa83735236352e24d9690eb74f62efd18bb61b6c77515843053	51431	fad36c5e743d25a30b1db78cc7a7df10a00a490ebc003b2a3b8cb10fcc57e682	/home/rb/conway99_workspace/o3_qsat_runs/task03_fullcert_1.1_20260829/cert/root/000110110/proof.lrat.gz	16747	16747	4a5cabdbe7118b36390da0c272f97a1f56df14652a2922147bc694ef27805bd6	4a5cabdbe7118b36390da0c272f97a1f56df14652a2922147bc694ef27805bd6	0	0	fad36c5e743d25a30b1db78cc7a7df10a00a490ebc003b2a3b8cb10fcc57e682
ROOT_000110111	ROOT	000110111		/home/rb/conway99_workspace/o3_qsat_runs/task03_lemma_rescout_20260828/cubes/cube_000110111.cnf	1839c0541166fe6004befc7d62a62afccd55e93dcdbe171e70d1df83291f23cc	51431	fad36c5e743d25a30b1db78cc7a7df10a00a490ebc003b2a3b8cb10fcc57e682	/home/rb/conway99_workspace/o3_qsat_runs/task03_fullcert_1.1_20260829/cert/root/000110111/proof.lrat.gz	16747	16747	c547b39619a0f1cf32a35407fd7f44dde572d85beac676225b20df8e5c229597	c547b39619a0f1cf32a35407fd7f44dde572d85beac676225b20df8e5c229597	0	0	fad36c5e743d25a30b1db78cc7a7df10a00a490ebc003b2a3b8cb10fcc57e682
ROOT_000111000	ROOT	000111000		/home/rb/conway99_workspace/o3_qsat_runs/task03_lemma_rescout_20260828/cubes/cube_000111000.cnf	f04c16e361c7e0bdd60349273ae1822c54fc079b6b9f3134e523e81cd6400bef	51431	fad36c5e743d25a30b1db78cc7a7df10a00a490ebc003b2a3b8cb10fcc57e682	/home/rb/conway99_workspace/o3_qsat_runs/task03_fullcert_1.1_20260829/cert/root/000111000/proof.lrat.gz	16747	16747	165cd62623a63a46779ca2ebc737a22bc2be64be83f16bd511d9b2cfb27b52de	165cd62623a63a46779ca2ebc737a22bc2be64be83f16bd511d9b2cfb27b52de	0	0	fad36c5e743d25a30b1db78cc7a7df10a00a490ebc003b2a3b8cb10fcc57e682
ROOT_000111001	ROOT	000111001		/home/rb/conway99_workspace/o3_qsat_runs/task03_lemma_rescout_20260828/cubes/cube_000111001.cnf	9618872274e554c763939f918fdd9322b63758a067c00d3395da4af49df50efe	51431	fad36c5e743d25a30b1db78cc7a7df10a00a490ebc003b2a3b8cb10fcc57e682	/home/rb/conway99_workspace/o3_qsat_runs/task03_fullcert_1.1_20260829/cert/root/000111001/proof.lrat.gz	16747	16747	165cd62623a63a46779ca2ebc737a22bc2be64be83f16bd511d9b2cfb27b52de	165cd62623a63a46779ca2ebc737a22bc2be64be83f16bd511d9b2cfb27b52de	0	0	fad36c5e743d25a30b1db78cc7a7df10a00a490ebc003b2a3b8cb10fcc57e682
ROOT_000111010	ROOT	000111010		/home/rb/conway99_workspace/o3_qsat_runs/task03_lemma_rescout_20260828/cubes/cube_000111010.cnf	28c51ec58baab56ce269a25cb2d33d591114e7aec2ce94c890c88df062a579a1	51431	fad36c5e743d25a30b1db78cc7a7df10a00a490ebc003b2a3b8cb10fcc57e682	/home/rb/conway99_workspace/o3_qsat_runs/task03_fullcert_1.1_20260829/cert/root/000111010/proof.lrat.gz	16747	16747	c547b39619a0f1cf32a35407fd7f44dde572d85beac676225b20df8e5c229597	c547b39619a0f1cf32a35407fd7f44dde572d85beac676225b20df8e5c229597	0	0	fad36c5e743d25a30b1db78cc7a7df10a00a490ebc003b2a3b8cb10fcc57e682
ROOT_000111011	ROOT	000111011		/home/rb/conway99_workspace/o3_qsat_runs/task03_lemma_rescout_20260828/cubes/cube_000111011.cnf	9b0e78ee707d85cb39e01f26e099ecf95c23c7098d4bd97ec67a352109032947	51431	fad36c5e743d25a30b1db78cc7a7df10a00a490ebc003b2a3b8cb10fcc57e682	/home/rb/conway99_workspace/o3_qsat_runs/task03_fullcert_1.1_20260829/cert/root/000111011/proof.lrat.gz	16747	16747	ce9539761ce391d119ddddedb2d8201911d694a155e00e6eb51e073ebf12dc5e	ce9539761ce391d119ddddedb2d8201911d694a155e00e6eb51e073ebf12dc5e	0	0	fad36c5e743d25a30b1db78cc7a7df10a00a490ebc003b2a3b8cb10fcc57e682
ROOT_000111100	ROOT	000111100		/home/rb/conway99_workspace/o3_qsat_runs/task03_lemma_rescout_20260828/cubes/cube_000111100.cnf	72f648ad5b81efffbcd09b45ff0239517b3037de42993ebe7228a60cd0767544	51431	fad36c5e743d25a30b1db78cc7a7df10a00a490ebc003b2a3b8cb10fcc57e682	/home/rb/conway99_workspace/o3_qsat_runs/task03_fullcert_1.1_20260829/cert/root/000111100/proof.lrat.gz	16747	16747	ce9539761ce391d119ddddedb2d8201911d694a155e00e6eb51e073ebf12dc5e	ce9539761ce391d119ddddedb2d8201911d694a155e00e6eb51e073ebf12dc5e	0	0	fad36c5e743d25a30b1db78cc7a7df10a00a490ebc003b2a3b8cb10fcc57e682
ROOT_000111101	ROOT	000111101		/home/rb/conway99_workspace/o3_qsat_runs/task03_lemma_rescout_20260828/cubes/cube_000111101.cnf	b6f2ca13793367d17b44b0063a3f6caab78045558ca7cbe182e2edc694f994aa	51431	fad36c5e743d25a30b1db78cc7a7df10a00a490ebc003b2a3b8cb10fcc57e682	/home/rb/conway99_workspace/o3_qsat_runs/task03_fullcert_1.1_20260829/cert/root/000111101/proof.lrat.gz	16747	16747	5d708cf58b45f92ae1503d2c1e11101893b77192e23e64901201ff1c1be0077d	5d708cf58b45f92ae1503d2c1e11101893b77192e23e64901201ff1c1be0077d	0	0	fad36c5e743d25a30b1db78cc7a7df10a00a490ebc003b2a3b8cb10fcc57e682
ROOT_000111110	ROOT	000111110		/home/rb/conway99_workspace/o3_qsat_runs/task03_lemma_rescout_20260828/cubes/cube_000111110.cnf	29d92e3deebe0e58e5fbdc7fe98e7f3b52f1b7e16a9c6aaa78151e117232792b	51431	fad36c5e743d25a30b1db78cc7a7df10a00a490ebc003b2a3b8cb10fcc57e682	/home/rb/conway99_workspace/o3_qsat_runs/task03_fullcert_1.1_20260829/cert/root/000111110/proof.lrat.gz	16747	16747	ce9539761ce391d119ddddedb2d8201911d694a155e00e6eb51e073ebf12dc5e	ce9539761ce391d119ddddedb2d8201911d694a155e00e6eb51e073ebf12dc5e	0	0	fad36c5e743d25a30b1db78cc7a7df10a00a490ebc003b2a3b8cb10fcc57e682
ROOT_000111111	ROOT	000111111		/home/rb/conway99_workspace/o3_qsat_runs/task03_lemma_rescout_20260828/cubes/cube_000111111.cnf	6478ba8b9e2e55e1cdab8abb5b9ef5f89a815f1c8add3fa537f5ab99db347094	51431	fad36c5e743d25a30b1db78cc7a7df10a00a490ebc003b2a3b8cb10fcc57e682	/home/rb/conway99_workspace/o3_qsat_runs/task03_fullcert_1.1_20260829/cert/root/000111111/proof.lrat.gz	16747	16747	ce9539761ce391d119ddddedb2d8201911d694a155e00e6eb51e073ebf12dc5e	ce9539761ce391d119ddddedb2d8201911d694a155e00e6eb51e073ebf12dc5e	0	0	fad36c5e743d25a30b1db78cc7a7df10a00a490ebc003b2a3b8cb10fcc57e682
ROOT_001000001	ROOT	001000001		/home/rb/conway99_workspace/o3_qsat_runs/task03_lemma_rescout_20260828/cubes/cube_001000001.cnf	11b6ae567b84b4f5ed88850e5845ff1a8ec266a06633164791745fb209a48ee1	37163243	0866799d47377cf0f5345e7c93911dcc54d51d1bc527bf018d1d938e331c58e9	/home/rb/conway99_workspace/o3_qsat_runs/task03_fullcert_1.1_20260829/cert/root/001000001/proof.lrat.gz	9343197	9343197	fe1d7185b3146b2b90fa5e47ef409c4a96cbed31beba627eb56bc8d4fb386cc6	fe1d7185b3146b2b90fa5e47ef409c4a96cbed31beba627eb56bc8d4fb386cc6	0	0	0866799d47377cf0f5345e7c93911dcc54d51d1bc527bf018d1d938e331c58e9
ROOT_001000010	ROOT	001000010		/home/rb/conway99_workspace/o3_qsat_runs/task03_lemma_rescout_20260828/cubes/cube_001000010.cnf	0af30cc504bf1a42ae54015c300bd79c511909bcaed3f2e520270dda50b26dde	61509483	7286dd2d46be28e49871b3e5d09689cb48f432456ded751f7219eddd227f6216	/home/rb/conway99_workspace/o3_qsat_runs/task03_fullcert_1.1_20260829/cert/root/001000010/proof.lrat.gz	14925345	14925345	06217d959f51643ead18c6a47ee96ca7b16cc4c9cc05583f77262d51ba3c53b6	06217d959f51643ead18c6a47ee96ca7b16cc4c9cc05583f77262d51ba3c53b6	0	0	7286dd2d46be28e49871b3e5d09689cb48f432456ded751f7219eddd227f6216
ROOT_001000011	ROOT	001000011		/home/rb/conway99_workspace/o3_qsat_runs/task03_lemma_rescout_20260828/cubes/cube_001000011.cnf	042b99fcd1ea649879084bb328ea9047e7d35112c49b665337377a770f9282be	73678	1fab3a04641c1ce0f3e87a6bb281633048912c2715ce7a9b03a59b106ba69a57	/home/rb/conway99_workspace/o3_qsat_runs/task03_fullcert_1.1_20260829/cert/root/001000011/proof.lrat.gz	24294	24294	0ea64951ab68dc0e0f392cd57ad78095efa2bf34af3d8b2e2941f1c58ca5e529	0ea64951ab68dc0e0f392cd57ad78095efa2bf34af3d8b2e2941f1c58ca5e529	0	0	1fab3a04641c1ce0f3e87a6bb281633048912c2715ce7a9b03a59b106ba69a57
ROOT_001000101	ROOT	001000101		/home/rb/conway99_workspace/o3_qsat_runs/task03_lemma_rescout_20260828/cubes/cube_001000101.cnf	f5efed7ec47e808c76a1fb7a02e02845a0ee8f49ba8f58463924def21856d617	33401459	c947e15274528967118ac680ff2ce6ce301b13922080c20c4d08d717bd0841d7	/home/rb/conway99_workspace/o3_qsat_runs/task03_fullcert_1.1_20260829/cert/root/001000101/proof.lrat.gz	8373914	8373914	66970624fdb3ccb65e114756719dbc76ec76075a5cf6184c6d10f83b4f1522fc	66970624fdb3ccb65e114756719dbc76ec76075a5cf6184c6d10f83b4f1522fc	0	0	c947e15274528967118ac680ff2ce6ce301b13922080c20c4d08d717bd0841d7
ROOT_001000110	ROOT	001000110		/home/rb/conway99_workspace/o3_qsat_runs/task03_lemma_rescout_20260828/cubes/cube_001000110.cnf	5834b67804922950a2aa5189f04d21e916e057d5964e4b0ad0c3bf81d99554cc	55595	d7cdf9cf90fa973d074b345faed4e63835401ea2f2fd3c8164787d3de0d46a31	/home/rb/conway99_workspace/o3_qsat_runs/task03_fullcert_1.1_20260829/cert/root/001000110/proof.lrat.gz	18096	18096	cbc40624e32f69fbc80af24a5529a62495e3fcf1993f81628a4098dec721b298	cbc40624e32f69fbc80af24a5529a62495e3fcf1993f81628a4098dec721b298	0	0	d7cdf9cf90fa973d074b345faed4e63835401ea2f2fd3c8164787d3de0d46a31
ROOT_001000111	ROOT	001000111		/home/rb/conway99_workspace/o3_qsat_runs/task03_lemma_rescout_20260828/cubes/cube_001000111.cnf	6227b12d580e143d97c482f4cfed6176f5b0258e519628619e502e9b7da11014	55595	d7cdf9cf90fa973d074b345faed4e63835401ea2f2fd3c8164787d3de0d46a31	/home/rb/conway99_workspace/o3_qsat_runs/task03_fullcert_1.1_20260829/cert/root/001000111/proof.lrat.gz	18096	18096	86b74edc0cb565fb81662d8c08dc65a503f439790f26297b4e05faa1c2d6707c	86b74edc0cb565fb81662d8c08dc65a503f439790f26297b4e05faa1c2d6707c	0	0	d7cdf9cf90fa973d074b345faed4e63835401ea2f2fd3c8164787d3de0d46a31
ROOT_001001000	ROOT	001001000		/home/rb/conway99_workspace/o3_qsat_runs/task03_lemma_rescout_20260828/cubes/cube_001001000.cnf	31bda44b6fd093b31e97673c4b65f37e1475850e327f1f51ea21991039f11f14	35597574	49eeae39e783229243d9b7b5895af0a3c78bd8f5f19951e7ba6c457da27f1fb5	/home/rb/conway99_workspace/o3_qsat_runs/task03_fullcert_1.1_20260829/cert/root/001001000/proof.lrat.gz	8977761	8977761	838a37f562295d0bcf0104f28f09c8a37caa78b3c324dd3b5cdfd6a80c9668b1	838a37f562295d0bcf0104f28f09c8a37caa78b3c324dd3b5cdfd6a80c9668b1	0	0	49eeae39e783229243d9b7b5895af0a3c78bd8f5f19951e7ba6c457da27f1fb5
ROOT_001001001	ROOT	001001001		/home/rb/conway99_workspace/o3_qsat_runs/task03_lemma_rescout_20260828/cubes/cube_001001001.cnf	99ce8fa07c901d811a48c1161c97391156e28ab985f7ab3afa311cd96098f40e	24563044	27895413e8c968368150a5c602aa7ffa52c6d878b377ef068000a10b72ee3db1	/home/rb/conway99_workspace/o3_qsat_runs/task03_fullcert_1.1_20260829/cert/root/001001001/proof.lrat.gz	6181214	6181214	761339360838f341f174f714d1782ad296e812f6eed1bda0a3d66e49adc9774c	761339360838f341f174f714d1782ad296e812f6eed1bda0a3d66e49adc9774c	0	0	27895413e8c968368150a5c602aa7ffa52c6d878b377ef068000a10b72ee3db1
ROOT_001001010	ROOT	001001010		/home/rb/conway99_workspace/o3_qsat_runs/task03_lemma_rescout_20260828/cubes/cube_001001010.cnf	eb2b3bb5e807334b1487cdc83599c8272dcb6aad457de8eb06f44a9246644a6e	61579	b5e3386c150da74f35d5a657dee64160f688057290cb1ee7df82e3f6635d39bd	/home/rb/conway99_workspace/o3_qsat_runs/task03_fullcert_1.1_20260829/cert/root/001001010/proof.lrat.gz	20117	20117	e2bad1d224fdd846e3b64895ae421d29bafa7fb62fd15db9205fbda6a7eebacb	e2bad1d224fdd846e3b64895ae421d29bafa7fb62fd15db9205fbda6a7eebacb	0	0	b5e3386c150da74f35d5a657dee64160f688057290cb1ee7df82e3f6635d39bd
ROOT_001001011	ROOT	001001011		/home/rb/conway99_workspace/o3_qsat_runs/task03_lemma_rescout_20260828/cubes/cube_001001011.cnf	ef8b84fd5a4aeb4bafad30dc86058b6bd51252b74c7d93efd77991b2e43242a3	61579	b5e3386c150da74f35d5a657dee64160f688057290cb1ee7df82e3f6635d39bd	/home/rb/conway99_workspace/o3_qsat_runs/task03_fullcert_1.1_20260829/cert/root/001001011/proof.lrat.gz	20117	20117	d9ef26aff57410864ec74808db7b56250b23bb7d94fd2a27016dcda744c5202d	d9ef26aff57410864ec74808db7b56250b23bb7d94fd2a27016dcda744c5202d	0	0	b5e3386c150da74f35d5a657dee64160f688057290cb1ee7df82e3f6635d39bd
ROOT_001001100	ROOT	001001100		/home/rb/conway99_workspace/o3_qsat_runs/task03_lemma_rescout_20260828/cubes/cube_001001100.cnf	f18286b63c58597636d6eb699470aa5511c10e1e1b99392faf5642278a76103a	33164251	92e3a42a89ad7ff9d7b52ef7a6857573717ea519ea268108637485a9efe1e9f5	/home/rb/conway99_workspace/o3_qsat_runs/task03_fullcert_1.1_20260829/cert/root/001001100/proof.lrat.gz	8326377	8326377	182e6bd953922cf8faba7890bd8419615cc7d8955ba8c088f1b977688e50af41	182e6bd953922cf8faba7890bd8419615cc7d8955ba8c088f1b977688e50af41	0	0	92e3a42a89ad7ff9d7b52ef7a6857573717ea519ea268108637485a9efe1e9f5
ROOT_001001101	ROOT	001001101		/home/rb/conway99_workspace/o3_qsat_runs/task03_lemma_rescout_20260828/cubes/cube_001001101.cnf	a8f0b2834e7dc436c3565c27133e54b2c3a74e5a9cf618bbe9be487be6beff29	23355741	70045790541daca1dff1294b70f96679be2ab8ec71622dd624cd5ddba046ef01	/home/rb/conway99_workspace/o3_qsat_runs/task03_fullcert_1.1_20260829/cert/root/001001101/proof.lrat.gz	5931518	5931518	46f1cdb390371461d27fb0e0fb9032dbbcd70644b79515f83359c27121f17958	46f1cdb390371461d27fb0e0fb9032dbbcd70644b79515f83359c27121f17958	0	0	70045790541daca1dff1294b70f96679be2ab8ec71622dd624cd5ddba046ef01
ROOT_001001110	ROOT	001001110		/home/rb/conway99_workspace/o3_qsat_runs/task03_lemma_rescout_20260828/cubes/cube_001001110.cnf	98707d6fdcfb127a30351195f9b20e8b6b9dfbe3f01f0bc2c3e88e25767c8d10	68044	64200e5ddea250bab02a4c0e275cc6d262ff16da225b287fd9033cbf173f2fcd	/home/rb/conway99_workspace/o3_qsat_runs/task03_fullcert_1.1_20260829/cert/root/001001110/proof.lrat.gz	22277	22277	aa933c69cc72ac8fb5095986de1fb13d7a7d12a1a0cda4f97ec9085ae23babdf	aa933c69cc72ac8fb5095986de1fb13d7a7d12a1a0cda4f97ec9085ae23babdf	0	0	64200e5ddea250bab02a4c0e275cc6d262ff16da225b287fd9033cbf173f2fcd
ROOT_001001111	ROOT	001001111		/home/rb/conway99_workspace/o3_qsat_runs/task03_lemma_rescout_20260828/cubes/cube_001001111.cnf	6db3939ae754cf68fbac5ee7ed73e956a2f3a9eae4e829352d6296a1eb671323	68044	64200e5ddea250bab02a4c0e275cc6d262ff16da225b287fd9033cbf173f2fcd	/home/rb/conway99_workspace/o3_qsat_runs/task03_fullcert_1.1_20260829/cert/root/001001111/proof.lrat.gz	22277	22277	f309a004010d52a701948f2d5a10d097aeed3af510107509fafc89970aea818d	f309a004010d52a701948f2d5a10d097aeed3af510107509fafc89970aea818d	0	0	64200e5ddea250bab02a4c0e275cc6d262ff16da225b287fd9033cbf173f2fcd
ROOT_001010000	ROOT	001010000		/home/rb/conway99_workspace/o3_qsat_runs/task03_lemma_rescout_20260828/cubes/cube_001010000.cnf	e2593de38c829d944fa9e8fd856091ca19fc42d7a696409f9de49f9a8e72eadb	51428	7d149df8e2d27124e01f6059b4d6302473b2b1a13d04d3a3372fa311d19d9c3b	/home/rb/conway99_workspace/o3_qsat_runs/task03_fullcert_1.1_20260829/cert/root/001010000/proof.lrat.gz	16745	16745	4596d40bfa74d04b198fcd584513563df1377d12887c6eda8ad168c70a6f3bca	4596d40bfa74d04b198fcd584513563df1377d12887c6eda8ad168c70a6f3bca	0	0	7d149df8e2d27124e01f6059b4d6302473b2b1a13d04d3a3372fa311d19d9c3b
ROOT_001010001	ROOT	001010001		/home/rb/conway99_workspace/o3_qsat_runs/task03_lemma_rescout_20260828/cubes/cube_001010001.cnf	65daaca63320d64068df786ae400b736afb2fe035f8a3b662db48f1597494138	51428	7d149df8e2d27124e01f6059b4d6302473b2b1a13d04d3a3372fa311d19d9c3b	/home/rb/conway99_workspace/o3_qsat_runs/task03_fullcert_1.1_20260829/cert/root/001010001/proof.lrat.gz	16745	16745	4596d40bfa74d04b198fcd584513563df1377d12887c6eda8ad168c70a6f3bca	4596d40bfa74d04b198fcd584513563df1377d12887c6eda8ad168c70a6f3bca	0	0	7d149df8e2d27124e01f6059b4d6302473b2b1a13d04d3a3372fa311d19d9c3b
ROOT_001010010	ROOT	001010010		/home/rb/conway99_workspace/o3_qsat_runs/task03_lemma_rescout_20260828/cubes/cube_001010010.cnf	5ab3f4f8d2161aa7729f70e73fd02b8c9ff060103286efadba77a65a7b9d0815	51428	7d149df8e2d27124e01f6059b4d6302473b2b1a13d04d3a3372fa311d19d9c3b	/home/rb/conway99_workspace/o3_qsat_runs/task03_fullcert_1.1_20260829/cert/root/001010010/proof.lrat.gz	16745	16745	3dac071ebb92ed4427d6e65a024f3fb91279c75217a2bf4a5c92c7347568da0b	3dac071ebb92ed4427d6e65a024f3fb91279c75217a2bf4a5c92c7347568da0b	0	0	7d149df8e2d27124e01f6059b4d6302473b2b1a13d04d3a3372fa311d19d9c3b
ROOT_001010011	ROOT	001010011		/home/rb/conway99_workspace/o3_qsat_runs/task03_lemma_rescout_20260828/cubes/cube_001010011.cnf	2174a6cac7b90d3491730d54e670b3672ff5351b81217440327112cd9be129fe	51428	7d149df8e2d27124e01f6059b4d6302473b2b1a13d04d3a3372fa311d19d9c3b	/home/rb/conway99_workspace/o3_qsat_runs/task03_fullcert_1.1_20260829/cert/root/001010011/proof.lrat.gz	16745	16745	4596d40bfa74d04b198fcd584513563df1377d12887c6eda8ad168c70a6f3bca	4596d40bfa74d04b198fcd584513563df1377d12887c6eda8ad168c70a6f3bca	0	0	7d149df8e2d27124e01f6059b4d6302473b2b1a13d04d3a3372fa311d19d9c3b
ROOT_001010100	ROOT	001010100		/home/rb/conway99_workspace/o3_qsat_runs/task03_lemma_rescout_20260828/cubes/cube_001010100.cnf	6c9373a8cbbe6ec3b70db8e337ff653a082f81d29472e967edd80dda8091f4ac	51428	7d149df8e2d27124e01f6059b4d6302473b2b1a13d04d3a3372fa311d19d9c3b	/home/rb/conway99_workspace/o3_qsat_runs/task03_fullcert_1.1_20260829/cert/root/001010100/proof.lrat.gz	16745	16745	4596d40bfa74d04b198fcd584513563df1377d12887c6eda8ad168c70a6f3bca	4596d40bfa74d04b198fcd584513563df1377d12887c6eda8ad168c70a6f3bca	0	0	7d149df8e2d27124e01f6059b4d6302473b2b1a13d04d3a3372fa311d19d9c3b
ROOT_001010101	ROOT	001010101		/home/rb/conway99_workspace/o3_qsat_runs/task03_lemma_rescout_20260828/cubes/cube_001010101.cnf	fbd223b0da3dda797214b75d9501f6a56d3f283706078d898b34c2dc460e85ad	51428	7d149df8e2d27124e01f6059b4d6302473b2b1a13d04d3a3372fa311d19d9c3b	/home/rb/conway99_workspace/o3_qsat_runs/task03_fullcert_1.1_20260829/cert/root/001010101/proof.lrat.gz	16745	16745	03e9ad908a6bec86777cf2efd014a98df964d92f12637e715442159989f2d194	03e9ad908a6bec86777cf2efd014a98df964d92f12637e715442159989f2d194	0	0	7d149df8e2d27124e01f6059b4d6302473b2b1a13d04d3a3372fa311d19d9c3b
ROOT_001010110	ROOT	001010110		/home/rb/conway99_workspace/o3_qsat_runs/task03_lemma_rescout_20260828/cubes/cube_001010110.cnf	3877d8fd056d361427d5427fabc726fc62f2b06353846ab0ee7637b7bbc37791	51428	7d149df8e2d27124e01f6059b4d6302473b2b1a13d04d3a3372fa311d19d9c3b	/home/rb/conway99_workspace/o3_qsat_runs/task03_fullcert_1.1_20260829/cert/root/001010110/proof.lrat.gz	16745	16745	03e9ad908a6bec86777cf2efd014a98df964d92f12637e715442159989f2d194	03e9ad908a6bec86777cf2efd014a98df964d92f12637e715442159989f2d194	0	0	7d149df8e2d27124e01f6059b4d6302473b2b1a13d04d3a3372fa311d19d9c3b
ROOT_001010111	ROOT	001010111		/home/rb/conway99_workspace/o3_qsat_runs/task03_lemma_rescout_20260828/cubes/cube_001010111.cnf	67fd7791b326384cfc368662d0017879ec0b9826a0e1b167a236692b9abe927e	51428	7d149df8e2d27124e01f6059b4d6302473b2b1a13d04d3a3372fa311d19d9c3b	/home/rb/conway99_workspace/o3_qsat_runs/task03_fullcert_1.1_20260829/cert/root/001010111/proof.lrat.gz	16745	16745	9f0af20ef2ea119227b0d0150adccc30a8938bef575701162be1d8a4ef84992a	9f0af20ef2ea119227b0d0150adccc30a8938bef575701162be1d8a4ef84992a	0	0	7d149df8e2d27124e01f6059b4d6302473b2b1a13d04d3a3372fa311d19d9c3b
ROOT_001011000	ROOT	001011000		/home/rb/conway99_workspace/o3_qsat_runs/task03_lemma_rescout_20260828/cubes/cube_001011000.cnf	fcc7919c6c0e24ca0527bc7cca16bfe7a398b39c13995c78312f3d0f8e1eca47	51428	7d149df8e2d27124e01f6059b4d6302473b2b1a13d04d3a3372fa311d19d9c3b	/home/rb/conway99_workspace/o3_qsat_runs/task03_fullcert_1.1_20260829/cert/root/001011000/proof.lrat.gz	16745	16745	3bfb2493f4facb16fa70103379f091e7ee29a60186c532cfa659e0d10d5e554e	3bfb2493f4facb16fa70103379f091e7ee29a60186c532cfa659e0d10d5e554e	0	0	7d149df8e2d27124e01f6059b4d6302473b2b1a13d04d3a3372fa311d19d9c3b
ROOT_001011001	ROOT	001011001		/home/rb/conway99_workspace/o3_qsat_runs/task03_lemma_rescout_20260828/cubes/cube_001011001.cnf	56dc4fa52ff6156453e686b8cf2dee0a13ca96c4d8f59a727766378f60075038	51428	7d149df8e2d27124e01f6059b4d6302473b2b1a13d04d3a3372fa311d19d9c3b	/home/rb/conway99_workspace/o3_qsat_runs/task03_fullcert_1.1_20260829/cert/root/001011001/proof.lrat.gz	16745	16745	456238117dcbbfc448d82e04c5272c7f3a9c47068bb0beeef85818cce7a89b93	456238117dcbbfc448d82e04c5272c7f3a9c47068bb0beeef85818cce7a89b93	0	0	7d149df8e2d27124e01f6059b4d6302473b2b1a13d04d3a3372fa311d19d9c3b
ROOT_001011010	ROOT	001011010		/home/rb/conway99_workspace/o3_qsat_runs/task03_lemma_rescout_20260828/cubes/cube_001011010.cnf	5dcd73b6c15a3bff78c8e01aa02ffbde25830aa247ce4d288e6705de0eff9c3b	51428	7d149df8e2d27124e01f6059b4d6302473b2b1a13d04d3a3372fa311d19d9c3b	/home/rb/conway99_workspace/o3_qsat_runs/task03_fullcert_1.1_20260829/cert/root/001011010/proof.lrat.gz	16745	16745	456238117dcbbfc448d82e04c5272c7f3a9c47068bb0beeef85818cce7a89b93	456238117dcbbfc448d82e04c5272c7f3a9c47068bb0beeef85818cce7a89b93	0	0	7d149df8e2d27124e01f6059b4d6302473b2b1a13d04d3a3372fa311d19d9c3b
ROOT_001011011	ROOT	001011011		/home/rb/conway99_workspace/o3_qsat_runs/task03_lemma_rescout_20260828/cubes/cube_001011011.cnf	425967ffb8beb173ab21f3189191b25f1823397e1a722ca5a3a8972f9cf2ed0c	51428	7d149df8e2d27124e01f6059b4d6302473b2b1a13d04d3a3372fa311d19d9c3b	/home/rb/conway99_workspace/o3_qsat_runs/task03_fullcert_1.1_20260829/cert/root/001011011/proof.lrat.gz	16745	16745	2780b73a3eda18b9145157ef139f7bf5aa6564df658cb266366bbc41bdbc3a50	2780b73a3eda18b9145157ef139f7bf5aa6564df658cb266366bbc41bdbc3a50	0	0	7d149df8e2d27124e01f6059b4d6302473b2b1a13d04d3a3372fa311d19d9c3b
ROOT_001011100	ROOT	001011100		/home/rb/conway99_workspace/o3_qsat_runs/task03_lemma_rescout_20260828/cubes/cube_001011100.cnf	8d83972e87161168a6ed13f4f899d79a8ae64abdd76d4e1abba84a30d7f47f0b	51428	7d149df8e2d27124e01f6059b4d6302473b2b1a13d04d3a3372fa311d19d9c3b	/home/rb/conway99_workspace/o3_qsat_runs/task03_fullcert_1.1_20260829/cert/root/001011100/proof.lrat.gz	16745	16745	c88323c8157e280bf8de1412c59c839660cd2bfd7ff7acd8c04ab367c10cb34a	c88323c8157e280bf8de1412c59c839660cd2bfd7ff7acd8c04ab367c10cb34a	0	0	7d149df8e2d27124e01f6059b4d6302473b2b1a13d04d3a3372fa311d19d9c3b
ROOT_001011101	ROOT	001011101		/home/rb/conway99_workspace/o3_qsat_runs/task03_lemma_rescout_20260828/cubes/cube_001011101.cnf	be448ff9b07422aad7b6dc8ccae8ccc3bfc83429e88a1e6911f1240d8ac20a32	51428	7d149df8e2d27124e01f6059b4d6302473b2b1a13d04d3a3372fa311d19d9c3b	/home/rb/conway99_workspace/o3_qsat_runs/task03_fullcert_1.1_20260829/cert/root/001011101/proof.lrat.gz	16745	16745	ed848a4bfabedfb8ddb189ce44def47c9e09b1675f7ad5b3a23af5d28a0578fc	ed848a4bfabedfb8ddb189ce44def47c9e09b1675f7ad5b3a23af5d28a0578fc	0	0	7d149df8e2d27124e01f6059b4d6302473b2b1a13d04d3a3372fa311d19d9c3b
ROOT_001011110	ROOT	001011110		/home/rb/conway99_workspace/o3_qsat_runs/task03_lemma_rescout_20260828/cubes/cube_001011110.cnf	5796ea79f6f5f3f4f6a7f52d611d0e3ee0db451c7b0e91035fd3f11dc3f9c5cd	51428	7d149df8e2d27124e01f6059b4d6302473b2b1a13d04d3a3372fa311d19d9c3b	/home/rb/conway99_workspace/o3_qsat_runs/task03_fullcert_1.1_20260829/cert/root/001011110/proof.lrat.gz	16745	16745	c88323c8157e280bf8de1412c59c839660cd2bfd7ff7acd8c04ab367c10cb34a	c88323c8157e280bf8de1412c59c839660cd2bfd7ff7acd8c04ab367c10cb34a	0	0	7d149df8e2d27124e01f6059b4d6302473b2b1a13d04d3a3372fa311d19d9c3b
ROOT_001011111	ROOT	001011111		/home/rb/conway99_workspace/o3_qsat_runs/task03_lemma_rescout_20260828/cubes/cube_001011111.cnf	47313c3b98784076c2eca9fa3a9b223e8f490448ed2a42bf72d59db908c962e1	51428	7d149df8e2d27124e01f6059b4d6302473b2b1a13d04d3a3372fa311d19d9c3b	/home/rb/conway99_workspace/o3_qsat_runs/task03_fullcert_1.1_20260829/cert/root/001011111/proof.lrat.gz	16745	16745	b6016fc2b3e2d19d74bd7c3ac08e602349ffbcee1ab3f6381dba9df963d03bbe	b6016fc2b3e2d19d74bd7c3ac08e602349ffbcee1ab3f6381dba9df963d03bbe	0	0	7d149df8e2d27124e01f6059b4d6302473b2b1a13d04d3a3372fa311d19d9c3b
ROOT_001100001	ROOT	001100001		/home/rb/conway99_workspace/o3_qsat_runs/task03_lemma_rescout_20260828/cubes/cube_001100001.cnf	94624168b1c73ca4ceefedbcdaebaf3807ec2a8df3684e12fc4510916a55e2f6	33081901	e1d7e0a2b740cd79c85dc9cc89b52e64bfedb837c45bbef32b2348601829e242	/home/rb/conway99_workspace/o3_qsat_runs/task03_fullcert_1.1_20260829/cert/root/001100001/proof.lrat.gz	8340049	8340049	c38bd5335a80ca731977616b531202939f8d6a4abf9a7f3a95f5f7dcbd8e5309	c38bd5335a80ca731977616b531202939f8d6a4abf9a7f3a95f5f7dcbd8e5309	0	0	e1d7e0a2b740cd79c85dc9cc89b52e64bfedb837c45bbef32b2348601829e242
ROOT_001100011	ROOT	001100011		/home/rb/conway99_workspace/o3_qsat_runs/task03_lemma_rescout_20260828/cubes/cube_001100011.cnf	67317320a65b242f67d4e37129aaf225b1393d594dbf0d698024ac85abca609b	72169	f36851b59f8b6d2ac5bfa95dbb4d901bf02264fb8785569b1ffdecba574fd03a	/home/rb/conway99_workspace/o3_qsat_runs/task03_fullcert_1.1_20260829/cert/root/001100011/proof.lrat.gz	23888	23888	7f8af7658e1bdb411a48fd69155f85cbcdf1ebf67da7d0ca7991d5e71c46062a	7f8af7658e1bdb411a48fd69155f85cbcdf1ebf67da7d0ca7991d5e71c46062a	0	0	f36851b59f8b6d2ac5bfa95dbb4d901bf02264fb8785569b1ffdecba574fd03a
ROOT_001100100	ROOT	001100100		/home/rb/conway99_workspace/o3_qsat_runs/task03_lemma_rescout_20260828/cubes/cube_001100100.cnf	eecb2380642a9b44a336158f0e70194dfece85abf28fa0178a7b477542e9bbd9	33608322	fd8731ba1575fc6885923ff78951a830abb5f3c492cd8b7555e70c7bea4c2790	/home/rb/conway99_workspace/o3_qsat_runs/task03_fullcert_1.1_20260829/cert/root/001100100/proof.lrat.gz	8483881	8483881	353a295a850cd9ba27be7c6eeaa97d3afe5a1f0e69f208adfbec22cbd78cd0a2	353a295a850cd9ba27be7c6eeaa97d3afe5a1f0e69f208adfbec22cbd78cd0a2	0	0	fd8731ba1575fc6885923ff78951a830abb5f3c492cd8b7555e70c7bea4c2790
ROOT_001100101	ROOT	001100101		/home/rb/conway99_workspace/o3_qsat_runs/task03_lemma_rescout_20260828/cubes/cube_001100101.cnf	3511f21d849a15dde4e1b3c0dad121aa143c72bbb5a0777613e2673f6f6fb662	23400609	d0e0900b096f50d803d5ec8a4720d5bd98bed41b2ffc59dee9f3b748ac155b78	/home/rb/conway99_workspace/o3_qsat_runs/task03_fullcert_1.1_20260829/cert/root/001100101/proof.lrat.gz	5945652	5945652	b224764ec6d314dba29695175f08f317497035592d3325620f5b04d8582ac117	b224764ec6d314dba29695175f08f317497035592d3325620f5b04d8582ac117	0	0	d0e0900b096f50d803d5ec8a4720d5bd98bed41b2ffc59dee9f3b748ac155b78
ROOT_001100110	ROOT	001100110		/home/rb/conway99_workspace/o3_qsat_runs/task03_lemma_rescout_20260828/cubes/cube_001100110.cnf	007ef8adbdf58dc265db272eba883575a57f8eb09bb57e9830bf290d7782a726	68129	e4afac4999fa552ae5abf68b271437aa470d43b73349e041102aa14ec1a7744b	/home/rb/conway99_workspace/o3_qsat_runs/task03_fullcert_1.1_20260829/cert/root/001100110/proof.lrat.gz	22406	22406	602a3e36e17b840859505ea113d91f42f0fb610ebbd9ef16379608b2c70636cf	602a3e36e17b840859505ea113d91f42f0fb610ebbd9ef16379608b2c70636cf	0	0	e4afac4999fa552ae5abf68b271437aa470d43b73349e041102aa14ec1a7744b
ROOT_001100111	ROOT	001100111		/home/rb/conway99_workspace/o3_qsat_runs/task03_lemma_rescout_20260828/cubes/cube_001100111.cnf	a2fcbfee436406600fb492c88a01ad4e6dc44b2764f98a71e53f9bd352bab51c	68129	e4afac4999fa552ae5abf68b271437aa470d43b73349e041102aa14ec1a7744b	/home/rb/conway99_workspace/o3_qsat_runs/task03_fullcert_1.1_20260829/cert/root/001100111/proof.lrat.gz	22406	22406	67b611482770a78f4e9be7e2f81041c0c1d8097c706479c3b76709f26da33772	67b611482770a78f4e9be7e2f81041c0c1d8097c706479c3b76709f26da33772	0	0	e4afac4999fa552ae5abf68b271437aa470d43b73349e041102aa14ec1a7744b
ROOT_001101000	ROOT	001101000		/home/rb/conway99_workspace/o3_qsat_runs/task03_lemma_rescout_20260828/cubes/cube_001101000.cnf	d1a0ade36864be7fb6b9bb3ba8b53690d4866278ae1cf090a0982a4e6bc0292d	34031753	5d52b55c601e98b7cac4b1356d2640ae34997d7b7ee02f8de14223699ad36b53	/home/rb/conway99_workspace/o3_qsat_runs/task03_fullcert_1.1_20260829/cert/root/001101000/proof.lrat.gz	8527801	8527801	051ba2a667a53fd22177db7abb83d448d8877339c6e728b990437b254778aff2	051ba2a667a53fd22177db7abb83d448d8877339c6e728b990437b254778aff2	0	0	5d52b55c601e98b7cac4b1356d2640ae34997d7b7ee02f8de14223699ad36b53
ROOT_001101001	ROOT	001101001		/home/rb/conway99_workspace/o3_qsat_runs/task03_lemma_rescout_20260828/cubes/cube_001101001.cnf	4ce6698dfa61b3e61a23cac73e2d45df46cdd7cf902d9918c67ac5b14bd0def3	23800251	25f29e7820d8e1bfe946ab57b8b0076ff2d74c074e8c19f361d805435435d5b1	/home/rb/conway99_workspace/o3_qsat_runs/task03_fullcert_1.1_20260829/cert/root/001101001/proof.lrat.gz	6043415	6043415	c8b2a8d49cafbab535a7b42f95437ad0a065a4fafe0790799e29be1272df57e4	c8b2a8d49cafbab535a7b42f95437ad0a065a4fafe0790799e29be1272df57e4	0	0	25f29e7820d8e1bfe946ab57b8b0076ff2d74c074e8c19f361d805435435d5b1
ROOT_001101010	ROOT	001101010		/home/rb/conway99_workspace/o3_qsat_runs/task03_lemma_rescout_20260828/cubes/cube_001101010.cnf	7bd456c0d05738e5c4e6627b0bd8d3b7e287f4d575b920a1c73cbda226b9bdda	68148	22d650af3a4d54c68817c0d3002fcd66cd10d30083f725c08cb9df1572eee61d	/home/rb/conway99_workspace/o3_qsat_runs/task03_fullcert_1.1_20260829/cert/root/001101010/proof.lrat.gz	22394	22394	ab9fa9fc8ced2f009e2f504c49839ff8894f77b5873589b4548197533b5dded0	ab9fa9fc8ced2f009e2f504c49839ff8894f77b5873589b4548197533b5dded0	0	0	22d650af3a4d54c68817c0d3002fcd66cd10d30083f725c08cb9df1572eee61d
ROOT_001101011	ROOT	001101011		/home/rb/conway99_workspace/o3_qsat_runs/task03_lemma_rescout_20260828/cubes/cube_001101011.cnf	e9d59f67acacd08ab5201ae2b65532a8a68598e3801425625531cfcd4a55fab4	68148	22d650af3a4d54c68817c0d3002fcd66cd10d30083f725c08cb9df1572eee61d	/home/rb/conway99_workspace/o3_qsat_runs/task03_fullcert_1.1_20260829/cert/root/001101011/proof.lrat.gz	22394	22394	975b0b4b5ca9e0fbc59cae7ea081028febf40a2d7bea5699e63bf364cf4e7490	975b0b4b5ca9e0fbc59cae7ea081028febf40a2d7bea5699e63bf364cf4e7490	0	0	22d650af3a4d54c68817c0d3002fcd66cd10d30083f725c08cb9df1572eee61d
ROOT_001101100	ROOT	001101100		/home/rb/conway99_workspace/o3_qsat_runs/task03_lemma_rescout_20260828/cubes/cube_001101100.cnf	3ea79e0405099e2b6902d7604f45edfb0dcd0ea1c000bdba7af4a2c19d62d539	68130	b0bd3ef07327f7946a9319f6ad6b85da0b522219b9cccc971447444497209b7d	/home/rb/conway99_workspace/o3_qsat_runs/task03_fullcert_1.1_20260829/cert/root/001101100/proof.lrat.gz	22386	22386	f95c2602e823e28197a03e79656527ea27e3e0286aa84bbdb91d37004eb310f7	f95c2602e823e28197a03e79656527ea27e3e0286aa84bbdb91d37004eb310f7	0	0	b0bd3ef07327f7946a9319f6ad6b85da0b522219b9cccc971447444497209b7d
ROOT_001101101	ROOT	001101101		/home/rb/conway99_workspace/o3_qsat_runs/task03_lemma_rescout_20260828/cubes/cube_001101101.cnf	fc0b0d400e99b08ff163f5d727a5e43f0f86bb94f5dd5d17bd871f2819320852	68130	b0bd3ef07327f7946a9319f6ad6b85da0b522219b9cccc971447444497209b7d	/home/rb/conway99_workspace/o3_qsat_runs/task03_fullcert_1.1_20260829/cert/root/001101101/proof.lrat.gz	22386	22386	fd42714fa58a9f6525575e09d73adb2fb1fbeb5fb650a4fdde9ef3ea2e3e5195	fd42714fa58a9f6525575e09d73adb2fb1fbeb5fb650a4fdde9ef3ea2e3e5195	0	0	b0bd3ef07327f7946a9319f6ad6b85da0b522219b9cccc971447444497209b7d
ROOT_001101110	ROOT	001101110		/home/rb/conway99_workspace/o3_qsat_runs/task03_lemma_rescout_20260828/cubes/cube_001101110.cnf	963566a891abd6e2f5560429e9f73fe674545140c5bc14356d0fe28528685c08	68130	b0bd3ef07327f7946a9319f6ad6b85da0b522219b9cccc971447444497209b7d	/home/rb/conway99_workspace/o3_qsat_runs/task03_fullcert_1.1_20260829/cert/root/001101110/proof.lrat.gz	22386	22386	c966ef0a71d1ffc0b364a7b7881e732cc471eeff98c1537074033992f45d2d08	c966ef0a71d1ffc0b364a7b7881e732cc471eeff98c1537074033992f45d2d08	0	0	b0bd3ef07327f7946a9319f6ad6b85da0b522219b9cccc971447444497209b7d
ROOT_001101111	ROOT	001101111		/home/rb/conway99_workspace/o3_qsat_runs/task03_lemma_rescout_20260828/cubes/cube_001101111.cnf	d35d74b1a1c61459349bd67799eeba9a845518d272418ba1e941552be763c4b3	68130	b0bd3ef07327f7946a9319f6ad6b85da0b522219b9cccc971447444497209b7d	/home/rb/conway99_workspace/o3_qsat_runs/task03_fullcert_1.1_20260829/cert/root/001101111/proof.lrat.gz	22386	22386	fd42714fa58a9f6525575e09d73adb2fb1fbeb5fb650a4fdde9ef3ea2e3e5195	fd42714fa58a9f6525575e09d73adb2fb1fbeb5fb650a4fdde9ef3ea2e3e5195	0	0	b0bd3ef07327f7946a9319f6ad6b85da0b522219b9cccc971447444497209b7d
ROOT_001110000	ROOT	001110000		/home/rb/conway99_workspace/o3_qsat_runs/task03_lemma_rescout_20260828/cubes/cube_001110000.cnf	a6a197f26ccdf41e37fdc8d7ea70e61da45533d41f4684801e11432e80a253d7	49859	66794391552bf0258476b7d89cb54c62a5560941fd050268a897a088c4272671	/home/rb/conway99_workspace/o3_qsat_runs/task03_fullcert_1.1_20260829/cert/root/001110000/proof.lrat.gz	16273	16273	3c737d13648b0e3129ba938196f75a1e9f801aa010c23d068c1af2a5abf7c7e6	3c737d13648b0e3129ba938196f75a1e9f801aa010c23d068c1af2a5abf7c7e6	0	0	66794391552bf0258476b7d89cb54c62a5560941fd050268a897a088c4272671
ROOT_001110001	ROOT	001110001		/home/rb/conway99_workspace/o3_qsat_runs/task03_lemma_rescout_20260828/cubes/cube_001110001.cnf	6531f538b31065f8c62ae07880ff1c8a336fe3dde2608e31ae5f4a0bd8fda18d	49859	66794391552bf0258476b7d89cb54c62a5560941fd050268a897a088c4272671	/home/rb/conway99_workspace/o3_qsat_runs/task03_fullcert_1.1_20260829/cert/root/001110001/proof.lrat.gz	16273	16273	3c737d13648b0e3129ba938196f75a1e9f801aa010c23d068c1af2a5abf7c7e6	3c737d13648b0e3129ba938196f75a1e9f801aa010c23d068c1af2a5abf7c7e6	0	0	66794391552bf0258476b7d89cb54c62a5560941fd050268a897a088c4272671
ROOT_001110010	ROOT	001110010		/home/rb/conway99_workspace/o3_qsat_runs/task03_lemma_rescout_20260828/cubes/cube_001110010.cnf	211e6d2c4ee60d4c6e3bfb707b0268bc72a9c5aa7c9ad9916497d651d58e568f	49859	66794391552bf0258476b7d89cb54c62a5560941fd050268a897a088c4272671	/home/rb/conway99_workspace/o3_qsat_runs/task03_fullcert_1.1_20260829/cert/root/001110010/proof.lrat.gz	16273	16273	ca4bda99ee61ac3af632501c2e92fc31a4126d321599e7769eb4d9e460859577	ca4bda99ee61ac3af632501c2e92fc31a4126d321599e7769eb4d9e460859577	0	0	66794391552bf0258476b7d89cb54c62a5560941fd050268a897a088c4272671
ROOT_001110011	ROOT	001110011		/home/rb/conway99_workspace/o3_qsat_runs/task03_lemma_rescout_20260828/cubes/cube_001110011.cnf	cad0c4834a86304c7a70b94bb118cba0b6b9e23b37cc32ce1649f3e7cd1755d4	49859	66794391552bf0258476b7d89cb54c62a5560941fd050268a897a088c4272671	/home/rb/conway99_workspace/o3_qsat_runs/task03_fullcert_1.1_20260829/cert/root/001110011/proof.lrat.gz	16273	16273	ca4bda99ee61ac3af632501c2e92fc31a4126d321599e7769eb4d9e460859577	ca4bda99ee61ac3af632501c2e92fc31a4126d321599e7769eb4d9e460859577	0	0	66794391552bf0258476b7d89cb54c62a5560941fd050268a897a088c4272671
ROOT_001110100	ROOT	001110100		/home/rb/conway99_workspace/o3_qsat_runs/task03_lemma_rescout_20260828/cubes/cube_001110100.cnf	303462abb07330bbd4ef07ed02820ff460f863ab771e358fa2b2854bc6071091	49859	66794391552bf0258476b7d89cb54c62a5560941fd050268a897a088c4272671	/home/rb/conway99_workspace/o3_qsat_runs/task03_fullcert_1.1_20260829/cert/root/001110100/proof.lrat.gz	16273	16273	6cb27b85de876deb2968b1c7570acad108d2e03846dc122216612259df1b6a8d	6cb27b85de876deb2968b1c7570acad108d2e03846dc122216612259df1b6a8d	0	0	66794391552bf0258476b7d89cb54c62a5560941fd050268a897a088c4272671
ROOT_001110101	ROOT	001110101		/home/rb/conway99_workspace/o3_qsat_runs/task03_lemma_rescout_20260828/cubes/cube_001110101.cnf	ef654a09cbdcc0f333666e89a1108d3caec68cb6aec96666c202107ddd0c0039	49859	66794391552bf0258476b7d89cb54c62a5560941fd050268a897a088c4272671	/home/rb/conway99_workspace/o3_qsat_runs/task03_fullcert_1.1_20260829/cert/root/001110101/proof.lrat.gz	16273	16273	b86ade3e71873727ca063f33f964d36cfa2841b16b792a5846a6b0510e90c0c5	b86ade3e71873727ca063f33f964d36cfa2841b16b792a5846a6b0510e90c0c5	0	0	66794391552bf0258476b7d89cb54c62a5560941fd050268a897a088c4272671
ROOT_001110110	ROOT	001110110		/home/rb/conway99_workspace/o3_qsat_runs/task03_lemma_rescout_20260828/cubes/cube_001110110.cnf	72d6ea428b43e7e3517a46bc0ffe4eb1710037a0122b01a7a3abd44ed307aaae	49859	66794391552bf0258476b7d89cb54c62a5560941fd050268a897a088c4272671	/home/rb/conway99_workspace/o3_qsat_runs/task03_fullcert_1.1_20260829/cert/root/001110110/proof.lrat.gz	16273	16273	65b366224fd825ea6a257b1301dd033ea513f259802203342d5f999aae9e5918	65b366224fd825ea6a257b1301dd033ea513f259802203342d5f999aae9e5918	0	0	66794391552bf0258476b7d89cb54c62a5560941fd050268a897a088c4272671
ROOT_001110111	ROOT	001110111		/home/rb/conway99_workspace/o3_qsat_runs/task03_lemma_rescout_20260828/cubes/cube_001110111.cnf	bbebde73685d73f4b66a893a6e2803806e0892dc690c2d0b3a12bf26f16f13c2	49859	66794391552bf0258476b7d89cb54c62a5560941fd050268a897a088c4272671	/home/rb/conway99_workspace/o3_qsat_runs/task03_fullcert_1.1_20260829/cert/root/001110111/proof.lrat.gz	16273	16273	37273bfa8f0602330e00868916bfe19f2581edb7ca47183e377ed27ecf5740dd	37273bfa8f0602330e00868916bfe19f2581edb7ca47183e377ed27ecf5740dd	0	0	66794391552bf0258476b7d89cb54c62a5560941fd050268a897a088c4272671
ROOT_001111000	ROOT	001111000		/home/rb/conway99_workspace/o3_qsat_runs/task03_lemma_rescout_20260828/cubes/cube_001111000.cnf	7b75b400912c0d5e0658bd185d56474b44c3c60768042fe082a56ba84f02a7c4	49859	66794391552bf0258476b7d89cb54c62a5560941fd050268a897a088c4272671	/home/rb/conway99_workspace/o3_qsat_runs/task03_fullcert_1.1_20260829/cert/root/001111000/proof.lrat.gz	16273	16273	65b366224fd825ea6a257b1301dd033ea513f259802203342d5f999aae9e5918	65b366224fd825ea6a257b1301dd033ea513f259802203342d5f999aae9e5918	0	0	66794391552bf0258476b7d89cb54c62a5560941fd050268a897a088c4272671
ROOT_001111001	ROOT	001111001		/home/rb/conway99_workspace/o3_qsat_runs/task03_lemma_rescout_20260828/cubes/cube_001111001.cnf	068e72532bee81a7af25f5f2bd063b5c0ecd880335e3592e2cb27fbab1edee41	49859	66794391552bf0258476b7d89cb54c62a5560941fd050268a897a088c4272671	/home/rb/conway99_workspace/o3_qsat_runs/task03_fullcert_1.1_20260829/cert/root/001111001/proof.lrat.gz	16273	16273	37273bfa8f0602330e00868916bfe19f2581edb7ca47183e377ed27ecf5740dd	37273bfa8f0602330e00868916bfe19f2581edb7ca47183e377ed27ecf5740dd	0	0	66794391552bf0258476b7d89cb54c62a5560941fd050268a897a088c4272671
ROOT_001111010	ROOT	001111010		/home/rb/conway99_workspace/o3_qsat_runs/task03_lemma_rescout_20260828/cubes/cube_001111010.cnf	0712eee41fb60e4a346fca99f6bed7ffac3a69937936b5257733cab0e6f896f5	49859	66794391552bf0258476b7d89cb54c62a5560941fd050268a897a088c4272671	/home/rb/conway99_workspace/o3_qsat_runs/task03_fullcert_1.1_20260829/cert/root/001111010/proof.lrat.gz	16273	16273	6030ed2843573655eb0358f0bf07c1ab1390b1439a6f257e9a196cee0738cde9	6030ed2843573655eb0358f0bf07c1ab1390b1439a6f257e9a196cee0738cde9	0	0	66794391552bf0258476b7d89cb54c62a5560941fd050268a897a088c4272671
ROOT_001111011	ROOT	001111011		/home/rb/conway99_workspace/o3_qsat_runs/task03_lemma_rescout_20260828/cubes/cube_001111011.cnf	7be82f7c03ae5dc168ee79bac3a7b345c1087ff4498bc91eaa499468e155bcd6	49859	66794391552bf0258476b7d89cb54c62a5560941fd050268a897a088c4272671	/home/rb/conway99_workspace/o3_qsat_runs/task03_fullcert_1.1_20260829/cert/root/001111011/proof.lrat.gz	16273	16273	37273bfa8f0602330e00868916bfe19f2581edb7ca47183e377ed27ecf5740dd	37273bfa8f0602330e00868916bfe19f2581edb7ca47183e377ed27ecf5740dd	0	0	66794391552bf0258476b7d89cb54c62a5560941fd050268a897a088c4272671
ROOT_001111100	ROOT	001111100		/home/rb/conway99_workspace/o3_qsat_runs/task03_lemma_rescout_20260828/cubes/cube_001111100.cnf	90dcb9bbfbc5d1a466c5d176aaa2d377d1edbd7131846d1b3abbc464ebcac98d	49859	66794391552bf0258476b7d89cb54c62a5560941fd050268a897a088c4272671	/home/rb/conway99_workspace/o3_qsat_runs/task03_fullcert_1.1_20260829/cert/root/001111100/proof.lrat.gz	16273	16273	6030ed2843573655eb0358f0bf07c1ab1390b1439a6f257e9a196cee0738cde9	6030ed2843573655eb0358f0bf07c1ab1390b1439a6f257e9a196cee0738cde9	0	0	66794391552bf0258476b7d89cb54c62a5560941fd050268a897a088c4272671
ROOT_001111101	ROOT	001111101		/home/rb/conway99_workspace/o3_qsat_runs/task03_lemma_rescout_20260828/cubes/cube_001111101.cnf	5ed79ce0e2ba594c60d250c80d34974cd08e7d0e91bd0e3c2c2d2f52fa39f7d1	49859	66794391552bf0258476b7d89cb54c62a5560941fd050268a897a088c4272671	/home/rb/conway99_workspace/o3_qsat_runs/task03_fullcert_1.1_20260829/cert/root/001111101/proof.lrat.gz	16273	16273	6030ed2843573655eb0358f0bf07c1ab1390b1439a6f257e9a196cee0738cde9	6030ed2843573655eb0358f0bf07c1ab1390b1439a6f257e9a196cee0738cde9	0	0	66794391552bf0258476b7d89cb54c62a5560941fd050268a897a088c4272671
ROOT_001111110	ROOT	001111110		/home/rb/conway99_workspace/o3_qsat_runs/task03_lemma_rescout_20260828/cubes/cube_001111110.cnf	3b4544d347b1f5c2df83b407a396bddb248851d03c40553c44aac97e1beb1adc	49859	66794391552bf0258476b7d89cb54c62a5560941fd050268a897a088c4272671	/home/rb/conway99_workspace/o3_qsat_runs/task03_fullcert_1.1_20260829/cert/root/001111110/proof.lrat.gz	16273	16273	4b1062b4113d2dcb99cb918a1020ee7f01491a3bdd01c55298361a8178b8d951	4b1062b4113d2dcb99cb918a1020ee7f01491a3bdd01c55298361a8178b8d951	0	0	66794391552bf0258476b7d89cb54c62a5560941fd050268a897a088c4272671
ROOT_001111111	ROOT	001111111		/home/rb/conway99_workspace/o3_qsat_runs/task03_lemma_rescout_20260828/cubes/cube_001111111.cnf	e4bba6c0138e66cf25e74b46ba33db4871e3cc118969158f9db72a84c1033b9c	49859	66794391552bf0258476b7d89cb54c62a5560941fd050268a897a088c4272671	/home/rb/conway99_workspace/o3_qsat_runs/task03_fullcert_1.1_20260829/cert/root/001111111/proof.lrat.gz	16273	16273	4b1062b4113d2dcb99cb918a1020ee7f01491a3bdd01c55298361a8178b8d951	4b1062b4113d2dcb99cb918a1020ee7f01491a3bdd01c55298361a8178b8d951	0	0	66794391552bf0258476b7d89cb54c62a5560941fd050268a897a088c4272671
ROOT_010000000	ROOT	010000000		/home/rb/conway99_workspace/o3_qsat_runs/task03_lemma_rescout_20260828/cubes/cube_010000000.cnf	7914508fc393793674d289d2f77de9618fd2bfabfd21477a1ef326df787353bc	51915479	9a2fd9eab2ce010ed9e913fc36c7f8c7255b7cdfbfef4bbd8fe7508f98a9ae3e	/home/rb/conway99_workspace/o3_qsat_runs/task03_fullcert_1.1_20260829/cert/root/010000000/proof.lrat.gz	13300807	13300807	aaaa776a00ceac33b47e941381edfbe5337af95902b29ced836e26d3949b3d58	aaaa776a00ceac33b47e941381edfbe5337af95902b29ced836e26d3949b3d58	0	0	9a2fd9eab2ce010ed9e913fc36c7f8c7255b7cdfbfef4bbd8fe7508f98a9ae3e
ROOT_010000001	ROOT	010000001		/home/rb/conway99_workspace/o3_qsat_runs/task03_lemma_rescout_20260828/cubes/cube_010000001.cnf	00631c0f68c23e0a85d9a1ba1404c2dcc58c8351a1f47c3d54927431ae9cf620	75387	b750ef975b552f6855b0274ae99ee112d337d6dbf4c9a2eb41c30dd6c6123ff7	/home/rb/conway99_workspace/o3_qsat_runs/task03_fullcert_1.1_20260829/cert/root/010000001/proof.lrat.gz	24860	24860	e69de8e6795ac24660b6d606b1c7b0a4b316bed541584728d82f0c28ceb5cfe4	e69de8e6795ac24660b6d606b1c7b0a4b316bed541584728d82f0c28ceb5cfe4	0	0	b750ef975b552f6855b0274ae99ee112d337d6dbf4c9a2eb41c30dd6c6123ff7
ROOT_010000010	ROOT	010000010		/home/rb/conway99_workspace/o3_qsat_runs/task03_lemma_rescout_20260828/cubes/cube_010000010.cnf	0602f9bfae22c311f5a05e1612618df9d1e607d07d17133c82703602333b16c2	75369	d7f73b8eb56d6fe86e2fe57d821141c64017cb4023078a7fa389ecadc562e579	/home/rb/conway99_workspace/o3_qsat_runs/task03_fullcert_1.1_20260829/cert/root/010000010/proof.lrat.gz	24856	24856	a43eb50d5a6e39d445f23148e4df71b4573fd0a52589a6d3387246d1d58ed2e8	a43eb50d5a6e39d445f23148e4df71b4573fd0a52589a6d3387246d1d58ed2e8	0	0	d7f73b8eb56d6fe86e2fe57d821141c64017cb4023078a7fa389ecadc562e579
ROOT_010000011	ROOT	010000011		/home/rb/conway99_workspace/o3_qsat_runs/task03_lemma_rescout_20260828/cubes/cube_010000011.cnf	13c9213f5ee5922896839b6bdc67a5e03fb6ae79864ca1d3c4af7516cf005e37	75369	d7f73b8eb56d6fe86e2fe57d821141c64017cb4023078a7fa389ecadc562e579	/home/rb/conway99_workspace/o3_qsat_runs/task03_fullcert_1.1_20260829/cert/root/010000011/proof.lrat.gz	24856	24856	68c6ebd372a2a6ee7d0f5a1ab2701538abe5c604bf7a89f1422ffbcf54d360d2	68c6ebd372a2a6ee7d0f5a1ab2701538abe5c604bf7a89f1422ffbcf54d360d2	0	0	d7f73b8eb56d6fe86e2fe57d821141c64017cb4023078a7fa389ecadc562e579
ROOT_010000100	ROOT	010000100		/home/rb/conway99_workspace/o3_qsat_runs/task03_lemma_rescout_20260828/cubes/cube_010000100.cnf	528f6fbac4906000e52fdc7f246bef3138df59b8d53a07b0b617559c5e630c48	964145234	c452d989c04a4633cac9e07121cf43fdb36fee4ae717e68873f4503190dee92a	/home/rb/conway99_workspace/o3_qsat_runs/task03_fullcert_1.1_20260829/cert/root/010000100/proof.lrat.gz	258760013	258760013	26d4de3ed0b056cb93a53be5f501c7afb8943f1bc74db1efc716eba228417b54	26d4de3ed0b056cb93a53be5f501c7afb8943f1bc74db1efc716eba228417b54	0	0	c452d989c04a4633cac9e07121cf43fdb36fee4ae717e68873f4503190dee92a
ROOT_010000101	ROOT	010000101		/home/rb/conway99_workspace/o3_qsat_runs/task03_lemma_rescout_20260828/cubes/cube_010000101.cnf	78fc61cf376f34bc187af10bebc78ae4f6e9a1a297e40a3d58623d6c8862c91c	73909	978e9350e88d16dc07d3c8821496140aac6ddc810b6f4a6900af05d1d98ff965	/home/rb/conway99_workspace/o3_qsat_runs/task03_fullcert_1.1_20260829/cert/root/010000101/proof.lrat.gz	24389	24389	47ad1e6ded2515d5f17fe00d464a6948edb36dd8ea92dcfdecc0dd6c0f0aa9e7	47ad1e6ded2515d5f17fe00d464a6948edb36dd8ea92dcfdecc0dd6c0f0aa9e7	0	0	978e9350e88d16dc07d3c8821496140aac6ddc810b6f4a6900af05d1d98ff965
ROOT_010000110	ROOT	010000110		/home/rb/conway99_workspace/o3_qsat_runs/task03_lemma_rescout_20260828/cubes/cube_010000110.cnf	c54e1f41ed21d7d4eb4af463d02728f4d1c69417416be5261a2e4e3e49599bc2	73891	83b0c054f430e31150513cdc77487c18127c7e3c1902d6fca69bfffb0876fa51	/home/rb/conway99_workspace/o3_qsat_runs/task03_fullcert_1.1_20260829/cert/root/010000110/proof.lrat.gz	24381	24381	93451dcb9e4e81776c6ee8f7fa73f1c53b6b91c695e47ba84a07a251f68bfe43	93451dcb9e4e81776c6ee8f7fa73f1c53b6b91c695e47ba84a07a251f68bfe43	0	0	83b0c054f430e31150513cdc77487c18127c7e3c1902d6fca69bfffb0876fa51
ROOT_010000111	ROOT	010000111		/home/rb/conway99_workspace/o3_qsat_runs/task03_lemma_rescout_20260828/cubes/cube_010000111.cnf	86b96a51005220c0cd05472d65b8592a0d96cacf4019f8904c9d8cfbdb0f3803	73891	83b0c054f430e31150513cdc77487c18127c7e3c1902d6fca69bfffb0876fa51	/home/rb/conway99_workspace/o3_qsat_runs/task03_fullcert_1.1_20260829/cert/root/010000111/proof.lrat.gz	24381	24381	84d944587b02d216b1e9dba78d62790a673937e702ecfc4449463621b39fe610	84d944587b02d216b1e9dba78d62790a673937e702ecfc4449463621b39fe610	0	0	83b0c054f430e31150513cdc77487c18127c7e3c1902d6fca69bfffb0876fa51
ROOT_010001001	ROOT	010001001		/home/rb/conway99_workspace/o3_qsat_runs/task03_lemma_rescout_20260828/cubes/cube_010001001.cnf	20f777ab4a47ae8fbdd03c937b464f79dbb97401cf58b1605016757847c0ef36	73838	3a97a1b33d143d0e994b52cfddeb5028b5565b495cebed2e6d40e02ed3d84df3	/home/rb/conway99_workspace/o3_qsat_runs/task03_fullcert_1.1_20260829/cert/root/010001001/proof.lrat.gz	24350	24350	92d6c449bf08235e6e3d717fe6988b392c22f6f865279f9832710b2085daa972	92d6c449bf08235e6e3d717fe6988b392c22f6f865279f9832710b2085daa972	0	0	3a97a1b33d143d0e994b52cfddeb5028b5565b495cebed2e6d40e02ed3d84df3
ROOT_010001010	ROOT	010001010		/home/rb/conway99_workspace/o3_qsat_runs/task03_lemma_rescout_20260828/cubes/cube_010001010.cnf	ff15ebd6cbd301a889609d145a46db3294fe10051b59cb376accce14b2c119a5	73820	4abb711e6de52ffd8959715fc8ba7f986232df1155a4b51dca713877b190b472	/home/rb/conway99_workspace/o3_qsat_runs/task03_fullcert_1.1_20260829/cert/root/010001010/proof.lrat.gz	24345	24345	3acc2facdd7a53643c329896e060b160970a6f420f202b26400e13ac65a55e4f	3acc2facdd7a53643c329896e060b160970a6f420f202b26400e13ac65a55e4f	0	0	4abb711e6de52ffd8959715fc8ba7f986232df1155a4b51dca713877b190b472
ROOT_010001011	ROOT	010001011		/home/rb/conway99_workspace/o3_qsat_runs/task03_lemma_rescout_20260828/cubes/cube_010001011.cnf	9c48c4171f537e39e747eefd32212c6b89ea42b8777fb65c3a02e24d06dbd2cf	73820	4abb711e6de52ffd8959715fc8ba7f986232df1155a4b51dca713877b190b472	/home/rb/conway99_workspace/o3_qsat_runs/task03_fullcert_1.1_20260829/cert/root/010001011/proof.lrat.gz	24345	24345	00d43e4a70cd5df5ce63fba2a6690f1b9b31d0f73b35734244fc33588996dc17	00d43e4a70cd5df5ce63fba2a6690f1b9b31d0f73b35734244fc33588996dc17	0	0	4abb711e6de52ffd8959715fc8ba7f986232df1155a4b51dca713877b190b472
ROOT_010001101	ROOT	010001101		/home/rb/conway99_workspace/o3_qsat_runs/task03_lemma_rescout_20260828/cubes/cube_010001101.cnf	f377fe29dec31620b9e2ddbc4c0eababfd5eec81f02221efbd2f102607ca0559	72438	3b537ab0d5fac1e6f03e86a07978c15b5d2ede82b80ea6d7b5a0bbed9773515d	/home/rb/conway99_workspace/o3_qsat_runs/task03_fullcert_1.1_20260829/cert/root/010001101/proof.lrat.gz	23919	23919	e07ba82e6145d9e8790463b245a740344bc7e5ecaa396835eb4fa177141303d4	e07ba82e6145d9e8790463b245a740344bc7e5ecaa396835eb4fa177141303d4	0	0	3b537ab0d5fac1e6f03e86a07978c15b5d2ede82b80ea6d7b5a0bbed9773515d
ROOT_010001110	ROOT	010001110		/home/rb/conway99_workspace/o3_qsat_runs/task03_lemma_rescout_20260828/cubes/cube_010001110.cnf	658bd021bc2d3b2eb14a73a6b66f0fbce60baec9794a27778fd20d5da9c71d71	72420	90b1864e8db98c96f97d4f1321372468b6ed85272d5351c9313bc435caac1290	/home/rb/conway99_workspace/o3_qsat_runs/task03_fullcert_1.1_20260829/cert/root/010001110/proof.lrat.gz	23914	23914	748bfaad6871f9eff04175a8042ed2056f295b5a90ea25b616645abc144617df	748bfaad6871f9eff04175a8042ed2056f295b5a90ea25b616645abc144617df	0	0	90b1864e8db98c96f97d4f1321372468b6ed85272d5351c9313bc435caac1290
ROOT_010001111	ROOT	010001111		/home/rb/conway99_workspace/o3_qsat_runs/task03_lemma_rescout_20260828/cubes/cube_010001111.cnf	25ef0adaad0a6cd461c54b0950b498acb643e355129d43eb80592540a6bf8d0e	72420	90b1864e8db98c96f97d4f1321372468b6ed85272d5351c9313bc435caac1290	/home/rb/conway99_workspace/o3_qsat_runs/task03_fullcert_1.1_20260829/cert/root/010001111/proof.lrat.gz	23914	23914	70bf8afd87d48bb829b62278b1549fa1834780bb7618ee6c50da7c82e2c2e7e2	70bf8afd87d48bb829b62278b1549fa1834780bb7618ee6c50da7c82e2c2e7e2	0	0	90b1864e8db98c96f97d4f1321372468b6ed85272d5351c9313bc435caac1290
ROOT_010010000	ROOT	010010000		/home/rb/conway99_workspace/o3_qsat_runs/task03_lemma_rescout_20260828/cubes/cube_010010000.cnf	cabf6cf859b12d5e7f932361011e13f32a76dba37764f3394a02f4ac5bc90744	71566	ec3c76c4d74fc2ae77b9742b5aa844f586a57b5beb4c120cc52732cd49f25864	/home/rb/conway99_workspace/o3_qsat_runs/task03_fullcert_1.1_20260829/cert/root/010010000/proof.lrat.gz	23593	23593	c14bba6d07ac45b179d793ccfff4745d933a96052bc55f715cc5aa14661344b3	c14bba6d07ac45b179d793ccfff4745d933a96052bc55f715cc5aa14661344b3	0	0	ec3c76c4d74fc2ae77b9742b5aa844f586a57b5beb4c120cc52732cd49f25864
ROOT_010010001	ROOT	010010001		/home/rb/conway99_workspace/o3_qsat_runs/task03_lemma_rescout_20260828/cubes/cube_010010001.cnf	a76d100c44ee481901121a21ded95fe778e412c04ebe578b0467d0b0703b0190	71566	ec3c76c4d74fc2ae77b9742b5aa844f586a57b5beb4c120cc52732cd49f25864	/home/rb/conway99_workspace/o3_qsat_runs/task03_fullcert_1.1_20260829/cert/root/010010001/proof.lrat.gz	23593	23593	c14bba6d07ac45b179d793ccfff4745d933a96052bc55f715cc5aa14661344b3	c14bba6d07ac45b179d793ccfff4745d933a96052bc55f715cc5aa14661344b3	0	0	ec3c76c4d74fc2ae77b9742b5aa844f586a57b5beb4c120cc52732cd49f25864
ROOT_010010010	ROOT	010010010		/home/rb/conway99_workspace/o3_qsat_runs/task03_lemma_rescout_20260828/cubes/cube_010010010.cnf	71d106190f0c34fe2b8fe1967e92927fe8517b86a8918268f71d602894e642f3	71566	ec3c76c4d74fc2ae77b9742b5aa844f586a57b5beb4c120cc52732cd49f25864	/home/rb/conway99_workspace/o3_qsat_runs/task03_fullcert_1.1_20260829/cert/root/010010010/proof.lrat.gz	23593	23593	f6489a6e174604026534c4b4c2d99a3fc95cc9f7f928feb5eccd3c3e58496322	f6489a6e174604026534c4b4c2d99a3fc95cc9f7f928feb5eccd3c3e58496322	0	0	ec3c76c4d74fc2ae77b9742b5aa844f586a57b5beb4c120cc52732cd49f25864
ROOT_010010011	ROOT	010010011		/home/rb/conway99_workspace/o3_qsat_runs/task03_lemma_rescout_20260828/cubes/cube_010010011.cnf	4f024e8ec0140e33fa30c14deee61aaa636e38c9984ea77d017ea2f18898dda6	71566	ec3c76c4d74fc2ae77b9742b5aa844f586a57b5beb4c120cc52732cd49f25864	/home/rb/conway99_workspace/o3_qsat_runs/task03_fullcert_1.1_20260829/cert/root/010010011/proof.lrat.gz	23593	23593	c14bba6d07ac45b179d793ccfff4745d933a96052bc55f715cc5aa14661344b3	c14bba6d07ac45b179d793ccfff4745d933a96052bc55f715cc5aa14661344b3	0	0	ec3c76c4d74fc2ae77b9742b5aa844f586a57b5beb4c120cc52732cd49f25864
ROOT_010010100	ROOT	010010100		/home/rb/conway99_workspace/o3_qsat_runs/task03_lemma_rescout_20260828/cubes/cube_010010100.cnf	ac1dd7a2b2dbccc3cf114a363a810e8e430bb86111538c6d6d7110a2f1727060	71566	ec3c76c4d74fc2ae77b9742b5aa844f586a57b5beb4c120cc52732cd49f25864	/home/rb/conway99_workspace/o3_qsat_runs/task03_fullcert_1.1_20260829/cert/root/010010100/proof.lrat.gz	23593	23593	f6489a6e174604026534c4b4c2d99a3fc95cc9f7f928feb5eccd3c3e58496322	f6489a6e174604026534c4b4c2d99a3fc95cc9f7f928feb5eccd3c3e58496322	0	0	ec3c76c4d74fc2ae77b9742b5aa844f586a57b5beb4c120cc52732cd49f25864
ROOT_010010101	ROOT	010010101		/home/rb/conway99_workspace/o3_qsat_runs/task03_lemma_rescout_20260828/cubes/cube_010010101.cnf	6b05328d8e6a8596f91c5cfceaf1b0028c9f518b3438e26b1061474df38549b7	71566	ec3c76c4d74fc2ae77b9742b5aa844f586a57b5beb4c120cc52732cd49f25864	/home/rb/conway99_workspace/o3_qsat_runs/task03_fullcert_1.1_20260829/cert/root/010010101/proof.lrat.gz	23593	23593	2419694f9c90c943dc0e78d93fabefa5ebee477b3cc561a20b46416b4f8c9547	2419694f9c90c943dc0e78d93fabefa5ebee477b3cc561a20b46416b4f8c9547	0	0	ec3c76c4d74fc2ae77b9742b5aa844f586a57b5beb4c120cc52732cd49f25864
ROOT_010010110	ROOT	010010110		/home/rb/conway99_workspace/o3_qsat_runs/task03_lemma_rescout_20260828/cubes/cube_010010110.cnf	fe4f3cff86fe1596b5256cd53c53b84814897e15af82dd97b63e0c66151c3daf	71566	ec3c76c4d74fc2ae77b9742b5aa844f586a57b5beb4c120cc52732cd49f25864	/home/rb/conway99_workspace/o3_qsat_runs/task03_fullcert_1.1_20260829/cert/root/010010110/proof.lrat.gz	23593	23593	504a77f671aa1a8a6992ac41c78c6e957531721dbda4ececaa36e7d9a9a3d8fa	504a77f671aa1a8a6992ac41c78c6e957531721dbda4ececaa36e7d9a9a3d8fa	0	0	ec3c76c4d74fc2ae77b9742b5aa844f586a57b5beb4c120cc52732cd49f25864
ROOT_010010111	ROOT	010010111		/home/rb/conway99_workspace/o3_qsat_runs/task03_lemma_rescout_20260828/cubes/cube_010010111.cnf	9f2024dddd120057c1169d95461e7a14388c8d326c315ff93dbdd37f2eaadcb5	71566	ec3c76c4d74fc2ae77b9742b5aa844f586a57b5beb4c120cc52732cd49f25864	/home/rb/conway99_workspace/o3_qsat_runs/task03_fullcert_1.1_20260829/cert/root/010010111/proof.lrat.gz	23593	23593	f6489a6e174604026534c4b4c2d99a3fc95cc9f7f928feb5eccd3c3e58496322	f6489a6e174604026534c4b4c2d99a3fc95cc9f7f928feb5eccd3c3e58496322	0	0	ec3c76c4d74fc2ae77b9742b5aa844f586a57b5beb4c120cc52732cd49f25864
ROOT_010011000	ROOT	010011000		/home/rb/conway99_workspace/o3_qsat_runs/task03_lemma_rescout_20260828/cubes/cube_010011000.cnf	5a144256c9c9bf4b91eaf052ae312cac8a6f5b7d0f8965cccb1d0572c337c2eb	71566	ec3c76c4d74fc2ae77b9742b5aa844f586a57b5beb4c120cc52732cd49f25864	/home/rb/conway99_workspace/o3_qsat_runs/task03_fullcert_1.1_20260829/cert/root/010011000/proof.lrat.gz	23593	23593	504a77f671aa1a8a6992ac41c78c6e957531721dbda4ececaa36e7d9a9a3d8fa	504a77f671aa1a8a6992ac41c78c6e957531721dbda4ececaa36e7d9a9a3d8fa	0	0	ec3c76c4d74fc2ae77b9742b5aa844f586a57b5beb4c120cc52732cd49f25864
ROOT_010011001	ROOT	010011001		/home/rb/conway99_workspace/o3_qsat_runs/task03_lemma_rescout_20260828/cubes/cube_010011001.cnf	c33a8567012ce1b4705740be6af217613cb18d556bdf459316bf33d91e16f93a	71566	ec3c76c4d74fc2ae77b9742b5aa844f586a57b5beb4c120cc52732cd49f25864	/home/rb/conway99_workspace/o3_qsat_runs/task03_fullcert_1.1_20260829/cert/root/010011001/proof.lrat.gz	23593	23593	0d7e8553c8a14fd9f35459ac14f28e2f566b01d11e1beacf12617b648dd3151b	0d7e8553c8a14fd9f35459ac14f28e2f566b01d11e1beacf12617b648dd3151b	0	0	ec3c76c4d74fc2ae77b9742b5aa844f586a57b5beb4c120cc52732cd49f25864
ROOT_010011010	ROOT	010011010		/home/rb/conway99_workspace/o3_qsat_runs/task03_lemma_rescout_20260828/cubes/cube_010011010.cnf	30ff2bb26e3097b49395108ec0fc6d8347ffc866c8f75d519b02ac98533336d7	71566	ec3c76c4d74fc2ae77b9742b5aa844f586a57b5beb4c120cc52732cd49f25864	/home/rb/conway99_workspace/o3_qsat_runs/task03_fullcert_1.1_20260829/cert/root/010011010/proof.lrat.gz	23593	23593	0d7e8553c8a14fd9f35459ac14f28e2f566b01d11e1beacf12617b648dd3151b	0d7e8553c8a14fd9f35459ac14f28e2f566b01d11e1beacf12617b648dd3151b	0	0	ec3c76c4d74fc2ae77b9742b5aa844f586a57b5beb4c120cc52732cd49f25864
ROOT_010011011	ROOT	010011011		/home/rb/conway99_workspace/o3_qsat_runs/task03_lemma_rescout_20260828/cubes/cube_010011011.cnf	651cb35187ce5e7baf2110c295b453cb4cb2958f1ed776fc2bbffad9c62814d5	71566	ec3c76c4d74fc2ae77b9742b5aa844f586a57b5beb4c120cc52732cd49f25864	/home/rb/conway99_workspace/o3_qsat_runs/task03_fullcert_1.1_20260829/cert/root/010011011/proof.lrat.gz	23593	23593	d1e0a000d016cfb8466627b2265502f374195da7005c3bc328286d6d72ecd6ea	d1e0a000d016cfb8466627b2265502f374195da7005c3bc328286d6d72ecd6ea	0	0	ec3c76c4d74fc2ae77b9742b5aa844f586a57b5beb4c120cc52732cd49f25864
ROOT_010011100	ROOT	010011100		/home/rb/conway99_workspace/o3_qsat_runs/task03_lemma_rescout_20260828/cubes/cube_010011100.cnf	bc8ae27f10c9cce194e14e6ea82bccd8a4265322347665ce988882d1bc10c431	71566	ec3c76c4d74fc2ae77b9742b5aa844f586a57b5beb4c120cc52732cd49f25864	/home/rb/conway99_workspace/o3_qsat_runs/task03_fullcert_1.1_20260829/cert/root/010011100/proof.lrat.gz	23593	23593	7498921f92c8e4df9764a14b1f9cd06bf63f3b8e7cb795e5b52d6f1ce7fb3469	7498921f92c8e4df9764a14b1f9cd06bf63f3b8e7cb795e5b52d6f1ce7fb3469	0	0	ec3c76c4d74fc2ae77b9742b5aa844f586a57b5beb4c120cc52732cd49f25864
ROOT_010011101	ROOT	010011101		/home/rb/conway99_workspace/o3_qsat_runs/task03_lemma_rescout_20260828/cubes/cube_010011101.cnf	3287625246db1fddb87f9cc5ce4df6bd19c252c48762946bdf11aade68992639	71566	ec3c76c4d74fc2ae77b9742b5aa844f586a57b5beb4c120cc52732cd49f25864	/home/rb/conway99_workspace/o3_qsat_runs/task03_fullcert_1.1_20260829/cert/root/010011101/proof.lrat.gz	23593	23593	7498921f92c8e4df9764a14b1f9cd06bf63f3b8e7cb795e5b52d6f1ce7fb3469	7498921f92c8e4df9764a14b1f9cd06bf63f3b8e7cb795e5b52d6f1ce7fb3469	0	0	ec3c76c4d74fc2ae77b9742b5aa844f586a57b5beb4c120cc52732cd49f25864
ROOT_010011110	ROOT	010011110		/home/rb/conway99_workspace/o3_qsat_runs/task03_lemma_rescout_20260828/cubes/cube_010011110.cnf	91743510bdd53b8e77e64a68f8a4d0bf8f829c91c7dc1cdb22e8831049de7d79	71566	ec3c76c4d74fc2ae77b9742b5aa844f586a57b5beb4c120cc52732cd49f25864	/home/rb/conway99_workspace/o3_qsat_runs/task03_fullcert_1.1_20260829/cert/root/010011110/proof.lrat.gz	23593	23593	44fc17ac82de8375546eccc08c57ec7111d519b5661c12d0e4832f44aee6d842	44fc17ac82de8375546eccc08c57ec7111d519b5661c12d0e4832f44aee6d842	0	0	ec3c76c4d74fc2ae77b9742b5aa844f586a57b5beb4c120cc52732cd49f25864
ROOT_010011111	ROOT	010011111		/home/rb/conway99_workspace/o3_qsat_runs/task03_lemma_rescout_20260828/cubes/cube_010011111.cnf	9a299ad374a5c9b11e9c07e0bad3733a54fbc2c935a26df5c3c1ab73d24d3a86	71566	ec3c76c4d74fc2ae77b9742b5aa844f586a57b5beb4c120cc52732cd49f25864	/home/rb/conway99_workspace/o3_qsat_runs/task03_fullcert_1.1_20260829/cert/root/010011111/proof.lrat.gz	23593	23593	7498921f92c8e4df9764a14b1f9cd06bf63f3b8e7cb795e5b52d6f1ce7fb3469	7498921f92c8e4df9764a14b1f9cd06bf63f3b8e7cb795e5b52d6f1ce7fb3469	0	0	ec3c76c4d74fc2ae77b9742b5aa844f586a57b5beb4c120cc52732cd49f25864
ROOT_010100000	ROOT	010100000		/home/rb/conway99_workspace/o3_qsat_runs/task03_lemma_rescout_20260828/cubes/cube_010100000.cnf	37e1bb17abd9aa82545bc307f85eaa6c612fa53b70c0b3098322804e81824fc5	71559	6a30477a7046f1a2d9c3091d54c370967778626d837bacee03e62e043dbc0356	/home/rb/conway99_workspace/o3_qsat_runs/task03_fullcert_1.1_20260829/cert/root/010100000/proof.lrat.gz	23590	23590	0122a4f7c24d17ee1b3bd45e9424742ef38df28f200a43fae78ebd80cfe77768	0122a4f7c24d17ee1b3bd45e9424742ef38df28f200a43fae78ebd80cfe77768	0	0	6a30477a7046f1a2d9c3091d54c370967778626d837bacee03e62e043dbc0356
ROOT_010100001	ROOT	010100001		/home/rb/conway99_workspace/o3_qsat_runs/task03_lemma_rescout_20260828/cubes/cube_010100001.cnf	86ec87764cabf1b1bf625495059d91646afbc8a464fdd0726215f1e3212b9016	71559	6a30477a7046f1a2d9c3091d54c370967778626d837bacee03e62e043dbc0356	/home/rb/conway99_workspace/o3_qsat_runs/task03_fullcert_1.1_20260829/cert/root/010100001/proof.lrat.gz	23590	23590	173e44eae31b7dd4217128d7bc0e981d09188a0bb005b28de36ccc5fa80862e5	173e44eae31b7dd4217128d7bc0e981d09188a0bb005b28de36ccc5fa80862e5	0	0	6a30477a7046f1a2d9c3091d54c370967778626d837bacee03e62e043dbc0356
ROOT_010100010	ROOT	010100010		/home/rb/conway99_workspace/o3_qsat_runs/task03_lemma_rescout_20260828/cubes/cube_010100010.cnf	f0829daba9f2223783829dc887bcc0ca9879bd253e32d3aeb8aa10f04110c090	71559	6a30477a7046f1a2d9c3091d54c370967778626d837bacee03e62e043dbc0356	/home/rb/conway99_workspace/o3_qsat_runs/task03_fullcert_1.1_20260829/cert/root/010100010/proof.lrat.gz	23590	23590	26d805cc1d20df30f6f7f6f433aa8c2bc569156073d8d8369248ce6a1f7cd30b	26d805cc1d20df30f6f7f6f433aa8c2bc569156073d8d8369248ce6a1f7cd30b	0	0	6a30477a7046f1a2d9c3091d54c370967778626d837bacee03e62e043dbc0356
ROOT_010100011	ROOT	010100011		/home/rb/conway99_workspace/o3_qsat_runs/task03_lemma_rescout_20260828/cubes/cube_010100011.cnf	7d44706d61a9386c8a74fd4a8eb6c6e06812b5e313e383c3edb519bc1afaf59e	71559	6a30477a7046f1a2d9c3091d54c370967778626d837bacee03e62e043dbc0356	/home/rb/conway99_workspace/o3_qsat_runs/task03_fullcert_1.1_20260829/cert/root/010100011/proof.lrat.gz	23590	23590	26d805cc1d20df30f6f7f6f433aa8c2bc569156073d8d8369248ce6a1f7cd30b	26d805cc1d20df30f6f7f6f433aa8c2bc569156073d8d8369248ce6a1f7cd30b	0	0	6a30477a7046f1a2d9c3091d54c370967778626d837bacee03e62e043dbc0356
ROOT_010100100	ROOT	010100100		/home/rb/conway99_workspace/o3_qsat_runs/task03_lemma_rescout_20260828/cubes/cube_010100100.cnf	ce07da61f95cb8a0dca5761801839eddb75393f268ccb2352bcd1abd0747a0e6	71559	6a30477a7046f1a2d9c3091d54c370967778626d837bacee03e62e043dbc0356	/home/rb/conway99_workspace/o3_qsat_runs/task03_fullcert_1.1_20260829/cert/root/010100100/proof.lrat.gz	23590	23590	274ec687c615e94a4cacb85a2dd7c1e4f548869f291fe2949ca26dbb7a9a7e65	274ec687c615e94a4cacb85a2dd7c1e4f548869f291fe2949ca26dbb7a9a7e65	0	0	6a30477a7046f1a2d9c3091d54c370967778626d837bacee03e62e043dbc0356
ROOT_010100101	ROOT	010100101		/home/rb/conway99_workspace/o3_qsat_runs/task03_lemma_rescout_20260828/cubes/cube_010100101.cnf	4eea0667d83a4833d505e6fc91302855e05e5d0ed2ea27d48453fd33786431a5	71559	6a30477a7046f1a2d9c3091d54c370967778626d837bacee03e62e043dbc0356	/home/rb/conway99_workspace/o3_qsat_runs/task03_fullcert_1.1_20260829/cert/root/010100101/proof.lrat.gz	23590	23590	5f2e7511d64109312b07cb2f26fda0274840bf0992232fad6d80e699bb8ead53	5f2e7511d64109312b07cb2f26fda0274840bf0992232fad6d80e699bb8ead53	0	0	6a30477a7046f1a2d9c3091d54c370967778626d837bacee03e62e043dbc0356
ROOT_010100110	ROOT	010100110		/home/rb/conway99_workspace/o3_qsat_runs/task03_lemma_rescout_20260828/cubes/cube_010100110.cnf	0793846e4b4d20045d24030aef5651da7d82e12b46fdaa6486ccc4213f5092e3	71559	6a30477a7046f1a2d9c3091d54c370967778626d837bacee03e62e043dbc0356	/home/rb/conway99_workspace/o3_qsat_runs/task03_fullcert_1.1_20260829/cert/root/010100110/proof.lrat.gz	23590	23590	5f2e7511d64109312b07cb2f26fda0274840bf0992232fad6d80e699bb8ead53	5f2e7511d64109312b07cb2f26fda0274840bf0992232fad6d80e699bb8ead53	0	0	6a30477a7046f1a2d9c3091d54c370967778626d837bacee03e62e043dbc0356
ROOT_010100111	ROOT	010100111		/home/rb/conway99_workspace/o3_qsat_runs/task03_lemma_rescout_20260828/cubes/cube_010100111.cnf	74a7c8f6ba637367e69d5cdc6d041de84a530b270cb6976d61db37cb009481de	71559	6a30477a7046f1a2d9c3091d54c370967778626d837bacee03e62e043dbc0356	/home/rb/conway99_workspace/o3_qsat_runs/task03_fullcert_1.1_20260829/cert/root/010100111/proof.lrat.gz	23590	23590	5f2e7511d64109312b07cb2f26fda0274840bf0992232fad6d80e699bb8ead53	5f2e7511d64109312b07cb2f26fda0274840bf0992232fad6d80e699bb8ead53	0	0	6a30477a7046f1a2d9c3091d54c370967778626d837bacee03e62e043dbc0356
ROOT_010101000	ROOT	010101000		/home/rb/conway99_workspace/o3_qsat_runs/task03_lemma_rescout_20260828/cubes/cube_010101000.cnf	d42fffbe57e8635a3c3cd5c4692ba85b4018948011ef4f926ac123b0a99ca4bb	71559	6a30477a7046f1a2d9c3091d54c370967778626d837bacee03e62e043dbc0356	/home/rb/conway99_workspace/o3_qsat_runs/task03_fullcert_1.1_20260829/cert/root/010101000/proof.lrat.gz	23590	23590	16137d660122092988052e20ac9a00296f0e48d1d19c0c538862d99063afbe58	16137d660122092988052e20ac9a00296f0e48d1d19c0c538862d99063afbe58	0	0	6a30477a7046f1a2d9c3091d54c370967778626d837bacee03e62e043dbc0356
ROOT_010101001	ROOT	010101001		/home/rb/conway99_workspace/o3_qsat_runs/task03_lemma_rescout_20260828/cubes/cube_010101001.cnf	7426a1a1a6d7adbfcb098aab1437dd51079483e0f0ad769083f350cd41e02f5d	71559	6a30477a7046f1a2d9c3091d54c370967778626d837bacee03e62e043dbc0356	/home/rb/conway99_workspace/o3_qsat_runs/task03_fullcert_1.1_20260829/cert/root/010101001/proof.lrat.gz	23590	23590	5dc5183b61d5bb71f54e813ec3f8e2ef045d94d47e7a4248f93688434d84930b	5dc5183b61d5bb71f54e813ec3f8e2ef045d94d47e7a4248f93688434d84930b	0	0	6a30477a7046f1a2d9c3091d54c370967778626d837bacee03e62e043dbc0356
ROOT_010101010	ROOT	010101010		/home/rb/conway99_workspace/o3_qsat_runs/task03_lemma_rescout_20260828/cubes/cube_010101010.cnf	9518116e67d62a3561c8a388dd4b3139e6145f75c4372db77c8b81482f9d36f9	71559	6a30477a7046f1a2d9c3091d54c370967778626d837bacee03e62e043dbc0356	/home/rb/conway99_workspace/o3_qsat_runs/task03_fullcert_1.1_20260829/cert/root/010101010/proof.lrat.gz	23590	23590	5dc5183b61d5bb71f54e813ec3f8e2ef045d94d47e7a4248f93688434d84930b	5dc5183b61d5bb71f54e813ec3f8e2ef045d94d47e7a4248f93688434d84930b	0	0	6a30477a7046f1a2d9c3091d54c370967778626d837bacee03e62e043dbc0356
ROOT_010101011	ROOT	010101011		/home/rb/conway99_workspace/o3_qsat_runs/task03_lemma_rescout_20260828/cubes/cube_010101011.cnf	73eae4e3092fb52893a54831e44ad957c5a1d90b485dd172e03bebc93a29f6bd	71559	6a30477a7046f1a2d9c3091d54c370967778626d837bacee03e62e043dbc0356	/home/rb/conway99_workspace/o3_qsat_runs/task03_fullcert_1.1_20260829/cert/root/010101011/proof.lrat.gz	23590	23590	6498f9c5ca396a697edf7698b92f38afc434675f1b61bd24cc517012d8f5d4bf	6498f9c5ca396a697edf7698b92f38afc434675f1b61bd24cc517012d8f5d4bf	0	0	6a30477a7046f1a2d9c3091d54c370967778626d837bacee03e62e043dbc0356
ROOT_010101100	ROOT	010101100		/home/rb/conway99_workspace/o3_qsat_runs/task03_lemma_rescout_20260828/cubes/cube_010101100.cnf	4ad5226725be655765e9037cbf44a1c006c9d987567df0748d63a1cc24008505	71559	6a30477a7046f1a2d9c3091d54c370967778626d837bacee03e62e043dbc0356	/home/rb/conway99_workspace/o3_qsat_runs/task03_fullcert_1.1_20260829/cert/root/010101100/proof.lrat.gz	23590	23590	6498f9c5ca396a697edf7698b92f38afc434675f1b61bd24cc517012d8f5d4bf	6498f9c5ca396a697edf7698b92f38afc434675f1b61bd24cc517012d8f5d4bf	0	0	6a30477a7046f1a2d9c3091d54c370967778626d837bacee03e62e043dbc0356
ROOT_010101101	ROOT	010101101		/home/rb/conway99_workspace/o3_qsat_runs/task03_lemma_rescout_20260828/cubes/cube_010101101.cnf	761dda678a7928990da7ad5a2de2382d04a34234d22252150e2925c26c544704	71559	6a30477a7046f1a2d9c3091d54c370967778626d837bacee03e62e043dbc0356	/home/rb/conway99_workspace/o3_qsat_runs/task03_fullcert_1.1_20260829/cert/root/010101101/proof.lrat.gz	23590	23590	bf5c119da32279f2619a51349edeafa3ec36062d929cf898b8ce9dc06478adaf	bf5c119da32279f2619a51349edeafa3ec36062d929cf898b8ce9dc06478adaf	0	0	6a30477a7046f1a2d9c3091d54c370967778626d837bacee03e62e043dbc0356
ROOT_010101110	ROOT	010101110		/home/rb/conway99_workspace/o3_qsat_runs/task03_lemma_rescout_20260828/cubes/cube_010101110.cnf	fbf1d85cb6a4acc7be99ae827f08196918e20226d863e7ff82050bb5b4ce7c02	71559	6a30477a7046f1a2d9c3091d54c370967778626d837bacee03e62e043dbc0356	/home/rb/conway99_workspace/o3_qsat_runs/task03_fullcert_1.1_20260829/cert/root/010101110/proof.lrat.gz	23590	23590	537786b35175bbf17afe2e87b417926af80ff362e7b94177767b99181d42a325	537786b35175bbf17afe2e87b417926af80ff362e7b94177767b99181d42a325	0	0	6a30477a7046f1a2d9c3091d54c370967778626d837bacee03e62e043dbc0356
ROOT_010101111	ROOT	010101111		/home/rb/conway99_workspace/o3_qsat_runs/task03_lemma_rescout_20260828/cubes/cube_010101111.cnf	1648d428f1e890f9207568d8163feee2a357868e39f15c511d157879f254038e	71559	6a30477a7046f1a2d9c3091d54c370967778626d837bacee03e62e043dbc0356	/home/rb/conway99_workspace/o3_qsat_runs/task03_fullcert_1.1_20260829/cert/root/010101111/proof.lrat.gz	23590	23590	537786b35175bbf17afe2e87b417926af80ff362e7b94177767b99181d42a325	537786b35175bbf17afe2e87b417926af80ff362e7b94177767b99181d42a325	0	0	6a30477a7046f1a2d9c3091d54c370967778626d837bacee03e62e043dbc0356
ROOT_010110000	ROOT	010110000		/home/rb/conway99_workspace/o3_qsat_runs/task03_lemma_rescout_20260828/cubes/cube_010110000.cnf	0bbd811ddf8394ee219b9aee0830aa0913c7811e75cab4620be9f21a21a5697a	71559	6a30477a7046f1a2d9c3091d54c370967778626d837bacee03e62e043dbc0356	/home/rb/conway99_workspace/o3_qsat_runs/task03_fullcert_1.1_20260829/cert/root/010110000/proof.lrat.gz	23590	23590	e3a4c8b531303ca933feaebeee975d9c48547cbdded3a30782647a5910be542f	e3a4c8b531303ca933feaebeee975d9c48547cbdded3a30782647a5910be542f	0	0	6a30477a7046f1a2d9c3091d54c370967778626d837bacee03e62e043dbc0356
ROOT_010110001	ROOT	010110001		/home/rb/conway99_workspace/o3_qsat_runs/task03_lemma_rescout_20260828/cubes/cube_010110001.cnf	0d2f9c9b92fadedb173520c6f141a53e17b25770aeb247e444918d39ebea418b	71559	6a30477a7046f1a2d9c3091d54c370967778626d837bacee03e62e043dbc0356	/home/rb/conway99_workspace/o3_qsat_runs/task03_fullcert_1.1_20260829/cert/root/010110001/proof.lrat.gz	23590	23590	20002cd2ac93087a2d9f83fdca19cad6d2d97bd80f27fcae1d0ad349d5c05d99	20002cd2ac93087a2d9f83fdca19cad6d2d97bd80f27fcae1d0ad349d5c05d99	0	0	6a30477a7046f1a2d9c3091d54c370967778626d837bacee03e62e043dbc0356
ROOT_010110010	ROOT	010110010		/home/rb/conway99_workspace/o3_qsat_runs/task03_lemma_rescout_20260828/cubes/cube_010110010.cnf	04f7d3beca6184d1b0e21da435f0e4098a47d5742fb9c8df9e26da1753bf1686	71559	6a30477a7046f1a2d9c3091d54c370967778626d837bacee03e62e043dbc0356	/home/rb/conway99_workspace/o3_qsat_runs/task03_fullcert_1.1_20260829/cert/root/010110010/proof.lrat.gz	23590	23590	20002cd2ac93087a2d9f83fdca19cad6d2d97bd80f27fcae1d0ad349d5c05d99	20002cd2ac93087a2d9f83fdca19cad6d2d97bd80f27fcae1d0ad349d5c05d99	0	0	6a30477a7046f1a2d9c3091d54c370967778626d837bacee03e62e043dbc0356
ROOT_010110011	ROOT	010110011		/home/rb/conway99_workspace/o3_qsat_runs/task03_lemma_rescout_20260828/cubes/cube_010110011.cnf	d610b5b3ecf8bb8626f180d4750c14d88b0a79f569bb60cfd25b1689456b19ce	71559	6a30477a7046f1a2d9c3091d54c370967778626d837bacee03e62e043dbc0356	/home/rb/conway99_workspace/o3_qsat_runs/task03_fullcert_1.1_20260829/cert/root/010110011/proof.lrat.gz	23590	23590	e3a4c8b531303ca933feaebeee975d9c48547cbdded3a30782647a5910be542f	e3a4c8b531303ca933feaebeee975d9c48547cbdded3a30782647a5910be542f	0	0	6a30477a7046f1a2d9c3091d54c370967778626d837bacee03e62e043dbc0356
ROOT_010110100	ROOT	010110100		/home/rb/conway99_workspace/o3_qsat_runs/task03_lemma_rescout_20260828/cubes/cube_010110100.cnf	293ec74208cafc4af39ea9105f4bfd98ff1c76b6465858ad03391940cfa2ca76	71559	6a30477a7046f1a2d9c3091d54c370967778626d837bacee03e62e043dbc0356	/home/rb/conway99_workspace/o3_qsat_runs/task03_fullcert_1.1_20260829/cert/root/010110100/proof.lrat.gz	23590	23590	e3a4c8b531303ca933feaebeee975d9c48547cbdded3a30782647a5910be542f	e3a4c8b531303ca933feaebeee975d9c48547cbdded3a30782647a5910be542f	0	0	6a30477a7046f1a2d9c3091d54c370967778626d837bacee03e62e043dbc0356
ROOT_010110101	ROOT	010110101		/home/rb/conway99_workspace/o3_qsat_runs/task03_lemma_rescout_20260828/cubes/cube_010110101.cnf	2c550ac0a34786a61e188bb5ff701359cbd308d062569d210dd16833e5d79705	71559	6a30477a7046f1a2d9c3091d54c370967778626d837bacee03e62e043dbc0356	/home/rb/conway99_workspace/o3_qsat_runs/task03_fullcert_1.1_20260829/cert/root/010110101/proof.lrat.gz	23590	23590	95510994c4f9f908e08e9256d3b09dcd0d821f3480f7da45af06398f08b379bd	95510994c4f9f908e08e9256d3b09dcd0d821f3480f7da45af06398f08b379bd	0	0	6a30477a7046f1a2d9c3091d54c370967778626d837bacee03e62e043dbc0356
ROOT_010110110	ROOT	010110110		/home/rb/conway99_workspace/o3_qsat_runs/task03_lemma_rescout_20260828/cubes/cube_010110110.cnf	c5a4c8a8153e6cfd989d256bab1e53f6b4725a6164888c03fcaeafa89bd214a0	71559	6a30477a7046f1a2d9c3091d54c370967778626d837bacee03e62e043dbc0356	/home/rb/conway99_workspace/o3_qsat_runs/task03_fullcert_1.1_20260829/cert/root/010110110/proof.lrat.gz	23590	23590	95510994c4f9f908e08e9256d3b09dcd0d821f3480f7da45af06398f08b379bd	95510994c4f9f908e08e9256d3b09dcd0d821f3480f7da45af06398f08b379bd	0	0	6a30477a7046f1a2d9c3091d54c370967778626d837bacee03e62e043dbc0356
ROOT_010110111	ROOT	010110111		/home/rb/conway99_workspace/o3_qsat_runs/task03_lemma_rescout_20260828/cubes/cube_010110111.cnf	91ec3790ea95cd14c1c12ee16c7f5eb2e59192188a2134332fd18c3d760ffcc0	71559	6a30477a7046f1a2d9c3091d54c370967778626d837bacee03e62e043dbc0356	/home/rb/conway99_workspace/o3_qsat_runs/task03_fullcert_1.1_20260829/cert/root/010110111/proof.lrat.gz	23590	23590	95b2e8ce59f7cf5d4fab6194ee192e3566c6162c3cef0b02d4ca78c652909fb8	95b2e8ce59f7cf5d4fab6194ee192e3566c6162c3cef0b02d4ca78c652909fb8	0	0	6a30477a7046f1a2d9c3091d54c370967778626d837bacee03e62e043dbc0356
ROOT_010111000	ROOT	010111000		/home/rb/conway99_workspace/o3_qsat_runs/task03_lemma_rescout_20260828/cubes/cube_010111000.cnf	b6af00e72642d86472450b20b5f1a31e6cda202a8951e590d913bb46b4a6c1f2	71559	6a30477a7046f1a2d9c3091d54c370967778626d837bacee03e62e043dbc0356	/home/rb/conway99_workspace/o3_qsat_runs/task03_fullcert_1.1_20260829/cert/root/010111000/proof.lrat.gz	23590	23590	95b2e8ce59f7cf5d4fab6194ee192e3566c6162c3cef0b02d4ca78c652909fb8	95b2e8ce59f7cf5d4fab6194ee192e3566c6162c3cef0b02d4ca78c652909fb8	0	0	6a30477a7046f1a2d9c3091d54c370967778626d837bacee03e62e043dbc0356
ROOT_010111001	ROOT	010111001		/home/rb/conway99_workspace/o3_qsat_runs/task03_lemma_rescout_20260828/cubes/cube_010111001.cnf	47844975ac21d52e600bcca30139500d3a83efc04781b60107cabff0a34d0af6	71559	6a30477a7046f1a2d9c3091d54c370967778626d837bacee03e62e043dbc0356	/home/rb/conway99_workspace/o3_qsat_runs/task03_fullcert_1.1_20260829/cert/root/010111001/proof.lrat.gz	23590	23590	ddc64276f63111eb2a4a6774d2b9499fb648a18c04873873093a2eb26c661d8a	ddc64276f63111eb2a4a6774d2b9499fb648a18c04873873093a2eb26c661d8a	0	0	6a30477a7046f1a2d9c3091d54c370967778626d837bacee03e62e043dbc0356
ROOT_010111010	ROOT	010111010		/home/rb/conway99_workspace/o3_qsat_runs/task03_lemma_rescout_20260828/cubes/cube_010111010.cnf	0a074830c5a28d6569400070bbae35eda41a8a8c6cc728e4dbaeaf1f950d8bba	71559	6a30477a7046f1a2d9c3091d54c370967778626d837bacee03e62e043dbc0356	/home/rb/conway99_workspace/o3_qsat_runs/task03_fullcert_1.1_20260829/cert/root/010111010/proof.lrat.gz	23590	23590	87478ea4bd3fe85ba33af4c4919caefdd74a683139c86a7213ba205acef55258	87478ea4bd3fe85ba33af4c4919caefdd74a683139c86a7213ba205acef55258	0	0	6a30477a7046f1a2d9c3091d54c370967778626d837bacee03e62e043dbc0356
ROOT_010111011	ROOT	010111011		/home/rb/conway99_workspace/o3_qsat_runs/task03_lemma_rescout_20260828/cubes/cube_010111011.cnf	8afcca7b27a9ea8e2f36031ac60dc62876abfbf5f84dd034d6f04f5e3628553c	71559	6a30477a7046f1a2d9c3091d54c370967778626d837bacee03e62e043dbc0356	/home/rb/conway99_workspace/o3_qsat_runs/task03_fullcert_1.1_20260829/cert/root/010111011/proof.lrat.gz	23590	23590	4a49d45ebc60efe607a4bdf093b9e53a69f863047ab00cde046d1fd1b3ed3964	4a49d45ebc60efe607a4bdf093b9e53a69f863047ab00cde046d1fd1b3ed3964	0	0	6a30477a7046f1a2d9c3091d54c370967778626d837bacee03e62e043dbc0356
ROOT_010111100	ROOT	010111100		/home/rb/conway99_workspace/o3_qsat_runs/task03_lemma_rescout_20260828/cubes/cube_010111100.cnf	5554b16ec9bffa5232c537b93c84817814efde540f25f1460847455802131b2f	71559	6a30477a7046f1a2d9c3091d54c370967778626d837bacee03e62e043dbc0356	/home/rb/conway99_workspace/o3_qsat_runs/task03_fullcert_1.1_20260829/cert/root/010111100/proof.lrat.gz	23590	23590	ddc64276f63111eb2a4a6774d2b9499fb648a18c04873873093a2eb26c661d8a	ddc64276f63111eb2a4a6774d2b9499fb648a18c04873873093a2eb26c661d8a	0	0	6a30477a7046f1a2d9c3091d54c370967778626d837bacee03e62e043dbc0356
ROOT_010111101	ROOT	010111101		/home/rb/conway99_workspace/o3_qsat_runs/task03_lemma_rescout_20260828/cubes/cube_010111101.cnf	aba1ca74f6cdce6952460a054fef9baf9839137c6ad5ac6ba0f68937a4c357e7	71559	6a30477a7046f1a2d9c3091d54c370967778626d837bacee03e62e043dbc0356	/home/rb/conway99_workspace/o3_qsat_runs/task03_fullcert_1.1_20260829/cert/root/010111101/proof.lrat.gz	23590	23590	ddc64276f63111eb2a4a6774d2b9499fb648a18c04873873093a2eb26c661d8a	ddc64276f63111eb2a4a6774d2b9499fb648a18c04873873093a2eb26c661d8a	0	0	6a30477a7046f1a2d9c3091d54c370967778626d837bacee03e62e043dbc0356
ROOT_010111110	ROOT	010111110		/home/rb/conway99_workspace/o3_qsat_runs/task03_lemma_rescout_20260828/cubes/cube_010111110.cnf	66956e769934028c479066c72ff5761db2743d8614757f3dba7afb02008d49ea	71559	6a30477a7046f1a2d9c3091d54c370967778626d837bacee03e62e043dbc0356	/home/rb/conway99_workspace/o3_qsat_runs/task03_fullcert_1.1_20260829/cert/root/010111110/proof.lrat.gz	23590	23590	ddc64276f63111eb2a4a6774d2b9499fb648a18c04873873093a2eb26c661d8a	ddc64276f63111eb2a4a6774d2b9499fb648a18c04873873093a2eb26c661d8a	0	0	6a30477a7046f1a2d9c3091d54c370967778626d837bacee03e62e043dbc0356
ROOT_010111111	ROOT	010111111		/home/rb/conway99_workspace/o3_qsat_runs/task03_lemma_rescout_20260828/cubes/cube_010111111.cnf	5c35f16b177d63bc42b7851e887c91d84545234e417bf1ef8bfd09640c2d78a5	71559	6a30477a7046f1a2d9c3091d54c370967778626d837bacee03e62e043dbc0356	/home/rb/conway99_workspace/o3_qsat_runs/task03_fullcert_1.1_20260829/cert/root/010111111/proof.lrat.gz	23590	23590	bdf5901ffa07e03f148f203102f5ffa63115fa2240efc81df8f2ce4ff247d173	bdf5901ffa07e03f148f203102f5ffa63115fa2240efc81df8f2ce4ff247d173	0	0	6a30477a7046f1a2d9c3091d54c370967778626d837bacee03e62e043dbc0356
ROOT_011000000	ROOT	011000000		/home/rb/conway99_workspace/o3_qsat_runs/task03_lemma_rescout_20260828/cubes/cube_011000000.cnf	a75932c66250808735db2c59c47179493e225d2b6a9d207a7b396f24d704df93	71541	b3a70af0eb4d5d45ad23cb8a8cc23187ed69c1a52a82ea7169866e68143c20ce	/home/rb/conway99_workspace/o3_qsat_runs/task03_fullcert_1.1_20260829/cert/root/011000000/proof.lrat.gz	23581	23581	bd97c8e01c6bf6cd3a702933d5a6728f50ca9907613e1a4d73ed1ea26ab3185b	bd97c8e01c6bf6cd3a702933d5a6728f50ca9907613e1a4d73ed1ea26ab3185b	0	0	b3a70af0eb4d5d45ad23cb8a8cc23187ed69c1a52a82ea7169866e68143c20ce
ROOT_011000001	ROOT	011000001		/home/rb/conway99_workspace/o3_qsat_runs/task03_lemma_rescout_20260828/cubes/cube_011000001.cnf	440e45cdbbce05bddd69c84c8119860dd2866a34d707e5f1859d3e91ec5b0473	71541	b3a70af0eb4d5d45ad23cb8a8cc23187ed69c1a52a82ea7169866e68143c20ce	/home/rb/conway99_workspace/o3_qsat_runs/task03_fullcert_1.1_20260829/cert/root/011000001/proof.lrat.gz	23581	23581	8d0463e126d70c8a77f20066edb190feaac3747699e5c982a22d6341a4ff0bae	8d0463e126d70c8a77f20066edb190feaac3747699e5c982a22d6341a4ff0bae	0	0	b3a70af0eb4d5d45ad23cb8a8cc23187ed69c1a52a82ea7169866e68143c20ce
ROOT_011000010	ROOT	011000010		/home/rb/conway99_workspace/o3_qsat_runs/task03_lemma_rescout_20260828/cubes/cube_011000010.cnf	a6471f3c105a2596c26c01f3eb2956e10683ced2ea360b9933fdec9c86569785	71541	b3a70af0eb4d5d45ad23cb8a8cc23187ed69c1a52a82ea7169866e68143c20ce	/home/rb/conway99_workspace/o3_qsat_runs/task03_fullcert_1.1_20260829/cert/root/011000010/proof.lrat.gz	23581	23581	bd97c8e01c6bf6cd3a702933d5a6728f50ca9907613e1a4d73ed1ea26ab3185b	bd97c8e01c6bf6cd3a702933d5a6728f50ca9907613e1a4d73ed1ea26ab3185b	0	0	b3a70af0eb4d5d45ad23cb8a8cc23187ed69c1a52a82ea7169866e68143c20ce
ROOT_011000011	ROOT	011000011		/home/rb/conway99_workspace/o3_qsat_runs/task03_lemma_rescout_20260828/cubes/cube_011000011.cnf	72c86c2383c12be2d322ed427f5a575c9743b4a064e685df3227064e1d3ed1a6	71541	b3a70af0eb4d5d45ad23cb8a8cc23187ed69c1a52a82ea7169866e68143c20ce	/home/rb/conway99_workspace/o3_qsat_runs/task03_fullcert_1.1_20260829/cert/root/011000011/proof.lrat.gz	23581	23581	873eb0bab26d7b0187e077b9dfcdebeb8ea76dbc087d60d2a28a966d499c2b81	873eb0bab26d7b0187e077b9dfcdebeb8ea76dbc087d60d2a28a966d499c2b81	0	0	b3a70af0eb4d5d45ad23cb8a8cc23187ed69c1a52a82ea7169866e68143c20ce
ROOT_011000100	ROOT	011000100		/home/rb/conway99_workspace/o3_qsat_runs/task03_lemma_rescout_20260828/cubes/cube_011000100.cnf	7b05cdda8c7f3ec48a26a2594e567885789392ba95c09473b38fdebb43009cab	71541	b3a70af0eb4d5d45ad23cb8a8cc23187ed69c1a52a82ea7169866e68143c20ce	/home/rb/conway99_workspace/o3_qsat_runs/task03_fullcert_1.1_20260829/cert/root/011000100/proof.lrat.gz	23581	23581	e89aa9678f8bc6c1a89dc4b13268afef1ec869b98d39000fdfc35a101f23b4c7	e89aa9678f8bc6c1a89dc4b13268afef1ec869b98d39000fdfc35a101f23b4c7	0	0	b3a70af0eb4d5d45ad23cb8a8cc23187ed69c1a52a82ea7169866e68143c20ce
ROOT_011000101	ROOT	011000101		/home/rb/conway99_workspace/o3_qsat_runs/task03_lemma_rescout_20260828/cubes/cube_011000101.cnf	c88893ab05a15e46fb55dbd26675d33e4660bcb04f7908d231a8b6cc8a19bc48	71541	b3a70af0eb4d5d45ad23cb8a8cc23187ed69c1a52a82ea7169866e68143c20ce	/home/rb/conway99_workspace/o3_qsat_runs/task03_fullcert_1.1_20260829/cert/root/011000101/proof.lrat.gz	23581	23581	d73e91f1833c82b55b978c33d0ce6a84e46e491944237908c83fd282363a64cd	d73e91f1833c82b55b978c33d0ce6a84e46e491944237908c83fd282363a64cd	0	0	b3a70af0eb4d5d45ad23cb8a8cc23187ed69c1a52a82ea7169866e68143c20ce
ROOT_011000110	ROOT	011000110		/home/rb/conway99_workspace/o3_qsat_runs/task03_lemma_rescout_20260828/cubes/cube_011000110.cnf	b361056d9db3a17759601bb46bc952e3a72fa9c1f1b7faceea53d63385758d5a	71541	b3a70af0eb4d5d45ad23cb8a8cc23187ed69c1a52a82ea7169866e68143c20ce	/home/rb/conway99_workspace/o3_qsat_runs/task03_fullcert_1.1_20260829/cert/root/011000110/proof.lrat.gz	23581	23581	d73e91f1833c82b55b978c33d0ce6a84e46e491944237908c83fd282363a64cd	d73e91f1833c82b55b978c33d0ce6a84e46e491944237908c83fd282363a64cd	0	0	b3a70af0eb4d5d45ad23cb8a8cc23187ed69c1a52a82ea7169866e68143c20ce
ROOT_011000111	ROOT	011000111		/home/rb/conway99_workspace/o3_qsat_runs/task03_lemma_rescout_20260828/cubes/cube_011000111.cnf	236799310602208a691a6cc0fbb05f26c21330c7c435b8ba3560383fb32225d4	71541	b3a70af0eb4d5d45ad23cb8a8cc23187ed69c1a52a82ea7169866e68143c20ce	/home/rb/conway99_workspace/o3_qsat_runs/task03_fullcert_1.1_20260829/cert/root/011000111/proof.lrat.gz	23581	23581	d73e91f1833c82b55b978c33d0ce6a84e46e491944237908c83fd282363a64cd	d73e91f1833c82b55b978c33d0ce6a84e46e491944237908c83fd282363a64cd	0	0	b3a70af0eb4d5d45ad23cb8a8cc23187ed69c1a52a82ea7169866e68143c20ce
ROOT_011001000	ROOT	011001000		/home/rb/conway99_workspace/o3_qsat_runs/task03_lemma_rescout_20260828/cubes/cube_011001000.cnf	5ab7e9bfbd7f30157e7cf4f53548db88044c8efea74d75b8d3a7b48e6bbae22e	71541	b3a70af0eb4d5d45ad23cb8a8cc23187ed69c1a52a82ea7169866e68143c20ce	/home/rb/conway99_workspace/o3_qsat_runs/task03_fullcert_1.1_20260829/cert/root/011001000/proof.lrat.gz	23581	23581	fedef9a10e736133ed5c57a3887b4256714bf27802ab4435e91078dfde1ff5df	fedef9a10e736133ed5c57a3887b4256714bf27802ab4435e91078dfde1ff5df	0	0	b3a70af0eb4d5d45ad23cb8a8cc23187ed69c1a52a82ea7169866e68143c20ce
ROOT_011001001	ROOT	011001001		/home/rb/conway99_workspace/o3_qsat_runs/task03_lemma_rescout_20260828/cubes/cube_011001001.cnf	ea8dca182e85f9ede605ec75f5250739f33e28add6f3ee4da4590a9bf8f9b3cc	71541	b3a70af0eb4d5d45ad23cb8a8cc23187ed69c1a52a82ea7169866e68143c20ce	/home/rb/conway99_workspace/o3_qsat_runs/task03_fullcert_1.1_20260829/cert/root/011001001/proof.lrat.gz	23581	23581	fedef9a10e736133ed5c57a3887b4256714bf27802ab4435e91078dfde1ff5df	fedef9a10e736133ed5c57a3887b4256714bf27802ab4435e91078dfde1ff5df	0	0	b3a70af0eb4d5d45ad23cb8a8cc23187ed69c1a52a82ea7169866e68143c20ce
ROOT_011001010	ROOT	011001010		/home/rb/conway99_workspace/o3_qsat_runs/task03_lemma_rescout_20260828/cubes/cube_011001010.cnf	588b0edb8b0b057caffb9b714bacffc233f49cefe25aa4aea0ee3556e7910a95	71541	b3a70af0eb4d5d45ad23cb8a8cc23187ed69c1a52a82ea7169866e68143c20ce	/home/rb/conway99_workspace/o3_qsat_runs/task03_fullcert_1.1_20260829/cert/root/011001010/proof.lrat.gz	23581	23581	f587613846514d67e81d0efe8b150adc81bf0c8101fc1134b5816b2ab887426a	f587613846514d67e81d0efe8b150adc81bf0c8101fc1134b5816b2ab887426a	0	0	b3a70af0eb4d5d45ad23cb8a8cc23187ed69c1a52a82ea7169866e68143c20ce
ROOT_011001011	ROOT	011001011		/home/rb/conway99_workspace/o3_qsat_runs/task03_lemma_rescout_20260828/cubes/cube_011001011.cnf	07c647ff137f0eb95ec7296b1189993843a6703bff92e311af1339d534624de8	71541	b3a70af0eb4d5d45ad23cb8a8cc23187ed69c1a52a82ea7169866e68143c20ce	/home/rb/conway99_workspace/o3_qsat_runs/task03_fullcert_1.1_20260829/cert/root/011001011/proof.lrat.gz	23581	23581	f587613846514d67e81d0efe8b150adc81bf0c8101fc1134b5816b2ab887426a	f587613846514d67e81d0efe8b150adc81bf0c8101fc1134b5816b2ab887426a	0	0	b3a70af0eb4d5d45ad23cb8a8cc23187ed69c1a52a82ea7169866e68143c20ce
ROOT_011001100	ROOT	011001100		/home/rb/conway99_workspace/o3_qsat_runs/task03_lemma_rescout_20260828/cubes/cube_011001100.cnf	f4651d04605d78b4840ceb9d14560e15c78b726da05f6f387c536c833f33a36f	71541	b3a70af0eb4d5d45ad23cb8a8cc23187ed69c1a52a82ea7169866e68143c20ce	/home/rb/conway99_workspace/o3_qsat_runs/task03_fullcert_1.1_20260829/cert/root/011001100/proof.lrat.gz	23581	23581	f587613846514d67e81d0efe8b150adc81bf0c8101fc1134b5816b2ab887426a	f587613846514d67e81d0efe8b150adc81bf0c8101fc1134b5816b2ab887426a	0	0	b3a70af0eb4d5d45ad23cb8a8cc23187ed69c1a52a82ea7169866e68143c20ce
ROOT_011001101	ROOT	011001101		/home/rb/conway99_workspace/o3_qsat_runs/task03_lemma_rescout_20260828/cubes/cube_011001101.cnf	64465426a77f032bbc72a0271a8b459383cc84b988875c01c81cb443a9b79caf	71541	b3a70af0eb4d5d45ad23cb8a8cc23187ed69c1a52a82ea7169866e68143c20ce	/home/rb/conway99_workspace/o3_qsat_runs/task03_fullcert_1.1_20260829/cert/root/011001101/proof.lrat.gz	23581	23581	578dab8f7c42a3b259b8e3de34b6b7925df219f046f703e70733a512588e426c	578dab8f7c42a3b259b8e3de34b6b7925df219f046f703e70733a512588e426c	0	0	b3a70af0eb4d5d45ad23cb8a8cc23187ed69c1a52a82ea7169866e68143c20ce
ROOT_011001110	ROOT	011001110		/home/rb/conway99_workspace/o3_qsat_runs/task03_lemma_rescout_20260828/cubes/cube_011001110.cnf	cbfe256847c7fb676602e03b0452aa9337dce23bf45e40ecc3dd4bcff4cd206a	71541	b3a70af0eb4d5d45ad23cb8a8cc23187ed69c1a52a82ea7169866e68143c20ce	/home/rb/conway99_workspace/o3_qsat_runs/task03_fullcert_1.1_20260829/cert/root/011001110/proof.lrat.gz	23581	23581	818420ff25a4e58295ce70021fc8d0fcafc2ed6b7a464e5b5630d308e866216f	818420ff25a4e58295ce70021fc8d0fcafc2ed6b7a464e5b5630d308e866216f	0	0	b3a70af0eb4d5d45ad23cb8a8cc23187ed69c1a52a82ea7169866e68143c20ce
ROOT_011001111	ROOT	011001111		/home/rb/conway99_workspace/o3_qsat_runs/task03_lemma_rescout_20260828/cubes/cube_011001111.cnf	49550b545036eef5fbf9578d6905d5b0d8820f93a570656f7d8b432c96482cce	71541	b3a70af0eb4d5d45ad23cb8a8cc23187ed69c1a52a82ea7169866e68143c20ce	/home/rb/conway99_workspace/o3_qsat_runs/task03_fullcert_1.1_20260829/cert/root/011001111/proof.lrat.gz	23581	23581	818420ff25a4e58295ce70021fc8d0fcafc2ed6b7a464e5b5630d308e866216f	818420ff25a4e58295ce70021fc8d0fcafc2ed6b7a464e5b5630d308e866216f	0	0	b3a70af0eb4d5d45ad23cb8a8cc23187ed69c1a52a82ea7169866e68143c20ce
ROOT_011010000	ROOT	011010000		/home/rb/conway99_workspace/o3_qsat_runs/task03_lemma_rescout_20260828/cubes/cube_011010000.cnf	7d9f8d3729be31ccab5ea1ea1ea8237357b15cb79fd2e3905f8cfe7578a7c723	71541	b3a70af0eb4d5d45ad23cb8a8cc23187ed69c1a52a82ea7169866e68143c20ce	/home/rb/conway99_workspace/o3_qsat_runs/task03_fullcert_1.1_20260829/cert/root/011010000/proof.lrat.gz	23581	23581	97c4e90fb788f94ffb865b99b16f02aaf48f0abe9faa7ffe449156dbafcb67b7	97c4e90fb788f94ffb865b99b16f02aaf48f0abe9faa7ffe449156dbafcb67b7	0	0	b3a70af0eb4d5d45ad23cb8a8cc23187ed69c1a52a82ea7169866e68143c20ce
ROOT_011010001	ROOT	011010001		/home/rb/conway99_workspace/o3_qsat_runs/task03_lemma_rescout_20260828/cubes/cube_011010001.cnf	d07b66c65978830d92ca191f4d3d5b3aed88e419880c234f7029f013dbe9c87c	71541	b3a70af0eb4d5d45ad23cb8a8cc23187ed69c1a52a82ea7169866e68143c20ce	/home/rb/conway99_workspace/o3_qsat_runs/task03_fullcert_1.1_20260829/cert/root/011010001/proof.lrat.gz	23581	23581	d0b98e476457e9c3c7f3f89442c0f26064021d780fe80f67912e74f8a879e353	d0b98e476457e9c3c7f3f89442c0f26064021d780fe80f67912e74f8a879e353	0	0	b3a70af0eb4d5d45ad23cb8a8cc23187ed69c1a52a82ea7169866e68143c20ce
ROOT_011010010	ROOT	011010010		/home/rb/conway99_workspace/o3_qsat_runs/task03_lemma_rescout_20260828/cubes/cube_011010010.cnf	ef403dca408c82d1fd5faf37c151ac294f8cd1d9fe47c833226b6d707bfd0784	71541	b3a70af0eb4d5d45ad23cb8a8cc23187ed69c1a52a82ea7169866e68143c20ce	/home/rb/conway99_workspace/o3_qsat_runs/task03_fullcert_1.1_20260829/cert/root/011010010/proof.lrat.gz	23581	23581	97c4e90fb788f94ffb865b99b16f02aaf48f0abe9faa7ffe449156dbafcb67b7	97c4e90fb788f94ffb865b99b16f02aaf48f0abe9faa7ffe449156dbafcb67b7	0	0	b3a70af0eb4d5d45ad23cb8a8cc23187ed69c1a52a82ea7169866e68143c20ce
ROOT_011010011	ROOT	011010011		/home/rb/conway99_workspace/o3_qsat_runs/task03_lemma_rescout_20260828/cubes/cube_011010011.cnf	bee2c709902e30b0071f70e2bd7dec9509fb2615f3a8eb354e26aa5caf32b2a2	71541	b3a70af0eb4d5d45ad23cb8a8cc23187ed69c1a52a82ea7169866e68143c20ce	/home/rb/conway99_workspace/o3_qsat_runs/task03_fullcert_1.1_20260829/cert/root/011010011/proof.lrat.gz	23581	23581	d0b98e476457e9c3c7f3f89442c0f26064021d780fe80f67912e74f8a879e353	d0b98e476457e9c3c7f3f89442c0f26064021d780fe80f67912e74f8a879e353	0	0	b3a70af0eb4d5d45ad23cb8a8cc23187ed69c1a52a82ea7169866e68143c20ce
ROOT_011010100	ROOT	011010100		/home/rb/conway99_workspace/o3_qsat_runs/task03_lemma_rescout_20260828/cubes/cube_011010100.cnf	3622b50c9a1d52a380e88b2748a760b32cd53ca508d8e20a1bcfc885844db72f	71541	b3a70af0eb4d5d45ad23cb8a8cc23187ed69c1a52a82ea7169866e68143c20ce	/home/rb/conway99_workspace/o3_qsat_runs/task03_fullcert_1.1_20260829/cert/root/011010100/proof.lrat.gz	23581	23581	cf938d56e21889fddb106285383279ddc92565f645a6ed94f7d46482f3f49906	cf938d56e21889fddb106285383279ddc92565f645a6ed94f7d46482f3f49906	0	0	b3a70af0eb4d5d45ad23cb8a8cc23187ed69c1a52a82ea7169866e68143c20ce
ROOT_011010101	ROOT	011010101		/home/rb/conway99_workspace/o3_qsat_runs/task03_lemma_rescout_20260828/cubes/cube_011010101.cnf	a2abe96d573140efb3dea62b93ca9d0ba8f61eb59c4543b8624abc84259bf581	71541	b3a70af0eb4d5d45ad23cb8a8cc23187ed69c1a52a82ea7169866e68143c20ce	/home/rb/conway99_workspace/o3_qsat_runs/task03_fullcert_1.1_20260829/cert/root/011010101/proof.lrat.gz	23581	23581	cf938d56e21889fddb106285383279ddc92565f645a6ed94f7d46482f3f49906	cf938d56e21889fddb106285383279ddc92565f645a6ed94f7d46482f3f49906	0	0	b3a70af0eb4d5d45ad23cb8a8cc23187ed69c1a52a82ea7169866e68143c20ce
ROOT_011010110	ROOT	011010110		/home/rb/conway99_workspace/o3_qsat_runs/task03_lemma_rescout_20260828/cubes/cube_011010110.cnf	798f5c952c256328ba90daa09473dc1a553f1d3fcc8e36dcfb6b46b18dbd7c63	71541	b3a70af0eb4d5d45ad23cb8a8cc23187ed69c1a52a82ea7169866e68143c20ce	/home/rb/conway99_workspace/o3_qsat_runs/task03_fullcert_1.1_20260829/cert/root/011010110/proof.lrat.gz	23581	23581	de84108129ef9f32f86033f18d7c07918e00d017a26401452a216101e4ce3d54	de84108129ef9f32f86033f18d7c07918e00d017a26401452a216101e4ce3d54	0	0	b3a70af0eb4d5d45ad23cb8a8cc23187ed69c1a52a82ea7169866e68143c20ce
ROOT_011010111	ROOT	011010111		/home/rb/conway99_workspace/o3_qsat_runs/task03_lemma_rescout_20260828/cubes/cube_011010111.cnf	0bd7b16a0fd0d9ddead975beafec50d46b7990fbd29cb861f43f822e493cd668	71541	b3a70af0eb4d5d45ad23cb8a8cc23187ed69c1a52a82ea7169866e68143c20ce	/home/rb/conway99_workspace/o3_qsat_runs/task03_fullcert_1.1_20260829/cert/root/011010111/proof.lrat.gz	23581	23581	cf938d56e21889fddb106285383279ddc92565f645a6ed94f7d46482f3f49906	cf938d56e21889fddb106285383279ddc92565f645a6ed94f7d46482f3f49906	0	0	b3a70af0eb4d5d45ad23cb8a8cc23187ed69c1a52a82ea7169866e68143c20ce
ROOT_011011000	ROOT	011011000		/home/rb/conway99_workspace/o3_qsat_runs/task03_lemma_rescout_20260828/cubes/cube_011011000.cnf	cc68f6c99eded8911beac03c927d5c998e02aa9341b4c767bbaa27e6ddd5fffd	71541	b3a70af0eb4d5d45ad23cb8a8cc23187ed69c1a52a82ea7169866e68143c20ce	/home/rb/conway99_workspace/o3_qsat_runs/task03_fullcert_1.1_20260829/cert/root/011011000/proof.lrat.gz	23581	23581	7c107addf52d9de086e315621e0fb79513515ea15ab843e939ed3e802fb38190	7c107addf52d9de086e315621e0fb79513515ea15ab843e939ed3e802fb38190	0	0	b3a70af0eb4d5d45ad23cb8a8cc23187ed69c1a52a82ea7169866e68143c20ce
ROOT_011011001	ROOT	011011001		/home/rb/conway99_workspace/o3_qsat_runs/task03_lemma_rescout_20260828/cubes/cube_011011001.cnf	72d4bbf7972242995666ab39d4a45afae24b8fc29b8537b30de4bcc97fb90dfd	71541	b3a70af0eb4d5d45ad23cb8a8cc23187ed69c1a52a82ea7169866e68143c20ce	/home/rb/conway99_workspace/o3_qsat_runs/task03_fullcert_1.1_20260829/cert/root/011011001/proof.lrat.gz	23581	23581	7c107addf52d9de086e315621e0fb79513515ea15ab843e939ed3e802fb38190	7c107addf52d9de086e315621e0fb79513515ea15ab843e939ed3e802fb38190	0	0	b3a70af0eb4d5d45ad23cb8a8cc23187ed69c1a52a82ea7169866e68143c20ce
ROOT_011011010	ROOT	011011010		/home/rb/conway99_workspace/o3_qsat_runs/task03_lemma_rescout_20260828/cubes/cube_011011010.cnf	47522028fbfbcd14834863ddb297abf7d7c27f26b644cf77dd4bfa5d0dfa9495	71541	b3a70af0eb4d5d45ad23cb8a8cc23187ed69c1a52a82ea7169866e68143c20ce	/home/rb/conway99_workspace/o3_qsat_runs/task03_fullcert_1.1_20260829/cert/root/011011010/proof.lrat.gz	23581	23581	0313602dd50bb86a89db8777f719a62b45edcb47261675839ff1c56db6be4d9d	0313602dd50bb86a89db8777f719a62b45edcb47261675839ff1c56db6be4d9d	0	0	b3a70af0eb4d5d45ad23cb8a8cc23187ed69c1a52a82ea7169866e68143c20ce
ROOT_011011011	ROOT	011011011		/home/rb/conway99_workspace/o3_qsat_runs/task03_lemma_rescout_20260828/cubes/cube_011011011.cnf	a789ef41b9b36f31a99fc0cb27fcd920ee951d0627fdd41ada477107bf26e87a	71541	b3a70af0eb4d5d45ad23cb8a8cc23187ed69c1a52a82ea7169866e68143c20ce	/home/rb/conway99_workspace/o3_qsat_runs/task03_fullcert_1.1_20260829/cert/root/011011011/proof.lrat.gz	23581	23581	0313602dd50bb86a89db8777f719a62b45edcb47261675839ff1c56db6be4d9d	0313602dd50bb86a89db8777f719a62b45edcb47261675839ff1c56db6be4d9d	0	0	b3a70af0eb4d5d45ad23cb8a8cc23187ed69c1a52a82ea7169866e68143c20ce
ROOT_011011100	ROOT	011011100		/home/rb/conway99_workspace/o3_qsat_runs/task03_lemma_rescout_20260828/cubes/cube_011011100.cnf	fc545fdb9155da66c49f7d13405c923d6dd8db689536ca4a6cb0af9b0d42c166	71541	b3a70af0eb4d5d45ad23cb8a8cc23187ed69c1a52a82ea7169866e68143c20ce	/home/rb/conway99_workspace/o3_qsat_runs/task03_fullcert_1.1_20260829/cert/root/011011100/proof.lrat.gz	23581	23581	9ba1d24128bc161881b5e0259cc275a341cee0e4af0d8234af49c009852ca36e	9ba1d24128bc161881b5e0259cc275a341cee0e4af0d8234af49c009852ca36e	0	0	b3a70af0eb4d5d45ad23cb8a8cc23187ed69c1a52a82ea7169866e68143c20ce
ROOT_011011101	ROOT	011011101		/home/rb/conway99_workspace/o3_qsat_runs/task03_lemma_rescout_20260828/cubes/cube_011011101.cnf	bd9064c2d719b8ff14178a1002524be6d37cfa896fcb3816b5753acdbbeb4d7f	71541	b3a70af0eb4d5d45ad23cb8a8cc23187ed69c1a52a82ea7169866e68143c20ce	/home/rb/conway99_workspace/o3_qsat_runs/task03_fullcert_1.1_20260829/cert/root/011011101/proof.lrat.gz	23581	23581	9ba1d24128bc161881b5e0259cc275a341cee0e4af0d8234af49c009852ca36e	9ba1d24128bc161881b5e0259cc275a341cee0e4af0d8234af49c009852ca36e	0	0	b3a70af0eb4d5d45ad23cb8a8cc23187ed69c1a52a82ea7169866e68143c20ce
ROOT_011011110	ROOT	011011110		/home/rb/conway99_workspace/o3_qsat_runs/task03_lemma_rescout_20260828/cubes/cube_011011110.cnf	b638680d8faf52843d5a706bf33d3ca0087bc61698b0e3ff581f54fdbe233027	71541	b3a70af0eb4d5d45ad23cb8a8cc23187ed69c1a52a82ea7169866e68143c20ce	/home/rb/conway99_workspace/o3_qsat_runs/task03_fullcert_1.1_20260829/cert/root/011011110/proof.lrat.gz	23581	23581	e171b2ca4412c96cbc6c18239c043e3aa420b13da502f87babec353e76e2e988	e171b2ca4412c96cbc6c18239c043e3aa420b13da502f87babec353e76e2e988	0	0	b3a70af0eb4d5d45ad23cb8a8cc23187ed69c1a52a82ea7169866e68143c20ce
ROOT_011011111	ROOT	011011111		/home/rb/conway99_workspace/o3_qsat_runs/task03_lemma_rescout_20260828/cubes/cube_011011111.cnf	90492c972f6f1c52212e7639780ff2ba3109cb782d453c0a9ed58cdad3298940	71541	b3a70af0eb4d5d45ad23cb8a8cc23187ed69c1a52a82ea7169866e68143c20ce	/home/rb/conway99_workspace/o3_qsat_runs/task03_fullcert_1.1_20260829/cert/root/011011111/proof.lrat.gz	23581	23581	e171b2ca4412c96cbc6c18239c043e3aa420b13da502f87babec353e76e2e988	e171b2ca4412c96cbc6c18239c043e3aa420b13da502f87babec353e76e2e988	0	0	b3a70af0eb4d5d45ad23cb8a8cc23187ed69c1a52a82ea7169866e68143c20ce
ROOT_011100000	ROOT	011100000		/home/rb/conway99_workspace/o3_qsat_runs/task03_lemma_rescout_20260828/cubes/cube_011100000.cnf	39b6206121f66cdc685e46769a2ad59f98b7c77ec34c6fedb0a9427a2decf5f2	71541	b3a70af0eb4d5d45ad23cb8a8cc23187ed69c1a52a82ea7169866e68143c20ce	/home/rb/conway99_workspace/o3_qsat_runs/task03_fullcert_1.1_20260829/cert/root/011100000/proof.lrat.gz	23581	23581	537c56ad0bf8955e2da5202bf8e8be9f3f62ae84c193a071b7c334b278d6bcbc	537c56ad0bf8955e2da5202bf8e8be9f3f62ae84c193a071b7c334b278d6bcbc	0	0	b3a70af0eb4d5d45ad23cb8a8cc23187ed69c1a52a82ea7169866e68143c20ce
ROOT_011100001	ROOT	011100001		/home/rb/conway99_workspace/o3_qsat_runs/task03_lemma_rescout_20260828/cubes/cube_011100001.cnf	a248c53dcb6b74f07231240135a6295b268f45e25c6f0a778a3d9dec083987fb	71541	b3a70af0eb4d5d45ad23cb8a8cc23187ed69c1a52a82ea7169866e68143c20ce	/home/rb/conway99_workspace/o3_qsat_runs/task03_fullcert_1.1_20260829/cert/root/011100001/proof.lrat.gz	23581	23581	537c56ad0bf8955e2da5202bf8e8be9f3f62ae84c193a071b7c334b278d6bcbc	537c56ad0bf8955e2da5202bf8e8be9f3f62ae84c193a071b7c334b278d6bcbc	0	0	b3a70af0eb4d5d45ad23cb8a8cc23187ed69c1a52a82ea7169866e68143c20ce
ROOT_011100010	ROOT	011100010		/home/rb/conway99_workspace/o3_qsat_runs/task03_lemma_rescout_20260828/cubes/cube_011100010.cnf	73874bfe75709a267e17f4103cebeb8a7fce272e3f76bbde3725413f0fa52a5d	71541	b3a70af0eb4d5d45ad23cb8a8cc23187ed69c1a52a82ea7169866e68143c20ce	/home/rb/conway99_workspace/o3_qsat_runs/task03_fullcert_1.1_20260829/cert/root/011100010/proof.lrat.gz	23581	23581	925691efd82ab28eb6657535e84be5605fbc515b93b3831913d26ca4f3a03b76	925691efd82ab28eb6657535e84be5605fbc515b93b3831913d26ca4f3a03b76	0	0	b3a70af0eb4d5d45ad23cb8a8cc23187ed69c1a52a82ea7169866e68143c20ce
ROOT_011100011	ROOT	011100011		/home/rb/conway99_workspace/o3_qsat_runs/task03_lemma_rescout_20260828/cubes/cube_011100011.cnf	2d2fcf6c7a6a6c071d69637628c1b4339394e5d69efd54ba6f9683c7004d9ccb	71541	b3a70af0eb4d5d45ad23cb8a8cc23187ed69c1a52a82ea7169866e68143c20ce	/home/rb/conway99_workspace/o3_qsat_runs/task03_fullcert_1.1_20260829/cert/root/011100011/proof.lrat.gz	23581	23581	05f55e9ff597a180303d2a11734edc2c84e3dfe8a227d60ccdfc3674499a259d	05f55e9ff597a180303d2a11734edc2c84e3dfe8a227d60ccdfc3674499a259d	0	0	b3a70af0eb4d5d45ad23cb8a8cc23187ed69c1a52a82ea7169866e68143c20ce
ROOT_011100100	ROOT	011100100		/home/rb/conway99_workspace/o3_qsat_runs/task03_lemma_rescout_20260828/cubes/cube_011100100.cnf	2fababeda8e8ad673cd321a846d20df3e19cbfc8ccacc3605da9c698415af319	71541	b3a70af0eb4d5d45ad23cb8a8cc23187ed69c1a52a82ea7169866e68143c20ce	/home/rb/conway99_workspace/o3_qsat_runs/task03_fullcert_1.1_20260829/cert/root/011100100/proof.lrat.gz	23581	23581	925691efd82ab28eb6657535e84be5605fbc515b93b3831913d26ca4f3a03b76	925691efd82ab28eb6657535e84be5605fbc515b93b3831913d26ca4f3a03b76	0	0	b3a70af0eb4d5d45ad23cb8a8cc23187ed69c1a52a82ea7169866e68143c20ce
ROOT_011100101	ROOT	011100101		/home/rb/conway99_workspace/o3_qsat_runs/task03_lemma_rescout_20260828/cubes/cube_011100101.cnf	1b376b4ae2a152841b64ec20353a9789aba49438145ca1d28d804dd63fe4dcb5	71541	b3a70af0eb4d5d45ad23cb8a8cc23187ed69c1a52a82ea7169866e68143c20ce	/home/rb/conway99_workspace/o3_qsat_runs/task03_fullcert_1.1_20260829/cert/root/011100101/proof.lrat.gz	23581	23581	aa3faac6b604dac08d2891fd0c8e8d3bf666938ad2dca1eeaa24dc135633dd67	aa3faac6b604dac08d2891fd0c8e8d3bf666938ad2dca1eeaa24dc135633dd67	0	0	b3a70af0eb4d5d45ad23cb8a8cc23187ed69c1a52a82ea7169866e68143c20ce
ROOT_011100110	ROOT	011100110		/home/rb/conway99_workspace/o3_qsat_runs/task03_lemma_rescout_20260828/cubes/cube_011100110.cnf	6498dea2e1736a8a33a5b60801c09868ad39726ba0615603a46c085d1a7b33c5	71541	b3a70af0eb4d5d45ad23cb8a8cc23187ed69c1a52a82ea7169866e68143c20ce	/home/rb/conway99_workspace/o3_qsat_runs/task03_fullcert_1.1_20260829/cert/root/011100110/proof.lrat.gz	23581	23581	aa3faac6b604dac08d2891fd0c8e8d3bf666938ad2dca1eeaa24dc135633dd67	aa3faac6b604dac08d2891fd0c8e8d3bf666938ad2dca1eeaa24dc135633dd67	0	0	b3a70af0eb4d5d45ad23cb8a8cc23187ed69c1a52a82ea7169866e68143c20ce
ROOT_011100111	ROOT	011100111		/home/rb/conway99_workspace/o3_qsat_runs/task03_lemma_rescout_20260828/cubes/cube_011100111.cnf	e9a319f83e2ffc493815e929258b436b99f2e619442a4c28b85d26cf042e701a	71541	b3a70af0eb4d5d45ad23cb8a8cc23187ed69c1a52a82ea7169866e68143c20ce	/home/rb/conway99_workspace/o3_qsat_runs/task03_fullcert_1.1_20260829/cert/root/011100111/proof.lrat.gz	23581	23581	aa3faac6b604dac08d2891fd0c8e8d3bf666938ad2dca1eeaa24dc135633dd67	aa3faac6b604dac08d2891fd0c8e8d3bf666938ad2dca1eeaa24dc135633dd67	0	0	b3a70af0eb4d5d45ad23cb8a8cc23187ed69c1a52a82ea7169866e68143c20ce
ROOT_011101000	ROOT	011101000		/home/rb/conway99_workspace/o3_qsat_runs/task03_lemma_rescout_20260828/cubes/cube_011101000.cnf	953f756e5773db1bd09e22e195c1b53d781c0a8cf7df752faec37aab3a5bd5ad	71541	b3a70af0eb4d5d45ad23cb8a8cc23187ed69c1a52a82ea7169866e68143c20ce	/home/rb/conway99_workspace/o3_qsat_runs/task03_fullcert_1.1_20260829/cert/root/011101000/proof.lrat.gz	23581	23581	aa3faac6b604dac08d2891fd0c8e8d3bf666938ad2dca1eeaa24dc135633dd67	aa3faac6b604dac08d2891fd0c8e8d3bf666938ad2dca1eeaa24dc135633dd67	0	0	b3a70af0eb4d5d45ad23cb8a8cc23187ed69c1a52a82ea7169866e68143c20ce
ROOT_011101001	ROOT	011101001		/home/rb/conway99_workspace/o3_qsat_runs/task03_lemma_rescout_20260828/cubes/cube_011101001.cnf	129e40171793d09a577371e2f6ef5355ed46a6562fe910e22d9ffaa64e4fbad6	71541	b3a70af0eb4d5d45ad23cb8a8cc23187ed69c1a52a82ea7169866e68143c20ce	/home/rb/conway99_workspace/o3_qsat_runs/task03_fullcert_1.1_20260829/cert/root/011101001/proof.lrat.gz	23581	23581	3bf545cd17107b0951464806a9323eb00237466b9b1046a2cc02efc3b9b679c9	3bf545cd17107b0951464806a9323eb00237466b9b1046a2cc02efc3b9b679c9	0	0	b3a70af0eb4d5d45ad23cb8a8cc23187ed69c1a52a82ea7169866e68143c20ce
ROOT_011101010	ROOT	011101010		/home/rb/conway99_workspace/o3_qsat_runs/task03_lemma_rescout_20260828/cubes/cube_011101010.cnf	d2adba447ef977e2ea37b0c9327b7264c45135c1d4704dac75b407d303353349	71541	b3a70af0eb4d5d45ad23cb8a8cc23187ed69c1a52a82ea7169866e68143c20ce	/home/rb/conway99_workspace/o3_qsat_runs/task03_fullcert_1.1_20260829/cert/root/011101010/proof.lrat.gz	23581	23581	932079e15e1cef8f80f3b4f5ae778f32e74072cca58aed74e6a25abbbc4fdea5	932079e15e1cef8f80f3b4f5ae778f32e74072cca58aed74e6a25abbbc4fdea5	0	0	b3a70af0eb4d5d45ad23cb8a8cc23187ed69c1a52a82ea7169866e68143c20ce
ROOT_011101011	ROOT	011101011		/home/rb/conway99_workspace/o3_qsat_runs/task03_lemma_rescout_20260828/cubes/cube_011101011.cnf	1fffd1fb7fefcea3ce0a18dc9fd7390173aad81c995d503d291486787eb318da	71541	b3a70af0eb4d5d45ad23cb8a8cc23187ed69c1a52a82ea7169866e68143c20ce	/home/rb/conway99_workspace/o3_qsat_runs/task03_fullcert_1.1_20260829/cert/root/011101011/proof.lrat.gz	23581	23581	932079e15e1cef8f80f3b4f5ae778f32e74072cca58aed74e6a25abbbc4fdea5	932079e15e1cef8f80f3b4f5ae778f32e74072cca58aed74e6a25abbbc4fdea5	0	0	b3a70af0eb4d5d45ad23cb8a8cc23187ed69c1a52a82ea7169866e68143c20ce
ROOT_011101100	ROOT	011101100		/home/rb/conway99_workspace/o3_qsat_runs/task03_lemma_rescout_20260828/cubes/cube_011101100.cnf	e8cf4ca978d5fc846030bffab47f57693a1ed89af302004ec5a431a31505ab55	71541	b3a70af0eb4d5d45ad23cb8a8cc23187ed69c1a52a82ea7169866e68143c20ce	/home/rb/conway99_workspace/o3_qsat_runs/task03_fullcert_1.1_20260829/cert/root/011101100/proof.lrat.gz	23581	23581	932079e15e1cef8f80f3b4f5ae778f32e74072cca58aed74e6a25abbbc4fdea5	932079e15e1cef8f80f3b4f5ae778f32e74072cca58aed74e6a25abbbc4fdea5	0	0	b3a70af0eb4d5d45ad23cb8a8cc23187ed69c1a52a82ea7169866e68143c20ce
ROOT_011101101	ROOT	011101101		/home/rb/conway99_workspace/o3_qsat_runs/task03_lemma_rescout_20260828/cubes/cube_011101101.cnf	8ea404fbcb268e2311aff7bf7a28bea58f67bbe454be6067c6e1c7b9b71812c4	71541	b3a70af0eb4d5d45ad23cb8a8cc23187ed69c1a52a82ea7169866e68143c20ce	/home/rb/conway99_workspace/o3_qsat_runs/task03_fullcert_1.1_20260829/cert/root/011101101/proof.lrat.gz	23581	23581	abe4f100c1612ed2b5d821df2d180795a3e9b2a509dd02bc9ee7b11039af4685	abe4f100c1612ed2b5d821df2d180795a3e9b2a509dd02bc9ee7b11039af4685	0	0	b3a70af0eb4d5d45ad23cb8a8cc23187ed69c1a52a82ea7169866e68143c20ce
ROOT_011101110	ROOT	011101110		/home/rb/conway99_workspace/o3_qsat_runs/task03_lemma_rescout_20260828/cubes/cube_011101110.cnf	3c21f76cc631c47f6cb9aefa568689ad4d59058d7b97ff5580d079ec50ecb86e	71541	b3a70af0eb4d5d45ad23cb8a8cc23187ed69c1a52a82ea7169866e68143c20ce	/home/rb/conway99_workspace/o3_qsat_runs/task03_fullcert_1.1_20260829/cert/root/011101110/proof.lrat.gz	23581	23581	8fb81a6ec765bac89ec2344f31b28842ad1aaa103fc9ded546c633d0e9d53c52	8fb81a6ec765bac89ec2344f31b28842ad1aaa103fc9ded546c633d0e9d53c52	0	0	b3a70af0eb4d5d45ad23cb8a8cc23187ed69c1a52a82ea7169866e68143c20ce
ROOT_011101111	ROOT	011101111		/home/rb/conway99_workspace/o3_qsat_runs/task03_lemma_rescout_20260828/cubes/cube_011101111.cnf	9cd6c532cec7d7bb579cffca4f1c02a2117a8f676df2520b2a70128a1af130cf	71541	b3a70af0eb4d5d45ad23cb8a8cc23187ed69c1a52a82ea7169866e68143c20ce	/home/rb/conway99_workspace/o3_qsat_runs/task03_fullcert_1.1_20260829/cert/root/011101111/proof.lrat.gz	23581	23581	23dde90cc439b773d62610857d27e5289269a6b39d3ddd7ca895dab94021b96a	23dde90cc439b773d62610857d27e5289269a6b39d3ddd7ca895dab94021b96a	0	0	b3a70af0eb4d5d45ad23cb8a8cc23187ed69c1a52a82ea7169866e68143c20ce
ROOT_011110000	ROOT	011110000		/home/rb/conway99_workspace/o3_qsat_runs/task03_lemma_rescout_20260828/cubes/cube_011110000.cnf	178740fad04e2d64b0ad7df7ba49dc649894bbfaadada851d48487ed65e95f3e	71541	b3a70af0eb4d5d45ad23cb8a8cc23187ed69c1a52a82ea7169866e68143c20ce	/home/rb/conway99_workspace/o3_qsat_runs/task03_fullcert_1.1_20260829/cert/root/011110000/proof.lrat.gz	23581	23581	aec0665ef031aa64da1c6c2da9c94bf5f2a5bc71e12b8d6464353100cc3399b8	aec0665ef031aa64da1c6c2da9c94bf5f2a5bc71e12b8d6464353100cc3399b8	0	0	b3a70af0eb4d5d45ad23cb8a8cc23187ed69c1a52a82ea7169866e68143c20ce
ROOT_011110001	ROOT	011110001		/home/rb/conway99_workspace/o3_qsat_runs/task03_lemma_rescout_20260828/cubes/cube_011110001.cnf	5d5ad6f67e6f4d541571da074ef7a8f08c1ba5cd6d0e3d211ac14f236a74aa34	71541	b3a70af0eb4d5d45ad23cb8a8cc23187ed69c1a52a82ea7169866e68143c20ce	/home/rb/conway99_workspace/o3_qsat_runs/task03_fullcert_1.1_20260829/cert/root/011110001/proof.lrat.gz	23581	23581	23dde90cc439b773d62610857d27e5289269a6b39d3ddd7ca895dab94021b96a	23dde90cc439b773d62610857d27e5289269a6b39d3ddd7ca895dab94021b96a	0	0	b3a70af0eb4d5d45ad23cb8a8cc23187ed69c1a52a82ea7169866e68143c20ce
ROOT_011110010	ROOT	011110010		/home/rb/conway99_workspace/o3_qsat_runs/task03_lemma_rescout_20260828/cubes/cube_011110010.cnf	15752fe5df741757676d6e24169e86eed481ed8ecd4164b7b84a1f205d4fd445	71541	b3a70af0eb4d5d45ad23cb8a8cc23187ed69c1a52a82ea7169866e68143c20ce	/home/rb/conway99_workspace/o3_qsat_runs/task03_fullcert_1.1_20260829/cert/root/011110010/proof.lrat.gz	23581	23581	aec0665ef031aa64da1c6c2da9c94bf5f2a5bc71e12b8d6464353100cc3399b8	aec0665ef031aa64da1c6c2da9c94bf5f2a5bc71e12b8d6464353100cc3399b8	0	0	b3a70af0eb4d5d45ad23cb8a8cc23187ed69c1a52a82ea7169866e68143c20ce
ROOT_011110011	ROOT	011110011		/home/rb/conway99_workspace/o3_qsat_runs/task03_lemma_rescout_20260828/cubes/cube_011110011.cnf	183420ed5c09b8b086986b4d52e3b7d41841db4a2763fd36996d2fc1ffa51054	71541	b3a70af0eb4d5d45ad23cb8a8cc23187ed69c1a52a82ea7169866e68143c20ce	/home/rb/conway99_workspace/o3_qsat_runs/task03_fullcert_1.1_20260829/cert/root/011110011/proof.lrat.gz	23581	23581	aec0665ef031aa64da1c6c2da9c94bf5f2a5bc71e12b8d6464353100cc3399b8	aec0665ef031aa64da1c6c2da9c94bf5f2a5bc71e12b8d6464353100cc3399b8	0	0	b3a70af0eb4d5d45ad23cb8a8cc23187ed69c1a52a82ea7169866e68143c20ce
ROOT_011110100	ROOT	011110100		/home/rb/conway99_workspace/o3_qsat_runs/task03_lemma_rescout_20260828/cubes/cube_011110100.cnf	ca4a20c19f34d9da83544c9bf3ec7bf18c3d27e697e94e88740cc44e914cbbf3	71541	b3a70af0eb4d5d45ad23cb8a8cc23187ed69c1a52a82ea7169866e68143c20ce	/home/rb/conway99_workspace/o3_qsat_runs/task03_fullcert_1.1_20260829/cert/root/011110100/proof.lrat.gz	23581	23581	a1c1e43257e8fe6220277d55104e496a24a345856540df9aaf03f3c0f86daba8	a1c1e43257e8fe6220277d55104e496a24a345856540df9aaf03f3c0f86daba8	0	0	b3a70af0eb4d5d45ad23cb8a8cc23187ed69c1a52a82ea7169866e68143c20ce
ROOT_011110101	ROOT	011110101		/home/rb/conway99_workspace/o3_qsat_runs/task03_lemma_rescout_20260828/cubes/cube_011110101.cnf	b02f8e8d6e2db3c40982d0a8ac0c114cac86f24b6594cfc55755ee9c26bb1803	71541	b3a70af0eb4d5d45ad23cb8a8cc23187ed69c1a52a82ea7169866e68143c20ce	/home/rb/conway99_workspace/o3_qsat_runs/task03_fullcert_1.1_20260829/cert/root/011110101/proof.lrat.gz	23581	23581	a1c1e43257e8fe6220277d55104e496a24a345856540df9aaf03f3c0f86daba8	a1c1e43257e8fe6220277d55104e496a24a345856540df9aaf03f3c0f86daba8	0	0	b3a70af0eb4d5d45ad23cb8a8cc23187ed69c1a52a82ea7169866e68143c20ce
ROOT_011110110	ROOT	011110110		/home/rb/conway99_workspace/o3_qsat_runs/task03_lemma_rescout_20260828/cubes/cube_011110110.cnf	ff72d0b712be06eef8545baaf622cd8655e636f53507ada523c05fbb136aecd6	71541	b3a70af0eb4d5d45ad23cb8a8cc23187ed69c1a52a82ea7169866e68143c20ce	/home/rb/conway99_workspace/o3_qsat_runs/task03_fullcert_1.1_20260829/cert/root/011110110/proof.lrat.gz	23581	23581	c11e2e61e6069aadf3334cad084f2c6922f9444b094e21ee5e36093ab4f1e648	c11e2e61e6069aadf3334cad084f2c6922f9444b094e21ee5e36093ab4f1e648	0	0	b3a70af0eb4d5d45ad23cb8a8cc23187ed69c1a52a82ea7169866e68143c20ce
ROOT_011110111	ROOT	011110111		/home/rb/conway99_workspace/o3_qsat_runs/task03_lemma_rescout_20260828/cubes/cube_011110111.cnf	84ecb4d7fce023a13d099fe6280ccb0f4abaf69ec3ad2305051fe35b67c3e002	71541	b3a70af0eb4d5d45ad23cb8a8cc23187ed69c1a52a82ea7169866e68143c20ce	/home/rb/conway99_workspace/o3_qsat_runs/task03_fullcert_1.1_20260829/cert/root/011110111/proof.lrat.gz	23581	23581	a1c1e43257e8fe6220277d55104e496a24a345856540df9aaf03f3c0f86daba8	a1c1e43257e8fe6220277d55104e496a24a345856540df9aaf03f3c0f86daba8	0	0	b3a70af0eb4d5d45ad23cb8a8cc23187ed69c1a52a82ea7169866e68143c20ce
ROOT_011111000	ROOT	011111000		/home/rb/conway99_workspace/o3_qsat_runs/task03_lemma_rescout_20260828/cubes/cube_011111000.cnf	0b8f2d3000c2eb980223e7328b114dc8c17201782c5f5417d786dd5e8c9791cc	71541	b3a70af0eb4d5d45ad23cb8a8cc23187ed69c1a52a82ea7169866e68143c20ce	/home/rb/conway99_workspace/o3_qsat_runs/task03_fullcert_1.1_20260829/cert/root/011111000/proof.lrat.gz	23581	23581	c11e2e61e6069aadf3334cad084f2c6922f9444b094e21ee5e36093ab4f1e648	c11e2e61e6069aadf3334cad084f2c6922f9444b094e21ee5e36093ab4f1e648	0	0	b3a70af0eb4d5d45ad23cb8a8cc23187ed69c1a52a82ea7169866e68143c20ce
ROOT_011111001	ROOT	011111001		/home/rb/conway99_workspace/o3_qsat_runs/task03_lemma_rescout_20260828/cubes/cube_011111001.cnf	c71bf9d21208386624fcf140154c422a0a904ef5ff39e3510e796fbd5ec149b2	71541	b3a70af0eb4d5d45ad23cb8a8cc23187ed69c1a52a82ea7169866e68143c20ce	/home/rb/conway99_workspace/o3_qsat_runs/task03_fullcert_1.1_20260829/cert/root/011111001/proof.lrat.gz	23581	23581	60affeca1eed6e7fb636ae67c61612fb28ca57f1cb91c8b1da5c31a30f097fdc	60affeca1eed6e7fb636ae67c61612fb28ca57f1cb91c8b1da5c31a30f097fdc	0	0	b3a70af0eb4d5d45ad23cb8a8cc23187ed69c1a52a82ea7169866e68143c20ce
ROOT_011111010	ROOT	011111010		/home/rb/conway99_workspace/o3_qsat_runs/task03_lemma_rescout_20260828/cubes/cube_011111010.cnf	0415fad33de9a8f64fd34f037346cfeef1253d00024d9e4037bb45948e447d15	71541	b3a70af0eb4d5d45ad23cb8a8cc23187ed69c1a52a82ea7169866e68143c20ce	/home/rb/conway99_workspace/o3_qsat_runs/task03_fullcert_1.1_20260829/cert/root/011111010/proof.lrat.gz	23581	23581	3765cfcbedac56ea54be1c10d41ffbd3b6b630cd12e402fb1e07435fc4498132	3765cfcbedac56ea54be1c10d41ffbd3b6b630cd12e402fb1e07435fc4498132	0	0	b3a70af0eb4d5d45ad23cb8a8cc23187ed69c1a52a82ea7169866e68143c20ce
ROOT_011111011	ROOT	011111011		/home/rb/conway99_workspace/o3_qsat_runs/task03_lemma_rescout_20260828/cubes/cube_011111011.cnf	64dd42e66b61ac0fe8eba16a201d02bdde8021a139a7b3363299dddee4886c95	71541	b3a70af0eb4d5d45ad23cb8a8cc23187ed69c1a52a82ea7169866e68143c20ce	/home/rb/conway99_workspace/o3_qsat_runs/task03_fullcert_1.1_20260829/cert/root/011111011/proof.lrat.gz	23581	23581	6a74a4cc8e13ceb16e2406edbe115ebf6000508a5d6a8fdc412378ddc738167a	6a74a4cc8e13ceb16e2406edbe115ebf6000508a5d6a8fdc412378ddc738167a	0	0	b3a70af0eb4d5d45ad23cb8a8cc23187ed69c1a52a82ea7169866e68143c20ce
ROOT_011111100	ROOT	011111100		/home/rb/conway99_workspace/o3_qsat_runs/task03_lemma_rescout_20260828/cubes/cube_011111100.cnf	e25f8d8bd787237f71bba6f541eb47d74cb8565dbdc3b1583cea52d1fac73959	71541	b3a70af0eb4d5d45ad23cb8a8cc23187ed69c1a52a82ea7169866e68143c20ce	/home/rb/conway99_workspace/o3_qsat_runs/task03_fullcert_1.1_20260829/cert/root/011111100/proof.lrat.gz	23581	23581	3765cfcbedac56ea54be1c10d41ffbd3b6b630cd12e402fb1e07435fc4498132	3765cfcbedac56ea54be1c10d41ffbd3b6b630cd12e402fb1e07435fc4498132	0	0	b3a70af0eb4d5d45ad23cb8a8cc23187ed69c1a52a82ea7169866e68143c20ce
ROOT_011111101	ROOT	011111101		/home/rb/conway99_workspace/o3_qsat_runs/task03_lemma_rescout_20260828/cubes/cube_011111101.cnf	e7f761d80b59eb72665bca0c4ce34a3810c570121e6d9297688535f93152c57b	71541	b3a70af0eb4d5d45ad23cb8a8cc23187ed69c1a52a82ea7169866e68143c20ce	/home/rb/conway99_workspace/o3_qsat_runs/task03_fullcert_1.1_20260829/cert/root/011111101/proof.lrat.gz	23581	23581	3765cfcbedac56ea54be1c10d41ffbd3b6b630cd12e402fb1e07435fc4498132	3765cfcbedac56ea54be1c10d41ffbd3b6b630cd12e402fb1e07435fc4498132	0	0	b3a70af0eb4d5d45ad23cb8a8cc23187ed69c1a52a82ea7169866e68143c20ce
ROOT_011111110	ROOT	011111110		/home/rb/conway99_workspace/o3_qsat_runs/task03_lemma_rescout_20260828/cubes/cube_011111110.cnf	a16ae4b168f9639fef043eb5f0a6690fd1c52ea2106798b596f818c07f4d0b50	71541	b3a70af0eb4d5d45ad23cb8a8cc23187ed69c1a52a82ea7169866e68143c20ce	/home/rb/conway99_workspace/o3_qsat_runs/task03_fullcert_1.1_20260829/cert/root/011111110/proof.lrat.gz	23581	23581	afd1ebcb926bdd17dfcf6d8589a7b8da1765434b3e337412a1abe7ca9cad5b74	afd1ebcb926bdd17dfcf6d8589a7b8da1765434b3e337412a1abe7ca9cad5b74	0	0	b3a70af0eb4d5d45ad23cb8a8cc23187ed69c1a52a82ea7169866e68143c20ce
ROOT_011111111	ROOT	011111111		/home/rb/conway99_workspace/o3_qsat_runs/task03_lemma_rescout_20260828/cubes/cube_011111111.cnf	55597cdb335033cb19e6d5b371ee89a82c4afada7cd54942daa56376104700c3	71541	b3a70af0eb4d5d45ad23cb8a8cc23187ed69c1a52a82ea7169866e68143c20ce	/home/rb/conway99_workspace/o3_qsat_runs/task03_fullcert_1.1_20260829/cert/root/011111111/proof.lrat.gz	23581	23581	53681a75acecc5e3cd9966366e9ca5a2997a99aa78533d8a8f2ad1b49ef1ef2a	53681a75acecc5e3cd9966366e9ca5a2997a99aa78533d8a8f2ad1b49ef1ef2a	0	0	b3a70af0eb4d5d45ad23cb8a8cc23187ed69c1a52a82ea7169866e68143c20ce
ROOT_100000010	ROOT	100000010		/home/rb/conway99_workspace/o3_qsat_runs/task03_lemma_rescout_20260828/cubes/cube_100000010.cnf	e2a0e06bdb69ef09b2359a365ade20825b59931f0e82c65b879af2ac4bed1a9d	57005	d82bb4ebf5c49fb1a6f586250d3f073fdd454341fb6fa8cdc47a44946f55ed05	/home/rb/conway99_workspace/o3_qsat_runs/task03_fullcert_1.1_20260829/cert/root/100000010/proof.lrat.gz	18552	18552	b5cd3667beb516755754a71adb668817458920041e486097bcc4d06365efdf4f	b5cd3667beb516755754a71adb668817458920041e486097bcc4d06365efdf4f	0	0	d82bb4ebf5c49fb1a6f586250d3f073fdd454341fb6fa8cdc47a44946f55ed05
ROOT_100000011	ROOT	100000011		/home/rb/conway99_workspace/o3_qsat_runs/task03_lemma_rescout_20260828/cubes/cube_100000011.cnf	6d960ba35ccab44e19d21d497dccdb1376447c58021aba7b91a936e7c3d53b5a	57005	d82bb4ebf5c49fb1a6f586250d3f073fdd454341fb6fa8cdc47a44946f55ed05	/home/rb/conway99_workspace/o3_qsat_runs/task03_fullcert_1.1_20260829/cert/root/100000011/proof.lrat.gz	18552	18552	b5cd3667beb516755754a71adb668817458920041e486097bcc4d06365efdf4f	b5cd3667beb516755754a71adb668817458920041e486097bcc4d06365efdf4f	0	0	d82bb4ebf5c49fb1a6f586250d3f073fdd454341fb6fa8cdc47a44946f55ed05
ROOT_100000101	ROOT	100000101		/home/rb/conway99_workspace/o3_qsat_runs/task03_lemma_rescout_20260828/cubes/cube_100000101.cnf	3736678db49c4f7b0b1de74b54f6c16f66b369f85e1fb388538b45086d34b77a	24909192	dc86e1db01d5eaabbfd064597aebb84127b2957f91eb27b7a537ce9e7142715b	/home/rb/conway99_workspace/o3_qsat_runs/task03_fullcert_1.1_20260829/cert/root/100000101/proof.lrat.gz	6296782	6296782	91db5d1f333f3d29bf87717356e648c53025ada0b34151e861668d8ded8b09aa	91db5d1f333f3d29bf87717356e648c53025ada0b34151e861668d8ded8b09aa	0	0	dc86e1db01d5eaabbfd064597aebb84127b2957f91eb27b7a537ce9e7142715b
ROOT_100000110	ROOT	100000110		/home/rb/conway99_workspace/o3_qsat_runs/task03_lemma_rescout_20260828/cubes/cube_100000110.cnf	e0dd1d1281782cef0acb53e39c51d9591a565b35fce8f70ccb3aab574168a02a	55565	28cdb703b87fc06e85f9225dcae9e428843e5032eabbbd28cce72772a57f48b7	/home/rb/conway99_workspace/o3_qsat_runs/task03_fullcert_1.1_20260829/cert/root/100000110/proof.lrat.gz	18102	18102	6e461c628ab8d1ce0875f34708d7d74be06e50c324d861e1f90616b85e919234	6e461c628ab8d1ce0875f34708d7d74be06e50c324d861e1f90616b85e919234	0	0	28cdb703b87fc06e85f9225dcae9e428843e5032eabbbd28cce72772a57f48b7
ROOT_100000111	ROOT	100000111		/home/rb/conway99_workspace/o3_qsat_runs/task03_lemma_rescout_20260828/cubes/cube_100000111.cnf	66d92496b402fbb6c5089bf6f6917b41e6c28fb2598b1e0a4bc2eb9ceb34882f	55565	28cdb703b87fc06e85f9225dcae9e428843e5032eabbbd28cce72772a57f48b7	/home/rb/conway99_workspace/o3_qsat_runs/task03_fullcert_1.1_20260829/cert/root/100000111/proof.lrat.gz	18102	18102	49cd37077788af7f3d1dc95e10b76dfcd033a862b29e3d3d4494562306102276	49cd37077788af7f3d1dc95e10b76dfcd033a862b29e3d3d4494562306102276	0	0	28cdb703b87fc06e85f9225dcae9e428843e5032eabbbd28cce72772a57f48b7
ROOT_100001000	ROOT	100001000		/home/rb/conway99_workspace/o3_qsat_runs/task03_lemma_rescout_20260828/cubes/cube_100001000.cnf	31ae418a5e157639537c818b03b7c536cc0345600bd25e8bf087d7063269d9ed	35546328	2bc153c530c4f483dd7a7faab37e64dab7aa513798fba374cc019ea604233c6d	/home/rb/conway99_workspace/o3_qsat_runs/task03_fullcert_1.1_20260829/cert/root/100001000/proof.lrat.gz	8914590	8914590	4d516e8f63c5f8df4937b6be086a637de156856cf43cd9080e86120fc49dd85f	4d516e8f63c5f8df4937b6be086a637de156856cf43cd9080e86120fc49dd85f	0	0	2bc153c530c4f483dd7a7faab37e64dab7aa513798fba374cc019ea604233c6d
ROOT_100001001	ROOT	100001001		/home/rb/conway99_workspace/o3_qsat_runs/task03_lemma_rescout_20260828/cubes/cube_100001001.cnf	fa617f7f01f75ef00b2753433ddace28b86e6a89caf6dc9fd4e4c8f9cd97e7a7	33083358	fce75b3d19d98fa2860521f0623ccff7c2418e0864f040e0c966b345216c56e9	/home/rb/conway99_workspace/o3_qsat_runs/task03_fullcert_1.1_20260829/cert/root/100001001/proof.lrat.gz	8307174	8307174	afe79e74234c85a16601b3b455b6bfbc8dc89f1eb3fa98d7a5277e7b9c99c447	afe79e74234c85a16601b3b455b6bfbc8dc89f1eb3fa98d7a5277e7b9c99c447	0	0	fce75b3d19d98fa2860521f0623ccff7c2418e0864f040e0c966b345216c56e9
ROOT_100001010	ROOT	100001010		/home/rb/conway99_workspace/o3_qsat_runs/task03_lemma_rescout_20260828/cubes/cube_100001010.cnf	bd35328b9fa69d18876e794974e3777ab5302110549161a432a4e2dcce27e93f	61549	2abe238eb406e38bdc23766c042d76f049922211874f2857a2b84766553e56fa	/home/rb/conway99_workspace/o3_qsat_runs/task03_fullcert_1.1_20260829/cert/root/100001010/proof.lrat.gz	20143	20143	e6342e969d9a732953a3ad6113242c00da1baef673a23b5994c3e689b38efdba	e6342e969d9a732953a3ad6113242c00da1baef673a23b5994c3e689b38efdba	0	0	2abe238eb406e38bdc23766c042d76f049922211874f2857a2b84766553e56fa
ROOT_100001011	ROOT	100001011		/home/rb/conway99_workspace/o3_qsat_runs/task03_lemma_rescout_20260828/cubes/cube_100001011.cnf	8035eadc9fc4d9c2ab564ac20f7b82bc0d1e076a7847c159cdfadbda80933e3e	61549	2abe238eb406e38bdc23766c042d76f049922211874f2857a2b84766553e56fa	/home/rb/conway99_workspace/o3_qsat_runs/task03_fullcert_1.1_20260829/cert/root/100001011/proof.lrat.gz	20143	20143	794472f434d07d3e4ffd3e80fda9cecd5c49043383af1ad60f8e3bec0b295f4d	794472f434d07d3e4ffd3e80fda9cecd5c49043383af1ad60f8e3bec0b295f4d	0	0	2abe238eb406e38bdc23766c042d76f049922211874f2857a2b84766553e56fa
ROOT_100001100	ROOT	100001100		/home/rb/conway99_workspace/o3_qsat_runs/task03_lemma_rescout_20260828/cubes/cube_100001100.cnf	13e551a13466c3ae76f11b0011693c372a00c995968bed001202852918f2a91e	33274917	608506258f1f2e24a6bb34f0aa6bf16a2cf81c2027cdfc71d23a1fe2e2a4c284	/home/rb/conway99_workspace/o3_qsat_runs/task03_fullcert_1.1_20260829/cert/root/100001100/proof.lrat.gz	8381784	8381784	2c4a34b0c5127e6c7f59aef2b01e25f5c1c3f8a1bc3b1840f24c78ec83f9471e	2c4a34b0c5127e6c7f59aef2b01e25f5c1c3f8a1bc3b1840f24c78ec83f9471e	0	0	608506258f1f2e24a6bb34f0aa6bf16a2cf81c2027cdfc71d23a1fe2e2a4c284
ROOT_100001101	ROOT	100001101		/home/rb/conway99_workspace/o3_qsat_runs/task03_lemma_rescout_20260828/cubes/cube_100001101.cnf	495f4df6518825d2fbfb4ac6da8e4fd0c62c33df0f3053b08c9e2509f7ba226e	70099	d6ca2bc639c65d1e5d098908aff1418bf30af3e284cc1b007b64b82e11a93b37	/home/rb/conway99_workspace/o3_qsat_runs/task03_fullcert_1.1_20260829/cert/root/100001101/proof.lrat.gz	23011	23011	3497bd92bc93e5ee6f67e2d86309d387b73c7336e9d59d63ac03256844bdef4a	3497bd92bc93e5ee6f67e2d86309d387b73c7336e9d59d63ac03256844bdef4a	0	0	d6ca2bc639c65d1e5d098908aff1418bf30af3e284cc1b007b64b82e11a93b37
ROOT_100001110	ROOT	100001110		/home/rb/conway99_workspace/o3_qsat_runs/task03_lemma_rescout_20260828/cubes/cube_100001110.cnf	bbc1387403ed39130f9c1d8fc41ac6c04f009a053211cbc2202ef0ba88e72b71	70081	01ab6c9521a9005eeefc720db34ce313bfc962fe3396563b82151778de053265	/home/rb/conway99_workspace/o3_qsat_runs/task03_fullcert_1.1_20260829/cert/root/100001110/proof.lrat.gz	23003	23003	8cb769a9655c60047776f16b80c5f230454b4f64e43bede7d6d94ecc293259de	8cb769a9655c60047776f16b80c5f230454b4f64e43bede7d6d94ecc293259de	0	0	01ab6c9521a9005eeefc720db34ce313bfc962fe3396563b82151778de053265
ROOT_100001111	ROOT	100001111		/home/rb/conway99_workspace/o3_qsat_runs/task03_lemma_rescout_20260828/cubes/cube_100001111.cnf	d027788ee5b95177786ba8d8bdffc4343cae82b03d6f7c784906e5bbcc4c0152	70081	01ab6c9521a9005eeefc720db34ce313bfc962fe3396563b82151778de053265	/home/rb/conway99_workspace/o3_qsat_runs/task03_fullcert_1.1_20260829/cert/root/100001111/proof.lrat.gz	23003	23003	b96f267b9b089399d700c6af4ba1d08cbb7ac5d1bc0f03a1831fe08b44f2207d	b96f267b9b089399d700c6af4ba1d08cbb7ac5d1bc0f03a1831fe08b44f2207d	0	0	01ab6c9521a9005eeefc720db34ce313bfc962fe3396563b82151778de053265
ROOT_100010010	ROOT	100010010		/home/rb/conway99_workspace/o3_qsat_runs/task03_lemma_rescout_20260828/cubes/cube_100010010.cnf	b183ef1cf9faddddb0935d1ae3152f38e31565ddb52d46d40acc39e384eadb6e	71895	2eddcaf2f237578728027685bd92b97d3b2256649150534041c41a4a29e394f5	/home/rb/conway99_workspace/o3_qsat_runs/task03_fullcert_1.1_20260829/cert/root/100010010/proof.lrat.gz	23784	23784	bd354aab744fc584bd510b58ae0829e93afdc7a41ea1b36295b58ea639d97fe6	bd354aab744fc584bd510b58ae0829e93afdc7a41ea1b36295b58ea639d97fe6	0	0	2eddcaf2f237578728027685bd92b97d3b2256649150534041c41a4a29e394f5
ROOT_100010011	ROOT	100010011		/home/rb/conway99_workspace/o3_qsat_runs/task03_lemma_rescout_20260828/cubes/cube_100010011.cnf	79193e8e3f71bd08b8cb9eba20156eee8653d7decbcdb574063363bae89750fe	71895	2eddcaf2f237578728027685bd92b97d3b2256649150534041c41a4a29e394f5	/home/rb/conway99_workspace/o3_qsat_runs/task03_fullcert_1.1_20260829/cert/root/100010011/proof.lrat.gz	23784	23784	bd354aab744fc584bd510b58ae0829e93afdc7a41ea1b36295b58ea639d97fe6	bd354aab744fc584bd510b58ae0829e93afdc7a41ea1b36295b58ea639d97fe6	0	0	2eddcaf2f237578728027685bd92b97d3b2256649150534041c41a4a29e394f5
ROOT_100010100	ROOT	100010100		/home/rb/conway99_workspace/o3_qsat_runs/task03_lemma_rescout_20260828/cubes/cube_100010100.cnf	45b37905a636038e95e129f01ffdd347d1cc8e74177014de5700bbbfc3a21da7	71888	e655e4877fc13a0faf3dd356722697addd85b4cbb5b8f4a64300d8abc6c5a6f9	/home/rb/conway99_workspace/o3_qsat_runs/task03_fullcert_1.1_20260829/cert/root/100010100/proof.lrat.gz	23782	23782	fbd957033adabebecda889f9e9637c3bcb83c9683dedcd488592db224aa7c6cf	fbd957033adabebecda889f9e9637c3bcb83c9683dedcd488592db224aa7c6cf	0	0	e655e4877fc13a0faf3dd356722697addd85b4cbb5b8f4a64300d8abc6c5a6f9
ROOT_100010101	ROOT	100010101		/home/rb/conway99_workspace/o3_qsat_runs/task03_lemma_rescout_20260828/cubes/cube_100010101.cnf	385d3b8c1c7553ad628b71415b15e4b04ea342c19df45f3247a2b9bb57afa34e	71888	e655e4877fc13a0faf3dd356722697addd85b4cbb5b8f4a64300d8abc6c5a6f9	/home/rb/conway99_workspace/o3_qsat_runs/task03_fullcert_1.1_20260829/cert/root/100010101/proof.lrat.gz	23782	23782	1ad296325cfe8ac664375ce942b63ac794cf66426024fbc796827ddbf9a4b5da	1ad296325cfe8ac664375ce942b63ac794cf66426024fbc796827ddbf9a4b5da	0	0	e655e4877fc13a0faf3dd356722697addd85b4cbb5b8f4a64300d8abc6c5a6f9
ROOT_100010110	ROOT	100010110		/home/rb/conway99_workspace/o3_qsat_runs/task03_lemma_rescout_20260828/cubes/cube_100010110.cnf	dbbbaf568fdf45d81183263a906a2ee88774f49fc6b058cae23250fb7255c1e7	71888	e655e4877fc13a0faf3dd356722697addd85b4cbb5b8f4a64300d8abc6c5a6f9	/home/rb/conway99_workspace/o3_qsat_runs/task03_fullcert_1.1_20260829/cert/root/100010110/proof.lrat.gz	23782	23782	1ad296325cfe8ac664375ce942b63ac794cf66426024fbc796827ddbf9a4b5da	1ad296325cfe8ac664375ce942b63ac794cf66426024fbc796827ddbf9a4b5da	0	0	e655e4877fc13a0faf3dd356722697addd85b4cbb5b8f4a64300d8abc6c5a6f9
ROOT_100010111	ROOT	100010111		/home/rb/conway99_workspace/o3_qsat_runs/task03_lemma_rescout_20260828/cubes/cube_100010111.cnf	2cc78ff99e714f04120d1b1dc991ad585f9d403b65f13d67e90c35617ef2121d	71888	e655e4877fc13a0faf3dd356722697addd85b4cbb5b8f4a64300d8abc6c5a6f9	/home/rb/conway99_workspace/o3_qsat_runs/task03_fullcert_1.1_20260829/cert/root/100010111/proof.lrat.gz	23782	23782	1ad296325cfe8ac664375ce942b63ac794cf66426024fbc796827ddbf9a4b5da	1ad296325cfe8ac664375ce942b63ac794cf66426024fbc796827ddbf9a4b5da	0	0	e655e4877fc13a0faf3dd356722697addd85b4cbb5b8f4a64300d8abc6c5a6f9
ROOT_100011000	ROOT	100011000		/home/rb/conway99_workspace/o3_qsat_runs/task03_lemma_rescout_20260828/cubes/cube_100011000.cnf	98820b181157a4a23754fab330fb9e019f513cd97482cedfe84ddcd0c93df7ff	71870	f766f796c8a06f707ac0d3c49d2d905a4a9e80f70b94b93ad9bf054fe69cc419	/home/rb/conway99_workspace/o3_qsat_runs/task03_fullcert_1.1_20260829/cert/root/100011000/proof.lrat.gz	23776	23776	5933c5202310b38e456478f8c3912a4afdb39b7e49f27392c708dcfecd763705	5933c5202310b38e456478f8c3912a4afdb39b7e49f27392c708dcfecd763705	0	0	f766f796c8a06f707ac0d3c49d2d905a4a9e80f70b94b93ad9bf054fe69cc419
ROOT_100011001	ROOT	100011001		/home/rb/conway99_workspace/o3_qsat_runs/task03_lemma_rescout_20260828/cubes/cube_100011001.cnf	26691ac9be5062e057c11aac387f23ff3fb5a385b9ebdd0082804b209096a57a	71870	f766f796c8a06f707ac0d3c49d2d905a4a9e80f70b94b93ad9bf054fe69cc419	/home/rb/conway99_workspace/o3_qsat_runs/task03_fullcert_1.1_20260829/cert/root/100011001/proof.lrat.gz	23776	23776	b98ef0f760c1fb20e508a1c96d15220ced31845975df895c1f328df48132fc04	b98ef0f760c1fb20e508a1c96d15220ced31845975df895c1f328df48132fc04	0	0	f766f796c8a06f707ac0d3c49d2d905a4a9e80f70b94b93ad9bf054fe69cc419
ROOT_100011010	ROOT	100011010		/home/rb/conway99_workspace/o3_qsat_runs/task03_lemma_rescout_20260828/cubes/cube_100011010.cnf	3ca108ab82df56fa6711a3d03198348197a28306e900f79e0d6eb212f1d98c9f	71870	f766f796c8a06f707ac0d3c49d2d905a4a9e80f70b94b93ad9bf054fe69cc419	/home/rb/conway99_workspace/o3_qsat_runs/task03_fullcert_1.1_20260829/cert/root/100011010/proof.lrat.gz	23776	23776	b98ef0f760c1fb20e508a1c96d15220ced31845975df895c1f328df48132fc04	b98ef0f760c1fb20e508a1c96d15220ced31845975df895c1f328df48132fc04	0	0	f766f796c8a06f707ac0d3c49d2d905a4a9e80f70b94b93ad9bf054fe69cc419
ROOT_100011011	ROOT	100011011		/home/rb/conway99_workspace/o3_qsat_runs/task03_lemma_rescout_20260828/cubes/cube_100011011.cnf	d21829938cd7225572c7b069568a66e2712d334481a590fd0ff059e02a767e0f	71870	f766f796c8a06f707ac0d3c49d2d905a4a9e80f70b94b93ad9bf054fe69cc419	/home/rb/conway99_workspace/o3_qsat_runs/task03_fullcert_1.1_20260829/cert/root/100011011/proof.lrat.gz	23776	23776	b98ef0f760c1fb20e508a1c96d15220ced31845975df895c1f328df48132fc04	b98ef0f760c1fb20e508a1c96d15220ced31845975df895c1f328df48132fc04	0	0	f766f796c8a06f707ac0d3c49d2d905a4a9e80f70b94b93ad9bf054fe69cc419
ROOT_100011100	ROOT	100011100		/home/rb/conway99_workspace/o3_qsat_runs/task03_lemma_rescout_20260828/cubes/cube_100011100.cnf	13636413c03b2cef7f1812159824657bdc5b849b3e73c72873b0cbef157e51e0	71870	f766f796c8a06f707ac0d3c49d2d905a4a9e80f70b94b93ad9bf054fe69cc419	/home/rb/conway99_workspace/o3_qsat_runs/task03_fullcert_1.1_20260829/cert/root/100011100/proof.lrat.gz	23776	23776	7f403249c9f20ec025f52ae2f573c859f0638d229540d061085d34754b781f74	7f403249c9f20ec025f52ae2f573c859f0638d229540d061085d34754b781f74	0	0	f766f796c8a06f707ac0d3c49d2d905a4a9e80f70b94b93ad9bf054fe69cc419
ROOT_100011101	ROOT	100011101		/home/rb/conway99_workspace/o3_qsat_runs/task03_lemma_rescout_20260828/cubes/cube_100011101.cnf	db5bbecebcbb7916ded88acabd3be653fec70045491157868059b7e7c434184c	71870	f766f796c8a06f707ac0d3c49d2d905a4a9e80f70b94b93ad9bf054fe69cc419	/home/rb/conway99_workspace/o3_qsat_runs/task03_fullcert_1.1_20260829/cert/root/100011101/proof.lrat.gz	23776	23776	7f403249c9f20ec025f52ae2f573c859f0638d229540d061085d34754b781f74	7f403249c9f20ec025f52ae2f573c859f0638d229540d061085d34754b781f74	0	0	f766f796c8a06f707ac0d3c49d2d905a4a9e80f70b94b93ad9bf054fe69cc419
ROOT_100011110	ROOT	100011110		/home/rb/conway99_workspace/o3_qsat_runs/task03_lemma_rescout_20260828/cubes/cube_100011110.cnf	63276f8effe1e35dbc1e15e3b2ad1d7b184ae40bbfdb8cb8957f8b94d1fa7b2e	71870	f766f796c8a06f707ac0d3c49d2d905a4a9e80f70b94b93ad9bf054fe69cc419	/home/rb/conway99_workspace/o3_qsat_runs/task03_fullcert_1.1_20260829/cert/root/100011110/proof.lrat.gz	23776	23776	290607d011e5cb83ec4fcd4a9d363b77c06772cc553d4f796af71f85fb0dadc8	290607d011e5cb83ec4fcd4a9d363b77c06772cc553d4f796af71f85fb0dadc8	0	0	f766f796c8a06f707ac0d3c49d2d905a4a9e80f70b94b93ad9bf054fe69cc419
ROOT_100011111	ROOT	100011111		/home/rb/conway99_workspace/o3_qsat_runs/task03_lemma_rescout_20260828/cubes/cube_100011111.cnf	7a2e558835e045bd819d30d3680782ae2978ef4f76ea528f6f96cdbe7b3d028d	71870	f766f796c8a06f707ac0d3c49d2d905a4a9e80f70b94b93ad9bf054fe69cc419	/home/rb/conway99_workspace/o3_qsat_runs/task03_fullcert_1.1_20260829/cert/root/100011111/proof.lrat.gz	23776	23776	290607d011e5cb83ec4fcd4a9d363b77c06772cc553d4f796af71f85fb0dadc8	290607d011e5cb83ec4fcd4a9d363b77c06772cc553d4f796af71f85fb0dadc8	0	0	f766f796c8a06f707ac0d3c49d2d905a4a9e80f70b94b93ad9bf054fe69cc419
ROOT_100100000	ROOT	100100000		/home/rb/conway99_workspace/o3_qsat_runs/task03_lemma_rescout_20260828/cubes/cube_100100000.cnf	78532f86036aa1e74afeb31b823e946a537adb2b10e529937dea100a7ba64678	41283532	fc8be0670cd0607749f3361e889c231e39a2281fbfc2132f71daf464cd9d2b37	/home/rb/conway99_workspace/o3_qsat_runs/task03_fullcert_1.1_20260829/cert/root/100100000/proof.lrat.gz	10793838	10793838	cdbb709a0b8c0e3c61ba04eea7d0b1f2bf91c8ea223c5334226a20066e9a4ee1	cdbb709a0b8c0e3c61ba04eea7d0b1f2bf91c8ea223c5334226a20066e9a4ee1	0	0	fc8be0670cd0607749f3361e889c231e39a2281fbfc2132f71daf464cd9d2b37
ROOT_100100001	ROOT	100100001		/home/rb/conway99_workspace/o3_qsat_runs/task03_lemma_rescout_20260828/cubes/cube_100100001.cnf	3e85116df96264e5969f0a66bec346dab2e98b5cef7bb5e429a0f51821b5ea28	24411822	78a8378d3604f4ecf9ecd0f7082dca236b66ad5d0ae1e6ab66226c33b10f1b6b	/home/rb/conway99_workspace/o3_qsat_runs/task03_fullcert_1.1_20260829/cert/root/100100001/proof.lrat.gz	6190814	6190814	420d32c870d53bc65be6e51af61ab89686d8dfa5651e5999ceed2ed2ec4a1db8	420d32c870d53bc65be6e51af61ab89686d8dfa5651e5999ceed2ed2ec4a1db8	0	0	78a8378d3604f4ecf9ecd0f7082dca236b66ad5d0ae1e6ab66226c33b10f1b6b
ROOT_100100010	ROOT	100100010		/home/rb/conway99_workspace/o3_qsat_runs/task03_lemma_rescout_20260828/cubes/cube_100100010.cnf	36dc128ddf39e4c4ec1bb5fc515124bebff7c2da23c2f2dd690e71231927ba84	61598	833fac0ecff2b63b82f24b5b755740e38ea23ebf9da507bea8d34e7475003db1	/home/rb/conway99_workspace/o3_qsat_runs/task03_fullcert_1.1_20260829/cert/root/100100010/proof.lrat.gz	20155	20155	54ddb8a51b7b15aa37a79ae5c06d0dd5a0d96811b769d19ebfb94e3088b44c6a	54ddb8a51b7b15aa37a79ae5c06d0dd5a0d96811b769d19ebfb94e3088b44c6a	0	0	833fac0ecff2b63b82f24b5b755740e38ea23ebf9da507bea8d34e7475003db1
ROOT_100100011	ROOT	100100011		/home/rb/conway99_workspace/o3_qsat_runs/task03_lemma_rescout_20260828/cubes/cube_100100011.cnf	8ef81603cfc8caa34cd3aceebd12b608ea171e6df66bf0d56048ff66ce7d144a	61598	833fac0ecff2b63b82f24b5b755740e38ea23ebf9da507bea8d34e7475003db1	/home/rb/conway99_workspace/o3_qsat_runs/task03_fullcert_1.1_20260829/cert/root/100100011/proof.lrat.gz	20155	20155	00f06fe123c8edc24480d92f767989bd4ab506e4c07d429caad663a6bc87587e	00f06fe123c8edc24480d92f767989bd4ab506e4c07d429caad663a6bc87587e	0	0	833fac0ecff2b63b82f24b5b755740e38ea23ebf9da507bea8d34e7475003db1
ROOT_100100100	ROOT	100100100		/home/rb/conway99_workspace/o3_qsat_runs/task03_lemma_rescout_20260828/cubes/cube_100100100.cnf	61eb7859824800fa960a5b403d9c0f2084006fe7fe95f53408e3763dd06c25b9	32866559	c9eb3140ee20e7298b91571423d7feae3d060923c931f2f9e956307a2d0b9e32	/home/rb/conway99_workspace/o3_qsat_runs/task03_fullcert_1.1_20260829/cert/root/100100100/proof.lrat.gz	8269648	8269648	be25379592f5d253fc3e1e8163f219aff67b06f6039bf605cd4846acb47ae94d	be25379592f5d253fc3e1e8163f219aff67b06f6039bf605cd4846acb47ae94d	0	0	c9eb3140ee20e7298b91571423d7feae3d060923c931f2f9e956307a2d0b9e32
ROOT_100100101	ROOT	100100101		/home/rb/conway99_workspace/o3_qsat_runs/task03_lemma_rescout_20260828/cubes/cube_100100101.cnf	a0b755e42cbd827aa63e06f17637b97819c0f58b7826df4120d0a4c1514aba91	23426984	35c6068e726b52c8b47b688c00c792e44a0fc1c8d29e36c132a1624d9355195b	/home/rb/conway99_workspace/o3_qsat_runs/task03_fullcert_1.1_20260829/cert/root/100100101/proof.lrat.gz	5951423	5951423	5ba63e44c37a5f901feb8a2b32bb8c5a90340cd11aad325b3e238ae8b280c655	5ba63e44c37a5f901feb8a2b32bb8c5a90340cd11aad325b3e238ae8b280c655	0	0	35c6068e726b52c8b47b688c00c792e44a0fc1c8d29e36c132a1624d9355195b
ROOT_100100110	ROOT	100100110		/home/rb/conway99_workspace/o3_qsat_runs/task03_lemma_rescout_20260828/cubes/cube_100100110.cnf	c5b1fc93349adf7d0389119f2d4142a4023e6be8ec0f9db44e07cbc097a9be7e	66287	cb43366e8d2c6687d827a651554d463a0976e2231ea597a4155b2f9e895834cb	/home/rb/conway99_workspace/o3_qsat_runs/task03_fullcert_1.1_20260829/cert/root/100100110/proof.lrat.gz	21807	21807	829fa93d2313a53e743152bc17f3b5a69cfd2c9742bc990a8541c51448a3d7c3	829fa93d2313a53e743152bc17f3b5a69cfd2c9742bc990a8541c51448a3d7c3	0	0	cb43366e8d2c6687d827a651554d463a0976e2231ea597a4155b2f9e895834cb
ROOT_100100111	ROOT	100100111		/home/rb/conway99_workspace/o3_qsat_runs/task03_lemma_rescout_20260828/cubes/cube_100100111.cnf	0f13dd8066f2fa6d9bde05c317ead9ae91c52cc4d116a9bbb29078a70cbdd997	66287	cb43366e8d2c6687d827a651554d463a0976e2231ea597a4155b2f9e895834cb	/home/rb/conway99_workspace/o3_qsat_runs/task03_fullcert_1.1_20260829/cert/root/100100111/proof.lrat.gz	21807	21807	829fa93d2313a53e743152bc17f3b5a69cfd2c9742bc990a8541c51448a3d7c3	829fa93d2313a53e743152bc17f3b5a69cfd2c9742bc990a8541c51448a3d7c3	0	0	cb43366e8d2c6687d827a651554d463a0976e2231ea597a4155b2f9e895834cb
ROOT_100101000	ROOT	100101000		/home/rb/conway99_workspace/o3_qsat_runs/task03_lemma_rescout_20260828/cubes/cube_100101000.cnf	ce5afb721283918afab1ac5d5ee820b910cf0189075507e99aec8493e86c39dd	33525245	0114fccdf5a5a5f45f52773aa21b25cb0aa5a4e5f8e6807b20b31d9c862af09c	/home/rb/conway99_workspace/o3_qsat_runs/task03_fullcert_1.1_20260829/cert/root/100101000/proof.lrat.gz	8477050	8477050	3e0417e760a572b3cb3288202fc01fcb40de2cede449eb08d5e5492f90847ad1	3e0417e760a572b3cb3288202fc01fcb40de2cede449eb08d5e5492f90847ad1	0	0	0114fccdf5a5a5f45f52773aa21b25cb0aa5a4e5f8e6807b20b31d9c862af09c
ROOT_100101001	ROOT	100101001		/home/rb/conway99_workspace/o3_qsat_runs/task03_lemma_rescout_20260828/cubes/cube_100101001.cnf	efd988e26d6b930f6b8d56207799fb7b0dc1fb7c442179b634979bc3306d5c81	23296255	7bfe6e93a34147eba4165a4b9c4a67a767bb5919ee6138835cfd22c7c9fdf809	/home/rb/conway99_workspace/o3_qsat_runs/task03_fullcert_1.1_20260829/cert/root/100101001/proof.lrat.gz	5921630	5921630	90b5698940afdd89d46a5b1a83b8d9db0d0bf19fc56501f10d3c5e977f293b29	90b5698940afdd89d46a5b1a83b8d9db0d0bf19fc56501f10d3c5e977f293b29	0	0	7bfe6e93a34147eba4165a4b9c4a67a767bb5919ee6138835cfd22c7c9fdf809
ROOT_100101010	ROOT	100101010		/home/rb/conway99_workspace/o3_qsat_runs/task03_lemma_rescout_20260828/cubes/cube_100101010.cnf	6262475b49f0fe0ba818a7ec9aa6653180f7fd097b6b68f4809b8e7ed63a8784	66180	4b0d73d15d9b5e6e4862bbbb6ec5222b413bb794c6b6abf4daf6aa3f6f58ef46	/home/rb/conway99_workspace/o3_qsat_runs/task03_fullcert_1.1_20260829/cert/root/100101010/proof.lrat.gz	21698	21698	b181815d9131a894fad58845a0fbe32b938aca036052afee6a6108a6a888be1c	b181815d9131a894fad58845a0fbe32b938aca036052afee6a6108a6a888be1c	0	0	4b0d73d15d9b5e6e4862bbbb6ec5222b413bb794c6b6abf4daf6aa3f6f58ef46
ROOT_100101011	ROOT	100101011		/home/rb/conway99_workspace/o3_qsat_runs/task03_lemma_rescout_20260828/cubes/cube_100101011.cnf	48bf798c6cda9ffdb6ef45c88fdc9bdc84fb10bd7e842f19ad417449fe152226	66180	4b0d73d15d9b5e6e4862bbbb6ec5222b413bb794c6b6abf4daf6aa3f6f58ef46	/home/rb/conway99_workspace/o3_qsat_runs/task03_fullcert_1.1_20260829/cert/root/100101011/proof.lrat.gz	21698	21698	7e4fd2438390a22585d1b55d4f5c8ccd875a349f19de37e3c89723a5cc4c0ced	7e4fd2438390a22585d1b55d4f5c8ccd875a349f19de37e3c89723a5cc4c0ced	0	0	4b0d73d15d9b5e6e4862bbbb6ec5222b413bb794c6b6abf4daf6aa3f6f58ef46
ROOT_100101100	ROOT	100101100		/home/rb/conway99_workspace/o3_qsat_runs/task03_lemma_rescout_20260828/cubes/cube_100101100.cnf	4c5349c3b3a1c278fe6dc040049c380ec31f6ab0b34ad40a2da9031390d7d361	23365908	93798f4f21f16c3ebea73acf3109c8174369e04722c4d91eb86c81cce8f7544e	/home/rb/conway99_workspace/o3_qsat_runs/task03_fullcert_1.1_20260829/cert/root/100101100/proof.lrat.gz	5932148	5932148	c388424fd787bc5657aa3b89ffe627e1cf879932624bc8b34303e4f24da7b7fd	c388424fd787bc5657aa3b89ffe627e1cf879932624bc8b34303e4f24da7b7fd	0	0	93798f4f21f16c3ebea73acf3109c8174369e04722c4d91eb86c81cce8f7544e
ROOT_100101101	ROOT	100101101		/home/rb/conway99_workspace/o3_qsat_runs/task03_lemma_rescout_20260828/cubes/cube_100101101.cnf	21c6a5cfed58c44c965b6b2b42dfca5ba63a29685af4fc311c98e701ffa4a479	88716	ed14df25b842ae95018f43ae8a4c74fc27e49583e33297b895ca00886a10c350	/home/rb/conway99_workspace/o3_qsat_runs/task03_fullcert_1.1_20260829/cert/root/100101101/proof.lrat.gz	29459	29459	a747a10f39192a01efb5650e62ff3d9e069cff43b3f11a69a7b31b805ac6e542	a747a10f39192a01efb5650e62ff3d9e069cff43b3f11a69a7b31b805ac6e542	0	0	ed14df25b842ae95018f43ae8a4c74fc27e49583e33297b895ca00886a10c350
ROOT_100101110	ROOT	100101110		/home/rb/conway99_workspace/o3_qsat_runs/task03_lemma_rescout_20260828/cubes/cube_100101110.cnf	c83d7bf62abbc4f19128cda5ae5dee3d4320e1065d7db8e6a59b6bd5fa2675ac	88698	dfb6606308bb7ec3f0a313dcbddcdca3486014ee02a1e73fbf422f419b1f1760	/home/rb/conway99_workspace/o3_qsat_runs/task03_fullcert_1.1_20260829/cert/root/100101110/proof.lrat.gz	29452	29452	8c01c972b978aca11c9e9706bc12a15c65cdaaeda625cb385d20e2b33cd6f057	8c01c972b978aca11c9e9706bc12a15c65cdaaeda625cb385d20e2b33cd6f057	0	0	dfb6606308bb7ec3f0a313dcbddcdca3486014ee02a1e73fbf422f419b1f1760
ROOT_100101111	ROOT	100101111		/home/rb/conway99_workspace/o3_qsat_runs/task03_lemma_rescout_20260828/cubes/cube_100101111.cnf	3403c10b3384d2ebb562716036c73aed1693b00a9260da8d48781636be3f041d	88698	dfb6606308bb7ec3f0a313dcbddcdca3486014ee02a1e73fbf422f419b1f1760	/home/rb/conway99_workspace/o3_qsat_runs/task03_fullcert_1.1_20260829/cert/root/100101111/proof.lrat.gz	29452	29452	64b5be3a9e6142fd30ef0c7ba6330c830ddd6192b3cdecc908883c36e951b28f	64b5be3a9e6142fd30ef0c7ba6330c830ddd6192b3cdecc908883c36e951b28f	0	0	dfb6606308bb7ec3f0a313dcbddcdca3486014ee02a1e73fbf422f419b1f1760
ROOT_100110000	ROOT	100110000		/home/rb/conway99_workspace/o3_qsat_runs/task03_lemma_rescout_20260828/cubes/cube_100110000.cnf	3f4c194b7c044e2afd453086289ce732c3a6e46602ad199c56f2d79bdf56a5b5	57770	9e2917af551f4f6b6bc4ecdbf1deaade609a40fb3f052751a343b54156a6e2aa	/home/rb/conway99_workspace/o3_qsat_runs/task03_fullcert_1.1_20260829/cert/root/100110000/proof.lrat.gz	18851	18851	33cbcaafbe2dcbc8ee462158c0d2b82d8b9b9df9c89b7307aea9c35b280416ba	33cbcaafbe2dcbc8ee462158c0d2b82d8b9b9df9c89b7307aea9c35b280416ba	0	0	9e2917af551f4f6b6bc4ecdbf1deaade609a40fb3f052751a343b54156a6e2aa
ROOT_100110001	ROOT	100110001		/home/rb/conway99_workspace/o3_qsat_runs/task03_lemma_rescout_20260828/cubes/cube_100110001.cnf	9535bf6b06e35f77a823061c235129b449f67c57baf6b84c04fe0434cb378527	57770	9e2917af551f4f6b6bc4ecdbf1deaade609a40fb3f052751a343b54156a6e2aa	/home/rb/conway99_workspace/o3_qsat_runs/task03_fullcert_1.1_20260829/cert/root/100110001/proof.lrat.gz	18851	18851	33cbcaafbe2dcbc8ee462158c0d2b82d8b9b9df9c89b7307aea9c35b280416ba	33cbcaafbe2dcbc8ee462158c0d2b82d8b9b9df9c89b7307aea9c35b280416ba	0	0	9e2917af551f4f6b6bc4ecdbf1deaade609a40fb3f052751a343b54156a6e2aa
ROOT_100110010	ROOT	100110010		/home/rb/conway99_workspace/o3_qsat_runs/task03_lemma_rescout_20260828/cubes/cube_100110010.cnf	4c370cfb99c70d0aedfad8247c22b52478c07bc99d6e0929a118ed83deca88b4	57770	9e2917af551f4f6b6bc4ecdbf1deaade609a40fb3f052751a343b54156a6e2aa	/home/rb/conway99_workspace/o3_qsat_runs/task03_fullcert_1.1_20260829/cert/root/100110010/proof.lrat.gz	18851	18851	33becae36663423ebeefe4bac3006f5c19e493cc008e6a5e9e5092f0695772d5	33becae36663423ebeefe4bac3006f5c19e493cc008e6a5e9e5092f0695772d5	0	0	9e2917af551f4f6b6bc4ecdbf1deaade609a40fb3f052751a343b54156a6e2aa
ROOT_100110011	ROOT	100110011		/home/rb/conway99_workspace/o3_qsat_runs/task03_lemma_rescout_20260828/cubes/cube_100110011.cnf	12e90679ddabddf46874a2dcf1ad0a71a8729c716dfed1994304848baa1fda73	57770	9e2917af551f4f6b6bc4ecdbf1deaade609a40fb3f052751a343b54156a6e2aa	/home/rb/conway99_workspace/o3_qsat_runs/task03_fullcert_1.1_20260829/cert/root/100110011/proof.lrat.gz	18851	18851	33cbcaafbe2dcbc8ee462158c0d2b82d8b9b9df9c89b7307aea9c35b280416ba	33cbcaafbe2dcbc8ee462158c0d2b82d8b9b9df9c89b7307aea9c35b280416ba	0	0	9e2917af551f4f6b6bc4ecdbf1deaade609a40fb3f052751a343b54156a6e2aa
ROOT_100110100	ROOT	100110100		/home/rb/conway99_workspace/o3_qsat_runs/task03_lemma_rescout_20260828/cubes/cube_100110100.cnf	23ce6c4fa8cb40b4bbab4c5f2e5ee2cf4b2e797ab21ebbee576b86f3b61a3130	57770	9e2917af551f4f6b6bc4ecdbf1deaade609a40fb3f052751a343b54156a6e2aa	/home/rb/conway99_workspace/o3_qsat_runs/task03_fullcert_1.1_20260829/cert/root/100110100/proof.lrat.gz	18851	18851	33becae36663423ebeefe4bac3006f5c19e493cc008e6a5e9e5092f0695772d5	33becae36663423ebeefe4bac3006f5c19e493cc008e6a5e9e5092f0695772d5	0	0	9e2917af551f4f6b6bc4ecdbf1deaade609a40fb3f052751a343b54156a6e2aa
ROOT_100110101	ROOT	100110101		/home/rb/conway99_workspace/o3_qsat_runs/task03_lemma_rescout_20260828/cubes/cube_100110101.cnf	74e9bfc88d83009cb991d0e2af15e0f6db6a98af11672bbcff961ea73ce679cb	57770	9e2917af551f4f6b6bc4ecdbf1deaade609a40fb3f052751a343b54156a6e2aa	/home/rb/conway99_workspace/o3_qsat_runs/task03_fullcert_1.1_20260829/cert/root/100110101/proof.lrat.gz	18851	18851	45b818f757789acce2a7a507e0eb360c65a7e394d6e0116118530ac892b02bae	45b818f757789acce2a7a507e0eb360c65a7e394d6e0116118530ac892b02bae	0	0	9e2917af551f4f6b6bc4ecdbf1deaade609a40fb3f052751a343b54156a6e2aa
ROOT_100110110	ROOT	100110110		/home/rb/conway99_workspace/o3_qsat_runs/task03_lemma_rescout_20260828/cubes/cube_100110110.cnf	c3bdb91cda3524c45f3afa0636a2d517dc3ace4d3ccf148e5c219b71f4bbfcd5	57770	9e2917af551f4f6b6bc4ecdbf1deaade609a40fb3f052751a343b54156a6e2aa	/home/rb/conway99_workspace/o3_qsat_runs/task03_fullcert_1.1_20260829/cert/root/100110110/proof.lrat.gz	18851	18851	45b818f757789acce2a7a507e0eb360c65a7e394d6e0116118530ac892b02bae	45b818f757789acce2a7a507e0eb360c65a7e394d6e0116118530ac892b02bae	0	0	9e2917af551f4f6b6bc4ecdbf1deaade609a40fb3f052751a343b54156a6e2aa
ROOT_100110111	ROOT	100110111		/home/rb/conway99_workspace/o3_qsat_runs/task03_lemma_rescout_20260828/cubes/cube_100110111.cnf	0f11841e28ecda60ffb92604213944a105be89299c763c7fe521e5d8162ba00a	57770	9e2917af551f4f6b6bc4ecdbf1deaade609a40fb3f052751a343b54156a6e2aa	/home/rb/conway99_workspace/o3_qsat_runs/task03_fullcert_1.1_20260829/cert/root/100110111/proof.lrat.gz	18851	18851	3e849e94c3ada8f3f1ed54220fe80e1cedab1abd7b191ef0e80e833ce8356b13	3e849e94c3ada8f3f1ed54220fe80e1cedab1abd7b191ef0e80e833ce8356b13	0	0	9e2917af551f4f6b6bc4ecdbf1deaade609a40fb3f052751a343b54156a6e2aa
ROOT_100111000	ROOT	100111000		/home/rb/conway99_workspace/o3_qsat_runs/task03_lemma_rescout_20260828/cubes/cube_100111000.cnf	1b44992c10b553f6f41aefd291e5ece3883af77e43a18ec151940ad06cb623bd	57770	9e2917af551f4f6b6bc4ecdbf1deaade609a40fb3f052751a343b54156a6e2aa	/home/rb/conway99_workspace/o3_qsat_runs/task03_fullcert_1.1_20260829/cert/root/100111000/proof.lrat.gz	18851	18851	45b818f757789acce2a7a507e0eb360c65a7e394d6e0116118530ac892b02bae	45b818f757789acce2a7a507e0eb360c65a7e394d6e0116118530ac892b02bae	0	0	9e2917af551f4f6b6bc4ecdbf1deaade609a40fb3f052751a343b54156a6e2aa
ROOT_100111001	ROOT	100111001		/home/rb/conway99_workspace/o3_qsat_runs/task03_lemma_rescout_20260828/cubes/cube_100111001.cnf	400b52735b38afa151a92d21d53060a8ee110b7e160fe365808d58970d30d46d	57770	9e2917af551f4f6b6bc4ecdbf1deaade609a40fb3f052751a343b54156a6e2aa	/home/rb/conway99_workspace/o3_qsat_runs/task03_fullcert_1.1_20260829/cert/root/100111001/proof.lrat.gz	18851	18851	3e849e94c3ada8f3f1ed54220fe80e1cedab1abd7b191ef0e80e833ce8356b13	3e849e94c3ada8f3f1ed54220fe80e1cedab1abd7b191ef0e80e833ce8356b13	0	0	9e2917af551f4f6b6bc4ecdbf1deaade609a40fb3f052751a343b54156a6e2aa
ROOT_100111010	ROOT	100111010		/home/rb/conway99_workspace/o3_qsat_runs/task03_lemma_rescout_20260828/cubes/cube_100111010.cnf	f1b83da823628fdde9554de4d6499a6ceeabbc550b0fe55e172b74688a131e12	57770	9e2917af551f4f6b6bc4ecdbf1deaade609a40fb3f052751a343b54156a6e2aa	/home/rb/conway99_workspace/o3_qsat_runs/task03_fullcert_1.1_20260829/cert/root/100111010/proof.lrat.gz	18851	18851	c8a3e5f6fb692b208b786d172bef426ce2598fbcb9d3d3cab37fb230403545b3	c8a3e5f6fb692b208b786d172bef426ce2598fbcb9d3d3cab37fb230403545b3	0	0	9e2917af551f4f6b6bc4ecdbf1deaade609a40fb3f052751a343b54156a6e2aa
ROOT_100111011	ROOT	100111011		/home/rb/conway99_workspace/o3_qsat_runs/task03_lemma_rescout_20260828/cubes/cube_100111011.cnf	4ecad82dabbda9c3e8897b1c31aafbc56e8776b3299b058d6393cfb8e5a0defa	57770	9e2917af551f4f6b6bc4ecdbf1deaade609a40fb3f052751a343b54156a6e2aa	/home/rb/conway99_workspace/o3_qsat_runs/task03_fullcert_1.1_20260829/cert/root/100111011/proof.lrat.gz	18851	18851	1965833f1972d1d8de6ccc3faa2f203af1a8fd50726e187a1359e56d2e89abf7	1965833f1972d1d8de6ccc3faa2f203af1a8fd50726e187a1359e56d2e89abf7	0	0	9e2917af551f4f6b6bc4ecdbf1deaade609a40fb3f052751a343b54156a6e2aa
ROOT_100111100	ROOT	100111100		/home/rb/conway99_workspace/o3_qsat_runs/task03_lemma_rescout_20260828/cubes/cube_100111100.cnf	5651e6a080c056edf53a5b05b43b502acf1abe57e4036f8f5dade6a6fe69caeb	57770	9e2917af551f4f6b6bc4ecdbf1deaade609a40fb3f052751a343b54156a6e2aa	/home/rb/conway99_workspace/o3_qsat_runs/task03_fullcert_1.1_20260829/cert/root/100111100/proof.lrat.gz	18851	18851	c8a3e5f6fb692b208b786d172bef426ce2598fbcb9d3d3cab37fb230403545b3	c8a3e5f6fb692b208b786d172bef426ce2598fbcb9d3d3cab37fb230403545b3	0	0	9e2917af551f4f6b6bc4ecdbf1deaade609a40fb3f052751a343b54156a6e2aa
ROOT_100111101	ROOT	100111101		/home/rb/conway99_workspace/o3_qsat_runs/task03_lemma_rescout_20260828/cubes/cube_100111101.cnf	b4f57a1c4acaa9eb0248dccf24fa488f5a089e567ce725f56387bbca86f11e3b	57770	9e2917af551f4f6b6bc4ecdbf1deaade609a40fb3f052751a343b54156a6e2aa	/home/rb/conway99_workspace/o3_qsat_runs/task03_fullcert_1.1_20260829/cert/root/100111101/proof.lrat.gz	18851	18851	d174c9158686c81da423b266dac11802b5cfe806715a791341b5a184d419b7e5	d174c9158686c81da423b266dac11802b5cfe806715a791341b5a184d419b7e5	0	0	9e2917af551f4f6b6bc4ecdbf1deaade609a40fb3f052751a343b54156a6e2aa
ROOT_100111110	ROOT	100111110		/home/rb/conway99_workspace/o3_qsat_runs/task03_lemma_rescout_20260828/cubes/cube_100111110.cnf	50b6149f7e2c252e77e5f04245e78455783327aa927b751418ad90bb393b6939	57770	9e2917af551f4f6b6bc4ecdbf1deaade609a40fb3f052751a343b54156a6e2aa	/home/rb/conway99_workspace/o3_qsat_runs/task03_fullcert_1.1_20260829/cert/root/100111110/proof.lrat.gz	18851	18851	c8a3e5f6fb692b208b786d172bef426ce2598fbcb9d3d3cab37fb230403545b3	c8a3e5f6fb692b208b786d172bef426ce2598fbcb9d3d3cab37fb230403545b3	0	0	9e2917af551f4f6b6bc4ecdbf1deaade609a40fb3f052751a343b54156a6e2aa
ROOT_100111111	ROOT	100111111		/home/rb/conway99_workspace/o3_qsat_runs/task03_lemma_rescout_20260828/cubes/cube_100111111.cnf	746805e0902bcc567bd187bdfe221f9ea53c4c25727e9be2512182d949875e65	57770	9e2917af551f4f6b6bc4ecdbf1deaade609a40fb3f052751a343b54156a6e2aa	/home/rb/conway99_workspace/o3_qsat_runs/task03_fullcert_1.1_20260829/cert/root/100111111/proof.lrat.gz	18851	18851	c8a3e5f6fb692b208b786d172bef426ce2598fbcb9d3d3cab37fb230403545b3	c8a3e5f6fb692b208b786d172bef426ce2598fbcb9d3d3cab37fb230403545b3	0	0	9e2917af551f4f6b6bc4ecdbf1deaade609a40fb3f052751a343b54156a6e2aa
ROOT_101000001	ROOT	101000001		/home/rb/conway99_workspace/o3_qsat_runs/task03_lemma_rescout_20260828/cubes/cube_101000001.cnf	10d6fdb88625733771f7a40041d87b2f050b6234d4fc088fd9ee688b15d92b41	33770574	fe2d73e76ec596dc5189c5a831bb0ee74e3f0f6bdf98cbfc96625272d3df4120	/home/rb/conway99_workspace/o3_qsat_runs/task03_fullcert_1.1_20260829/cert/root/101000001/proof.lrat.gz	8542344	8542344	7d0ceddf1fc4700a8d3ae360ee3000b2f949f440d886e0055fd59bc868739e28	7d0ceddf1fc4700a8d3ae360ee3000b2f949f440d886e0055fd59bc868739e28	0	0	fe2d73e76ec596dc5189c5a831bb0ee74e3f0f6bdf98cbfc96625272d3df4120
ROOT_101000010	ROOT	101000010		/home/rb/conway99_workspace/o3_qsat_runs/task03_lemma_rescout_20260828/cubes/cube_101000010.cnf	abe92c3f50053c91d94115ac4b580af6b373b1571fcca99a0e31ee157f919e5a	55510	6036d7a95190a8973bbcf7d4280d47ac4eef379b9b3192050069ed723e0b6f47	/home/rb/conway99_workspace/o3_qsat_runs/task03_fullcert_1.1_20260829/cert/root/101000010/proof.lrat.gz	18069	18069	769c6ee4239c87935c4264f786bc8d6770e2d73c48e3e2f200cf4a80a6364ac7	769c6ee4239c87935c4264f786bc8d6770e2d73c48e3e2f200cf4a80a6364ac7	0	0	6036d7a95190a8973bbcf7d4280d47ac4eef379b9b3192050069ed723e0b6f47
ROOT_101000011	ROOT	101000011		/home/rb/conway99_workspace/o3_qsat_runs/task03_lemma_rescout_20260828/cubes/cube_101000011.cnf	27c935d60a59862a7c20aa8a4203974005c0adb7a46e51a9299ff2ade3fcfd51	55510	6036d7a95190a8973bbcf7d4280d47ac4eef379b9b3192050069ed723e0b6f47	/home/rb/conway99_workspace/o3_qsat_runs/task03_fullcert_1.1_20260829/cert/root/101000011/proof.lrat.gz	18069	18069	769c6ee4239c87935c4264f786bc8d6770e2d73c48e3e2f200cf4a80a6364ac7	769c6ee4239c87935c4264f786bc8d6770e2d73c48e3e2f200cf4a80a6364ac7	0	0	6036d7a95190a8973bbcf7d4280d47ac4eef379b9b3192050069ed723e0b6f47
ROOT_101000101	ROOT	101000101		/home/rb/conway99_workspace/o3_qsat_runs/task03_lemma_rescout_20260828/cubes/cube_101000101.cnf	9cc1f310f5f378e34c918bc0223404ccd94ede08f5c1297d53497962e62bf8f4	23374937	fe3b1645266ab64f7c1712aa1da6a73a7279acb56da9b8cee986d4c602062536	/home/rb/conway99_workspace/o3_qsat_runs/task03_fullcert_1.1_20260829/cert/root/101000101/proof.lrat.gz	5943204	5943204	8cc9a7e122bc0796ac442fe168a638487f403810f565b045c4d6965c127aefd9	8cc9a7e122bc0796ac442fe168a638487f403810f565b045c4d6965c127aefd9	0	0	fe3b1645266ab64f7c1712aa1da6a73a7279acb56da9b8cee986d4c602062536
ROOT_101000110	ROOT	101000110		/home/rb/conway99_workspace/o3_qsat_runs/task03_lemma_rescout_20260828/cubes/cube_101000110.cnf	c840aa7cbd949dcbad55665afe49edb1402cae8d5162e4d18b5abcbb8d363b14	54108	2c7921004c1db8aa0ba739541ae2629f95168e6e663b4e1f7d35c410ddfdb120	/home/rb/conway99_workspace/o3_qsat_runs/task03_fullcert_1.1_20260829/cert/root/101000110/proof.lrat.gz	17640	17640	9a4d62f00b2dc21749096e7e7a9611b740c236e1f61ebff1b95eb02367e6dddf	9a4d62f00b2dc21749096e7e7a9611b740c236e1f61ebff1b95eb02367e6dddf	0	0	2c7921004c1db8aa0ba739541ae2629f95168e6e663b4e1f7d35c410ddfdb120
ROOT_101000111	ROOT	101000111		/home/rb/conway99_workspace/o3_qsat_runs/task03_lemma_rescout_20260828/cubes/cube_101000111.cnf	d9dc28a2efa03d2fa4efb3973b739b20fcf9bf613810245cb93d5dd5b0549ea1	54108	2c7921004c1db8aa0ba739541ae2629f95168e6e663b4e1f7d35c410ddfdb120	/home/rb/conway99_workspace/o3_qsat_runs/task03_fullcert_1.1_20260829/cert/root/101000111/proof.lrat.gz	17640	17640	9a4d62f00b2dc21749096e7e7a9611b740c236e1f61ebff1b95eb02367e6dddf	9a4d62f00b2dc21749096e7e7a9611b740c236e1f61ebff1b95eb02367e6dddf	0	0	2c7921004c1db8aa0ba739541ae2629f95168e6e663b4e1f7d35c410ddfdb120
ROOT_101001000	ROOT	101001000		/home/rb/conway99_workspace/o3_qsat_runs/task03_lemma_rescout_20260828/cubes/cube_101001000.cnf	79ba2ea760531a10f850c159e82efaa4d9c982250695431cbc2ed71b315a45b2	33083501	b457b0b580532213973bce5d731f53b0e0e465ffa88bcdaef7458a0e19633bca	/home/rb/conway99_workspace/o3_qsat_runs/task03_fullcert_1.1_20260829/cert/root/101001000/proof.lrat.gz	8319369	8319369	b3ce53c198985b799adfbd020399db56dcee166da29409d925643548556bdb27	b3ce53c198985b799adfbd020399db56dcee166da29409d925643548556bdb27	0	0	b457b0b580532213973bce5d731f53b0e0e465ffa88bcdaef7458a0e19633bca
ROOT_101001001	ROOT	101001001		/home/rb/conway99_workspace/o3_qsat_runs/task03_lemma_rescout_20260828/cubes/cube_101001001.cnf	3d6272bb89b4b569ebbc1cefa437461ec3692161d1bfb44e3564f1112b89dc91	23272764	5fedea855d4bd5cfbbed86f6ccccd158e6a35039d1b54d3cfb87b8d4e8b7911c	/home/rb/conway99_workspace/o3_qsat_runs/task03_fullcert_1.1_20260829/cert/root/101001001/proof.lrat.gz	5905740	5905740	f8b0fff921b548d2dbe208017f7349e630fa7b8f41a0d19a31c6eaf05efa336c	f8b0fff921b548d2dbe208017f7349e630fa7b8f41a0d19a31c6eaf05efa336c	0	0	5fedea855d4bd5cfbbed86f6ccccd158e6a35039d1b54d3cfb87b8d4e8b7911c
ROOT_101001010	ROOT	101001010		/home/rb/conway99_workspace/o3_qsat_runs/task03_lemma_rescout_20260828/cubes/cube_101001010.cnf	840ad35cac1e8fa06dfa6a2050a63c0983c97429ce253d19146d4db8e525ff21	66177	9064b6061769208625483431ad4387d623b7013d69bb9fbca36a18a6ba960536	/home/rb/conway99_workspace/o3_qsat_runs/task03_fullcert_1.1_20260829/cert/root/101001010/proof.lrat.gz	21757	21757	4b00228b35d3ccd68c435e0027b0dc679093bfd4af3c8df7e2f00e8651a04726	4b00228b35d3ccd68c435e0027b0dc679093bfd4af3c8df7e2f00e8651a04726	0	0	9064b6061769208625483431ad4387d623b7013d69bb9fbca36a18a6ba960536
ROOT_101001011	ROOT	101001011		/home/rb/conway99_workspace/o3_qsat_runs/task03_lemma_rescout_20260828/cubes/cube_101001011.cnf	086785e0a3ef7f780826d4fe22ea883fffc8bfdf6f7a5833988923bdd0f07e42	66177	9064b6061769208625483431ad4387d623b7013d69bb9fbca36a18a6ba960536	/home/rb/conway99_workspace/o3_qsat_runs/task03_fullcert_1.1_20260829/cert/root/101001011/proof.lrat.gz	21757	21757	2775bf5bbec16c84ed4662170d248e4ba208b88e4855f3f159d2a2d241dae913	2775bf5bbec16c84ed4662170d248e4ba208b88e4855f3f159d2a2d241dae913	0	0	9064b6061769208625483431ad4387d623b7013d69bb9fbca36a18a6ba960536
ROOT_101001100	ROOT	101001100		/home/rb/conway99_workspace/o3_qsat_runs/task03_lemma_rescout_20260828/cubes/cube_101001100.cnf	51f2aedd6f6318a883d39f8e7f10fc30415f9dbce1803943999907d6ec3cf4cb	23232098	d1e68bf79e9364d65e15a3272d37badeb9bb76b3e179b679e81b1afc572c2cf8	/home/rb/conway99_workspace/o3_qsat_runs/task03_fullcert_1.1_20260829/cert/root/101001100/proof.lrat.gz	5901609	5901609	bc22aaf12aa2311decb1f59056962da12ca7f81ec0cf5ed4caa6c7cd794d1e67	bc22aaf12aa2311decb1f59056962da12ca7f81ec0cf5ed4caa6c7cd794d1e67	0	0	d1e68bf79e9364d65e15a3272d37badeb9bb76b3e179b679e81b1afc572c2cf8
ROOT_101001101	ROOT	101001101		/home/rb/conway99_workspace/o3_qsat_runs/task03_lemma_rescout_20260828/cubes/cube_101001101.cnf	ded3a00a6815d9cc6b83583f12137bdd26a73528c784de436a890f74ab26a8fa	82592	dc46b3851862271f714c6e791e4309183c753fadcb1977b90b07f66a6f58fe69	/home/rb/conway99_workspace/o3_qsat_runs/task03_fullcert_1.1_20260829/cert/root/101001101/proof.lrat.gz	27285	27285	c5e0703118402874be7f163ae2d0cb2e9c4d9d2be491a17110e1584432e22587	c5e0703118402874be7f163ae2d0cb2e9c4d9d2be491a17110e1584432e22587	0	0	dc46b3851862271f714c6e791e4309183c753fadcb1977b90b07f66a6f58fe69
ROOT_101001110	ROOT	101001110		/home/rb/conway99_workspace/o3_qsat_runs/task03_lemma_rescout_20260828/cubes/cube_101001110.cnf	6f2190cf0887d3febd2c7293c9a08e70268eff034a287eefe145354874e6a89d	82574	20872157ed8f10d57173b5916d840069e60976fdafdfa41683201a930d676a8f	/home/rb/conway99_workspace/o3_qsat_runs/task03_fullcert_1.1_20260829/cert/root/101001110/proof.lrat.gz	27275	27275	f55f8b80aae538b63b4dc0baca783c26e7f410302fc985277c7d3b0c461f0285	f55f8b80aae538b63b4dc0baca783c26e7f410302fc985277c7d3b0c461f0285	0	0	20872157ed8f10d57173b5916d840069e60976fdafdfa41683201a930d676a8f
ROOT_101001111	ROOT	101001111		/home/rb/conway99_workspace/o3_qsat_runs/task03_lemma_rescout_20260828/cubes/cube_101001111.cnf	6aab8ba59a62648e279b1be43c58ec0eaf2ea4274162cd4d79bbcd26caa00898	82574	20872157ed8f10d57173b5916d840069e60976fdafdfa41683201a930d676a8f	/home/rb/conway99_workspace/o3_qsat_runs/task03_fullcert_1.1_20260829/cert/root/101001111/proof.lrat.gz	27275	27275	f55f8b80aae538b63b4dc0baca783c26e7f410302fc985277c7d3b0c461f0285	f55f8b80aae538b63b4dc0baca783c26e7f410302fc985277c7d3b0c461f0285	0	0	20872157ed8f10d57173b5916d840069e60976fdafdfa41683201a930d676a8f
ROOT_101010000	ROOT	101010000		/home/rb/conway99_workspace/o3_qsat_runs/task03_lemma_rescout_20260828/cubes/cube_101010000.cnf	744b79909eebda8be35b3904ad5777a8ac866b800ec1fe4e436aef6076508447	51682	8bcea866e2f0d8ddcad5f5e714b295a06af175e1987f1e7cc01ffd1e6a93e23a	/home/rb/conway99_workspace/o3_qsat_runs/task03_fullcert_1.1_20260829/cert/root/101010000/proof.lrat.gz	16840	16840	e64b8c5d94e146748178f02f70cc9a5de6b610667d62c9fcce2235b76f21c749	e64b8c5d94e146748178f02f70cc9a5de6b610667d62c9fcce2235b76f21c749	0	0	8bcea866e2f0d8ddcad5f5e714b295a06af175e1987f1e7cc01ffd1e6a93e23a
ROOT_101010001	ROOT	101010001		/home/rb/conway99_workspace/o3_qsat_runs/task03_lemma_rescout_20260828/cubes/cube_101010001.cnf	11eedead37d5c05cfa882172a9f7c8189aac17967737c82d045a90baa79ebb92	51682	8bcea866e2f0d8ddcad5f5e714b295a06af175e1987f1e7cc01ffd1e6a93e23a	/home/rb/conway99_workspace/o3_qsat_runs/task03_fullcert_1.1_20260829/cert/root/101010001/proof.lrat.gz	16840	16840	e64b8c5d94e146748178f02f70cc9a5de6b610667d62c9fcce2235b76f21c749	e64b8c5d94e146748178f02f70cc9a5de6b610667d62c9fcce2235b76f21c749	0	0	8bcea866e2f0d8ddcad5f5e714b295a06af175e1987f1e7cc01ffd1e6a93e23a
ROOT_101010010	ROOT	101010010		/home/rb/conway99_workspace/o3_qsat_runs/task03_lemma_rescout_20260828/cubes/cube_101010010.cnf	b96864ae0593b198c013ac0a18be1f33c23dfa77a278fd61b057fc9ea14b1131	51682	8bcea866e2f0d8ddcad5f5e714b295a06af175e1987f1e7cc01ffd1e6a93e23a	/home/rb/conway99_workspace/o3_qsat_runs/task03_fullcert_1.1_20260829/cert/root/101010010/proof.lrat.gz	16840	16840	c20d00a514d14265cea4d3482fdea0b52803dda178c5148d82b0962dc5df6ef2	c20d00a514d14265cea4d3482fdea0b52803dda178c5148d82b0962dc5df6ef2	0	0	8bcea866e2f0d8ddcad5f5e714b295a06af175e1987f1e7cc01ffd1e6a93e23a
ROOT_101010011	ROOT	101010011		/home/rb/conway99_workspace/o3_qsat_runs/task03_lemma_rescout_20260828/cubes/cube_101010011.cnf	30d74505da943e3d33fda732ad699dddd39e499eb62e393f0b901163c658719d	51682	8bcea866e2f0d8ddcad5f5e714b295a06af175e1987f1e7cc01ffd1e6a93e23a	/home/rb/conway99_workspace/o3_qsat_runs/task03_fullcert_1.1_20260829/cert/root/101010011/proof.lrat.gz	16840	16840	c20d00a514d14265cea4d3482fdea0b52803dda178c5148d82b0962dc5df6ef2	c20d00a514d14265cea4d3482fdea0b52803dda178c5148d82b0962dc5df6ef2	0	0	8bcea866e2f0d8ddcad5f5e714b295a06af175e1987f1e7cc01ffd1e6a93e23a
ROOT_101010100	ROOT	101010100		/home/rb/conway99_workspace/o3_qsat_runs/task03_lemma_rescout_20260828/cubes/cube_101010100.cnf	01548a6cf29ed6adc02d845393c368166bebfb08ad788a19f2aa7fa7576d638b	51682	8bcea866e2f0d8ddcad5f5e714b295a06af175e1987f1e7cc01ffd1e6a93e23a	/home/rb/conway99_workspace/o3_qsat_runs/task03_fullcert_1.1_20260829/cert/root/101010100/proof.lrat.gz	16840	16840	b17ce5df382a13cab242291cb1412785e215d0e7124a01a79cfa1c1030e400fa	b17ce5df382a13cab242291cb1412785e215d0e7124a01a79cfa1c1030e400fa	0	0	8bcea866e2f0d8ddcad5f5e714b295a06af175e1987f1e7cc01ffd1e6a93e23a
ROOT_101010101	ROOT	101010101		/home/rb/conway99_workspace/o3_qsat_runs/task03_lemma_rescout_20260828/cubes/cube_101010101.cnf	7bc352d62a0b47eb6ae88640d400b22a5883f7265ea0c4db6ba279c09ad599bd	51682	8bcea866e2f0d8ddcad5f5e714b295a06af175e1987f1e7cc01ffd1e6a93e23a	/home/rb/conway99_workspace/o3_qsat_runs/task03_fullcert_1.1_20260829/cert/root/101010101/proof.lrat.gz	16840	16840	b17ce5df382a13cab242291cb1412785e215d0e7124a01a79cfa1c1030e400fa	b17ce5df382a13cab242291cb1412785e215d0e7124a01a79cfa1c1030e400fa	0	0	8bcea866e2f0d8ddcad5f5e714b295a06af175e1987f1e7cc01ffd1e6a93e23a
ROOT_101010110	ROOT	101010110		/home/rb/conway99_workspace/o3_qsat_runs/task03_lemma_rescout_20260828/cubes/cube_101010110.cnf	9035a76dfa1aa867861e7723d51d233f203b9f4f4206025fba5c8b9cb6c3c032	51682	8bcea866e2f0d8ddcad5f5e714b295a06af175e1987f1e7cc01ffd1e6a93e23a	/home/rb/conway99_workspace/o3_qsat_runs/task03_fullcert_1.1_20260829/cert/root/101010110/proof.lrat.gz	16840	16840	b17ce5df382a13cab242291cb1412785e215d0e7124a01a79cfa1c1030e400fa	b17ce5df382a13cab242291cb1412785e215d0e7124a01a79cfa1c1030e400fa	0	0	8bcea866e2f0d8ddcad5f5e714b295a06af175e1987f1e7cc01ffd1e6a93e23a
ROOT_101010111	ROOT	101010111		/home/rb/conway99_workspace/o3_qsat_runs/task03_lemma_rescout_20260828/cubes/cube_101010111.cnf	bae3593cd4cad1841bcd3b8b578e2b9a739a4d8fdead6eef6d658ec6cdcf12ac	51682	8bcea866e2f0d8ddcad5f5e714b295a06af175e1987f1e7cc01ffd1e6a93e23a	/home/rb/conway99_workspace/o3_qsat_runs/task03_fullcert_1.1_20260829/cert/root/101010111/proof.lrat.gz	16840	16840	44cbf8af4cff3fb6a5c1d2aa1f60628faf33f30534de4ccd8aab778544f557ca	44cbf8af4cff3fb6a5c1d2aa1f60628faf33f30534de4ccd8aab778544f557ca	0	0	8bcea866e2f0d8ddcad5f5e714b295a06af175e1987f1e7cc01ffd1e6a93e23a
ROOT_101011000	ROOT	101011000		/home/rb/conway99_workspace/o3_qsat_runs/task03_lemma_rescout_20260828/cubes/cube_101011000.cnf	8cd912afecfbeb08ef8997d2ed4758c7e6c4b69b4cb711b87dc465688cc4b76b	51682	8bcea866e2f0d8ddcad5f5e714b295a06af175e1987f1e7cc01ffd1e6a93e23a	/home/rb/conway99_workspace/o3_qsat_runs/task03_fullcert_1.1_20260829/cert/root/101011000/proof.lrat.gz	16840	16840	e610379a21290e23d563ec3dffd2e1b179d3e2a9a5572b4b780fb6ec7eab7b90	e610379a21290e23d563ec3dffd2e1b179d3e2a9a5572b4b780fb6ec7eab7b90	0	0	8bcea866e2f0d8ddcad5f5e714b295a06af175e1987f1e7cc01ffd1e6a93e23a
ROOT_101011001	ROOT	101011001		/home/rb/conway99_workspace/o3_qsat_runs/task03_lemma_rescout_20260828/cubes/cube_101011001.cnf	573b02d10cc2d8e600af7fe0d414dc7f9b18b6276a65d516463493edb27624da	51682	8bcea866e2f0d8ddcad5f5e714b295a06af175e1987f1e7cc01ffd1e6a93e23a	/home/rb/conway99_workspace/o3_qsat_runs/task03_fullcert_1.1_20260829/cert/root/101011001/proof.lrat.gz	16840	16840	6cfebd0ccb0ab03ef8feb97a76b841165c2be59ddb5330fd971ca04216039fbc	6cfebd0ccb0ab03ef8feb97a76b841165c2be59ddb5330fd971ca04216039fbc	0	0	8bcea866e2f0d8ddcad5f5e714b295a06af175e1987f1e7cc01ffd1e6a93e23a
ROOT_101011010	ROOT	101011010		/home/rb/conway99_workspace/o3_qsat_runs/task03_lemma_rescout_20260828/cubes/cube_101011010.cnf	c5d1066b8dd4eee608f494668e7de79f6fc0f7a89d732f3cfef2e6828c5d8713	51682	8bcea866e2f0d8ddcad5f5e714b295a06af175e1987f1e7cc01ffd1e6a93e23a	/home/rb/conway99_workspace/o3_qsat_runs/task03_fullcert_1.1_20260829/cert/root/101011010/proof.lrat.gz	16840	16840	e610379a21290e23d563ec3dffd2e1b179d3e2a9a5572b4b780fb6ec7eab7b90	e610379a21290e23d563ec3dffd2e1b179d3e2a9a5572b4b780fb6ec7eab7b90	0	0	8bcea866e2f0d8ddcad5f5e714b295a06af175e1987f1e7cc01ffd1e6a93e23a
ROOT_101011011	ROOT	101011011		/home/rb/conway99_workspace/o3_qsat_runs/task03_lemma_rescout_20260828/cubes/cube_101011011.cnf	a11344bfa8d7ee6c149d0742a91fc8928a44e0d522586a8666c3dc8111d600ad	51682	8bcea866e2f0d8ddcad5f5e714b295a06af175e1987f1e7cc01ffd1e6a93e23a	/home/rb/conway99_workspace/o3_qsat_runs/task03_fullcert_1.1_20260829/cert/root/101011011/proof.lrat.gz	16840	16840	6cfebd0ccb0ab03ef8feb97a76b841165c2be59ddb5330fd971ca04216039fbc	6cfebd0ccb0ab03ef8feb97a76b841165c2be59ddb5330fd971ca04216039fbc	0	0	8bcea866e2f0d8ddcad5f5e714b295a06af175e1987f1e7cc01ffd1e6a93e23a
ROOT_101011100	ROOT	101011100		/home/rb/conway99_workspace/o3_qsat_runs/task03_lemma_rescout_20260828/cubes/cube_101011100.cnf	f04cc997bce57788175d8c040ee31a48be9f9a83ecaf6e6a294acfd26d96b97b	51682	8bcea866e2f0d8ddcad5f5e714b295a06af175e1987f1e7cc01ffd1e6a93e23a	/home/rb/conway99_workspace/o3_qsat_runs/task03_fullcert_1.1_20260829/cert/root/101011100/proof.lrat.gz	16840	16840	e610379a21290e23d563ec3dffd2e1b179d3e2a9a5572b4b780fb6ec7eab7b90	e610379a21290e23d563ec3dffd2e1b179d3e2a9a5572b4b780fb6ec7eab7b90	0	0	8bcea866e2f0d8ddcad5f5e714b295a06af175e1987f1e7cc01ffd1e6a93e23a
ROOT_101011101	ROOT	101011101		/home/rb/conway99_workspace/o3_qsat_runs/task03_lemma_rescout_20260828/cubes/cube_101011101.cnf	0e99e9b703f4773bc22722c2147a0d946292ed8f40324ccc469d33a30933fa43	51682	8bcea866e2f0d8ddcad5f5e714b295a06af175e1987f1e7cc01ffd1e6a93e23a	/home/rb/conway99_workspace/o3_qsat_runs/task03_fullcert_1.1_20260829/cert/root/101011101/proof.lrat.gz	16840	16840	e610379a21290e23d563ec3dffd2e1b179d3e2a9a5572b4b780fb6ec7eab7b90	e610379a21290e23d563ec3dffd2e1b179d3e2a9a5572b4b780fb6ec7eab7b90	0	0	8bcea866e2f0d8ddcad5f5e714b295a06af175e1987f1e7cc01ffd1e6a93e23a
ROOT_101011110	ROOT	101011110		/home/rb/conway99_workspace/o3_qsat_runs/task03_lemma_rescout_20260828/cubes/cube_101011110.cnf	295bd8d2ce26e8458aa006a4bf4633e9d36822cb54e461db9cd082666e2a0cc1	51682	8bcea866e2f0d8ddcad5f5e714b295a06af175e1987f1e7cc01ffd1e6a93e23a	/home/rb/conway99_workspace/o3_qsat_runs/task03_fullcert_1.1_20260829/cert/root/101011110/proof.lrat.gz	16840	16840	7f57454e522e39b49c1dc1ca3da8e80c8a9071f7b05b450c17d26c079435261a	7f57454e522e39b49c1dc1ca3da8e80c8a9071f7b05b450c17d26c079435261a	0	0	8bcea866e2f0d8ddcad5f5e714b295a06af175e1987f1e7cc01ffd1e6a93e23a
ROOT_101011111	ROOT	101011111		/home/rb/conway99_workspace/o3_qsat_runs/task03_lemma_rescout_20260828/cubes/cube_101011111.cnf	b89d457c06749090038c098002d027ded6d7873940b6651860d7bd0f051ae35f	51682	8bcea866e2f0d8ddcad5f5e714b295a06af175e1987f1e7cc01ffd1e6a93e23a	/home/rb/conway99_workspace/o3_qsat_runs/task03_fullcert_1.1_20260829/cert/root/101011111/proof.lrat.gz	16840	16840	d919bc32e20f4ce1850d1143cbc8cf86abc9b021f56e0c68097436420c73716a	d919bc32e20f4ce1850d1143cbc8cf86abc9b021f56e0c68097436420c73716a	0	0	8bcea866e2f0d8ddcad5f5e714b295a06af175e1987f1e7cc01ffd1e6a93e23a
ROOT_101100000	ROOT	101100000		/home/rb/conway99_workspace/o3_qsat_runs/task03_lemma_rescout_20260828/cubes/cube_101100000.cnf	8eb3d3a2759fe16d370eb00e85e7fde891e0fb943e306c17538f12ed3c80fe98	24845413	458721a52e595124ed1a17f94c49b558d75a290ef25f852732881e088bf77844	/home/rb/conway99_workspace/o3_qsat_runs/task03_fullcert_1.1_20260829/cert/root/101100000/proof.lrat.gz	6295104	6295104	e094da3ab0c1c6a7930ef850853200277ad71f06755957a8ec87d80dc7b7b075	e094da3ab0c1c6a7930ef850853200277ad71f06755957a8ec87d80dc7b7b075	0	0	458721a52e595124ed1a17f94c49b558d75a290ef25f852732881e088bf77844
ROOT_101100001	ROOT	101100001		/home/rb/conway99_workspace/o3_qsat_runs/task03_lemma_rescout_20260828/cubes/cube_101100001.cnf	e9133dbab8b0b83c8fea83d600f8c02e0c68105867f8fb516594d51af027ce6e	70039	7dbb60aac500694c92d73473350f08593147bd3d7437621e6053c9a57ed4f714	/home/rb/conway99_workspace/o3_qsat_runs/task03_fullcert_1.1_20260829/cert/root/101100001/proof.lrat.gz	23054	23054	1d2a81be34168b662064b7beca2a58e013f1be413a8a39a18ca06143aeb14a78	1d2a81be34168b662064b7beca2a58e013f1be413a8a39a18ca06143aeb14a78	0	0	7dbb60aac500694c92d73473350f08593147bd3d7437621e6053c9a57ed4f714
ROOT_101100010	ROOT	101100010		/home/rb/conway99_workspace/o3_qsat_runs/task03_lemma_rescout_20260828/cubes/cube_101100010.cnf	a8b0d53252996dcb60fdd46159cd1bac56190fbfc04f18e110970fe5c38b339c	70021	66c7f164ab3bc225c18db5e316cf6db3be5e9f784e025a39b047212019666b3f	/home/rb/conway99_workspace/o3_qsat_runs/task03_fullcert_1.1_20260829/cert/root/101100010/proof.lrat.gz	23048	23048	62eefda07bd58e6a7abca7eb7df8fddef31067c868d33b0856e683e68e0c833b	62eefda07bd58e6a7abca7eb7df8fddef31067c868d33b0856e683e68e0c833b	0	0	66c7f164ab3bc225c18db5e316cf6db3be5e9f784e025a39b047212019666b3f
ROOT_101100011	ROOT	101100011		/home/rb/conway99_workspace/o3_qsat_runs/task03_lemma_rescout_20260828/cubes/cube_101100011.cnf	1161a8ede158c6c3114312dc32850d28a42cb539a924a80267bf9b4130ff6680	70021	66c7f164ab3bc225c18db5e316cf6db3be5e9f784e025a39b047212019666b3f	/home/rb/conway99_workspace/o3_qsat_runs/task03_fullcert_1.1_20260829/cert/root/101100011/proof.lrat.gz	23048	23048	22960cd45bb6684335fb3ad855742f43296c125ed0a018e9eba7e9b403410ce8	22960cd45bb6684335fb3ad855742f43296c125ed0a018e9eba7e9b403410ce8	0	0	66c7f164ab3bc225c18db5e316cf6db3be5e9f784e025a39b047212019666b3f
ROOT_101100100	ROOT	101100100		/home/rb/conway99_workspace/o3_qsat_runs/task03_lemma_rescout_20260828/cubes/cube_101100100.cnf	e4b200aabe3142a3cf391715ac3f96edcdfdfb42f8b4f8c69245f7dc5483690c	23317005	71faa937b04a5aee41003db3342c2ca7d02fa99a28cefd04c0d4a27b1a72ff95	/home/rb/conway99_workspace/o3_qsat_runs/task03_fullcert_1.1_20260829/cert/root/101100100/proof.lrat.gz	5928920	5928920	da1c5d2e9b8f40df17947c313145b53bb75c62dcdd0bdd2098d9bfde8f1de9d6	da1c5d2e9b8f40df17947c313145b53bb75c62dcdd0bdd2098d9bfde8f1de9d6	0	0	71faa937b04a5aee41003db3342c2ca7d02fa99a28cefd04c0d4a27b1a72ff95
ROOT_101100101	ROOT	101100101		/home/rb/conway99_workspace/o3_qsat_runs/task03_lemma_rescout_20260828/cubes/cube_101100101.cnf	38fbdf8dd436a0423011699d1ee42b1bfe94f6bdfc58b747fe4bfa098b1e4e4c	82710	7aeb13e4ef5326bf009823dddcd558cabb1fe320f7a1db79f14195764cfa9ce5	/home/rb/conway99_workspace/o3_qsat_runs/task03_fullcert_1.1_20260829/cert/root/101100101/proof.lrat.gz	27402	27402	f22badcf59b0e6a92023597c4e081626f8728a9ef2d63ebb505e6d163f4f0d67	f22badcf59b0e6a92023597c4e081626f8728a9ef2d63ebb505e6d163f4f0d67	0	0	7aeb13e4ef5326bf009823dddcd558cabb1fe320f7a1db79f14195764cfa9ce5
ROOT_101100110	ROOT	101100110		/home/rb/conway99_workspace/o3_qsat_runs/task03_lemma_rescout_20260828/cubes/cube_101100110.cnf	3bc078d7eebb1847608b53bf391d9628efae4da72022d85908623728d6800120	82692	f7bfae31477af5f456b516b78b7aafe9a2815b8febeec0819842437846fcbac1	/home/rb/conway99_workspace/o3_qsat_runs/task03_fullcert_1.1_20260829/cert/root/101100110/proof.lrat.gz	27396	27396	90ebccc3141ea713892f6414230d562e744cb9f16f636d8224604152543bf77f	90ebccc3141ea713892f6414230d562e744cb9f16f636d8224604152543bf77f	0	0	f7bfae31477af5f456b516b78b7aafe9a2815b8febeec0819842437846fcbac1
ROOT_101100111	ROOT	101100111		/home/rb/conway99_workspace/o3_qsat_runs/task03_lemma_rescout_20260828/cubes/cube_101100111.cnf	e0d4d9cb534314db6da20d00d9d659ff0f5166ab80e05b44bf44a1f8c7798bdf	82692	f7bfae31477af5f456b516b78b7aafe9a2815b8febeec0819842437846fcbac1	/home/rb/conway99_workspace/o3_qsat_runs/task03_fullcert_1.1_20260829/cert/root/101100111/proof.lrat.gz	27396	27396	ad510e5229adcdd38ea2086e5802176fa5d57a08b32a17b127810b29e924f3cd	ad510e5229adcdd38ea2086e5802176fa5d57a08b32a17b127810b29e924f3cd	0	0	f7bfae31477af5f456b516b78b7aafe9a2815b8febeec0819842437846fcbac1
ROOT_101101000	ROOT	101101000		/home/rb/conway99_workspace/o3_qsat_runs/task03_lemma_rescout_20260828/cubes/cube_101101000.cnf	79c73385fdd1d4a1aed9cc8d745eb664692d105f417f2ee5bba4a491eec45f70	23230197	73f2f137e342c354b6f25a177ea164d150410c4444dbc4270fd1dca5fd00c780	/home/rb/conway99_workspace/o3_qsat_runs/task03_fullcert_1.1_20260829/cert/root/101101000/proof.lrat.gz	5892658	5892658	4c37c18cf928a24b6ad298257d6875fb3188b1bf8c41eb1148b0b2e3292e8667	4c37c18cf928a24b6ad298257d6875fb3188b1bf8c41eb1148b0b2e3292e8667	0	0	73f2f137e342c354b6f25a177ea164d150410c4444dbc4270fd1dca5fd00c780
ROOT_101101001	ROOT	101101001		/home/rb/conway99_workspace/o3_qsat_runs/task03_lemma_rescout_20260828/cubes/cube_101101001.cnf	74c6dc140f54f355f05ad884adc09d2f2d0b641371357cc51b3f43538bbbcca3	88833	3420aa6f098312d8e434f45b607739a19809524a2f4c4413f54fe6ebef91d043	/home/rb/conway99_workspace/o3_qsat_runs/task03_fullcert_1.1_20260829/cert/root/101101001/proof.lrat.gz	29514	29514	83b1ae3ad3388e057c1a40da1541d6895ebe3e0426dd10820d141ed1c11891ee	83b1ae3ad3388e057c1a40da1541d6895ebe3e0426dd10820d141ed1c11891ee	0	0	3420aa6f098312d8e434f45b607739a19809524a2f4c4413f54fe6ebef91d043
ROOT_101101010	ROOT	101101010		/home/rb/conway99_workspace/o3_qsat_runs/task03_lemma_rescout_20260828/cubes/cube_101101010.cnf	7e2d602d17cafd77df1fc4bfe5e069667c261bc3e42211339c90d0691a94de07	88826	7f03b1823b2fdc41c7b12cc68906fcb3c18c94473f69bee7e28547f871b73b82	/home/rb/conway99_workspace/o3_qsat_runs/task03_fullcert_1.1_20260829/cert/root/101101010/proof.lrat.gz	29514	29514	854d2b15b3bba2d1dfc18c75d8a8592514b8a3305eb9569de534d67b8459326d	854d2b15b3bba2d1dfc18c75d8a8592514b8a3305eb9569de534d67b8459326d	0	0	7f03b1823b2fdc41c7b12cc68906fcb3c18c94473f69bee7e28547f871b73b82
ROOT_101101011	ROOT	101101011		/home/rb/conway99_workspace/o3_qsat_runs/task03_lemma_rescout_20260828/cubes/cube_101101011.cnf	dc453fb114f1d7b1b178f93fabb26e52d3cbe92287a045e885a32f32d009143b	88826	7f03b1823b2fdc41c7b12cc68906fcb3c18c94473f69bee7e28547f871b73b82	/home/rb/conway99_workspace/o3_qsat_runs/task03_fullcert_1.1_20260829/cert/root/101101011/proof.lrat.gz	29514	29514	af01a1f242962d3700c17d3a83a82c7cf7a4f91263d229b23e0515d5a9e526e0	af01a1f242962d3700c17d3a83a82c7cf7a4f91263d229b23e0515d5a9e526e0	0	0	7f03b1823b2fdc41c7b12cc68906fcb3c18c94473f69bee7e28547f871b73b82
ROOT_101101100	ROOT	101101100		/home/rb/conway99_workspace/o3_qsat_runs/task03_lemma_rescout_20260828/cubes/cube_101101100.cnf	1db352a4cf9483da164d06b8f78fc07d42644f8cba4c9b7bb68d275c24b5ec5d	88808	d097ed694c4054374a2097e16db947594cc85b91c8d2c458c1ffbf323464ff0b	/home/rb/conway99_workspace/o3_qsat_runs/task03_fullcert_1.1_20260829/cert/root/101101100/proof.lrat.gz	29507	29507	17d812f3176a61388f768572a8583675ec211c4d9b6fe9c4d6a1b7c0a753807c	17d812f3176a61388f768572a8583675ec211c4d9b6fe9c4d6a1b7c0a753807c	0	0	d097ed694c4054374a2097e16db947594cc85b91c8d2c458c1ffbf323464ff0b
ROOT_101101101	ROOT	101101101		/home/rb/conway99_workspace/o3_qsat_runs/task03_lemma_rescout_20260828/cubes/cube_101101101.cnf	bec2b73cdad5ef31c1ef3419f3891638d62a0f393605a2caf54f2085fea48dab	88808	d097ed694c4054374a2097e16db947594cc85b91c8d2c458c1ffbf323464ff0b	/home/rb/conway99_workspace/o3_qsat_runs/task03_fullcert_1.1_20260829/cert/root/101101101/proof.lrat.gz	29507	29507	bc9ab9b3d09b159f7490aa0d5a6f83d3a104e1110a38f84a663709bad5fa6476	bc9ab9b3d09b159f7490aa0d5a6f83d3a104e1110a38f84a663709bad5fa6476	0	0	d097ed694c4054374a2097e16db947594cc85b91c8d2c458c1ffbf323464ff0b
ROOT_101101110	ROOT	101101110		/home/rb/conway99_workspace/o3_qsat_runs/task03_lemma_rescout_20260828/cubes/cube_101101110.cnf	b40c1764db00021c03b87707318e6bb7486b7b6c0bdd40870dd6aecdbc657035	88808	d097ed694c4054374a2097e16db947594cc85b91c8d2c458c1ffbf323464ff0b	/home/rb/conway99_workspace/o3_qsat_runs/task03_fullcert_1.1_20260829/cert/root/101101110/proof.lrat.gz	29507	29507	bc9ab9b3d09b159f7490aa0d5a6f83d3a104e1110a38f84a663709bad5fa6476	bc9ab9b3d09b159f7490aa0d5a6f83d3a104e1110a38f84a663709bad5fa6476	0	0	d097ed694c4054374a2097e16db947594cc85b91c8d2c458c1ffbf323464ff0b
ROOT_101101111	ROOT	101101111		/home/rb/conway99_workspace/o3_qsat_runs/task03_lemma_rescout_20260828/cubes/cube_101101111.cnf	d29e8196822d8a73f11385eb5b944874080ce753f1b5169c0bf1fd79fe683238	88808	d097ed694c4054374a2097e16db947594cc85b91c8d2c458c1ffbf323464ff0b	/home/rb/conway99_workspace/o3_qsat_runs/task03_fullcert_1.1_20260829/cert/root/101101111/proof.lrat.gz	29507	29507	9b95a09540251e606167a8fd891e47f2a2b0e45e1460f4394d2db9d3119be03b	9b95a09540251e606167a8fd891e47f2a2b0e45e1460f4394d2db9d3119be03b	0	0	d097ed694c4054374a2097e16db947594cc85b91c8d2c458c1ffbf323464ff0b
ROOT_101110000	ROOT	101110000		/home/rb/conway99_workspace/o3_qsat_runs/task03_lemma_rescout_20260828/cubes/cube_101110000.cnf	4aa7c2e31f53598b4a1dbf145b8c7e982915c10ca53931f83722cdfbce8f2459	66117	4f5b5e9924f12e566cab22b3aa735e30b7bfee1b3bffca4c04bfda839d3a583b	/home/rb/conway99_workspace/o3_qsat_runs/task03_fullcert_1.1_20260829/cert/root/101110000/proof.lrat.gz	21748	21748	7bd3808677ea97b1a1570e32bf84d5480ac5137c101be3abcef2a13e81f49bbf	7bd3808677ea97b1a1570e32bf84d5480ac5137c101be3abcef2a13e81f49bbf	0	0	4f5b5e9924f12e566cab22b3aa735e30b7bfee1b3bffca4c04bfda839d3a583b
ROOT_101110001	ROOT	101110001		/home/rb/conway99_workspace/o3_qsat_runs/task03_lemma_rescout_20260828/cubes/cube_101110001.cnf	482695c9289fac8928ac2bec47439436d2ad5a4677812cccff251951199bab27	66117	4f5b5e9924f12e566cab22b3aa735e30b7bfee1b3bffca4c04bfda839d3a583b	/home/rb/conway99_workspace/o3_qsat_runs/task03_fullcert_1.1_20260829/cert/root/101110001/proof.lrat.gz	21748	21748	7bd3808677ea97b1a1570e32bf84d5480ac5137c101be3abcef2a13e81f49bbf	7bd3808677ea97b1a1570e32bf84d5480ac5137c101be3abcef2a13e81f49bbf	0	0	4f5b5e9924f12e566cab22b3aa735e30b7bfee1b3bffca4c04bfda839d3a583b
ROOT_101110010	ROOT	101110010		/home/rb/conway99_workspace/o3_qsat_runs/task03_lemma_rescout_20260828/cubes/cube_101110010.cnf	ebcaac979e9e4ad3ab206282c131dc3c937367d17d8c9f4d57d476a58485d952	66117	4f5b5e9924f12e566cab22b3aa735e30b7bfee1b3bffca4c04bfda839d3a583b	/home/rb/conway99_workspace/o3_qsat_runs/task03_fullcert_1.1_20260829/cert/root/101110010/proof.lrat.gz	21748	21748	7bd3808677ea97b1a1570e32bf84d5480ac5137c101be3abcef2a13e81f49bbf	7bd3808677ea97b1a1570e32bf84d5480ac5137c101be3abcef2a13e81f49bbf	0	0	4f5b5e9924f12e566cab22b3aa735e30b7bfee1b3bffca4c04bfda839d3a583b
ROOT_101110011	ROOT	101110011		/home/rb/conway99_workspace/o3_qsat_runs/task03_lemma_rescout_20260828/cubes/cube_101110011.cnf	ba125f186467a3788a9267b8d2d3b98c71e9c493098c076a1afefc9c8e54a1cf	66117	4f5b5e9924f12e566cab22b3aa735e30b7bfee1b3bffca4c04bfda839d3a583b	/home/rb/conway99_workspace/o3_qsat_runs/task03_fullcert_1.1_20260829/cert/root/101110011/proof.lrat.gz	21748	21748	4c35ad40a496d82a3394eedbb4d58e9f4e0592a12d83b88fcd008e0e0fc096e5	4c35ad40a496d82a3394eedbb4d58e9f4e0592a12d83b88fcd008e0e0fc096e5	0	0	4f5b5e9924f12e566cab22b3aa735e30b7bfee1b3bffca4c04bfda839d3a583b
ROOT_101110100	ROOT	101110100		/home/rb/conway99_workspace/o3_qsat_runs/task03_lemma_rescout_20260828/cubes/cube_101110100.cnf	14d5cd65ac2aaabf2cb746ef894f109d153be006784472bf7253f1a615f36fd4	66117	4f5b5e9924f12e566cab22b3aa735e30b7bfee1b3bffca4c04bfda839d3a583b	/home/rb/conway99_workspace/o3_qsat_runs/task03_fullcert_1.1_20260829/cert/root/101110100/proof.lrat.gz	21748	21748	5a0c565fca63d56ba7629e769ed0065c1dc1d55fdbd1e2ccc0dc27dcfc1cbd71	5a0c565fca63d56ba7629e769ed0065c1dc1d55fdbd1e2ccc0dc27dcfc1cbd71	0	0	4f5b5e9924f12e566cab22b3aa735e30b7bfee1b3bffca4c04bfda839d3a583b
ROOT_101110101	ROOT	101110101		/home/rb/conway99_workspace/o3_qsat_runs/task03_lemma_rescout_20260828/cubes/cube_101110101.cnf	e0a1f657ff3e528c15605baf93fab3f981437d1898e83b82660f03012ff39854	66117	4f5b5e9924f12e566cab22b3aa735e30b7bfee1b3bffca4c04bfda839d3a583b	/home/rb/conway99_workspace/o3_qsat_runs/task03_fullcert_1.1_20260829/cert/root/101110101/proof.lrat.gz	21748	21748	9a0740822ccd004833ef5f88f5f91c44486e8ae39358bdc291dc9444d56219c0	9a0740822ccd004833ef5f88f5f91c44486e8ae39358bdc291dc9444d56219c0	0	0	4f5b5e9924f12e566cab22b3aa735e30b7bfee1b3bffca4c04bfda839d3a583b
ROOT_101110110	ROOT	101110110		/home/rb/conway99_workspace/o3_qsat_runs/task03_lemma_rescout_20260828/cubes/cube_101110110.cnf	87b35f190c6451584950ca602d8f028e390695d14436400868d85d4ae9c58f24	66117	4f5b5e9924f12e566cab22b3aa735e30b7bfee1b3bffca4c04bfda839d3a583b	/home/rb/conway99_workspace/o3_qsat_runs/task03_fullcert_1.1_20260829/cert/root/101110110/proof.lrat.gz	21748	21748	5a0c565fca63d56ba7629e769ed0065c1dc1d55fdbd1e2ccc0dc27dcfc1cbd71	5a0c565fca63d56ba7629e769ed0065c1dc1d55fdbd1e2ccc0dc27dcfc1cbd71	0	0	4f5b5e9924f12e566cab22b3aa735e30b7bfee1b3bffca4c04bfda839d3a583b
ROOT_101110111	ROOT	101110111		/home/rb/conway99_workspace/o3_qsat_runs/task03_lemma_rescout_20260828/cubes/cube_101110111.cnf	635b35364202a79b7ca87be346f98577c0af4ed1b1c967966a7a7b708d3a2441	66117	4f5b5e9924f12e566cab22b3aa735e30b7bfee1b3bffca4c04bfda839d3a583b	/home/rb/conway99_workspace/o3_qsat_runs/task03_fullcert_1.1_20260829/cert/root/101110111/proof.lrat.gz	21748	21748	9a0740822ccd004833ef5f88f5f91c44486e8ae39358bdc291dc9444d56219c0	9a0740822ccd004833ef5f88f5f91c44486e8ae39358bdc291dc9444d56219c0	0	0	4f5b5e9924f12e566cab22b3aa735e30b7bfee1b3bffca4c04bfda839d3a583b
ROOT_101111000	ROOT	101111000		/home/rb/conway99_workspace/o3_qsat_runs/task03_lemma_rescout_20260828/cubes/cube_101111000.cnf	3f421103b0de3a3c005547f5e5342392ba1ff3dc512ac034af779e75f0f2d587	66117	4f5b5e9924f12e566cab22b3aa735e30b7bfee1b3bffca4c04bfda839d3a583b	/home/rb/conway99_workspace/o3_qsat_runs/task03_fullcert_1.1_20260829/cert/root/101111000/proof.lrat.gz	21748	21748	36df2d727be9575f9ed642c0f0d7ebee2cfb787465e8e69ed1b0e3211d4f2cf9	36df2d727be9575f9ed642c0f0d7ebee2cfb787465e8e69ed1b0e3211d4f2cf9	0	0	4f5b5e9924f12e566cab22b3aa735e30b7bfee1b3bffca4c04bfda839d3a583b
ROOT_101111001	ROOT	101111001		/home/rb/conway99_workspace/o3_qsat_runs/task03_lemma_rescout_20260828/cubes/cube_101111001.cnf	611e03dd08d69e1ea736f75b501d916c3394b5df8d80506d57871eb1e4065352	66117	4f5b5e9924f12e566cab22b3aa735e30b7bfee1b3bffca4c04bfda839d3a583b	/home/rb/conway99_workspace/o3_qsat_runs/task03_fullcert_1.1_20260829/cert/root/101111001/proof.lrat.gz	21748	21748	9a0740822ccd004833ef5f88f5f91c44486e8ae39358bdc291dc9444d56219c0	9a0740822ccd004833ef5f88f5f91c44486e8ae39358bdc291dc9444d56219c0	0	0	4f5b5e9924f12e566cab22b3aa735e30b7bfee1b3bffca4c04bfda839d3a583b
ROOT_101111010	ROOT	101111010		/home/rb/conway99_workspace/o3_qsat_runs/task03_lemma_rescout_20260828/cubes/cube_101111010.cnf	6eb893755d05fa3ddb0b88662e0a54bfdde22670be24242b582969e4f3d24d43	66117	4f5b5e9924f12e566cab22b3aa735e30b7bfee1b3bffca4c04bfda839d3a583b	/home/rb/conway99_workspace/o3_qsat_runs/task03_fullcert_1.1_20260829/cert/root/101111010/proof.lrat.gz	21748	21748	27224bf0c9fe9a80222200f1e9cb5a0a3a3bd7b2ccd3edc22f77ecf647023b38	27224bf0c9fe9a80222200f1e9cb5a0a3a3bd7b2ccd3edc22f77ecf647023b38	0	0	4f5b5e9924f12e566cab22b3aa735e30b7bfee1b3bffca4c04bfda839d3a583b
ROOT_101111011	ROOT	101111011		/home/rb/conway99_workspace/o3_qsat_runs/task03_lemma_rescout_20260828/cubes/cube_101111011.cnf	59399c932d7b0c62b307e4be8f378e2287802cc94fbb24f04f5241de58280363	66117	4f5b5e9924f12e566cab22b3aa735e30b7bfee1b3bffca4c04bfda839d3a583b	/home/rb/conway99_workspace/o3_qsat_runs/task03_fullcert_1.1_20260829/cert/root/101111011/proof.lrat.gz	21748	21748	27224bf0c9fe9a80222200f1e9cb5a0a3a3bd7b2ccd3edc22f77ecf647023b38	27224bf0c9fe9a80222200f1e9cb5a0a3a3bd7b2ccd3edc22f77ecf647023b38	0	0	4f5b5e9924f12e566cab22b3aa735e30b7bfee1b3bffca4c04bfda839d3a583b
ROOT_101111100	ROOT	101111100		/home/rb/conway99_workspace/o3_qsat_runs/task03_lemma_rescout_20260828/cubes/cube_101111100.cnf	c0f75e4e507b2eea842308b0dd35b11c1f43926a7f80cf08b082b31f7887f288	66117	4f5b5e9924f12e566cab22b3aa735e30b7bfee1b3bffca4c04bfda839d3a583b	/home/rb/conway99_workspace/o3_qsat_runs/task03_fullcert_1.1_20260829/cert/root/101111100/proof.lrat.gz	21748	21748	bdbeee5017c48dcda0de7392a6d0f515ed2bcae3eee5d777dc441817b0784001	bdbeee5017c48dcda0de7392a6d0f515ed2bcae3eee5d777dc441817b0784001	0	0	4f5b5e9924f12e566cab22b3aa735e30b7bfee1b3bffca4c04bfda839d3a583b
ROOT_101111101	ROOT	101111101		/home/rb/conway99_workspace/o3_qsat_runs/task03_lemma_rescout_20260828/cubes/cube_101111101.cnf	3b4921c390a19c0024931b7290b8b6302395c5406c6c17c5d0d60bf5d268984a	66117	4f5b5e9924f12e566cab22b3aa735e30b7bfee1b3bffca4c04bfda839d3a583b	/home/rb/conway99_workspace/o3_qsat_runs/task03_fullcert_1.1_20260829/cert/root/101111101/proof.lrat.gz	21748	21748	27224bf0c9fe9a80222200f1e9cb5a0a3a3bd7b2ccd3edc22f77ecf647023b38	27224bf0c9fe9a80222200f1e9cb5a0a3a3bd7b2ccd3edc22f77ecf647023b38	0	0	4f5b5e9924f12e566cab22b3aa735e30b7bfee1b3bffca4c04bfda839d3a583b
ROOT_101111110	ROOT	101111110		/home/rb/conway99_workspace/o3_qsat_runs/task03_lemma_rescout_20260828/cubes/cube_101111110.cnf	8412f913d0b149f4dd7d252ba934eb29f0a208cd7492892b2ff166c54c2f3dd1	66117	4f5b5e9924f12e566cab22b3aa735e30b7bfee1b3bffca4c04bfda839d3a583b	/home/rb/conway99_workspace/o3_qsat_runs/task03_fullcert_1.1_20260829/cert/root/101111110/proof.lrat.gz	21748	21748	a52264949e106b28e5c73d0e66d5afa20f95c69b205a799b8a72e5ea8fcb4012	a52264949e106b28e5c73d0e66d5afa20f95c69b205a799b8a72e5ea8fcb4012	0	0	4f5b5e9924f12e566cab22b3aa735e30b7bfee1b3bffca4c04bfda839d3a583b
ROOT_101111111	ROOT	101111111		/home/rb/conway99_workspace/o3_qsat_runs/task03_lemma_rescout_20260828/cubes/cube_101111111.cnf	d2151177901e5ad12c49b1378178ded9910b2629eea9fb45d6bad66c48884048	66117	4f5b5e9924f12e566cab22b3aa735e30b7bfee1b3bffca4c04bfda839d3a583b	/home/rb/conway99_workspace/o3_qsat_runs/task03_fullcert_1.1_20260829/cert/root/101111111/proof.lrat.gz	21748	21748	f95ea30389eaf6359fac5c2c2705b6ef4ba477ed0d5a42f78514f8906558c408	f95ea30389eaf6359fac5c2c2705b6ef4ba477ed0d5a42f78514f8906558c408	0	0	4f5b5e9924f12e566cab22b3aa735e30b7bfee1b3bffca4c04bfda839d3a583b
ROOT_110000000	ROOT	110000000		/home/rb/conway99_workspace/o3_qsat_runs/task03_lemma_rescout_20260828/cubes/cube_110000000.cnf	f23eef1602f54bda3ca131eafbc0531e5c8b9ab0f94164a12bb1a99d25095bde	47559	60d452273839ff6af972316d7e38170cbb931b2975075ac2caac255f513a5c57	/home/rb/conway99_workspace/o3_qsat_runs/task03_fullcert_1.1_20260829/cert/root/110000000/proof.lrat.gz	15486	15486	9898987ff32359a45baf3e52428b4778bb6ea0dfdc9d59e7cd499a3f8f8f5c39	9898987ff32359a45baf3e52428b4778bb6ea0dfdc9d59e7cd499a3f8f8f5c39	0	0	60d452273839ff6af972316d7e38170cbb931b2975075ac2caac255f513a5c57
ROOT_110000001	ROOT	110000001		/home/rb/conway99_workspace/o3_qsat_runs/task03_lemma_rescout_20260828/cubes/cube_110000001.cnf	f82f7209576f1d4d0bb2e3cf64e7fc27ba844e312d1fad46dca996f963b86a0f	47559	60d452273839ff6af972316d7e38170cbb931b2975075ac2caac255f513a5c57	/home/rb/conway99_workspace/o3_qsat_runs/task03_fullcert_1.1_20260829/cert/root/110000001/proof.lrat.gz	15486	15486	9898987ff32359a45baf3e52428b4778bb6ea0dfdc9d59e7cd499a3f8f8f5c39	9898987ff32359a45baf3e52428b4778bb6ea0dfdc9d59e7cd499a3f8f8f5c39	0	0	60d452273839ff6af972316d7e38170cbb931b2975075ac2caac255f513a5c57
ROOT_110000010	ROOT	110000010		/home/rb/conway99_workspace/o3_qsat_runs/task03_lemma_rescout_20260828/cubes/cube_110000010.cnf	b7688954f1ad59ca7feb5773c358696ad8d340eca7b9ff94312fdb183228f2ee	47559	60d452273839ff6af972316d7e38170cbb931b2975075ac2caac255f513a5c57	/home/rb/conway99_workspace/o3_qsat_runs/task03_fullcert_1.1_20260829/cert/root/110000010/proof.lrat.gz	15486	15486	9898987ff32359a45baf3e52428b4778bb6ea0dfdc9d59e7cd499a3f8f8f5c39	9898987ff32359a45baf3e52428b4778bb6ea0dfdc9d59e7cd499a3f8f8f5c39	0	0	60d452273839ff6af972316d7e38170cbb931b2975075ac2caac255f513a5c57
ROOT_110000011	ROOT	110000011		/home/rb/conway99_workspace/o3_qsat_runs/task03_lemma_rescout_20260828/cubes/cube_110000011.cnf	4510f73e99e567b250ee0ba17a599d07607c5b22f5d047f9fcae5474e6bca706	47559	60d452273839ff6af972316d7e38170cbb931b2975075ac2caac255f513a5c57	/home/rb/conway99_workspace/o3_qsat_runs/task03_fullcert_1.1_20260829/cert/root/110000011/proof.lrat.gz	15486	15486	d4e30618974ca3f88424c623395014bda68e1a5cccc41f68e9933dd1c6a0d164	d4e30618974ca3f88424c623395014bda68e1a5cccc41f68e9933dd1c6a0d164	0	0	60d452273839ff6af972316d7e38170cbb931b2975075ac2caac255f513a5c57
ROOT_110000100	ROOT	110000100		/home/rb/conway99_workspace/o3_qsat_runs/task03_lemma_rescout_20260828/cubes/cube_110000100.cnf	6cd0c422fb26defea1a73a6c2efb5a4c95b230291b1c19c583aeb169a208e5b3	47559	60d452273839ff6af972316d7e38170cbb931b2975075ac2caac255f513a5c57	/home/rb/conway99_workspace/o3_qsat_runs/task03_fullcert_1.1_20260829/cert/root/110000100/proof.lrat.gz	15486	15486	8d4660f71ba1b8b4ccd4e45b16871ec2b220675bb90fa6612c357dc6fcd45a73	8d4660f71ba1b8b4ccd4e45b16871ec2b220675bb90fa6612c357dc6fcd45a73	0	0	60d452273839ff6af972316d7e38170cbb931b2975075ac2caac255f513a5c57
ROOT_110000101	ROOT	110000101		/home/rb/conway99_workspace/o3_qsat_runs/task03_lemma_rescout_20260828/cubes/cube_110000101.cnf	016745082d7b22295ad655517da922f2c1d1b446c4f6ebb5d3196c1c1f9fa3ab	47559	60d452273839ff6af972316d7e38170cbb931b2975075ac2caac255f513a5c57	/home/rb/conway99_workspace/o3_qsat_runs/task03_fullcert_1.1_20260829/cert/root/110000101/proof.lrat.gz	15486	15486	8d4660f71ba1b8b4ccd4e45b16871ec2b220675bb90fa6612c357dc6fcd45a73	8d4660f71ba1b8b4ccd4e45b16871ec2b220675bb90fa6612c357dc6fcd45a73	0	0	60d452273839ff6af972316d7e38170cbb931b2975075ac2caac255f513a5c57
ROOT_110000110	ROOT	110000110		/home/rb/conway99_workspace/o3_qsat_runs/task03_lemma_rescout_20260828/cubes/cube_110000110.cnf	59fb9ef455d5d76ab26e419fa0ffde629935a787711881e9be52f3fb4f63cd87	47559	60d452273839ff6af972316d7e38170cbb931b2975075ac2caac255f513a5c57	/home/rb/conway99_workspace/o3_qsat_runs/task03_fullcert_1.1_20260829/cert/root/110000110/proof.lrat.gz	15486	15486	0541156b2d6620facd19e60710e305d1c4e1615ae72e7a94318e6dba4d979c92	0541156b2d6620facd19e60710e305d1c4e1615ae72e7a94318e6dba4d979c92	0	0	60d452273839ff6af972316d7e38170cbb931b2975075ac2caac255f513a5c57
ROOT_110000111	ROOT	110000111		/home/rb/conway99_workspace/o3_qsat_runs/task03_lemma_rescout_20260828/cubes/cube_110000111.cnf	85a1a4145e4f949763c80f3f79646bdb04e0563577dcaf0cb67edcc2c6e3e5b2	47559	60d452273839ff6af972316d7e38170cbb931b2975075ac2caac255f513a5c57	/home/rb/conway99_workspace/o3_qsat_runs/task03_fullcert_1.1_20260829/cert/root/110000111/proof.lrat.gz	15486	15486	0541156b2d6620facd19e60710e305d1c4e1615ae72e7a94318e6dba4d979c92	0541156b2d6620facd19e60710e305d1c4e1615ae72e7a94318e6dba4d979c92	0	0	60d452273839ff6af972316d7e38170cbb931b2975075ac2caac255f513a5c57
ROOT_110001000	ROOT	110001000		/home/rb/conway99_workspace/o3_qsat_runs/task03_lemma_rescout_20260828/cubes/cube_110001000.cnf	5aae556732235ed3307a205952478a26ee82d9fe910dcbbe8b6f485211fc90e8	47559	60d452273839ff6af972316d7e38170cbb931b2975075ac2caac255f513a5c57	/home/rb/conway99_workspace/o3_qsat_runs/task03_fullcert_1.1_20260829/cert/root/110001000/proof.lrat.gz	15486	15486	0541156b2d6620facd19e60710e305d1c4e1615ae72e7a94318e6dba4d979c92	0541156b2d6620facd19e60710e305d1c4e1615ae72e7a94318e6dba4d979c92	0	0	60d452273839ff6af972316d7e38170cbb931b2975075ac2caac255f513a5c57
ROOT_110001001	ROOT	110001001		/home/rb/conway99_workspace/o3_qsat_runs/task03_lemma_rescout_20260828/cubes/cube_110001001.cnf	ee6e4987f3185f33d93364721dd7ccfa5bb0577c0e809296732e4a83625632a8	47559	60d452273839ff6af972316d7e38170cbb931b2975075ac2caac255f513a5c57	/home/rb/conway99_workspace/o3_qsat_runs/task03_fullcert_1.1_20260829/cert/root/110001001/proof.lrat.gz	15486	15486	43eeae8b1634fcd1e5e9fd63e04c39f4a3b7bd2e9d10da95f22e7ad2cdb3cb8a	43eeae8b1634fcd1e5e9fd63e04c39f4a3b7bd2e9d10da95f22e7ad2cdb3cb8a	0	0	60d452273839ff6af972316d7e38170cbb931b2975075ac2caac255f513a5c57
ROOT_110001010	ROOT	110001010		/home/rb/conway99_workspace/o3_qsat_runs/task03_lemma_rescout_20260828/cubes/cube_110001010.cnf	39c59f0c816eabfb55516af2e30eb20451399e396cbcda1ea2df7e2358bbb864	47559	60d452273839ff6af972316d7e38170cbb931b2975075ac2caac255f513a5c57	/home/rb/conway99_workspace/o3_qsat_runs/task03_fullcert_1.1_20260829/cert/root/110001010/proof.lrat.gz	15486	15486	43eeae8b1634fcd1e5e9fd63e04c39f4a3b7bd2e9d10da95f22e7ad2cdb3cb8a	43eeae8b1634fcd1e5e9fd63e04c39f4a3b7bd2e9d10da95f22e7ad2cdb3cb8a	0	0	60d452273839ff6af972316d7e38170cbb931b2975075ac2caac255f513a5c57
ROOT_110001011	ROOT	110001011		/home/rb/conway99_workspace/o3_qsat_runs/task03_lemma_rescout_20260828/cubes/cube_110001011.cnf	8b3c772bedfd27d47c4b61d96030c2e75e6fd81f309d2ceea6b472fe8d0f17d9	47559	60d452273839ff6af972316d7e38170cbb931b2975075ac2caac255f513a5c57	/home/rb/conway99_workspace/o3_qsat_runs/task03_fullcert_1.1_20260829/cert/root/110001011/proof.lrat.gz	15486	15486	43eeae8b1634fcd1e5e9fd63e04c39f4a3b7bd2e9d10da95f22e7ad2cdb3cb8a	43eeae8b1634fcd1e5e9fd63e04c39f4a3b7bd2e9d10da95f22e7ad2cdb3cb8a	0	0	60d452273839ff6af972316d7e38170cbb931b2975075ac2caac255f513a5c57
ROOT_110001100	ROOT	110001100		/home/rb/conway99_workspace/o3_qsat_runs/task03_lemma_rescout_20260828/cubes/cube_110001100.cnf	d94087e8c2d4da67682e655f854f8cd9f0c691ce1e6d1ad94c8165080c8995d9	47559	60d452273839ff6af972316d7e38170cbb931b2975075ac2caac255f513a5c57	/home/rb/conway99_workspace/o3_qsat_runs/task03_fullcert_1.1_20260829/cert/root/110001100/proof.lrat.gz	15486	15486	ed810e55462dd4f8c3c6d951a596f597a53ab6aff2bfa96bf4b267fa62838b58	ed810e55462dd4f8c3c6d951a596f597a53ab6aff2bfa96bf4b267fa62838b58	0	0	60d452273839ff6af972316d7e38170cbb931b2975075ac2caac255f513a5c57
ROOT_110001101	ROOT	110001101		/home/rb/conway99_workspace/o3_qsat_runs/task03_lemma_rescout_20260828/cubes/cube_110001101.cnf	fc41a623ed10f615e1afd855457a57e458e52d3fd2da0f2353152599a4135120	47559	60d452273839ff6af972316d7e38170cbb931b2975075ac2caac255f513a5c57	/home/rb/conway99_workspace/o3_qsat_runs/task03_fullcert_1.1_20260829/cert/root/110001101/proof.lrat.gz	15486	15486	ed810e55462dd4f8c3c6d951a596f597a53ab6aff2bfa96bf4b267fa62838b58	ed810e55462dd4f8c3c6d951a596f597a53ab6aff2bfa96bf4b267fa62838b58	0	0	60d452273839ff6af972316d7e38170cbb931b2975075ac2caac255f513a5c57
ROOT_110001110	ROOT	110001110		/home/rb/conway99_workspace/o3_qsat_runs/task03_lemma_rescout_20260828/cubes/cube_110001110.cnf	b4ef4de4af58532306e8ec3eae0969e437f85f934e21d01953ce50f872e6b00f	47559	60d452273839ff6af972316d7e38170cbb931b2975075ac2caac255f513a5c57	/home/rb/conway99_workspace/o3_qsat_runs/task03_fullcert_1.1_20260829/cert/root/110001110/proof.lrat.gz	15486	15486	ed810e55462dd4f8c3c6d951a596f597a53ab6aff2bfa96bf4b267fa62838b58	ed810e55462dd4f8c3c6d951a596f597a53ab6aff2bfa96bf4b267fa62838b58	0	0	60d452273839ff6af972316d7e38170cbb931b2975075ac2caac255f513a5c57
ROOT_110001111	ROOT	110001111		/home/rb/conway99_workspace/o3_qsat_runs/task03_lemma_rescout_20260828/cubes/cube_110001111.cnf	27c7006a35890c30eeff7d56110eab6f7cd01e3af9b857ab7e83c320a162a091	47559	60d452273839ff6af972316d7e38170cbb931b2975075ac2caac255f513a5c57	/home/rb/conway99_workspace/o3_qsat_runs/task03_fullcert_1.1_20260829/cert/root/110001111/proof.lrat.gz	15486	15486	11579532d1664d8dad7689c502ee734de2f490875d7bc220d7819ff8ea347698	11579532d1664d8dad7689c502ee734de2f490875d7bc220d7819ff8ea347698	0	0	60d452273839ff6af972316d7e38170cbb931b2975075ac2caac255f513a5c57
ROOT_110010000	ROOT	110010000		/home/rb/conway99_workspace/o3_qsat_runs/task03_lemma_rescout_20260828/cubes/cube_110010000.cnf	e836165056a58bebbe5c4fe3792540ccd82e907e6aa5ecbe2b054b8f0139e950	47559	60d452273839ff6af972316d7e38170cbb931b2975075ac2caac255f513a5c57	/home/rb/conway99_workspace/o3_qsat_runs/task03_fullcert_1.1_20260829/cert/root/110010000/proof.lrat.gz	15486	15486	4f8453f72a0af5046751019ffe481ca94ae83aaeeb92146097724ce9cb557458	4f8453f72a0af5046751019ffe481ca94ae83aaeeb92146097724ce9cb557458	0	0	60d452273839ff6af972316d7e38170cbb931b2975075ac2caac255f513a5c57
ROOT_110010001	ROOT	110010001		/home/rb/conway99_workspace/o3_qsat_runs/task03_lemma_rescout_20260828/cubes/cube_110010001.cnf	41d347a73e3a40f4450f6018faeca1075887fc39dd4e20174d88dc5b0e07c537	47559	60d452273839ff6af972316d7e38170cbb931b2975075ac2caac255f513a5c57	/home/rb/conway99_workspace/o3_qsat_runs/task03_fullcert_1.1_20260829/cert/root/110010001/proof.lrat.gz	15486	15486	19feea982d3b267d8dad16cb1a5a475b7ea61e2fe84fd3ac7734c47f73992d23	19feea982d3b267d8dad16cb1a5a475b7ea61e2fe84fd3ac7734c47f73992d23	0	0	60d452273839ff6af972316d7e38170cbb931b2975075ac2caac255f513a5c57
ROOT_110010010	ROOT	110010010		/home/rb/conway99_workspace/o3_qsat_runs/task03_lemma_rescout_20260828/cubes/cube_110010010.cnf	d0d7d7c0c5227d3b43c8817145a863552d3d5dedd8744f2d9167af15fcfedc10	47559	60d452273839ff6af972316d7e38170cbb931b2975075ac2caac255f513a5c57	/home/rb/conway99_workspace/o3_qsat_runs/task03_fullcert_1.1_20260829/cert/root/110010010/proof.lrat.gz	15486	15486	19feea982d3b267d8dad16cb1a5a475b7ea61e2fe84fd3ac7734c47f73992d23	19feea982d3b267d8dad16cb1a5a475b7ea61e2fe84fd3ac7734c47f73992d23	0	0	60d452273839ff6af972316d7e38170cbb931b2975075ac2caac255f513a5c57
ROOT_110010011	ROOT	110010011		/home/rb/conway99_workspace/o3_qsat_runs/task03_lemma_rescout_20260828/cubes/cube_110010011.cnf	e7497c2f927f4ebbc87bbe876ce63458e19956a4fd88da09d4cd70ed983ce088	47559	60d452273839ff6af972316d7e38170cbb931b2975075ac2caac255f513a5c57	/home/rb/conway99_workspace/o3_qsat_runs/task03_fullcert_1.1_20260829/cert/root/110010011/proof.lrat.gz	15486	15486	f071003847be4199d85056fc8f36d994f4946d097f5db2c6d61707aa78d7d871	f071003847be4199d85056fc8f36d994f4946d097f5db2c6d61707aa78d7d871	0	0	60d452273839ff6af972316d7e38170cbb931b2975075ac2caac255f513a5c57
ROOT_110010100	ROOT	110010100		/home/rb/conway99_workspace/o3_qsat_runs/task03_lemma_rescout_20260828/cubes/cube_110010100.cnf	171b4b5040420c030ac43f98f9b665673975cdc6fc9d11d1f33d55aab6ca431d	47559	60d452273839ff6af972316d7e38170cbb931b2975075ac2caac255f513a5c57	/home/rb/conway99_workspace/o3_qsat_runs/task03_fullcert_1.1_20260829/cert/root/110010100/proof.lrat.gz	15486	15486	19feea982d3b267d8dad16cb1a5a475b7ea61e2fe84fd3ac7734c47f73992d23	19feea982d3b267d8dad16cb1a5a475b7ea61e2fe84fd3ac7734c47f73992d23	0	0	60d452273839ff6af972316d7e38170cbb931b2975075ac2caac255f513a5c57
ROOT_110010101	ROOT	110010101		/home/rb/conway99_workspace/o3_qsat_runs/task03_lemma_rescout_20260828/cubes/cube_110010101.cnf	611edfad4c29156dbf5db1c878c96f10f8574e330d4af3ae5c22d9a11b426429	47559	60d452273839ff6af972316d7e38170cbb931b2975075ac2caac255f513a5c57	/home/rb/conway99_workspace/o3_qsat_runs/task03_fullcert_1.1_20260829/cert/root/110010101/proof.lrat.gz	15486	15486	f071003847be4199d85056fc8f36d994f4946d097f5db2c6d61707aa78d7d871	f071003847be4199d85056fc8f36d994f4946d097f5db2c6d61707aa78d7d871	0	0	60d452273839ff6af972316d7e38170cbb931b2975075ac2caac255f513a5c57
ROOT_110010110	ROOT	110010110		/home/rb/conway99_workspace/o3_qsat_runs/task03_lemma_rescout_20260828/cubes/cube_110010110.cnf	2f3060664f815116d1bf888815ccd7c4585af68979d9d5abe8f0661987168b82	47559	60d452273839ff6af972316d7e38170cbb931b2975075ac2caac255f513a5c57	/home/rb/conway99_workspace/o3_qsat_runs/task03_fullcert_1.1_20260829/cert/root/110010110/proof.lrat.gz	15486	15486	f071003847be4199d85056fc8f36d994f4946d097f5db2c6d61707aa78d7d871	f071003847be4199d85056fc8f36d994f4946d097f5db2c6d61707aa78d7d871	0	0	60d452273839ff6af972316d7e38170cbb931b2975075ac2caac255f513a5c57
ROOT_110010111	ROOT	110010111		/home/rb/conway99_workspace/o3_qsat_runs/task03_lemma_rescout_20260828/cubes/cube_110010111.cnf	0b5178fe1af4585dbcf8abbc3c253697daedf220102648e87b296aa14fa7b9b3	47559	60d452273839ff6af972316d7e38170cbb931b2975075ac2caac255f513a5c57	/home/rb/conway99_workspace/o3_qsat_runs/task03_fullcert_1.1_20260829/cert/root/110010111/proof.lrat.gz	15486	15486	c521f34ad5c2dfd5e4c468544caed1e8c6a58ad7bb6453174d3573eec165542c	c521f34ad5c2dfd5e4c468544caed1e8c6a58ad7bb6453174d3573eec165542c	0	0	60d452273839ff6af972316d7e38170cbb931b2975075ac2caac255f513a5c57
ROOT_110011000	ROOT	110011000		/home/rb/conway99_workspace/o3_qsat_runs/task03_lemma_rescout_20260828/cubes/cube_110011000.cnf	40adf7cea778cb5a86bdbca0454a4f537b591609b3fefd934a606c120a7ff800	47559	60d452273839ff6af972316d7e38170cbb931b2975075ac2caac255f513a5c57	/home/rb/conway99_workspace/o3_qsat_runs/task03_fullcert_1.1_20260829/cert/root/110011000/proof.lrat.gz	15486	15486	c521f34ad5c2dfd5e4c468544caed1e8c6a58ad7bb6453174d3573eec165542c	c521f34ad5c2dfd5e4c468544caed1e8c6a58ad7bb6453174d3573eec165542c	0	0	60d452273839ff6af972316d7e38170cbb931b2975075ac2caac255f513a5c57
ROOT_110011001	ROOT	110011001		/home/rb/conway99_workspace/o3_qsat_runs/task03_lemma_rescout_20260828/cubes/cube_110011001.cnf	b7a6c635feed53cf52bbc376cb7ea7ea88e8e0d7ba79bdc86dbf382064b44b7c	47559	60d452273839ff6af972316d7e38170cbb931b2975075ac2caac255f513a5c57	/home/rb/conway99_workspace/o3_qsat_runs/task03_fullcert_1.1_20260829/cert/root/110011001/proof.lrat.gz	15486	15486	aeb25e95a9c69fb7e9c21fcedfb660a8a1b2e65e8b80b86f75acfec04985d312	aeb25e95a9c69fb7e9c21fcedfb660a8a1b2e65e8b80b86f75acfec04985d312	0	0	60d452273839ff6af972316d7e38170cbb931b2975075ac2caac255f513a5c57
ROOT_110011010	ROOT	110011010		/home/rb/conway99_workspace/o3_qsat_runs/task03_lemma_rescout_20260828/cubes/cube_110011010.cnf	f0b323e9a20f3ea7cd9011602c5eb804d3f271b2feeb96b99aa087e412db2533	47559	60d452273839ff6af972316d7e38170cbb931b2975075ac2caac255f513a5c57	/home/rb/conway99_workspace/o3_qsat_runs/task03_fullcert_1.1_20260829/cert/root/110011010/proof.lrat.gz	15486	15486	c51ba43859a767b053f45c4956c21aeeb49545241ec0ddade0640a2f69695e81	c51ba43859a767b053f45c4956c21aeeb49545241ec0ddade0640a2f69695e81	0	0	60d452273839ff6af972316d7e38170cbb931b2975075ac2caac255f513a5c57
ROOT_110011011	ROOT	110011011		/home/rb/conway99_workspace/o3_qsat_runs/task03_lemma_rescout_20260828/cubes/cube_110011011.cnf	b800c4d9dd9e5cbff0690513098bdc38a32a505634c3d2f606fef7ce75fb820f	47559	60d452273839ff6af972316d7e38170cbb931b2975075ac2caac255f513a5c57	/home/rb/conway99_workspace/o3_qsat_runs/task03_fullcert_1.1_20260829/cert/root/110011011/proof.lrat.gz	15486	15486	aeb25e95a9c69fb7e9c21fcedfb660a8a1b2e65e8b80b86f75acfec04985d312	aeb25e95a9c69fb7e9c21fcedfb660a8a1b2e65e8b80b86f75acfec04985d312	0	0	60d452273839ff6af972316d7e38170cbb931b2975075ac2caac255f513a5c57
ROOT_110011100	ROOT	110011100		/home/rb/conway99_workspace/o3_qsat_runs/task03_lemma_rescout_20260828/cubes/cube_110011100.cnf	bc853b3a2304760e0181eaaf08f83777d78e0d72591ead0721c9dc456cff8677	47559	60d452273839ff6af972316d7e38170cbb931b2975075ac2caac255f513a5c57	/home/rb/conway99_workspace/o3_qsat_runs/task03_fullcert_1.1_20260829/cert/root/110011100/proof.lrat.gz	15486	15486	aeb25e95a9c69fb7e9c21fcedfb660a8a1b2e65e8b80b86f75acfec04985d312	aeb25e95a9c69fb7e9c21fcedfb660a8a1b2e65e8b80b86f75acfec04985d312	0	0	60d452273839ff6af972316d7e38170cbb931b2975075ac2caac255f513a5c57
ROOT_110011101	ROOT	110011101		/home/rb/conway99_workspace/o3_qsat_runs/task03_lemma_rescout_20260828/cubes/cube_110011101.cnf	8b30a214443526107a8c26a2c70991faa096c0a0c5b98e49d23a3648498d254a	47559	60d452273839ff6af972316d7e38170cbb931b2975075ac2caac255f513a5c57	/home/rb/conway99_workspace/o3_qsat_runs/task03_fullcert_1.1_20260829/cert/root/110011101/proof.lrat.gz	15486	15486	3e039d9fd964472bad96c1f163dc7d3cfbbcfdb3ab79b2084ec6999d6cdea649	3e039d9fd964472bad96c1f163dc7d3cfbbcfdb3ab79b2084ec6999d6cdea649	0	0	60d452273839ff6af972316d7e38170cbb931b2975075ac2caac255f513a5c57
ROOT_110011110	ROOT	110011110		/home/rb/conway99_workspace/o3_qsat_runs/task03_lemma_rescout_20260828/cubes/cube_110011110.cnf	3a5ec9f8bc99a0e017d5e34d85205a6b89e98dc035ad862268d4101b153040b8	47559	60d452273839ff6af972316d7e38170cbb931b2975075ac2caac255f513a5c57	/home/rb/conway99_workspace/o3_qsat_runs/task03_fullcert_1.1_20260829/cert/root/110011110/proof.lrat.gz	15486	15486	5d93cc250927664ebd705bcbca98007e2c941ceac4ed2360c4347acb79f56374	5d93cc250927664ebd705bcbca98007e2c941ceac4ed2360c4347acb79f56374	0	0	60d452273839ff6af972316d7e38170cbb931b2975075ac2caac255f513a5c57
ROOT_110011111	ROOT	110011111		/home/rb/conway99_workspace/o3_qsat_runs/task03_lemma_rescout_20260828/cubes/cube_110011111.cnf	60367dba108d7a6510641ee8641d74674eed7b713f198b8e6b1deac0dabb47c8	47559	60d452273839ff6af972316d7e38170cbb931b2975075ac2caac255f513a5c57	/home/rb/conway99_workspace/o3_qsat_runs/task03_fullcert_1.1_20260829/cert/root/110011111/proof.lrat.gz	15486	15486	5d93cc250927664ebd705bcbca98007e2c941ceac4ed2360c4347acb79f56374	5d93cc250927664ebd705bcbca98007e2c941ceac4ed2360c4347acb79f56374	0	0	60d452273839ff6af972316d7e38170cbb931b2975075ac2caac255f513a5c57
ROOT_110100000	ROOT	110100000		/home/rb/conway99_workspace/o3_qsat_runs/task03_lemma_rescout_20260828/cubes/cube_110100000.cnf	1515798d6b6cb19d9023d439286e6791a3368733c0f1c33ec13eef8b02f8980a	47559	60d452273839ff6af972316d7e38170cbb931b2975075ac2caac255f513a5c57	/home/rb/conway99_workspace/o3_qsat_runs/task03_fullcert_1.1_20260829/cert/root/110100000/proof.lrat.gz	15486	15486	5d93cc250927664ebd705bcbca98007e2c941ceac4ed2360c4347acb79f56374	5d93cc250927664ebd705bcbca98007e2c941ceac4ed2360c4347acb79f56374	0	0	60d452273839ff6af972316d7e38170cbb931b2975075ac2caac255f513a5c57
ROOT_110100001	ROOT	110100001		/home/rb/conway99_workspace/o3_qsat_runs/task03_lemma_rescout_20260828/cubes/cube_110100001.cnf	396818e9f9ab394be61f8ab4c0d65836443f7b5c6348ffb1f413bec46e147834	47559	60d452273839ff6af972316d7e38170cbb931b2975075ac2caac255f513a5c57	/home/rb/conway99_workspace/o3_qsat_runs/task03_fullcert_1.1_20260829/cert/root/110100001/proof.lrat.gz	15486	15486	5b2d8c2ed65717df3c54bc354ba1e8b1c00112e8985fb46d5f7e31e50818fc44	5b2d8c2ed65717df3c54bc354ba1e8b1c00112e8985fb46d5f7e31e50818fc44	0	0	60d452273839ff6af972316d7e38170cbb931b2975075ac2caac255f513a5c57
ROOT_110100010	ROOT	110100010		/home/rb/conway99_workspace/o3_qsat_runs/task03_lemma_rescout_20260828/cubes/cube_110100010.cnf	475771e5b7f0de5a96d31b534386349728b58bba6c4d2148c5790f5692ceb79c	47559	60d452273839ff6af972316d7e38170cbb931b2975075ac2caac255f513a5c57	/home/rb/conway99_workspace/o3_qsat_runs/task03_fullcert_1.1_20260829/cert/root/110100010/proof.lrat.gz	15486	15486	126ff347c8fb3428345565ed230bc032bd14c2b34b6804642a6ad56a29ab623a	126ff347c8fb3428345565ed230bc032bd14c2b34b6804642a6ad56a29ab623a	0	0	60d452273839ff6af972316d7e38170cbb931b2975075ac2caac255f513a5c57
ROOT_110100011	ROOT	110100011		/home/rb/conway99_workspace/o3_qsat_runs/task03_lemma_rescout_20260828/cubes/cube_110100011.cnf	9335fc8c9276d23bb2d65a68cbb44d78cc6cc4733f1a012c32ff12737d942553	47559	60d452273839ff6af972316d7e38170cbb931b2975075ac2caac255f513a5c57	/home/rb/conway99_workspace/o3_qsat_runs/task03_fullcert_1.1_20260829/cert/root/110100011/proof.lrat.gz	15486	15486	126ff347c8fb3428345565ed230bc032bd14c2b34b6804642a6ad56a29ab623a	126ff347c8fb3428345565ed230bc032bd14c2b34b6804642a6ad56a29ab623a	0	0	60d452273839ff6af972316d7e38170cbb931b2975075ac2caac255f513a5c57
ROOT_110100100	ROOT	110100100		/home/rb/conway99_workspace/o3_qsat_runs/task03_lemma_rescout_20260828/cubes/cube_110100100.cnf	35bfb79611e833293b0b808355a5f491f5d3e50f5644305a936a502e7350d90f	47559	60d452273839ff6af972316d7e38170cbb931b2975075ac2caac255f513a5c57	/home/rb/conway99_workspace/o3_qsat_runs/task03_fullcert_1.1_20260829/cert/root/110100100/proof.lrat.gz	15486	15486	4d8ce769d538a944ad6c1f8473b1b5279f0ea843e6c20c6984d24c83c4cb83f1	4d8ce769d538a944ad6c1f8473b1b5279f0ea843e6c20c6984d24c83c4cb83f1	0	0	60d452273839ff6af972316d7e38170cbb931b2975075ac2caac255f513a5c57
ROOT_110100101	ROOT	110100101		/home/rb/conway99_workspace/o3_qsat_runs/task03_lemma_rescout_20260828/cubes/cube_110100101.cnf	7c9ee620db327a674bd7e5ccb43f0f65c9b33d58e2da8cacdeddf3d31b04690a	47559	60d452273839ff6af972316d7e38170cbb931b2975075ac2caac255f513a5c57	/home/rb/conway99_workspace/o3_qsat_runs/task03_fullcert_1.1_20260829/cert/root/110100101/proof.lrat.gz	15486	15486	36739c75bdbd7f6802b63c81d66217a89e9128a72a31d3ecf80b707df985e827	36739c75bdbd7f6802b63c81d66217a89e9128a72a31d3ecf80b707df985e827	0	0	60d452273839ff6af972316d7e38170cbb931b2975075ac2caac255f513a5c57
ROOT_110100110	ROOT	110100110		/home/rb/conway99_workspace/o3_qsat_runs/task03_lemma_rescout_20260828/cubes/cube_110100110.cnf	73f138588d0a1876c871e9376588c7cbf8d9837398405bb58e2dd7d89646189d	47559	60d452273839ff6af972316d7e38170cbb931b2975075ac2caac255f513a5c57	/home/rb/conway99_workspace/o3_qsat_runs/task03_fullcert_1.1_20260829/cert/root/110100110/proof.lrat.gz	15486	15486	126ff347c8fb3428345565ed230bc032bd14c2b34b6804642a6ad56a29ab623a	126ff347c8fb3428345565ed230bc032bd14c2b34b6804642a6ad56a29ab623a	0	0	60d452273839ff6af972316d7e38170cbb931b2975075ac2caac255f513a5c57
ROOT_110100111	ROOT	110100111		/home/rb/conway99_workspace/o3_qsat_runs/task03_lemma_rescout_20260828/cubes/cube_110100111.cnf	9898141132f7801e0f1bbb3ad796340ab324a901c2ffa6d0c4a61f1a96bf886f	47559	60d452273839ff6af972316d7e38170cbb931b2975075ac2caac255f513a5c57	/home/rb/conway99_workspace/o3_qsat_runs/task03_fullcert_1.1_20260829/cert/root/110100111/proof.lrat.gz	15486	15486	4d8ce769d538a944ad6c1f8473b1b5279f0ea843e6c20c6984d24c83c4cb83f1	4d8ce769d538a944ad6c1f8473b1b5279f0ea843e6c20c6984d24c83c4cb83f1	0	0	60d452273839ff6af972316d7e38170cbb931b2975075ac2caac255f513a5c57
ROOT_110101000	ROOT	110101000		/home/rb/conway99_workspace/o3_qsat_runs/task03_lemma_rescout_20260828/cubes/cube_110101000.cnf	728732dd8a8cab7ac531c15e9af2c740c2171d7ad0c7ddd9625694da8d20d023	47559	60d452273839ff6af972316d7e38170cbb931b2975075ac2caac255f513a5c57	/home/rb/conway99_workspace/o3_qsat_runs/task03_fullcert_1.1_20260829/cert/root/110101000/proof.lrat.gz	15486	15486	a19c85579c160d3a7be159badbb07acaef926fcae35d38e6b02fe72afbd136fd	a19c85579c160d3a7be159badbb07acaef926fcae35d38e6b02fe72afbd136fd	0	0	60d452273839ff6af972316d7e38170cbb931b2975075ac2caac255f513a5c57
ROOT_110101001	ROOT	110101001		/home/rb/conway99_workspace/o3_qsat_runs/task03_lemma_rescout_20260828/cubes/cube_110101001.cnf	d8fa9fc247315c840df3b58f9f04d7ebb1462c8ca206431d060c3bc04b076b2f	47559	60d452273839ff6af972316d7e38170cbb931b2975075ac2caac255f513a5c57	/home/rb/conway99_workspace/o3_qsat_runs/task03_fullcert_1.1_20260829/cert/root/110101001/proof.lrat.gz	15486	15486	8f26b18afb35dc74923e6f0f7499324035441602dbcae74ddb40f1d19fe227ec	8f26b18afb35dc74923e6f0f7499324035441602dbcae74ddb40f1d19fe227ec	0	0	60d452273839ff6af972316d7e38170cbb931b2975075ac2caac255f513a5c57
ROOT_110101010	ROOT	110101010		/home/rb/conway99_workspace/o3_qsat_runs/task03_lemma_rescout_20260828/cubes/cube_110101010.cnf	d46beb394264a78c33bfcac3ca9c2b416d8182f1451685dfc7ceae2d4e0658e2	47559	60d452273839ff6af972316d7e38170cbb931b2975075ac2caac255f513a5c57	/home/rb/conway99_workspace/o3_qsat_runs/task03_fullcert_1.1_20260829/cert/root/110101010/proof.lrat.gz	15486	15486	8f26b18afb35dc74923e6f0f7499324035441602dbcae74ddb40f1d19fe227ec	8f26b18afb35dc74923e6f0f7499324035441602dbcae74ddb40f1d19fe227ec	0	0	60d452273839ff6af972316d7e38170cbb931b2975075ac2caac255f513a5c57
ROOT_110101011	ROOT	110101011		/home/rb/conway99_workspace/o3_qsat_runs/task03_lemma_rescout_20260828/cubes/cube_110101011.cnf	bc4746c1b586c20ca540cb757a953c8fd49f6417256b353eb8db165653286dcb	47559	60d452273839ff6af972316d7e38170cbb931b2975075ac2caac255f513a5c57	/home/rb/conway99_workspace/o3_qsat_runs/task03_fullcert_1.1_20260829/cert/root/110101011/proof.lrat.gz	15486	15486	8f26b18afb35dc74923e6f0f7499324035441602dbcae74ddb40f1d19fe227ec	8f26b18afb35dc74923e6f0f7499324035441602dbcae74ddb40f1d19fe227ec	0	0	60d452273839ff6af972316d7e38170cbb931b2975075ac2caac255f513a5c57
ROOT_110101100	ROOT	110101100		/home/rb/conway99_workspace/o3_qsat_runs/task03_lemma_rescout_20260828/cubes/cube_110101100.cnf	1479aa625c15438d1a9a58c6d69ffdc16c7e26f96c10deeb23fdd1fb2d18e87e	47559	60d452273839ff6af972316d7e38170cbb931b2975075ac2caac255f513a5c57	/home/rb/conway99_workspace/o3_qsat_runs/task03_fullcert_1.1_20260829/cert/root/110101100/proof.lrat.gz	15486	15486	8f26b18afb35dc74923e6f0f7499324035441602dbcae74ddb40f1d19fe227ec	8f26b18afb35dc74923e6f0f7499324035441602dbcae74ddb40f1d19fe227ec	0	0	60d452273839ff6af972316d7e38170cbb931b2975075ac2caac255f513a5c57
ROOT_110101101	ROOT	110101101		/home/rb/conway99_workspace/o3_qsat_runs/task03_lemma_rescout_20260828/cubes/cube_110101101.cnf	6bd0611a57633a5b26d0752943a59e229552981409fb433476857f4e73fa8a41	47559	60d452273839ff6af972316d7e38170cbb931b2975075ac2caac255f513a5c57	/home/rb/conway99_workspace/o3_qsat_runs/task03_fullcert_1.1_20260829/cert/root/110101101/proof.lrat.gz	15486	15486	6d67f4734bee9a9931eefbfae9278fe495034bed6ed7668b1caba79e592a5e22	6d67f4734bee9a9931eefbfae9278fe495034bed6ed7668b1caba79e592a5e22	0	0	60d452273839ff6af972316d7e38170cbb931b2975075ac2caac255f513a5c57
ROOT_110101110	ROOT	110101110		/home/rb/conway99_workspace/o3_qsat_runs/task03_lemma_rescout_20260828/cubes/cube_110101110.cnf	32a17a9dba1a7208ffda09c38e379495782250bc2680653daaf982b8e74349c5	47559	60d452273839ff6af972316d7e38170cbb931b2975075ac2caac255f513a5c57	/home/rb/conway99_workspace/o3_qsat_runs/task03_fullcert_1.1_20260829/cert/root/110101110/proof.lrat.gz	15486	15486	eaaa947cd2e18c4f809e362b8ece096203947ee6977f251dcd11d78171f2eebc	eaaa947cd2e18c4f809e362b8ece096203947ee6977f251dcd11d78171f2eebc	0	0	60d452273839ff6af972316d7e38170cbb931b2975075ac2caac255f513a5c57
ROOT_110101111	ROOT	110101111		/home/rb/conway99_workspace/o3_qsat_runs/task03_lemma_rescout_20260828/cubes/cube_110101111.cnf	b96e3bf74e805326e780b5178b919f05eb7a6514c72b18ca09cafca02c4a411c	47559	60d452273839ff6af972316d7e38170cbb931b2975075ac2caac255f513a5c57	/home/rb/conway99_workspace/o3_qsat_runs/task03_fullcert_1.1_20260829/cert/root/110101111/proof.lrat.gz	15486	15486	eaaa947cd2e18c4f809e362b8ece096203947ee6977f251dcd11d78171f2eebc	eaaa947cd2e18c4f809e362b8ece096203947ee6977f251dcd11d78171f2eebc	0	0	60d452273839ff6af972316d7e38170cbb931b2975075ac2caac255f513a5c57
ROOT_110110000	ROOT	110110000		/home/rb/conway99_workspace/o3_qsat_runs/task03_lemma_rescout_20260828/cubes/cube_110110000.cnf	be2125d66eed98bb1c25a2299076bc05104f9f3bd4c82074c46f6f0353dc3c71	47559	60d452273839ff6af972316d7e38170cbb931b2975075ac2caac255f513a5c57	/home/rb/conway99_workspace/o3_qsat_runs/task03_fullcert_1.1_20260829/cert/root/110110000/proof.lrat.gz	15486	15486	eaaa947cd2e18c4f809e362b8ece096203947ee6977f251dcd11d78171f2eebc	eaaa947cd2e18c4f809e362b8ece096203947ee6977f251dcd11d78171f2eebc	0	0	60d452273839ff6af972316d7e38170cbb931b2975075ac2caac255f513a5c57
ROOT_110110001	ROOT	110110001		/home/rb/conway99_workspace/o3_qsat_runs/task03_lemma_rescout_20260828/cubes/cube_110110001.cnf	22fac4e291a979c4e5e23b47e22cb316e4f6f56fbee0cb4e087795b0a72c2248	47559	60d452273839ff6af972316d7e38170cbb931b2975075ac2caac255f513a5c57	/home/rb/conway99_workspace/o3_qsat_runs/task03_fullcert_1.1_20260829/cert/root/110110001/proof.lrat.gz	15486	15486	726f768a678a935dab26c04c4978610d25a0fe104683f13e381be06c4856ac8d	726f768a678a935dab26c04c4978610d25a0fe104683f13e381be06c4856ac8d	0	0	60d452273839ff6af972316d7e38170cbb931b2975075ac2caac255f513a5c57
ROOT_110110010	ROOT	110110010		/home/rb/conway99_workspace/o3_qsat_runs/task03_lemma_rescout_20260828/cubes/cube_110110010.cnf	450a7e1a2405f3cca56e365c41cb8e1e8489dd646ba5bac4438f7dad0b23bbac	47559	60d452273839ff6af972316d7e38170cbb931b2975075ac2caac255f513a5c57	/home/rb/conway99_workspace/o3_qsat_runs/task03_fullcert_1.1_20260829/cert/root/110110010/proof.lrat.gz	15486	15486	726f768a678a935dab26c04c4978610d25a0fe104683f13e381be06c4856ac8d	726f768a678a935dab26c04c4978610d25a0fe104683f13e381be06c4856ac8d	0	0	60d452273839ff6af972316d7e38170cbb931b2975075ac2caac255f513a5c57
ROOT_110110011	ROOT	110110011		/home/rb/conway99_workspace/o3_qsat_runs/task03_lemma_rescout_20260828/cubes/cube_110110011.cnf	2338a6758d3aa5c1850c49c4b0f9df06c635ca7dd20e93308c321a4af599ae71	47559	60d452273839ff6af972316d7e38170cbb931b2975075ac2caac255f513a5c57	/home/rb/conway99_workspace/o3_qsat_runs/task03_fullcert_1.1_20260829/cert/root/110110011/proof.lrat.gz	15486	15486	726f768a678a935dab26c04c4978610d25a0fe104683f13e381be06c4856ac8d	726f768a678a935dab26c04c4978610d25a0fe104683f13e381be06c4856ac8d	0	0	60d452273839ff6af972316d7e38170cbb931b2975075ac2caac255f513a5c57
ROOT_110110100	ROOT	110110100		/home/rb/conway99_workspace/o3_qsat_runs/task03_lemma_rescout_20260828/cubes/cube_110110100.cnf	ca38d4c5c14c77306ebf7894e05aa43fbfc64b56bf968a672f90ac918afc6fcc	47559	60d452273839ff6af972316d7e38170cbb931b2975075ac2caac255f513a5c57	/home/rb/conway99_workspace/o3_qsat_runs/task03_fullcert_1.1_20260829/cert/root/110110100/proof.lrat.gz	15486	15486	09382956044bfa3cbad112ec4ed1f6f344ca3b73bffd96e3b8e576d1f6fba638	09382956044bfa3cbad112ec4ed1f6f344ca3b73bffd96e3b8e576d1f6fba638	0	0	60d452273839ff6af972316d7e38170cbb931b2975075ac2caac255f513a5c57
ROOT_110110101	ROOT	110110101		/home/rb/conway99_workspace/o3_qsat_runs/task03_lemma_rescout_20260828/cubes/cube_110110101.cnf	251ec569af8825c7fb4803597363c6e7ea983f154bfc4c6f69d7b48097c6a2a3	47559	60d452273839ff6af972316d7e38170cbb931b2975075ac2caac255f513a5c57	/home/rb/conway99_workspace/o3_qsat_runs/task03_fullcert_1.1_20260829/cert/root/110110101/proof.lrat.gz	15486	15486	f93f9b6e4cb5b6a2b8501312a4bfaf9e48a68a178d7678b418e07fc6b4e43857	f93f9b6e4cb5b6a2b8501312a4bfaf9e48a68a178d7678b418e07fc6b4e43857	0	0	60d452273839ff6af972316d7e38170cbb931b2975075ac2caac255f513a5c57
ROOT_110110110	ROOT	110110110		/home/rb/conway99_workspace/o3_qsat_runs/task03_lemma_rescout_20260828/cubes/cube_110110110.cnf	5a5debfcd667f71616fcdf905d7a850ef26a51915318c8fce233d0dd1d20974a	47559	60d452273839ff6af972316d7e38170cbb931b2975075ac2caac255f513a5c57	/home/rb/conway99_workspace/o3_qsat_runs/task03_fullcert_1.1_20260829/cert/root/110110110/proof.lrat.gz	15486	15486	09382956044bfa3cbad112ec4ed1f6f344ca3b73bffd96e3b8e576d1f6fba638	09382956044bfa3cbad112ec4ed1f6f344ca3b73bffd96e3b8e576d1f6fba638	0	0	60d452273839ff6af972316d7e38170cbb931b2975075ac2caac255f513a5c57
ROOT_110110111	ROOT	110110111		/home/rb/conway99_workspace/o3_qsat_runs/task03_lemma_rescout_20260828/cubes/cube_110110111.cnf	bc26e5a778ad7232462fbc041f110c53d6a55f456ddf657c18279abf001856a1	47559	60d452273839ff6af972316d7e38170cbb931b2975075ac2caac255f513a5c57	/home/rb/conway99_workspace/o3_qsat_runs/task03_fullcert_1.1_20260829/cert/root/110110111/proof.lrat.gz	15486	15486	f93f9b6e4cb5b6a2b8501312a4bfaf9e48a68a178d7678b418e07fc6b4e43857	f93f9b6e4cb5b6a2b8501312a4bfaf9e48a68a178d7678b418e07fc6b4e43857	0	0	60d452273839ff6af972316d7e38170cbb931b2975075ac2caac255f513a5c57
ROOT_110111000	ROOT	110111000		/home/rb/conway99_workspace/o3_qsat_runs/task03_lemma_rescout_20260828/cubes/cube_110111000.cnf	1ef43296db585920aba02007576330d47e71e93545b1470be5e742e911ee9387	47559	60d452273839ff6af972316d7e38170cbb931b2975075ac2caac255f513a5c57	/home/rb/conway99_workspace/o3_qsat_runs/task03_fullcert_1.1_20260829/cert/root/110111000/proof.lrat.gz	15486	15486	f93f9b6e4cb5b6a2b8501312a4bfaf9e48a68a178d7678b418e07fc6b4e43857	f93f9b6e4cb5b6a2b8501312a4bfaf9e48a68a178d7678b418e07fc6b4e43857	0	0	60d452273839ff6af972316d7e38170cbb931b2975075ac2caac255f513a5c57
ROOT_110111001	ROOT	110111001		/home/rb/conway99_workspace/o3_qsat_runs/task03_lemma_rescout_20260828/cubes/cube_110111001.cnf	557a3e7a60ece8b2c268715b3d38d96356c381ac49855a1c88bc1f4139379516	47559	60d452273839ff6af972316d7e38170cbb931b2975075ac2caac255f513a5c57	/home/rb/conway99_workspace/o3_qsat_runs/task03_fullcert_1.1_20260829/cert/root/110111001/proof.lrat.gz	15486	15486	4f89b8b2d44ebca817872b13c69543a23a79cc57c93968a519873622a076ec50	4f89b8b2d44ebca817872b13c69543a23a79cc57c93968a519873622a076ec50	0	0	60d452273839ff6af972316d7e38170cbb931b2975075ac2caac255f513a5c57
ROOT_110111010	ROOT	110111010		/home/rb/conway99_workspace/o3_qsat_runs/task03_lemma_rescout_20260828/cubes/cube_110111010.cnf	b57572247f07e5045ed1bc366e943f4ab4966dc86631bceececa622511e98c8f	47559	60d452273839ff6af972316d7e38170cbb931b2975075ac2caac255f513a5c57	/home/rb/conway99_workspace/o3_qsat_runs/task03_fullcert_1.1_20260829/cert/root/110111010/proof.lrat.gz	15486	15486	bdd612cd068ba67453511661b3551dc9eda984b9138828e2d5a0d969557438fc	bdd612cd068ba67453511661b3551dc9eda984b9138828e2d5a0d969557438fc	0	0	60d452273839ff6af972316d7e38170cbb931b2975075ac2caac255f513a5c57
ROOT_110111011	ROOT	110111011		/home/rb/conway99_workspace/o3_qsat_runs/task03_lemma_rescout_20260828/cubes/cube_110111011.cnf	ccd05cfebf96237259578f7d8ab3873d9dbb1e5d8161b72de64bfce4bba5a914	47559	60d452273839ff6af972316d7e38170cbb931b2975075ac2caac255f513a5c57	/home/rb/conway99_workspace/o3_qsat_runs/task03_fullcert_1.1_20260829/cert/root/110111011/proof.lrat.gz	15486	15486	bdd612cd068ba67453511661b3551dc9eda984b9138828e2d5a0d969557438fc	bdd612cd068ba67453511661b3551dc9eda984b9138828e2d5a0d969557438fc	0	0	60d452273839ff6af972316d7e38170cbb931b2975075ac2caac255f513a5c57
ROOT_110111100	ROOT	110111100		/home/rb/conway99_workspace/o3_qsat_runs/task03_lemma_rescout_20260828/cubes/cube_110111100.cnf	16bc2bf162a8ab271f80726f5f49c150dfe3b8fe278b2ffe8de0582c9ee25b3b	47559	60d452273839ff6af972316d7e38170cbb931b2975075ac2caac255f513a5c57	/home/rb/conway99_workspace/o3_qsat_runs/task03_fullcert_1.1_20260829/cert/root/110111100/proof.lrat.gz	15486	15486	e6a311aca5b9f78493082094b570095d793fb7be2d089a9c7fd4ef2b8082e320	e6a311aca5b9f78493082094b570095d793fb7be2d089a9c7fd4ef2b8082e320	0	0	60d452273839ff6af972316d7e38170cbb931b2975075ac2caac255f513a5c57
ROOT_110111101	ROOT	110111101		/home/rb/conway99_workspace/o3_qsat_runs/task03_lemma_rescout_20260828/cubes/cube_110111101.cnf	471a4f2734a5fa4a476da6a89e280b0f23c7fe216354d9782dc7293c5b3da829	47559	60d452273839ff6af972316d7e38170cbb931b2975075ac2caac255f513a5c57	/home/rb/conway99_workspace/o3_qsat_runs/task03_fullcert_1.1_20260829/cert/root/110111101/proof.lrat.gz	15486	15486	8104f99cf36751123d76fa4122568e5af5d37885736a8aeae315c84e04639bbd	8104f99cf36751123d76fa4122568e5af5d37885736a8aeae315c84e04639bbd	0	0	60d452273839ff6af972316d7e38170cbb931b2975075ac2caac255f513a5c57
ROOT_110111110	ROOT	110111110		/home/rb/conway99_workspace/o3_qsat_runs/task03_lemma_rescout_20260828/cubes/cube_110111110.cnf	b5d0c4f97d0a71cbd672c229136fb2079305f55a41d58e2bda9a10bcc5ecb1d4	47559	60d452273839ff6af972316d7e38170cbb931b2975075ac2caac255f513a5c57	/home/rb/conway99_workspace/o3_qsat_runs/task03_fullcert_1.1_20260829/cert/root/110111110/proof.lrat.gz	15486	15486	8104f99cf36751123d76fa4122568e5af5d37885736a8aeae315c84e04639bbd	8104f99cf36751123d76fa4122568e5af5d37885736a8aeae315c84e04639bbd	0	0	60d452273839ff6af972316d7e38170cbb931b2975075ac2caac255f513a5c57
ROOT_110111111	ROOT	110111111		/home/rb/conway99_workspace/o3_qsat_runs/task03_lemma_rescout_20260828/cubes/cube_110111111.cnf	a4e4ac39bd949485d190d67f7a365b38a47d0b05c0bcc514a83e030ef368cf84	47559	60d452273839ff6af972316d7e38170cbb931b2975075ac2caac255f513a5c57	/home/rb/conway99_workspace/o3_qsat_runs/task03_fullcert_1.1_20260829/cert/root/110111111/proof.lrat.gz	15486	15486	8104f99cf36751123d76fa4122568e5af5d37885736a8aeae315c84e04639bbd	8104f99cf36751123d76fa4122568e5af5d37885736a8aeae315c84e04639bbd	0	0	60d452273839ff6af972316d7e38170cbb931b2975075ac2caac255f513a5c57
ROOT_111000000	ROOT	111000000		/home/rb/conway99_workspace/o3_qsat_runs/task03_lemma_rescout_20260828/cubes/cube_111000000.cnf	60b7798ba3c089c220d4e86c3d482a4015ac968aaf38263d945d85bd7d2c5fb8	47559	60d452273839ff6af972316d7e38170cbb931b2975075ac2caac255f513a5c57	/home/rb/conway99_workspace/o3_qsat_runs/task03_fullcert_1.1_20260829/cert/root/111000000/proof.lrat.gz	15486	15486	d26638a31c7d8a482490b204bd584a993df398f7a0607bc17fe96c2b2479ada0	d26638a31c7d8a482490b204bd584a993df398f7a0607bc17fe96c2b2479ada0	0	0	60d452273839ff6af972316d7e38170cbb931b2975075ac2caac255f513a5c57
ROOT_111000001	ROOT	111000001		/home/rb/conway99_workspace/o3_qsat_runs/task03_lemma_rescout_20260828/cubes/cube_111000001.cnf	d4f9a02595a139773be3fd9222b4d2aa306f585f1fab2083df488a0122e32aa2	47559	60d452273839ff6af972316d7e38170cbb931b2975075ac2caac255f513a5c57	/home/rb/conway99_workspace/o3_qsat_runs/task03_fullcert_1.1_20260829/cert/root/111000001/proof.lrat.gz	15486	15486	d26638a31c7d8a482490b204bd584a993df398f7a0607bc17fe96c2b2479ada0	d26638a31c7d8a482490b204bd584a993df398f7a0607bc17fe96c2b2479ada0	0	0	60d452273839ff6af972316d7e38170cbb931b2975075ac2caac255f513a5c57
ROOT_111000010	ROOT	111000010		/home/rb/conway99_workspace/o3_qsat_runs/task03_lemma_rescout_20260828/cubes/cube_111000010.cnf	c98f7ccca15a4ca353904222f7878898f56ffd37ed3034c02cac7224b609823d	47559	60d452273839ff6af972316d7e38170cbb931b2975075ac2caac255f513a5c57	/home/rb/conway99_workspace/o3_qsat_runs/task03_fullcert_1.1_20260829/cert/root/111000010/proof.lrat.gz	15486	15486	d26638a31c7d8a482490b204bd584a993df398f7a0607bc17fe96c2b2479ada0	d26638a31c7d8a482490b204bd584a993df398f7a0607bc17fe96c2b2479ada0	0	0	60d452273839ff6af972316d7e38170cbb931b2975075ac2caac255f513a5c57
ROOT_111000011	ROOT	111000011		/home/rb/conway99_workspace/o3_qsat_runs/task03_lemma_rescout_20260828/cubes/cube_111000011.cnf	939dcd4faf0a17ffec42312e14247bd664750663d938443ff215108126313c10	47559	60d452273839ff6af972316d7e38170cbb931b2975075ac2caac255f513a5c57	/home/rb/conway99_workspace/o3_qsat_runs/task03_fullcert_1.1_20260829/cert/root/111000011/proof.lrat.gz	15486	15486	4e0fb91e091467c42fcc128a972910d99abc7aa51cea8087328b3548f767e909	4e0fb91e091467c42fcc128a972910d99abc7aa51cea8087328b3548f767e909	0	0	60d452273839ff6af972316d7e38170cbb931b2975075ac2caac255f513a5c57
ROOT_111000100	ROOT	111000100		/home/rb/conway99_workspace/o3_qsat_runs/task03_lemma_rescout_20260828/cubes/cube_111000100.cnf	fe9610bde41e0e94f0e9e483826b8407d295289c74525935fc7bb5f7cf885078	47559	60d452273839ff6af972316d7e38170cbb931b2975075ac2caac255f513a5c57	/home/rb/conway99_workspace/o3_qsat_runs/task03_fullcert_1.1_20260829/cert/root/111000100/proof.lrat.gz	15486	15486	4e0fb91e091467c42fcc128a972910d99abc7aa51cea8087328b3548f767e909	4e0fb91e091467c42fcc128a972910d99abc7aa51cea8087328b3548f767e909	0	0	60d452273839ff6af972316d7e38170cbb931b2975075ac2caac255f513a5c57
ROOT_111000101	ROOT	111000101		/home/rb/conway99_workspace/o3_qsat_runs/task03_lemma_rescout_20260828/cubes/cube_111000101.cnf	d4ddff77992102fdd500992c23458c77d5f35caf41453d9f8e9de3a6fad7d940	47559	60d452273839ff6af972316d7e38170cbb931b2975075ac2caac255f513a5c57	/home/rb/conway99_workspace/o3_qsat_runs/task03_fullcert_1.1_20260829/cert/root/111000101/proof.lrat.gz	15486	15486	4e0fb91e091467c42fcc128a972910d99abc7aa51cea8087328b3548f767e909	4e0fb91e091467c42fcc128a972910d99abc7aa51cea8087328b3548f767e909	0	0	60d452273839ff6af972316d7e38170cbb931b2975075ac2caac255f513a5c57
ROOT_111000110	ROOT	111000110		/home/rb/conway99_workspace/o3_qsat_runs/task03_lemma_rescout_20260828/cubes/cube_111000110.cnf	1de3fbfd776eb39072d6d09e70e1055e0ef5590cdb2018a997ee3f4839f054b6	47559	60d452273839ff6af972316d7e38170cbb931b2975075ac2caac255f513a5c57	/home/rb/conway99_workspace/o3_qsat_runs/task03_fullcert_1.1_20260829/cert/root/111000110/proof.lrat.gz	15486	15486	2a3a7206b1549bb2807ceebf5ea4caaa9dfa44e59b71621d4271b1e9eb3fa858	2a3a7206b1549bb2807ceebf5ea4caaa9dfa44e59b71621d4271b1e9eb3fa858	0	0	60d452273839ff6af972316d7e38170cbb931b2975075ac2caac255f513a5c57
ROOT_111000111	ROOT	111000111		/home/rb/conway99_workspace/o3_qsat_runs/task03_lemma_rescout_20260828/cubes/cube_111000111.cnf	a453b448002a4438dd2ab9e9e595cf86a756c12cb205d7c3d264ba75cd1bb1b0	47559	60d452273839ff6af972316d7e38170cbb931b2975075ac2caac255f513a5c57	/home/rb/conway99_workspace/o3_qsat_runs/task03_fullcert_1.1_20260829/cert/root/111000111/proof.lrat.gz	15486	15486	c7bb1ed06da8eccc19f5b717a7eafe57ae33f48bde5f79afc183af872a910c09	c7bb1ed06da8eccc19f5b717a7eafe57ae33f48bde5f79afc183af872a910c09	0	0	60d452273839ff6af972316d7e38170cbb931b2975075ac2caac255f513a5c57
ROOT_111001000	ROOT	111001000		/home/rb/conway99_workspace/o3_qsat_runs/task03_lemma_rescout_20260828/cubes/cube_111001000.cnf	a0e23804c9f079d486d42aa8f8e7edd2a11210af2d89a7c9a3b04154ba69ec65	47559	60d452273839ff6af972316d7e38170cbb931b2975075ac2caac255f513a5c57	/home/rb/conway99_workspace/o3_qsat_runs/task03_fullcert_1.1_20260829/cert/root/111001000/proof.lrat.gz	15486	15486	ad3489e3f019371254895fd1cb0ca777a403b95b2b49f11f0d7b3ced107638e5	ad3489e3f019371254895fd1cb0ca777a403b95b2b49f11f0d7b3ced107638e5	0	0	60d452273839ff6af972316d7e38170cbb931b2975075ac2caac255f513a5c57
ROOT_111001001	ROOT	111001001		/home/rb/conway99_workspace/o3_qsat_runs/task03_lemma_rescout_20260828/cubes/cube_111001001.cnf	eb9f02c4c8bd9870c9ef8ac3f1bea605133b0a1bf31609e01054876fd0e1909d	47559	60d452273839ff6af972316d7e38170cbb931b2975075ac2caac255f513a5c57	/home/rb/conway99_workspace/o3_qsat_runs/task03_fullcert_1.1_20260829/cert/root/111001001/proof.lrat.gz	15486	15486	c7bb1ed06da8eccc19f5b717a7eafe57ae33f48bde5f79afc183af872a910c09	c7bb1ed06da8eccc19f5b717a7eafe57ae33f48bde5f79afc183af872a910c09	0	0	60d452273839ff6af972316d7e38170cbb931b2975075ac2caac255f513a5c57
ROOT_111001010	ROOT	111001010		/home/rb/conway99_workspace/o3_qsat_runs/task03_lemma_rescout_20260828/cubes/cube_111001010.cnf	e588f346970869c4252fa694d599246dc8058ff47b31fca74c838ef5fc0abfc0	47559	60d452273839ff6af972316d7e38170cbb931b2975075ac2caac255f513a5c57	/home/rb/conway99_workspace/o3_qsat_runs/task03_fullcert_1.1_20260829/cert/root/111001010/proof.lrat.gz	15486	15486	c7bb1ed06da8eccc19f5b717a7eafe57ae33f48bde5f79afc183af872a910c09	c7bb1ed06da8eccc19f5b717a7eafe57ae33f48bde5f79afc183af872a910c09	0	0	60d452273839ff6af972316d7e38170cbb931b2975075ac2caac255f513a5c57
ROOT_111001011	ROOT	111001011		/home/rb/conway99_workspace/o3_qsat_runs/task03_lemma_rescout_20260828/cubes/cube_111001011.cnf	053f7560ef3222cfdc378c263a4fe9f9ff314780bbf5171b1c2fdb603cbba38c	47559	60d452273839ff6af972316d7e38170cbb931b2975075ac2caac255f513a5c57	/home/rb/conway99_workspace/o3_qsat_runs/task03_fullcert_1.1_20260829/cert/root/111001011/proof.lrat.gz	15486	15486	b3a40b5dc0b515cd03337eed35bac0c6f61a5d5c37d6cc4b81fa366c6d2d644b	b3a40b5dc0b515cd03337eed35bac0c6f61a5d5c37d6cc4b81fa366c6d2d644b	0	0	60d452273839ff6af972316d7e38170cbb931b2975075ac2caac255f513a5c57
ROOT_111001100	ROOT	111001100		/home/rb/conway99_workspace/o3_qsat_runs/task03_lemma_rescout_20260828/cubes/cube_111001100.cnf	aba8b86379750ee8aaa8cedb4ef845b8a36706b8d038f60087228107c2f3beec	47559	60d452273839ff6af972316d7e38170cbb931b2975075ac2caac255f513a5c57	/home/rb/conway99_workspace/o3_qsat_runs/task03_fullcert_1.1_20260829/cert/root/111001100/proof.lrat.gz	15486	15486	b3a40b5dc0b515cd03337eed35bac0c6f61a5d5c37d6cc4b81fa366c6d2d644b	b3a40b5dc0b515cd03337eed35bac0c6f61a5d5c37d6cc4b81fa366c6d2d644b	0	0	60d452273839ff6af972316d7e38170cbb931b2975075ac2caac255f513a5c57
ROOT_111001101	ROOT	111001101		/home/rb/conway99_workspace/o3_qsat_runs/task03_lemma_rescout_20260828/cubes/cube_111001101.cnf	7146000734d3b3d14ade69bbf0ba60910c7c66321743468a552dc0c1ed5a949f	47559	60d452273839ff6af972316d7e38170cbb931b2975075ac2caac255f513a5c57	/home/rb/conway99_workspace/o3_qsat_runs/task03_fullcert_1.1_20260829/cert/root/111001101/proof.lrat.gz	15486	15486	ad3489e3f019371254895fd1cb0ca777a403b95b2b49f11f0d7b3ced107638e5	ad3489e3f019371254895fd1cb0ca777a403b95b2b49f11f0d7b3ced107638e5	0	0	60d452273839ff6af972316d7e38170cbb931b2975075ac2caac255f513a5c57
ROOT_111001110	ROOT	111001110		/home/rb/conway99_workspace/o3_qsat_runs/task03_lemma_rescout_20260828/cubes/cube_111001110.cnf	618d3f097d04011c87138bfa194dce55017ee9bc25a50798722cf5b3f6f3e5cf	47559	60d452273839ff6af972316d7e38170cbb931b2975075ac2caac255f513a5c57	/home/rb/conway99_workspace/o3_qsat_runs/task03_fullcert_1.1_20260829/cert/root/111001110/proof.lrat.gz	15486	15486	b3a40b5dc0b515cd03337eed35bac0c6f61a5d5c37d6cc4b81fa366c6d2d644b	b3a40b5dc0b515cd03337eed35bac0c6f61a5d5c37d6cc4b81fa366c6d2d644b	0	0	60d452273839ff6af972316d7e38170cbb931b2975075ac2caac255f513a5c57
ROOT_111001111	ROOT	111001111		/home/rb/conway99_workspace/o3_qsat_runs/task03_lemma_rescout_20260828/cubes/cube_111001111.cnf	a3777da468ca7e3e765304a828fdb3151d47d4c643c8a088e077618fc6d852b9	47559	60d452273839ff6af972316d7e38170cbb931b2975075ac2caac255f513a5c57	/home/rb/conway99_workspace/o3_qsat_runs/task03_fullcert_1.1_20260829/cert/root/111001111/proof.lrat.gz	15486	15486	096090f2b914e449217c76bc5bd90fa331edb676e84b0368435a88baeedcef59	096090f2b914e449217c76bc5bd90fa331edb676e84b0368435a88baeedcef59	0	0	60d452273839ff6af972316d7e38170cbb931b2975075ac2caac255f513a5c57
ROOT_111010000	ROOT	111010000		/home/rb/conway99_workspace/o3_qsat_runs/task03_lemma_rescout_20260828/cubes/cube_111010000.cnf	15fc7c6b470a90960950a61ee8536b0abb6be2c55a3fa1b9ad8817bfc80cfe01	47559	60d452273839ff6af972316d7e38170cbb931b2975075ac2caac255f513a5c57	/home/rb/conway99_workspace/o3_qsat_runs/task03_fullcert_1.1_20260829/cert/root/111010000/proof.lrat.gz	15486	15486	096090f2b914e449217c76bc5bd90fa331edb676e84b0368435a88baeedcef59	096090f2b914e449217c76bc5bd90fa331edb676e84b0368435a88baeedcef59	0	0	60d452273839ff6af972316d7e38170cbb931b2975075ac2caac255f513a5c57
ROOT_111010001	ROOT	111010001		/home/rb/conway99_workspace/o3_qsat_runs/task03_lemma_rescout_20260828/cubes/cube_111010001.cnf	50f3dd7ea23cdbaba0eb23fb0bbd3ed706595a7978a097cf9b941cd5c2255a75	47559	60d452273839ff6af972316d7e38170cbb931b2975075ac2caac255f513a5c57	/home/rb/conway99_workspace/o3_qsat_runs/task03_fullcert_1.1_20260829/cert/root/111010001/proof.lrat.gz	15486	15486	096090f2b914e449217c76bc5bd90fa331edb676e84b0368435a88baeedcef59	096090f2b914e449217c76bc5bd90fa331edb676e84b0368435a88baeedcef59	0	0	60d452273839ff6af972316d7e38170cbb931b2975075ac2caac255f513a5c57
ROOT_111010010	ROOT	111010010		/home/rb/conway99_workspace/o3_qsat_runs/task03_lemma_rescout_20260828/cubes/cube_111010010.cnf	06350c0d6e8846031b4db59badd413c3c48c484cdd7787f1c31979a1c0dadaf9	47559	60d452273839ff6af972316d7e38170cbb931b2975075ac2caac255f513a5c57	/home/rb/conway99_workspace/o3_qsat_runs/task03_fullcert_1.1_20260829/cert/root/111010010/proof.lrat.gz	15486	15486	dbbfef8de037b66e008a56366d400fdc2c145b9b0dd1a39032d3b1e26d1fdb99	dbbfef8de037b66e008a56366d400fdc2c145b9b0dd1a39032d3b1e26d1fdb99	0	0	60d452273839ff6af972316d7e38170cbb931b2975075ac2caac255f513a5c57
ROOT_111010011	ROOT	111010011		/home/rb/conway99_workspace/o3_qsat_runs/task03_lemma_rescout_20260828/cubes/cube_111010011.cnf	bcec433173a6afeebf5e5ab15b775c845fdce663225472cc269805c8f973953f	47559	60d452273839ff6af972316d7e38170cbb931b2975075ac2caac255f513a5c57	/home/rb/conway99_workspace/o3_qsat_runs/task03_fullcert_1.1_20260829/cert/root/111010011/proof.lrat.gz	15486	15486	dbbfef8de037b66e008a56366d400fdc2c145b9b0dd1a39032d3b1e26d1fdb99	dbbfef8de037b66e008a56366d400fdc2c145b9b0dd1a39032d3b1e26d1fdb99	0	0	60d452273839ff6af972316d7e38170cbb931b2975075ac2caac255f513a5c57
ROOT_111010100	ROOT	111010100		/home/rb/conway99_workspace/o3_qsat_runs/task03_lemma_rescout_20260828/cubes/cube_111010100.cnf	07e6a1e5048aa49ae446cb023aeee3be5b61ffd9745505c91d8c44b2d48376d2	47559	60d452273839ff6af972316d7e38170cbb931b2975075ac2caac255f513a5c57	/home/rb/conway99_workspace/o3_qsat_runs/task03_fullcert_1.1_20260829/cert/root/111010100/proof.lrat.gz	15486	15486	3c2b1ef6d1e411a672a54130c05c0a6d957c2d125b0188054139a43f0676e5fa	3c2b1ef6d1e411a672a54130c05c0a6d957c2d125b0188054139a43f0676e5fa	0	0	60d452273839ff6af972316d7e38170cbb931b2975075ac2caac255f513a5c57
ROOT_111010101	ROOT	111010101		/home/rb/conway99_workspace/o3_qsat_runs/task03_lemma_rescout_20260828/cubes/cube_111010101.cnf	39d23594eebdb2dd29630ddf1ce1e09f6a15434c889d4706bc31967cf8b85f75	47559	60d452273839ff6af972316d7e38170cbb931b2975075ac2caac255f513a5c57	/home/rb/conway99_workspace/o3_qsat_runs/task03_fullcert_1.1_20260829/cert/root/111010101/proof.lrat.gz	15486	15486	f87a86623b839b41792148dd679506159c79b2268685b4d200075b457dbcc4ad	f87a86623b839b41792148dd679506159c79b2268685b4d200075b457dbcc4ad	0	0	60d452273839ff6af972316d7e38170cbb931b2975075ac2caac255f513a5c57
ROOT_111010110	ROOT	111010110		/home/rb/conway99_workspace/o3_qsat_runs/task03_lemma_rescout_20260828/cubes/cube_111010110.cnf	bd888f1099bacd24b4b7f1c5f657b3d05ae8afc280aac18319db9c5b638ebb6e	47559	60d452273839ff6af972316d7e38170cbb931b2975075ac2caac255f513a5c57	/home/rb/conway99_workspace/o3_qsat_runs/task03_fullcert_1.1_20260829/cert/root/111010110/proof.lrat.gz	15486	15486	3876103741dc1f09f44e5a337e4b15519574d6bad474e3df917773c58e1edce1	3876103741dc1f09f44e5a337e4b15519574d6bad474e3df917773c58e1edce1	0	0	60d452273839ff6af972316d7e38170cbb931b2975075ac2caac255f513a5c57
ROOT_111010111	ROOT	111010111		/home/rb/conway99_workspace/o3_qsat_runs/task03_lemma_rescout_20260828/cubes/cube_111010111.cnf	55d48802616854383f228770ea43522606c0f7840f8bb47d9a00e398a4dd37bd	47559	60d452273839ff6af972316d7e38170cbb931b2975075ac2caac255f513a5c57	/home/rb/conway99_workspace/o3_qsat_runs/task03_fullcert_1.1_20260829/cert/root/111010111/proof.lrat.gz	15486	15486	dbbfef8de037b66e008a56366d400fdc2c145b9b0dd1a39032d3b1e26d1fdb99	dbbfef8de037b66e008a56366d400fdc2c145b9b0dd1a39032d3b1e26d1fdb99	0	0	60d452273839ff6af972316d7e38170cbb931b2975075ac2caac255f513a5c57
ROOT_111011000	ROOT	111011000		/home/rb/conway99_workspace/o3_qsat_runs/task03_lemma_rescout_20260828/cubes/cube_111011000.cnf	9124578b412cb796ab0936be060fd72061e4677098c22e19d360cec6aecc41e6	47559	60d452273839ff6af972316d7e38170cbb931b2975075ac2caac255f513a5c57	/home/rb/conway99_workspace/o3_qsat_runs/task03_fullcert_1.1_20260829/cert/root/111011000/proof.lrat.gz	15486	15486	f87a86623b839b41792148dd679506159c79b2268685b4d200075b457dbcc4ad	f87a86623b839b41792148dd679506159c79b2268685b4d200075b457dbcc4ad	0	0	60d452273839ff6af972316d7e38170cbb931b2975075ac2caac255f513a5c57
ROOT_111011001	ROOT	111011001		/home/rb/conway99_workspace/o3_qsat_runs/task03_lemma_rescout_20260828/cubes/cube_111011001.cnf	702368f34773a370e714a96dc195847dde64a27aee6830501d5c6ba1791c8db1	47559	60d452273839ff6af972316d7e38170cbb931b2975075ac2caac255f513a5c57	/home/rb/conway99_workspace/o3_qsat_runs/task03_fullcert_1.1_20260829/cert/root/111011001/proof.lrat.gz	15486	15486	f87a86623b839b41792148dd679506159c79b2268685b4d200075b457dbcc4ad	f87a86623b839b41792148dd679506159c79b2268685b4d200075b457dbcc4ad	0	0	60d452273839ff6af972316d7e38170cbb931b2975075ac2caac255f513a5c57
ROOT_111011010	ROOT	111011010		/home/rb/conway99_workspace/o3_qsat_runs/task03_lemma_rescout_20260828/cubes/cube_111011010.cnf	35629b2405a7bf31f54cbd2a26ed98817c2f7ec4e8c6e207d3bd62c0367d5473	47559	60d452273839ff6af972316d7e38170cbb931b2975075ac2caac255f513a5c57	/home/rb/conway99_workspace/o3_qsat_runs/task03_fullcert_1.1_20260829/cert/root/111011010/proof.lrat.gz	15486	15486	f87a86623b839b41792148dd679506159c79b2268685b4d200075b457dbcc4ad	f87a86623b839b41792148dd679506159c79b2268685b4d200075b457dbcc4ad	0	0	60d452273839ff6af972316d7e38170cbb931b2975075ac2caac255f513a5c57
ROOT_111011011	ROOT	111011011		/home/rb/conway99_workspace/o3_qsat_runs/task03_lemma_rescout_20260828/cubes/cube_111011011.cnf	b86e045e3bac6ea32d01cb9323c1cbb78dc10f3bef689780e1562400258c495f	47559	60d452273839ff6af972316d7e38170cbb931b2975075ac2caac255f513a5c57	/home/rb/conway99_workspace/o3_qsat_runs/task03_fullcert_1.1_20260829/cert/root/111011011/proof.lrat.gz	15486	15486	a3d03f578c0950f8e113f75a57f382ca70694bdde7ead1fa841806834fc96977	a3d03f578c0950f8e113f75a57f382ca70694bdde7ead1fa841806834fc96977	0	0	60d452273839ff6af972316d7e38170cbb931b2975075ac2caac255f513a5c57
ROOT_111011100	ROOT	111011100		/home/rb/conway99_workspace/o3_qsat_runs/task03_lemma_rescout_20260828/cubes/cube_111011100.cnf	8ddd5fa41e88bb185da1a672689b2be6a0b2c19aea7b37b5a13f6f70822a592e	47559	60d452273839ff6af972316d7e38170cbb931b2975075ac2caac255f513a5c57	/home/rb/conway99_workspace/o3_qsat_runs/task03_fullcert_1.1_20260829/cert/root/111011100/proof.lrat.gz	15486	15486	5670c19cae85fbd8099db0c1bdc011a50d16a31f071bfc1d7f145ef39f5fc9ec	5670c19cae85fbd8099db0c1bdc011a50d16a31f071bfc1d7f145ef39f5fc9ec	0	0	60d452273839ff6af972316d7e38170cbb931b2975075ac2caac255f513a5c57
ROOT_111011101	ROOT	111011101		/home/rb/conway99_workspace/o3_qsat_runs/task03_lemma_rescout_20260828/cubes/cube_111011101.cnf	e865aa0424bd2d83a3c384ebaa34a8708bbfc29341a36a4984dd0cf1bd907d6a	47559	60d452273839ff6af972316d7e38170cbb931b2975075ac2caac255f513a5c57	/home/rb/conway99_workspace/o3_qsat_runs/task03_fullcert_1.1_20260829/cert/root/111011101/proof.lrat.gz	15486	15486	a3d03f578c0950f8e113f75a57f382ca70694bdde7ead1fa841806834fc96977	a3d03f578c0950f8e113f75a57f382ca70694bdde7ead1fa841806834fc96977	0	0	60d452273839ff6af972316d7e38170cbb931b2975075ac2caac255f513a5c57
ROOT_111011110	ROOT	111011110		/home/rb/conway99_workspace/o3_qsat_runs/task03_lemma_rescout_20260828/cubes/cube_111011110.cnf	0b5642e94a6e2ede085469da7c5b095c1608c9407da7d872782f4baa1cd27361	47559	60d452273839ff6af972316d7e38170cbb931b2975075ac2caac255f513a5c57	/home/rb/conway99_workspace/o3_qsat_runs/task03_fullcert_1.1_20260829/cert/root/111011110/proof.lrat.gz	15486	15486	00b95ff08a626db198b279a7157b0fe079470d164145149b035ce8d709800503	00b95ff08a626db198b279a7157b0fe079470d164145149b035ce8d709800503	0	0	60d452273839ff6af972316d7e38170cbb931b2975075ac2caac255f513a5c57
ROOT_111011111	ROOT	111011111		/home/rb/conway99_workspace/o3_qsat_runs/task03_lemma_rescout_20260828/cubes/cube_111011111.cnf	adabd131f04616db85851a18e2df57057b3e3b17e0621cfb0ee2dcc7a2563d93	47559	60d452273839ff6af972316d7e38170cbb931b2975075ac2caac255f513a5c57	/home/rb/conway99_workspace/o3_qsat_runs/task03_fullcert_1.1_20260829/cert/root/111011111/proof.lrat.gz	15486	15486	00b95ff08a626db198b279a7157b0fe079470d164145149b035ce8d709800503	00b95ff08a626db198b279a7157b0fe079470d164145149b035ce8d709800503	0	0	60d452273839ff6af972316d7e38170cbb931b2975075ac2caac255f513a5c57
ROOT_111100000	ROOT	111100000		/home/rb/conway99_workspace/o3_qsat_runs/task03_lemma_rescout_20260828/cubes/cube_111100000.cnf	b00358c8152fc854b70e7334abbd5d8e79942bc5fd987a9b5a650e1267009a94	47559	60d452273839ff6af972316d7e38170cbb931b2975075ac2caac255f513a5c57	/home/rb/conway99_workspace/o3_qsat_runs/task03_fullcert_1.1_20260829/cert/root/111100000/proof.lrat.gz	15486	15486	71ad062ae770bdd41c43ebaf06afe5ad0ef0d5ea49fc369f154b3d1ce45a3f06	71ad062ae770bdd41c43ebaf06afe5ad0ef0d5ea49fc369f154b3d1ce45a3f06	0	0	60d452273839ff6af972316d7e38170cbb931b2975075ac2caac255f513a5c57
ROOT_111100001	ROOT	111100001		/home/rb/conway99_workspace/o3_qsat_runs/task03_lemma_rescout_20260828/cubes/cube_111100001.cnf	270d1e19a80bce3510d0d7ae60824c99ba46f9d100185264cb38a1b1b530cd8d	47559	60d452273839ff6af972316d7e38170cbb931b2975075ac2caac255f513a5c57	/home/rb/conway99_workspace/o3_qsat_runs/task03_fullcert_1.1_20260829/cert/root/111100001/proof.lrat.gz	15486	15486	a64727df1c1d9eb848914b6843e72022cc721f1827ce151882deb3e55226b575	a64727df1c1d9eb848914b6843e72022cc721f1827ce151882deb3e55226b575	0	0	60d452273839ff6af972316d7e38170cbb931b2975075ac2caac255f513a5c57
ROOT_111100010	ROOT	111100010		/home/rb/conway99_workspace/o3_qsat_runs/task03_lemma_rescout_20260828/cubes/cube_111100010.cnf	07534bd2bfa573ccad8e9630ed75b61dacdafdcddde5a821621735306402b934	47559	60d452273839ff6af972316d7e38170cbb931b2975075ac2caac255f513a5c57	/home/rb/conway99_workspace/o3_qsat_runs/task03_fullcert_1.1_20260829/cert/root/111100010/proof.lrat.gz	15486	15486	71ad062ae770bdd41c43ebaf06afe5ad0ef0d5ea49fc369f154b3d1ce45a3f06	71ad062ae770bdd41c43ebaf06afe5ad0ef0d5ea49fc369f154b3d1ce45a3f06	0	0	60d452273839ff6af972316d7e38170cbb931b2975075ac2caac255f513a5c57
ROOT_111100011	ROOT	111100011		/home/rb/conway99_workspace/o3_qsat_runs/task03_lemma_rescout_20260828/cubes/cube_111100011.cnf	78008a228a4e9a761c6860f393026f31e0512e8c3518ea9aa07e35d3e84cd376	47559	60d452273839ff6af972316d7e38170cbb931b2975075ac2caac255f513a5c57	/home/rb/conway99_workspace/o3_qsat_runs/task03_fullcert_1.1_20260829/cert/root/111100011/proof.lrat.gz	15486	15486	a64727df1c1d9eb848914b6843e72022cc721f1827ce151882deb3e55226b575	a64727df1c1d9eb848914b6843e72022cc721f1827ce151882deb3e55226b575	0	0	60d452273839ff6af972316d7e38170cbb931b2975075ac2caac255f513a5c57
ROOT_111100100	ROOT	111100100		/home/rb/conway99_workspace/o3_qsat_runs/task03_lemma_rescout_20260828/cubes/cube_111100100.cnf	0e0680085d8b12bd8418bd7de656c7e0d52a4f8c8cd78b103b1a0ff8a830031e	47559	60d452273839ff6af972316d7e38170cbb931b2975075ac2caac255f513a5c57	/home/rb/conway99_workspace/o3_qsat_runs/task03_fullcert_1.1_20260829/cert/root/111100100/proof.lrat.gz	15486	15486	518c30c2a980a641ece3e20e572ec34b953c86816ebabff2880cdf46049c7d6a	518c30c2a980a641ece3e20e572ec34b953c86816ebabff2880cdf46049c7d6a	0	0	60d452273839ff6af972316d7e38170cbb931b2975075ac2caac255f513a5c57
ROOT_111100101	ROOT	111100101		/home/rb/conway99_workspace/o3_qsat_runs/task03_lemma_rescout_20260828/cubes/cube_111100101.cnf	251cd8c9a58fed66ad70add9bf3bc85541a1ff423422528e8f89c83fe510bc18	47559	60d452273839ff6af972316d7e38170cbb931b2975075ac2caac255f513a5c57	/home/rb/conway99_workspace/o3_qsat_runs/task03_fullcert_1.1_20260829/cert/root/111100101/proof.lrat.gz	15486	15486	518c30c2a980a641ece3e20e572ec34b953c86816ebabff2880cdf46049c7d6a	518c30c2a980a641ece3e20e572ec34b953c86816ebabff2880cdf46049c7d6a	0	0	60d452273839ff6af972316d7e38170cbb931b2975075ac2caac255f513a5c57
ROOT_111100110	ROOT	111100110		/home/rb/conway99_workspace/o3_qsat_runs/task03_lemma_rescout_20260828/cubes/cube_111100110.cnf	dd16bbd633e3a8e2bd3cebc2f68d3f88e38a6ef71291fab971f70a7713db4ff7	47559	60d452273839ff6af972316d7e38170cbb931b2975075ac2caac255f513a5c57	/home/rb/conway99_workspace/o3_qsat_runs/task03_fullcert_1.1_20260829/cert/root/111100110/proof.lrat.gz	15486	15486	b7384c3f15abe44139dfaa7d639205db3ba7f8347e0cd91d8ef635fbb501d907	b7384c3f15abe44139dfaa7d639205db3ba7f8347e0cd91d8ef635fbb501d907	0	0	60d452273839ff6af972316d7e38170cbb931b2975075ac2caac255f513a5c57
ROOT_111100111	ROOT	111100111		/home/rb/conway99_workspace/o3_qsat_runs/task03_lemma_rescout_20260828/cubes/cube_111100111.cnf	7281b56bd2395d6fff7d1c547f99586d51354ad514c91a1b2bbfe50110ddfd52	47559	60d452273839ff6af972316d7e38170cbb931b2975075ac2caac255f513a5c57	/home/rb/conway99_workspace/o3_qsat_runs/task03_fullcert_1.1_20260829/cert/root/111100111/proof.lrat.gz	15486	15486	b7384c3f15abe44139dfaa7d639205db3ba7f8347e0cd91d8ef635fbb501d907	b7384c3f15abe44139dfaa7d639205db3ba7f8347e0cd91d8ef635fbb501d907	0	0	60d452273839ff6af972316d7e38170cbb931b2975075ac2caac255f513a5c57
ROOT_111101000	ROOT	111101000		/home/rb/conway99_workspace/o3_qsat_runs/task03_lemma_rescout_20260828/cubes/cube_111101000.cnf	fee1f3d2eddc61de1ed48c7a535f4180a4caee58e0b92b7ef2a6297cf4d74cd5	47559	60d452273839ff6af972316d7e38170cbb931b2975075ac2caac255f513a5c57	/home/rb/conway99_workspace/o3_qsat_runs/task03_fullcert_1.1_20260829/cert/root/111101000/proof.lrat.gz	15486	15486	b7384c3f15abe44139dfaa7d639205db3ba7f8347e0cd91d8ef635fbb501d907	b7384c3f15abe44139dfaa7d639205db3ba7f8347e0cd91d8ef635fbb501d907	0	0	60d452273839ff6af972316d7e38170cbb931b2975075ac2caac255f513a5c57
ROOT_111101001	ROOT	111101001		/home/rb/conway99_workspace/o3_qsat_runs/task03_lemma_rescout_20260828/cubes/cube_111101001.cnf	316b9535a0b487523e4543299556d5fa37ba2652a5fc8895e3482d8a26ad85ae	47559	60d452273839ff6af972316d7e38170cbb931b2975075ac2caac255f513a5c57	/home/rb/conway99_workspace/o3_qsat_runs/task03_fullcert_1.1_20260829/cert/root/111101001/proof.lrat.gz	15486	15486	b3f1b20b215ebc342587b5cf3a04adf644806989227775c5f6d4749619dee742	b3f1b20b215ebc342587b5cf3a04adf644806989227775c5f6d4749619dee742	0	0	60d452273839ff6af972316d7e38170cbb931b2975075ac2caac255f513a5c57
ROOT_111101010	ROOT	111101010		/home/rb/conway99_workspace/o3_qsat_runs/task03_lemma_rescout_20260828/cubes/cube_111101010.cnf	482190ae405f6ef8ed1f259ccef200ed60989ce045b862694483da79370ef08f	47559	60d452273839ff6af972316d7e38170cbb931b2975075ac2caac255f513a5c57	/home/rb/conway99_workspace/o3_qsat_runs/task03_fullcert_1.1_20260829/cert/root/111101010/proof.lrat.gz	15486	15486	b3f1b20b215ebc342587b5cf3a04adf644806989227775c5f6d4749619dee742	b3f1b20b215ebc342587b5cf3a04adf644806989227775c5f6d4749619dee742	0	0	60d452273839ff6af972316d7e38170cbb931b2975075ac2caac255f513a5c57
ROOT_111101011	ROOT	111101011		/home/rb/conway99_workspace/o3_qsat_runs/task03_lemma_rescout_20260828/cubes/cube_111101011.cnf	012d35dba7931e6efff096a5b8625adca447ca9a7aefaf223dc97f53a49480dc	47559	60d452273839ff6af972316d7e38170cbb931b2975075ac2caac255f513a5c57	/home/rb/conway99_workspace/o3_qsat_runs/task03_fullcert_1.1_20260829/cert/root/111101011/proof.lrat.gz	15486	15486	6d53fe50454ec16cda26025ea783c9bbc707eaf99f955e6f4c5eadde26497a10	6d53fe50454ec16cda26025ea783c9bbc707eaf99f955e6f4c5eadde26497a10	0	0	60d452273839ff6af972316d7e38170cbb931b2975075ac2caac255f513a5c57
ROOT_111101100	ROOT	111101100		/home/rb/conway99_workspace/o3_qsat_runs/task03_lemma_rescout_20260828/cubes/cube_111101100.cnf	e93983ccfd179a684c47ed932560417cf373c4bdbb9583ad6d0a8383e7828f82	47559	60d452273839ff6af972316d7e38170cbb931b2975075ac2caac255f513a5c57	/home/rb/conway99_workspace/o3_qsat_runs/task03_fullcert_1.1_20260829/cert/root/111101100/proof.lrat.gz	15486	15486	db9724b664638037edc59b9733037203b045472cf5f9af7592149a4680e5a4df	db9724b664638037edc59b9733037203b045472cf5f9af7592149a4680e5a4df	0	0	60d452273839ff6af972316d7e38170cbb931b2975075ac2caac255f513a5c57
ROOT_111101101	ROOT	111101101		/home/rb/conway99_workspace/o3_qsat_runs/task03_lemma_rescout_20260828/cubes/cube_111101101.cnf	848cfa28d79b87994b6fe4d45e712f6ebe34610bb59bad5153f05568aba10f76	47559	60d452273839ff6af972316d7e38170cbb931b2975075ac2caac255f513a5c57	/home/rb/conway99_workspace/o3_qsat_runs/task03_fullcert_1.1_20260829/cert/root/111101101/proof.lrat.gz	15486	15486	6d53fe50454ec16cda26025ea783c9bbc707eaf99f955e6f4c5eadde26497a10	6d53fe50454ec16cda26025ea783c9bbc707eaf99f955e6f4c5eadde26497a10	0	0	60d452273839ff6af972316d7e38170cbb931b2975075ac2caac255f513a5c57
ROOT_111101110	ROOT	111101110		/home/rb/conway99_workspace/o3_qsat_runs/task03_lemma_rescout_20260828/cubes/cube_111101110.cnf	e816dc282053c7fa73ff9bb4d18e32330c3d96c66bc94d5290a18d66f122fbe2	47559	60d452273839ff6af972316d7e38170cbb931b2975075ac2caac255f513a5c57	/home/rb/conway99_workspace/o3_qsat_runs/task03_fullcert_1.1_20260829/cert/root/111101110/proof.lrat.gz	15486	15486	6d53fe50454ec16cda26025ea783c9bbc707eaf99f955e6f4c5eadde26497a10	6d53fe50454ec16cda26025ea783c9bbc707eaf99f955e6f4c5eadde26497a10	0	0	60d452273839ff6af972316d7e38170cbb931b2975075ac2caac255f513a5c57
ROOT_111101111	ROOT	111101111		/home/rb/conway99_workspace/o3_qsat_runs/task03_lemma_rescout_20260828/cubes/cube_111101111.cnf	1f6b85a429fda75948de111857737b1a5f7052fd70fb0167183a5988bc1c5b88	47559	60d452273839ff6af972316d7e38170cbb931b2975075ac2caac255f513a5c57	/home/rb/conway99_workspace/o3_qsat_runs/task03_fullcert_1.1_20260829/cert/root/111101111/proof.lrat.gz	15486	15486	db9724b664638037edc59b9733037203b045472cf5f9af7592149a4680e5a4df	db9724b664638037edc59b9733037203b045472cf5f9af7592149a4680e5a4df	0	0	60d452273839ff6af972316d7e38170cbb931b2975075ac2caac255f513a5c57
ROOT_111110000	ROOT	111110000		/home/rb/conway99_workspace/o3_qsat_runs/task03_lemma_rescout_20260828/cubes/cube_111110000.cnf	6fd4395eae14259a4aab12f00b66793a634c40dd5b1119d3538720af9a5db174	47559	60d452273839ff6af972316d7e38170cbb931b2975075ac2caac255f513a5c57	/home/rb/conway99_workspace/o3_qsat_runs/task03_fullcert_1.1_20260829/cert/root/111110000/proof.lrat.gz	15486	15486	6519eec388d93797a4a5f6633565ad180d785dd0baf60f2e378073975df6f4bd	6519eec388d93797a4a5f6633565ad180d785dd0baf60f2e378073975df6f4bd	0	0	60d452273839ff6af972316d7e38170cbb931b2975075ac2caac255f513a5c57
ROOT_111110001	ROOT	111110001		/home/rb/conway99_workspace/o3_qsat_runs/task03_lemma_rescout_20260828/cubes/cube_111110001.cnf	c8da158be820bb70756b705d7ef04dbc1e381f36737434b9190475364768ab91	47559	60d452273839ff6af972316d7e38170cbb931b2975075ac2caac255f513a5c57	/home/rb/conway99_workspace/o3_qsat_runs/task03_fullcert_1.1_20260829/cert/root/111110001/proof.lrat.gz	15486	15486	6519eec388d93797a4a5f6633565ad180d785dd0baf60f2e378073975df6f4bd	6519eec388d93797a4a5f6633565ad180d785dd0baf60f2e378073975df6f4bd	0	0	60d452273839ff6af972316d7e38170cbb931b2975075ac2caac255f513a5c57
ROOT_111110010	ROOT	111110010		/home/rb/conway99_workspace/o3_qsat_runs/task03_lemma_rescout_20260828/cubes/cube_111110010.cnf	0ab137274fffcca220a0c0b4ff5358e154fb5970b75703f69158f88aa39f22d9	47559	60d452273839ff6af972316d7e38170cbb931b2975075ac2caac255f513a5c57	/home/rb/conway99_workspace/o3_qsat_runs/task03_fullcert_1.1_20260829/cert/root/111110010/proof.lrat.gz	15486	15486	fa49de9956d3c4524bb3360061b593ea7dc0e3f26733e4c6fb7bc801ad5b964f	fa49de9956d3c4524bb3360061b593ea7dc0e3f26733e4c6fb7bc801ad5b964f	0	0	60d452273839ff6af972316d7e38170cbb931b2975075ac2caac255f513a5c57
ROOT_111110011	ROOT	111110011		/home/rb/conway99_workspace/o3_qsat_runs/task03_lemma_rescout_20260828/cubes/cube_111110011.cnf	6464cac408c00177b603e8fd49e10711125c4901b224ff59c4c3483792550673	47559	60d452273839ff6af972316d7e38170cbb931b2975075ac2caac255f513a5c57	/home/rb/conway99_workspace/o3_qsat_runs/task03_fullcert_1.1_20260829/cert/root/111110011/proof.lrat.gz	15486	15486	fa49de9956d3c4524bb3360061b593ea7dc0e3f26733e4c6fb7bc801ad5b964f	fa49de9956d3c4524bb3360061b593ea7dc0e3f26733e4c6fb7bc801ad5b964f	0	0	60d452273839ff6af972316d7e38170cbb931b2975075ac2caac255f513a5c57
ROOT_111110100	ROOT	111110100		/home/rb/conway99_workspace/o3_qsat_runs/task03_lemma_rescout_20260828/cubes/cube_111110100.cnf	80f032001f8c85dde0e6601253d2aa76395598589cf42d489407bf0d50324c29	47559	60d452273839ff6af972316d7e38170cbb931b2975075ac2caac255f513a5c57	/home/rb/conway99_workspace/o3_qsat_runs/task03_fullcert_1.1_20260829/cert/root/111110100/proof.lrat.gz	15486	15486	afb9e666bdc01a85cda7498be8104f4d488752aaaa861b8031c17ea1a31faf42	afb9e666bdc01a85cda7498be8104f4d488752aaaa861b8031c17ea1a31faf42	0	0	60d452273839ff6af972316d7e38170cbb931b2975075ac2caac255f513a5c57
ROOT_111110101	ROOT	111110101		/home/rb/conway99_workspace/o3_qsat_runs/task03_lemma_rescout_20260828/cubes/cube_111110101.cnf	bd9958884c8b479a57a7af940abd6453144f7216dd301c4068b35af3ebfffb33	47559	60d452273839ff6af972316d7e38170cbb931b2975075ac2caac255f513a5c57	/home/rb/conway99_workspace/o3_qsat_runs/task03_fullcert_1.1_20260829/cert/root/111110101/proof.lrat.gz	15486	15486	7f17314dd798a1d1bcacb0cd58a8298bec83ea7ba6138634175fbdfb49932b02	7f17314dd798a1d1bcacb0cd58a8298bec83ea7ba6138634175fbdfb49932b02	0	0	60d452273839ff6af972316d7e38170cbb931b2975075ac2caac255f513a5c57
ROOT_111110110	ROOT	111110110		/home/rb/conway99_workspace/o3_qsat_runs/task03_lemma_rescout_20260828/cubes/cube_111110110.cnf	94839912d3c75b18f272414e23a49a45c5dd1503e89c34ee36df3b28543d599a	47559	60d452273839ff6af972316d7e38170cbb931b2975075ac2caac255f513a5c57	/home/rb/conway99_workspace/o3_qsat_runs/task03_fullcert_1.1_20260829/cert/root/111110110/proof.lrat.gz	15486	15486	7f17314dd798a1d1bcacb0cd58a8298bec83ea7ba6138634175fbdfb49932b02	7f17314dd798a1d1bcacb0cd58a8298bec83ea7ba6138634175fbdfb49932b02	0	0	60d452273839ff6af972316d7e38170cbb931b2975075ac2caac255f513a5c57
ROOT_111110111	ROOT	111110111		/home/rb/conway99_workspace/o3_qsat_runs/task03_lemma_rescout_20260828/cubes/cube_111110111.cnf	e97fc0cd91bc46d34a6503de299bf93d51baacb91b9a00913aed13e69dbc5f80	47559	60d452273839ff6af972316d7e38170cbb931b2975075ac2caac255f513a5c57	/home/rb/conway99_workspace/o3_qsat_runs/task03_fullcert_1.1_20260829/cert/root/111110111/proof.lrat.gz	15486	15486	9f6be81ddeb1fdd9d4ac2dee252316a81560c46cf338aaf0940ebc7671716b1a	9f6be81ddeb1fdd9d4ac2dee252316a81560c46cf338aaf0940ebc7671716b1a	0	0	60d452273839ff6af972316d7e38170cbb931b2975075ac2caac255f513a5c57
ROOT_111111000	ROOT	111111000		/home/rb/conway99_workspace/o3_qsat_runs/task03_lemma_rescout_20260828/cubes/cube_111111000.cnf	074a53a9bd5593e222d078292c20d15b1f26f6a2b8ef6c8b69e758dd81c2bff8	47559	60d452273839ff6af972316d7e38170cbb931b2975075ac2caac255f513a5c57	/home/rb/conway99_workspace/o3_qsat_runs/task03_fullcert_1.1_20260829/cert/root/111111000/proof.lrat.gz	15486	15486	9f6be81ddeb1fdd9d4ac2dee252316a81560c46cf338aaf0940ebc7671716b1a	9f6be81ddeb1fdd9d4ac2dee252316a81560c46cf338aaf0940ebc7671716b1a	0	0	60d452273839ff6af972316d7e38170cbb931b2975075ac2caac255f513a5c57
ROOT_111111001	ROOT	111111001		/home/rb/conway99_workspace/o3_qsat_runs/task03_lemma_rescout_20260828/cubes/cube_111111001.cnf	7213b22e0cab6900987824d548adc2acde199b300e452d9e86b39ce154d14548	47559	60d452273839ff6af972316d7e38170cbb931b2975075ac2caac255f513a5c57	/home/rb/conway99_workspace/o3_qsat_runs/task03_fullcert_1.1_20260829/cert/root/111111001/proof.lrat.gz	15486	15486	9f6be81ddeb1fdd9d4ac2dee252316a81560c46cf338aaf0940ebc7671716b1a	9f6be81ddeb1fdd9d4ac2dee252316a81560c46cf338aaf0940ebc7671716b1a	0	0	60d452273839ff6af972316d7e38170cbb931b2975075ac2caac255f513a5c57
ROOT_111111010	ROOT	111111010		/home/rb/conway99_workspace/o3_qsat_runs/task03_lemma_rescout_20260828/cubes/cube_111111010.cnf	4dfe297b3f6157f65f2bce35e73654423b38e1ba52d8158636272b21d9b5dafd	47559	60d452273839ff6af972316d7e38170cbb931b2975075ac2caac255f513a5c57	/home/rb/conway99_workspace/o3_qsat_runs/task03_fullcert_1.1_20260829/cert/root/111111010/proof.lrat.gz	15486	15486	9f6be81ddeb1fdd9d4ac2dee252316a81560c46cf338aaf0940ebc7671716b1a	9f6be81ddeb1fdd9d4ac2dee252316a81560c46cf338aaf0940ebc7671716b1a	0	0	60d452273839ff6af972316d7e38170cbb931b2975075ac2caac255f513a5c57
ROOT_111111011	ROOT	111111011		/home/rb/conway99_workspace/o3_qsat_runs/task03_lemma_rescout_20260828/cubes/cube_111111011.cnf	06dd91b11e7cedfa1cbb334953fc7153503f419c544e1b08a8be08f2b04f7db2	47559	60d452273839ff6af972316d7e38170cbb931b2975075ac2caac255f513a5c57	/home/rb/conway99_workspace/o3_qsat_runs/task03_fullcert_1.1_20260829/cert/root/111111011/proof.lrat.gz	15486	15486	9da330f7c42d379771ed9bcc258aef1001b70454cbb154cc8ea61ca37a03f85a	9da330f7c42d379771ed9bcc258aef1001b70454cbb154cc8ea61ca37a03f85a	0	0	60d452273839ff6af972316d7e38170cbb931b2975075ac2caac255f513a5c57
ROOT_111111100	ROOT	111111100		/home/rb/conway99_workspace/o3_qsat_runs/task03_lemma_rescout_20260828/cubes/cube_111111100.cnf	e4ea4f76341ca74b958cbfa71e56f51fe4521fd5fd8aa7109d568e99431411b2	47559	60d452273839ff6af972316d7e38170cbb931b2975075ac2caac255f513a5c57	/home/rb/conway99_workspace/o3_qsat_runs/task03_fullcert_1.1_20260829/cert/root/111111100/proof.lrat.gz	15486	15486	9da330f7c42d379771ed9bcc258aef1001b70454cbb154cc8ea61ca37a03f85a	9da330f7c42d379771ed9bcc258aef1001b70454cbb154cc8ea61ca37a03f85a	0	0	60d452273839ff6af972316d7e38170cbb931b2975075ac2caac255f513a5c57
ROOT_111111101	ROOT	111111101		/home/rb/conway99_workspace/o3_qsat_runs/task03_lemma_rescout_20260828/cubes/cube_111111101.cnf	7d8ad694c85114d07d2242c22c9645a80cd97f2fb0781e9aa860f6e664ba4d4a	47559	60d452273839ff6af972316d7e38170cbb931b2975075ac2caac255f513a5c57	/home/rb/conway99_workspace/o3_qsat_runs/task03_fullcert_1.1_20260829/cert/root/111111101/proof.lrat.gz	15486	15486	54038f64f5f7efeb5a85b5366ea5ba39081bce73c434d329b563cd11204fd103	54038f64f5f7efeb5a85b5366ea5ba39081bce73c434d329b563cd11204fd103	0	0	60d452273839ff6af972316d7e38170cbb931b2975075ac2caac255f513a5c57
ROOT_111111110	ROOT	111111110		/home/rb/conway99_workspace/o3_qsat_runs/task03_lemma_rescout_20260828/cubes/cube_111111110.cnf	c27e491807fe7af83510493371e97a77717d7ff6703b1cd1b557f9a04ad5a1e2	47559	60d452273839ff6af972316d7e38170cbb931b2975075ac2caac255f513a5c57	/home/rb/conway99_workspace/o3_qsat_runs/task03_fullcert_1.1_20260829/cert/root/111111110/proof.lrat.gz	15486	15486	4ce19a2d23bc2e2803e2b945235b288206d3d8035c936957827730ef0d05f328	4ce19a2d23bc2e2803e2b945235b288206d3d8035c936957827730ef0d05f328	0	0	60d452273839ff6af972316d7e38170cbb931b2975075ac2caac255f513a5c57
ROOT_111111111	ROOT	111111111		/home/rb/conway99_workspace/o3_qsat_runs/task03_lemma_rescout_20260828/cubes/cube_111111111.cnf	879ba827cdb15dcba5feb4c741798b2276f7f39a4f44304e37169ffe35a222ba	47559	60d452273839ff6af972316d7e38170cbb931b2975075ac2caac255f513a5c57	/home/rb/conway99_workspace/o3_qsat_runs/task03_fullcert_1.1_20260829/cert/root/111111111/proof.lrat.gz	15486	15486	d341ad69cf14f75e715e761c163ae974453d272bd0413759bfa1aaf04bc8634b	d341ad69cf14f75e715e761c163ae974453d272bd0413759bfa1aaf04bc8634b	0	0	60d452273839ff6af972316d7e38170cbb931b2975075ac2caac255f513a5c57
